"title","totalScore","reviewsCount","street","city","state","countryCode","website","phone","categories/0","categories/1","categories/2","categories/3","categories/4","categories/5","categories/6","categories/7","url","categoryName"
"Batagor Rian","4.6","10","Jl. Cihampelas No.276","Kota Bandung","Jawa Barat","ID",,"","Restoran",,,,,,,,"https://www.google.com/maps/search/?api=1&query=Batagor%20Rian&query_place_id=ChIJccptqljmaC4RkniZiUmb8I4","Restoran"
"Seblak mamah saleh","4.2","479","Jl. Sukamulya Indah No.39, RT.002/RW.002","Kota Bandung","Jawa Barat","ID",,"+62 859-2624-3069","Restoran",,,,,,,,"https://www.google.com/maps/search/?api=1&query=Seblak%20mamah%20saleh&query_place_id=ChIJ7anQ9ennaC4RfqYI1gkBBYY","Restoran"
"Seblak Boss Jarrdin","5","13","4J54+53Q, Lobby tower B The Jarrdin Apatmen","Kota Bandung","Jawa Barat","ID",,"+62 877-2210-6866","Kedai Sup","Restoran seblak",,,,,,,"https://www.google.com/maps/search/?api=1&query=Seblak%20Boss%20Jarrdin&query_place_id=ChIJS1X554jnaC4RebNoo0AaEjE","Kedai Sup"
"Seblak TERAS Sekeloa","3.6","21","Jl. Sekeloa Tengah No.118 152c","Kota Bandung","Jawa Barat","ID",,"+62 812-2340-5995","Restoran",,,,,,,,"https://www.google.com/maps/search/?api=1&query=Seblak%20TERAS%20Sekeloa&query_place_id=ChIJ9RNyGFXmaC4RrE1udnrXTqI","Restoran"
"Seblak Magnet","4.2","33","4HRW+52J, Jl. Dr. Setiabudi","Kota Bandung","Jawa Barat","ID",,"","Restoran seblak",,,,,,,,"https://www.google.com/maps/search/?api=1&query=Seblak%20Magnet&query_place_id=ChIJgfU__rjmaC4RmQlMtuNL2ys","Restoran seblak"
"Warung Seblak","4.4","10","Jl. Kebun Binatang No.46-49","Kota Bandung","Jawa Barat","ID",,"+62 852-2177-7539","Restoran seblak",,,,,,,,"https://www.google.com/maps/search/?api=1&query=Warung%20Seblak&query_place_id=ChIJo6nTXFrmaC4RtiLDanMmKkk","Restoran seblak"
"Seblak ma iwin","5","7","Gg. Neglasari IV Jl. Cikutra No.35","Kota Bandung","Jawa Barat","ID",,"","Restoran seblak",,,,,,,,"https://www.google.com/maps/search/?api=1&query=Seblak%20ma%20iwin&query_place_id=ChIJ3e5P6yDnaC4RIEO8UT0PQZ4","Restoran seblak"
"Seblak Ibu Ai","4.8","6","Jl. Tubagus Ismail No.30","Kota Bandung","Jawa Barat","ID",,"","Restoran seblak",,,,,,,,"https://www.google.com/maps/search/?api=1&query=Seblak%20Ibu%20Ai&query_place_id=ChIJSWcjCv_maC4Rdhb6n7P7CU8","Restoran seblak"
"Seblak Mahdin","5","3","Jl. Kanayakan No.34A","Kota Bandung","Jawa Barat","ID",,"+62 857-7485-5645","Restoran cepat saji",,,,,,,,"https://www.google.com/maps/search/?api=1&query=Seblak%20Mahdin&query_place_id=ChIJHz-5Ye3naC4RiaLQmbkxb3U","Restoran cepat saji"
"Kedai Seblak Numnum","4.6","20","Jl. Geger Arum No.37","Kota Bandung","Jawa Barat","ID","http://instagram.com/kedai_seblaknumnum","+62 813-2098-8485","Kedai Sarapan",,,,,,,,"https://www.google.com/maps/search/?api=1&query=Kedai%20Seblak%20Numnum&query_place_id=ChIJF5ArzALnaC4RmLAGQ2W_yVA","Kedai Sarapan"
"SEBLAK TUBAGUS","4.9","15","Gg. Kubangsari II No.17","Kota Bandung","Jawa Barat","ID",,"+62 831-3912-3127","Kafe",,,,,,,,"https://www.google.com/maps/search/?api=1&query=SEBLAK%20TUBAGUS&query_place_id=ChIJ4cyAUSDnaC4RSE4mckF0nak","Kafe"
"Seblak Mang Coy","4.1","56","indomaret, Jl. Karang Tineung No.6A","Kota Bandung","Jawa Barat","ID",,"+62 857-9560-0159","Restoran seblak","Restoran Indonesia",,,,,,,"https://www.google.com/maps/search/?api=1&query=Seblak%20Mang%20Coy&query_place_id=ChIJX1xWEovmaC4RyRStn8Fgkr8","Restoran seblak"
"Seblak dondon","4.3","36","Jl. Tubagus Ismail - Depan","Kota Bandung","Jawa Barat","ID",,"+62 898-6805-589","Restoran cepat saji","Restoran Sunda",,,,,,,"https://www.google.com/maps/search/?api=1&query=Seblak%20dondon&query_place_id=ChIJl0FHasnnaC4RW1fd5XBYJsw","Restoran cepat saji"
"Cilok Seblak Ceker Jagoan Ayah","4.7","114","Jl. Pahlawan No.19-21","Kota Bandung","Jawa Barat","ID",,"+62 813-9458-2110","Restoran Jawa","Restoran seblak",,,,,,,"https://www.google.com/maps/search/?api=1&query=Cilok%20Seblak%20Ceker%20Jagoan%20Ayah&query_place_id=ChIJF4PsfLrnaC4Rp6sM2IP_p1o","Restoran Jawa"
"Seblak Prasmanan Teh Ulan","5","5","Jl. Padasuka Gang Babakan Cihakit No.123","Kota Bandung","Jawa Barat","ID",,"","Restoran seblak",,,,,,,,"https://www.google.com/maps/search/?api=1&query=Seblak%20Prasmanan%20Teh%20Ulan&query_place_id=ChIJb2_ffGbnaC4RCqlpQJixn-U","Restoran seblak"
"Seblak Teh Neng","4.7","3","Jl. Pasir Kaliki Barat kel No.38, RT.02/RW.15","Kota Bandung","Jawa Barat","ID",,"+62 895-6017-50574","Kedai Sarapan & Makan Siang","Restoran seblak",,,,,,,"https://www.google.com/maps/search/?api=1&query=Seblak%20Teh%20Neng&query_place_id=ChIJBzRLwoXnaC4RFLenNVCG-kg","Kedai Sarapan & Makan Siang"
"Seblak Putri","5","14","Jl. Sekeloa Selatan No.2, RT.02/RW.15","Kota Bandung","Jawa Barat","ID",,"","Restoran seblak",,,,,,,,"https://www.google.com/maps/search/?api=1&query=Seblak%20Putri&query_place_id=ChIJ6b798tPnaC4RvpXYf-Kdj0Y","Restoran seblak"
"Seblak PJJ","4.5","30","Jl. Jatihandap No.126","Kota Bandung","Jawa Barat","ID",,"+62 821-1703-3327","Restoran cepat saji","Restoran seblak",,,,,,,"https://www.google.com/maps/search/?api=1&query=Seblak%20PJJ&query_place_id=ChIJS1WHb9LnaC4R2s_F03Dc4qE","Restoran cepat saji"
"Seblak Bella","4.7","33","setrasari raya gg ibu uin no 35 (gg samping, Jl. Setrasari Raya No.1","Kota Bandung","Jawa Barat","ID",,"","Restoran seblak",,,,,,,,"https://www.google.com/maps/search/?api=1&query=Seblak%20Bella&query_place_id=ChIJJ2WUanXnaC4R5WyldV-Uc2I","Restoran seblak"
"Seblak Ceria","4.6","24","Jl. Sukasenang Raya No.V","Kota Bandung","Jawa Barat","ID",,"+62 821-3010-8081","Restoran seblak",,,,,,,,"https://www.google.com/maps/search/?api=1&query=Seblak%20Ceria&query_place_id=ChIJJ71H-7rnaC4RlSsG-SjhReU","Restoran seblak"
"Seblak depan Kampus 2 Stikep PPNI","4.5","24","3HXV+XMW","Kota Bandung","Jawa Barat","ID",,"","Restoran Asia","Restoran seblak",,,,,,,"https://www.google.com/maps/search/?api=1&query=Seblak%20depan%20Kampus%202%20Stikep%20PPNI&query_place_id=ChIJRUTe-2jmaC4RttMB0Xki3GM","Restoran Asia"
"Seblak Goyang Lidah Berkah","4.4","14","Jl. Sekeloa Tengah","Kota Bandung","Jawa Barat","ID",,"+62 857-9518-0883","Toko Makanan",,,,,,,,"https://www.google.com/maps/search/?api=1&query=Seblak%20Goyang%20Lidah%20Berkah&query_place_id=ChIJXR_vuQznaC4RBaHQ0UKwse8","Toko Makanan"
"Seblak Oces Dago barat ujung","5","8","Jl. Dago Barat Ujung No.3, RT.002/RW.005","Kota Bandung","Jawa Barat","ID",,"+62 898-8812-307","Restoran",,,,,,,,"https://www.google.com/maps/search/?api=1&query=Seblak%20Oces%20Dago%20barat%20ujung&query_place_id=ChIJI7Z67EvnaC4RIFFC7-6WnyE","Restoran"
"Seblak Kering Bandung","5","5","Jalan Babakan Sekebiru Nomer 68, RT.03/RW.01","Kota Bandung","Jawa Barat","ID",,"+62 857-2030-4378","Toko Makanan",,,,,,,,"https://www.google.com/maps/search/?api=1&query=Seblak%20Kering%20Bandung&query_place_id=ChIJCUsbgmjnaC4RC0GjuevxvP8","Toko Makanan"
"Seblak Soepandi","4.7","505","3MXR+Q9H","Kota Bandung","Jawa Barat","ID",,"+62 857-2166-7279","Restoran seblak",,,,,,,,"https://www.google.com/maps/search/?api=1&query=Seblak%20Soepandi&query_place_id=ChIJIz_UCQDdaC4Rzi_PAdXsVdI","Restoran seblak"
"Seblak Mamih Eni","4.9","21","Jl. Bangbayang No.12","Kota Bandung","Jawa Barat","ID",,"+62 895-6283-07971","Restoran seblak",,,,,,,,"https://www.google.com/maps/search/?api=1&query=Seblak%20Mamih%20Eni&query_place_id=ChIJ6Ww7X4HnaC4RcCoB3kppbjA","Restoran seblak"
"Seblak Bu'D","5","17","Jl. Muararajeun Lama No.3, RT.001/RW.04","Kota Bandung","Jawa Barat","ID",,"+62 878-2561-0474","Restoran seblak",,,,,,,,"https://www.google.com/maps/search/?api=1&query=Seblak%20Bu'D&query_place_id=ChIJWe_nCm3naC4RDHzX6S21wRQ","Restoran seblak"
"Seblak prasmanan Bu Noer","3.4","36","Jl. Tubagus Ismail No.84, RT.005/RW.015","Kota Bandung","Jawa Barat","ID",,"+62 877-3921-4760","Kedai Jus",,,,,,,,"https://www.google.com/maps/search/?api=1&query=Seblak%20prasmanan%20Bu%20Noer&query_place_id=ChIJh812VSDnaC4RSj4Nd-TsdIA","Kedai Jus"
"Lumpia Basah & Seblak Teh Mela (MabeL), Dago","4.4","51","Jl.Bangbayang No.61/157d, RT.002/009","Kota Bandung","Jawa Barat","ID","https://gofood.link/a/KDK7bjC","","Restoran","Warung nasi","Restoran seblak",,,,,,"https://www.google.com/maps/search/?api=1&query=Lumpia%20Basah%20%26%20Seblak%20Teh%20Mela%20(MabeL)%2C%20Dago&query_place_id=ChIJa7CBRHHnaC4R7CUK7jvX5ac","Restoran"
"Seblak prasmanan siEneng","5","12","Cluster pesona, Jl. Giri Jati No.A2","Kota Bandung","Jawa Barat","ID",,"+62 896-9391-8383","Kedai Sarapan & Makan Siang",,,,,,,,"https://www.google.com/maps/search/?api=1&query=Seblak%20prasmanan%20siEneng&query_place_id=ChIJwdT0tTTdaC4RltcYid7QrX4","Kedai Sarapan & Makan Siang"
"Warung Seblak Prasmanan Teh Fitri","4.8","33","Jl. Sekepanjang III No.16","Kota Bandung","Jawa Barat","ID",,"+62 838-2578-3150","Restoran",,,,,,,,"https://www.google.com/maps/search/?api=1&query=Warung%20Seblak%20Prasmanan%20Teh%20Fitri&query_place_id=ChIJq2k65KDnaC4RcuAqNqaqgYA","Restoran"
"Seblak Abdul","4.5","145","Jl. Bapa Husen No.5a","Kota Bandung","Jawa Barat","ID",,"+62 881-2045-015","Pujasera","Restoran Jawa","Restoran seblak",,,,,,"https://www.google.com/maps/search/?api=1&query=Seblak%20Abdul&query_place_id=ChIJf6Xhul7maC4RQO_3echzl08","Pujasera"
"Seblak kuring Seblak Teh Nita","4.5","32","Jl. H. Mesri No.36","Kota Bandung","Jawa Barat","ID",,"+62 838-2066-9252","Restoran seblak",,,,,,,,"https://www.google.com/maps/search/?api=1&query=Seblak%20kuring%20Seblak%20Teh%20Nita&query_place_id=ChIJU8crcwbnaC4Ri1CmHq9dJEo","Restoran seblak"
"Seblak Jeletot Never Die","4.5","11","4J4V+5F9, Jl. Bojong Koneng","Kota Bandung","Jawa Barat","ID",,"","Restoran seblak",,,,,,,,"https://www.google.com/maps/search/?api=1&query=Seblak%20Jeletot%20Never%20Die&query_place_id=ChIJXSMqlaLnaC4RfLEm3gHdiak","Restoran seblak"
"Seblak prasmanan","4.2","6","Jl. Cisitu Lama No.34","Kota Bandung","Jawa Barat","ID",,"+62 821-3053-6043","Dapur Umum",,,,,,,,"https://www.google.com/maps/search/?api=1&query=Seblak%20prasmanan&query_place_id=ChIJSYbrFnbnaC4RklLi8L_im3s","Dapur Umum"
"Seblak best' 18 & warung kovie ph","5","73","Jl. Terusan Cimuncang No.43","Kota Bandung","Jawa Barat","ID",,"+62 818-0909-7309","Warung Makanan Kecil",,,,,,,,"https://www.google.com/maps/search/?api=1&query=Seblak%20best'%2018%20%26%20warung%20kovie%20ph&query_place_id=ChIJ2TKjZADnaC4RElDQib_99VY","Warung Makanan Kecil"
"Seblak Kawani","4.7","118","Jl. Dipati Ukur","Kota Bandung","Jawa Barat","ID",,"+62 895-6250-91370","Restoran seblak","Restoran",,,,,,,"https://www.google.com/maps/search/?api=1&query=Seblak%20Kawani&query_place_id=ChIJo-ScgFTmaC4RR4VSq3G6MBI","Restoran seblak"
"Seblak Seuhah","4.7","15","4J6G+CCP, Jl. Cibeunying Kolot","Kota Bandung","Jawa Barat","ID",,"+62 896-7026-8350","Restoran Jawa","Restoran seblak",,,,,,,"https://www.google.com/maps/search/?api=1&query=Seblak%20Seuhah&query_place_id=ChIJZbWBPqrnaC4Rkna7XMlY6P0","Restoran Jawa"
"Seblak SR","4.8","36","Jl. Ganesha No.6","Kota Bandung","Jawa Barat","ID","https://shopee.co.id/seblak-sr-itb-(instan)-gerbang-seni-rupa-itb-i.310768080.3853006105?sp_atk=f5ae9424-387d-4cbe-ba8e-6c13f50c0cd5&xptdk=f5ae9424-387d-4cbe-ba8e-6c13f50c0cd5","+62 819-1053-0094","Restoran seblak",,,,,,,,"https://www.google.com/maps/search/?api=1&query=Seblak%20SR&query_place_id=ChIJSYLs5lDmaC4Rqvs_fbYSLnY","Restoran seblak"
"Seblak Bengkel","4.7","100",,"Kota Bandung","Jawa Barat","ID",,"","Restoran seblak","Kafe",,,,,,,"https://www.google.com/maps/search/?api=1&query=Seblak%20Bengkel&query_place_id=ChIJXWD0GOTmaC4R5mDrKfYCERc","Restoran seblak"
"Seblak Kameumeut","4.7","287",,"Kota Bandung","Jawa Barat","ID",,"","Kafe",,,,,,,,"https://www.google.com/maps/search/?api=1&query=Seblak%20Kameumeut&query_place_id=ChIJecM6iuXmaC4R253X6uactLk","Kafe"
"Seblak prasmanan teh ulan","5","23","Jl. Siliwangi Dalam IV No.18","Kota Bandung","Jawa Barat","ID",,"+62 838-5097-0631","Rumah Makan",,,,,,,,"https://www.google.com/maps/search/?api=1&query=Seblak%20prasmanan%20teh%20ulan&query_place_id=ChIJKdKpRwDnaC4RF98sPii4tVU","Rumah Makan"
"Seblak Seuhah Bagusrangin","5","14","Jl. H. Hasan No.19","Kota Bandung","Jawa Barat","ID",,"+62 813-9477-0349","Restoran Martabak",,,,,,,,"https://www.google.com/maps/search/?api=1&query=Seblak%20Seuhah%20Bagusrangin&query_place_id=ChIJSwl2RmHnaC4RKIU528mXzPM","Restoran Martabak"
"Seblak Winar","4.5","105","Jl. Gelatik No.81","Kota Bandung","Jawa Barat","ID",,"","Restoran Sunda","Restoran seblak",,,,,,,"https://www.google.com/maps/search/?api=1&query=Seblak%20Winar&query_place_id=ChIJt13iRq3naC4RPJ0xmixb1eg","Restoran Sunda"
"seblak bandung 313","5","1","4JMC+GH7, Jl. Dago Elos I","Kota Bandung","Jawa Barat","ID",,"","Pujasera","Restoran seblak",,,,,,,"https://www.google.com/maps/search/?api=1&query=seblak%20bandung%20313&query_place_id=ChIJdXOwAeDmaC4RyPrS8qh0OFA","Pujasera"
"Seblak Mang Aru","4.3","628","Jl. Gagak No.9 A","Kota Bandung","Jawa Barat","ID",,"+62 811-2208-919","Restoran seblak",,,,,,,,"https://www.google.com/maps/search/?api=1&query=Seblak%20Mang%20Aru&query_place_id=ChIJoVoEjbLnaC4R-nQBFBw_MEE","Restoran seblak"
"Warung Seblak Umi Nabilla","4.9","240","Jl. Siliwangi Dalam IV kel, RT.06/RW.01","Kota Bandung","Jawa Barat","ID",,"+62 895-3754-66982","Restoran Sunda","Restoran seblak",,,,,,,"https://www.google.com/maps/search/?api=1&query=Warung%20Seblak%20Umi%20Nabilla&query_place_id=ChIJbcwVxeLnaC4R6n_6KPEQMag","Restoran Sunda"
"Seblak SP Prasmanan Dipatiukur","4.7","129","Jl. Dipati Ukur No.66a","Kota Bandung","Jawa Barat","ID",,"+62 851-1990-5841","Restoran",,,,,,,,"https://www.google.com/maps/search/?api=1&query=Seblak%20SP%20Prasmanan%20Dipatiukur&query_place_id=ChIJCfwlVa_naC4RHptmKjI-CUs","Restoran"
"Seblak SP Prasmanan Ciumbuleuit","4.8","590","Jl. Ciumbuleuit No.34","Kota Bandung","Jawa Barat","ID","https://www.instagram.com/seblaksp.prasmanan","+62 851-1706-9860","Restoran",,,,,,,,"https://www.google.com/maps/search/?api=1&query=Seblak%20SP%20Prasmanan%20Ciumbuleuit&query_place_id=ChIJFz0kdV_naC4R2XFM6vMFHfg","Restoran"
"Batagor Imam Bonjol","3.8","5","Dapur Kita, Jl. Imam Bonjol No.9","Kota Bandung","Jawa Barat","ID",,"+62 853-2042-4780","Toko Makanan Sehat",,,,,,,,"https://www.google.com/maps/search/?api=1&query=Batagor%20Imam%20Bonjol&query_place_id=ChIJL831e1HmaC4R03eLDdWO8YE","Toko Makanan Sehat"
"Batagor Robi Jl.jurang","2","2","Jl. Jurang No.92","Kota Bandung","Jawa Barat","ID",,"","Kafe",,,,,,,,"https://www.google.com/maps/search/?api=1&query=Batagor%20Robi%20Jl.jurang&query_place_id=ChIJG5EGttPnaC4RRbOzneFX8qs","Kafe"
"Seblak Tulang Sultan","4.9","89","Jl. Teuku Umar No.27/60","Kota Bandung","Jawa Barat","ID",,"+62 813-3742-4447","Restoran Mie","Restoran seblak",,,,,,,"https://www.google.com/maps/search/?api=1&query=Seblak%20Tulang%20Sultan&query_place_id=ChIJnaojpXPnaC4Rmb6jwDmZ1Oc","Restoran Mie"
"Batagor Robi","3.5","2","Jl. Kb. Kembang No.3","Kota Bandung","Jawa Barat","ID",,"","Restoran Sunda","Pujasera",,,,,,,"https://www.google.com/maps/search/?api=1&query=Batagor%20Robi&query_place_id=ChIJ8UVnZ17naC4RjZvrjHaLycs","Restoran Sunda"
"Batagor Kiwari","4.9","35","Jl. Tikukur No.17","Kota Bandung","Jawa Barat","ID",,"+62 813-2234-5689","Restoran",,,,,,,,"https://www.google.com/maps/search/?api=1&query=Batagor%20Kiwari&query_place_id=ChIJE9kihsfnaC4RwGybf7VtR7Y","Restoran"
"Seblak Sultan","4.3","1883","Jl. Sultan Agung No.10","Kota Bandung","Jawa Barat","ID",,"+62 821-2987-7744","Restoran seblak","Restoran Bakso","Restoran Sunda",,,,,,"https://www.google.com/maps/search/?api=1&query=Seblak%20Sultan&query_place_id=ChIJIQFoHUnmaC4R4-O4FtTDTtU","Restoran seblak"
"Batagor Neng Dya Azzam","5","15","Jl. Dr. Djunjunan No.139","Kota Bandung","Jawa Barat","ID",,"","Kedai Hidangan Penutup",,,,,,,,"https://www.google.com/maps/search/?api=1&query=Batagor%20Neng%20Dya%20Azzam&query_place_id=ChIJH7VyEgDnaC4RamewB_XEtcE","Kedai Hidangan Penutup"
"Batagor Sari","4.2","24","Jl. Dr. Djunjunan No.43","Kota Bandung","Jawa Barat","ID",,"+62 852-2129-0571","Restoran Sunda","Rumah Makan",,,,,,,"https://www.google.com/maps/search/?api=1&query=Batagor%20Sari&query_place_id=ChIJAVH2BGbmaC4Rk9_MkL-4fhs","Restoran Sunda"
"Batagor Isola","5","2","4HPR+7VJ, Jl. Gegerkalong Hilir","Kota Bandung","Jawa Barat","ID",,"","Restoran Sunda",,,,,,,,"https://www.google.com/maps/search/?api=1&query=Batagor%20Isola&query_place_id=ChIJf3I9gL7maC4RLt0EtCypvns","Restoran Sunda"
"Sam's Strawberry Corner","4.4","1421","Jl. Ir. H. Juanda No.112","Kota Bandung","Jawa Barat","ID","https://www.instagram.com/samsstrawberrycorner/","","Restoran Mie","Kafe","Restoran Sunda","Restoran Masakan Barat",,,,,"https://www.google.com/maps/search/?api=1&query=Sam's%20Strawberry%20Corner&query_place_id=ChIJe7U3z_zmaC4RZu77cTS0zh0","Restoran Mie"
"BATAGOR ""AYU""","4.8","18",,"Kota Bandung","Jawa Barat","ID",,"+62 821-1583-5048","Restoran",,,,,,,,"https://www.google.com/maps/search/?api=1&query=BATAGOR%20%22AYU%22&query_place_id=ChIJqcvAec7naC4RGeNxwyLGyOw","Restoran"
"Batagor Cep Anom","5","11","4M3P+8X9","Kota Bandung","Jawa Barat","ID",,"","Restoran",,,,,,,,"https://www.google.com/maps/search/?api=1&query=Batagor%20Cep%20Anom&query_place_id=ChIJg1NdZKTdaC4ROQg1R4VlN9s","Restoran"
"BTS: Batagor Tahu Susu Cihampelas","5","7","3JX3+FQ4","Kota Bandung","Jawa Barat","ID",,"","Restoran Indonesia",,,,,,,,"https://www.google.com/maps/search/?api=1&query=BTS%3A%20Batagor%20Tahu%20Susu%20Cihampelas&query_place_id=ChIJeVmVaADnaC4RPPECuyWE8lM","Restoran Indonesia"
"Batagor Cilor Fazar Batan","5","6","Jl. Tamansari No.71","Kota Bandung","Jawa Barat","ID",,"+62 815-7353-7082","Restoran Sunda",,,,,,,,"https://www.google.com/maps/search/?api=1&query=Batagor%20Cilor%20Fazar%20Batan&query_place_id=ChIJm6QP03nnaC4RmHfgbJcDYbg","Restoran Sunda"
"Batagor Asli Juanda","4.5","10","4JMC+59X Pujasera Sembilan, Jl. Ir. H. Juanda","Kota Bandung","Jawa Barat","ID",,"+62 857-9353-0251","Restoran cepat saji","Restoran Sunda",,,,,,,"https://www.google.com/maps/search/?api=1&query=Batagor%20Asli%20Juanda&query_place_id=ChIJ6-8Z-uLmaC4RMjEpqo3tmtQ","Restoran cepat saji"
"Siomay Batagor Monumen","4.3","3","4J29+J9R, Jl. Wirayuda Barat","Kota Bandung","Jawa Barat","ID",,"+62 812-8430-9620","Restoran Sunda",,,,,,,,"https://www.google.com/maps/search/?api=1&query=Siomay%20Batagor%20Monumen&query_place_id=ChIJ9Wlve9rnaC4RQ72LCuiczFc","Restoran Sunda"
"Batagor Hap","5","13","Jl. Kb. Bibit Utara II No.175","Kota Bandung","Jawa Barat","ID","https://batagorhap.wixsite.com/batagorbandung","+62 816-623-448","Restoran",,,,,,,,"https://www.google.com/maps/search/?api=1&query=Batagor%20Hap&query_place_id=ChIJ5X37S6HnaC4RRh8d-wZehvM","Restoran"
"Batagor H.Sukim","4.8","4","Jl. Cikutra No.152","Kota Bandung","Jawa Barat","ID",,"+62 817-122-820","Restoran Sunda",,,,,,,,"https://www.google.com/maps/search/?api=1&query=Batagor%20H.Sukim&query_place_id=ChIJ_5IdsTPnaC4RF0oF2Q0vBYA","Restoran Sunda"
"Batagor robi sukajadi","3.1","64","Jl. Sukajadi No.197","Kota Bandung","Jawa Barat","ID",,"+62 813-2211-1191","Restoran",,,,,,,,"https://www.google.com/maps/search/?api=1&query=Batagor%20robi%20sukajadi&query_place_id=ChIJ82b5ZMznaC4RUx_333Pnl-g","Restoran"
"BATAGOR ASKRO","4.9","7","Jl. Ciumbuleuit No.65","Kota Bandung","Jawa Barat","ID",,"","Kedai Sarapan & Makan Siang",,,,,,,,"https://www.google.com/maps/search/?api=1&query=BATAGOR%20ASKRO&query_place_id=ChIJ7YNlyPTnaC4RhAIjDrJzXMY","Kedai Sarapan & Makan Siang"
"Batagor Boss Guss","5","14","4J33+6Q8, Jl. Cihampelas","Kota Bandung","Jawa Barat","ID",,"+62 838-4007-9774","Warung Makanan Kecil",,,,,,,,"https://www.google.com/maps/search/?api=1&query=Batagor%20Boss%20Guss&query_place_id=ChIJMYiTFgDnaC4Racwq_WWhbIw","Warung Makanan Kecil"
"Batagor RIRI Takeaway Only Pasteur","3.8","66","Pasteur Square, Jl. DR. Djunjunan Dalam No.135D","Kota Bandung","Jawa Barat","ID",,"","Restoran Pesan-Bawa","Restoran Halal","Restoran Indonesia","Toko Suvenir",,,,,"https://www.google.com/maps/search/?api=1&query=Batagor%20RIRI%20Takeaway%20Only%20Pasteur&query_place_id=ChIJP5H1sGTmaC4R6vRdTyt_pAk","Restoran Pesan-Bawa"
"Batagor ""Oman"" Tilil","4.6","60","Jl. Puyuh No.1","Kota Bandung","Jawa Barat","ID",,"","Restoran Sunda","Restoran Asia Tenggara",,,,,,,"https://www.google.com/maps/search/?api=1&query=Batagor%20%22Oman%22%20Tilil&query_place_id=ChIJ64dTlbLnaC4RWjm-tod7wlE","Restoran Sunda"
"Batagor Priangan Dipatiukur","4.2","19","Jl. Dipati Ukur No.19","Kota Bandung","Jawa Barat","ID",,"","Restoran",,,,,,,,"https://www.google.com/maps/search/?api=1&query=Batagor%20Priangan%20Dipatiukur&query_place_id=ChIJty0CAgDnaC4R_giWcztUhOA","Restoran"
"Batagor Lucky","4.1","25","Jalan Doktor Setiabudhi No.130-134, Area Pujasera Borma Setiabudhi, Cidadap","Kota Bandung","Jawa Barat","ID",,"+62 896-1888-8891","Restoran","Makanan",,,,,,,"https://www.google.com/maps/search/?api=1&query=Batagor%20Lucky&query_place_id=ChIJ46zrGZPmaC4RiMhPOZu-v1o","Restoran"
"Batagor bandung ibu yani","4.8","5","Jl. Cilimus No.06","Kota Bandung","Jawa Barat","ID",,"+62 821-1973-2246","Kedai Sarapan & Makan Siang",,,,,,,,"https://www.google.com/maps/search/?api=1&query=Batagor%20bandung%20ibu%20yani&query_place_id=ChIJbS5LPbrmaC4RqMqMmtlF9lc","Kedai Sarapan & Makan Siang"
"Cuanki BATOK dan Batagor Mie","4.9","69","Jl. Ir. H. Juanda No.357","Kota Bandung","Jawa Barat","ID",,"+62 858-8199-0296","Restoran Indonesia",,,,,,,,"https://www.google.com/maps/search/?api=1&query=Cuanki%20BATOK%20dan%20Batagor%20Mie&query_place_id=ChIJGcXQYLTnaC4Rx1sLI6t2Vdw","Restoran Indonesia"
"BATAGOR ANDIN Gerbang Kompleks Taman Melati, RT.1 /RW.14, Desa Cikadut, Cimeunyan","4.5","19","komplek taman melati rt","Kabupaten Bandung","Jawa Barat","ID",,"+62 818-0269-8782","Restoran Sunda",,,,,,,,"https://www.google.com/maps/search/?api=1&query=BATAGOR%20ANDIN%20Gerbang%20Kompleks%20Taman%20Melati%2C%20RT.1%20%2FRW.14%2C%20Desa%20Cikadut%2C%20Cimeunyan&query_place_id=ChIJcywuh-DdaC4R9ttSxAXy1e0","Restoran Sunda"
"Batagor enak","5","1","Jl. Karangsari No.29","Kota Bandung","Jawa Barat","ID",,"","Kedai Sarapan",,,,,,,,"https://www.google.com/maps/search/?api=1&query=Batagor%20enak&query_place_id=ChIJsTljLT_naC4RsozvAoRmTW8","Kedai Sarapan"
"Batagor Abuy","4.4","103","Jl. Cemara No.81-83, RW.Junction 8","Kota Bandung","Jawa Barat","ID",,"+62 896-6284-1005","Restoran cepat saji","Restoran Sunda",,,,,,,"https://www.google.com/maps/search/?api=1&query=Batagor%20Abuy&query_place_id=ChIJZ_l_qYzmaC4Rlmf-3z6ZUQQ","Restoran cepat saji"
"Kantin CAB (Cuanki Asli Bandung)","4.8","717","Jl. Pak Gatot II No.23","Kota Bandung","Jawa Barat","ID","https://www.instagram.com/kantin_cab?igsh=MWc4cTgzOWRid21mbQ==","+62 822-6206-8889","Restoran",,,,,,,,"https://www.google.com/maps/search/?api=1&query=Kantin%20CAB%20(Cuanki%20Asli%20Bandung)&query_place_id=ChIJs7s43pfmaC4RHiO53CF1QjM","Restoran"
"Batagor Abuy - Pasteur","4","39","Jl. Dr. Djunjunan No.45","Kota Bandung","Jawa Barat","ID","https://instagram.com/batagor.abuy?igshid=MjEwN2IyYWYwYw==","+62 813-2050-2960","Restoran Indonesia",,,,,,,,"https://www.google.com/maps/search/?api=1&query=Batagor%20Abuy%20-%20Pasteur&query_place_id=ChIJuRNSBGbmaC4RpVzCmrHxujk","Restoran Indonesia"
"BATAGOR 88 PASTEUR","4.4","31","Jl. Dr. Djunjunan No.135","Kota Bandung","Jawa Barat","ID",,"+62 838-2966-4455","Toko Makanan",,,,,,,,"https://www.google.com/maps/search/?api=1&query=BATAGOR%2088%20PASTEUR&query_place_id=ChIJKRyl5WTmaC4RwzPJjrquIew","Toko Makanan"
"Batagor Haji Yunus","4.5","4058","Jl. Raya Kopo No.68, RT.10/RW.01","Kota Bandung","Jawa Barat","ID",,"+62 22 6005242","Restoran",,,,,,,,"https://www.google.com/maps/search/?api=1&query=Batagor%20Haji%20Yunus&query_place_id=ChIJkwFZMKDoaC4RV_j4dxJzhlY","Restoran"
"BATAGOR RIZKY dan RiRi","4","138","Jl. Dr. Djunjunan No.47","Kota Bandung","Jawa Barat","ID",,"+62 22 6075376","Toko",,,,,,,,"https://www.google.com/maps/search/?api=1&query=BATAGOR%20RIZKY%20dan%20RiRi&query_place_id=ChIJORGnBGbmaC4RimUSfiHKT8k","Toko"
"Batagor Mang Amay","5","13","Jl. Ciheulang, RT.02/RW.11","Kota Bandung","Jawa Barat","ID",,"+62 855-5924-9371","Toko Makanan",,,,,,,,"https://www.google.com/maps/search/?api=1&query=Batagor%20Mang%20Amay&query_place_id=ChIJq0QlUADnaC4R-UsbGJqqIs4","Toko Makanan"
"Bakso Cuanki dan Batagor Serayu","4.5","14647","Jl. Serayu No.2","Kota Bandung","Jawa Barat","ID",,"+62 812-2163-6600","Restoran Bakso","Restoran Indonesia",,,,,,,"https://www.google.com/maps/search/?api=1&query=Bakso%20Cuanki%20dan%20Batagor%20Serayu&query_place_id=ChIJkyME0c7naC4R2ZGOhU_502o","Restoran Bakso"
"Batagor Riri","4.2","4373","Jl. Burangrang No.41","Kota Bandung","Jawa Barat","ID","http://www.facebook.com/batagorriri","+62 22 7303349","Restoran Sunda",,,,,,,,"https://www.google.com/maps/search/?api=1&query=Batagor%20Riri&query_place_id=ChIJmX9ZmirmaC4RiBYPV46w-Fg","Restoran Sunda"
"Batagor Kahuripan","4.6","501","Ps. Cihapit, Blok KB No.6","Kota Bandung","Jawa Barat","ID",,"+62 811-2099-889","Warung Makanan Kecil",,,,,,,,"https://www.google.com/maps/search/?api=1&query=Batagor%20Kahuripan&query_place_id=ChIJ8ck8ofDnaC4RGmMuUGu7ES8","Warung Makanan Kecil"
"Cuanki dan Batagor Serayu Cabang Sidomukti","4.6","219","Jl. Sidomukti No.99a","Kota Bandung","Jawa Barat","ID",,"","Restoran cepat saji",,,,,,,,"https://www.google.com/maps/search/?api=1&query=Cuanki%20dan%20Batagor%20Serayu%20Cabang%20Sidomukti&query_place_id=ChIJlS0FI43naC4RNVWc7fUbclw","Restoran cepat saji"
"Batagor, siomay dan basotahu HOKKIE 11","4.5","255","SEBELUM atau SAMPING ALFA MART DRIVE THRU, Jl. Cihampelas No.115","Kota Bandung","Jawa Barat","ID",,"+62 817-215-380","Restoran Bakso",,,,,,,,"https://www.google.com/maps/search/?api=1&query=Batagor%2C%20siomay%20dan%20basotahu%20HOKKIE%2011&query_place_id=ChIJvWv3qkTmaC4RG4B4tnRV95A","Restoran Bakso"
"Pempek & Batagor Jeol (Oleh-Oleh Bandung)","4.7","151","Jl. Rereng Wulung No.23","Kota Bandung","Jawa Barat","ID","https://jeolfood.carrd.co/","+62 899-9079-929","Restoran Pempek","Toko Suvenir",,,,,,,"https://www.google.com/maps/search/?api=1&query=Pempek%20%26%20Batagor%20Jeol%20(Oleh-Oleh%20Bandung)&query_place_id=ChIJ8Tl47BbnaC4R0HjWRI50OAY","Restoran Pempek"
"BATAGOR BURANGRANG","4.5","451","Jl. Kb. Jukut No.7","Kota Bandung","Jawa Barat","ID","https://www.instagram.com/batagorburangrangkj07","+62 878-2263-2100","Restoran",,,,,,,,"https://www.google.com/maps/search/?api=1&query=BATAGOR%20BURANGRANG&query_place_id=ChIJ8xfivjvmaC4R6GJFN5O3fe4","Restoran"
"Batagor ""Heritage"" RE Martadinata Bandung","4.9","11","3JV8+QP8, Jl. Banda","Kota Bandung","Jawa Barat","ID",,"+62 812-2923-7815","Restoran Indonesia",,,,,,,,"https://www.google.com/maps/search/?api=1&query=Batagor%20%22Heritage%22%20RE%20Martadinata%20Bandung&query_place_id=ChIJV1CYPQDnaC4RQKLJcztN3Xc","Restoran Indonesia"
"BATAGOR RIFANIA","4.9","46","Jl. Kebon Bibit No.09","Kota Bandung","Jawa Barat","ID",,"","Restoran Sunda",,,,,,,,"https://www.google.com/maps/search/?api=1&query=BATAGOR%20RIFANIA&query_place_id=ChIJAZEk0ADnaC4RVI1nCiYXY5s","Restoran Sunda"
"Batagor & Baso Simpang Dago (BSD)","4.3","1043","Jl. Ir. H. Juanda No.218","Kota Bandung","Jawa Barat","ID",,"+62 22 2504827","Restoran","Restoran Bakso","Kedai Sarapan",,,,,,"https://www.google.com/maps/search/?api=1&query=Batagor%20%26%20Baso%20Simpang%20Dago%20(BSD)&query_place_id=ChIJy33kfEjmaC4Ry3AWucKzAVk","Restoran"
"Batagor Enak H. Ihsan","4.6","692","Jl. Khp Hasan Mustopa No.117","Kota Bandung","Jawa Barat","ID",,"+62 857-2005-4755","Restoran","Rumah Makan",,,,,,,"https://www.google.com/maps/search/?api=1&query=Batagor%20Enak%20H.%20Ihsan&query_place_id=ChIJCSLb25XnaC4RiVAH-2tDMw0","Restoran"
"Batagor Kingsley","4.2","12157","Jl. Veteran No.25","Kota Bandung","Jawa Barat","ID",,"+62 22 4207104","Restoran Sunda","Restoran",,,,,,,"https://www.google.com/maps/search/?api=1&query=Batagor%20Kingsley&query_place_id=ChIJ2Qhn3y3maC4Rvm5p6Atzj3s","Restoran Sunda"
"Batagor H. Darto","4.3","1096","Jl. Ir. H. Juanda No.202, RW.01","Kota Bandung","Jawa Barat","ID",,"+62 812-2184-1382","Restoran","Rumah Makan",,,,,,,"https://www.google.com/maps/search/?api=1&query=Batagor%20H.%20Darto&query_place_id=ChIJ6f62cXxXei4REPB4mfhCloA","Restoran"
"Batagor Priangan Khas Bandung","4.7","111","Jl. Sekeloa Sel. II No.15","Kota Bandung","Jawa Barat","ID",,"","Restoran Indonesia",,,,,,,,"https://www.google.com/maps/search/?api=1&query=Batagor%20Priangan%20Khas%20Bandung&query_place_id=ChIJ55a7vS_naC4RH5d5dwjrgRw","Restoran Indonesia"
"Oleh Oleh Bandung | Batagor Coy | Kuliner Bandung Paling Dicari","4.5","626","Jl. Ir. H. Juanda No.91","Kota Bandung","Jawa Barat","ID",,"+62 812-1231-2334","Restoran Sunda","Restoran Jawa",,,,,,,"https://www.google.com/maps/search/?api=1&query=Oleh%20Oleh%20Bandung%20%7C%20Batagor%20Coy%20%7C%20Kuliner%20Bandung%20Paling%20Dicari&query_place_id=ChIJ_zm31FHmaC4REH38Wr-v004","Restoran Sunda"
"Mie Kocok Ibu Ating","4.3","3","Jl. Gagak No.8","Kota Bandung","Jawa Barat","ID",,"","Restoran Mie",,,,,,,,"https://www.google.com/maps/search/?api=1&query=Mie%20Kocok%20Ibu%20Ating&query_place_id=ChIJ24WQXrnnaC4ReaUPLZ5yNTk","Restoran Mie"
"Bakso Cuanki Tetelan Babakan",,,"Jl. Babakan Baru No.85, RT.01/RW.07","Kota Bandung","Jawa Barat","ID",,"+62 821-1844-8103","Pusat jajanan kaki lima",,,,,,,,"https://www.google.com/maps/search/?api=1&query=Bakso%20Cuanki%20Tetelan%20Babakan&query_place_id=ChIJp4-WakHnaC4RPV0JsMXWLhI","Pusat jajanan kaki lima"
"Aufa Baso Cuanki","4.5","4","4H2R+GH3","Kota Bandung","Jawa Barat","ID",,"+62 895-7499-93932","Restoran",,,,,,,,"https://www.google.com/maps/search/?api=1&query=Aufa%20Baso%20Cuanki&query_place_id=ChIJo5IsTm_maC4RjE90_8EOpZo","Restoran"
"Queen Martabak Pasteur","4.8","51","Jl. DR. Djunjunan Dalam I No.3","Kota Bandung","Jawa Barat","ID",,"+62 838-0877-4321","Restoran Martabak",,,,,,,,"https://www.google.com/maps/search/?api=1&query=Queen%20Martabak%20Pasteur&query_place_id=ChIJNapRy2nmaC4RFlb_y-WMC6Y","Restoran Martabak"
"Sate Sampurna Khas Madura Cak Ken",,,"Jl. Sampurna","Kota Bandung","Jawa Barat","ID",,"+62 819-9991-3399","Restoran Sate",,,,,,,,"https://www.google.com/maps/search/?api=1&query=Sate%20Sampurna%20Khas%20Madura%20Cak%20Ken&query_place_id=ChIJqa7bdOTnaC4RH6v11n8HLZI","Restoran Sate"
"One of Cuanki Hawker","4","1","3JXF+HJW","Kota Bandung","Jawa Barat","ID",,"","Pujasera",,,,,,,,"https://www.google.com/maps/search/?api=1&query=One%20of%20Cuanki%20Hawker&query_place_id=ChIJa1NR-8TnaC4RkP-xNrXf6vo","Pujasera"
"Rumah makan padang Rajo Bungsu","4","115","Jl. Gegerkalong Girang No.75","Kota Bandung","Jawa Barat","ID",,"+62 878-2559-4559","Restoran Padang",,,,,,,,"https://www.google.com/maps/search/?api=1&query=Rumah%20makan%20padang%20Rajo%20Bungsu&query_place_id=ChIJt2UREgTnaC4RKYQKeFXzm74","Restoran Padang"
"Nasi Goreng GOR-BITES","5","10","Jl. L. L. R.E. Martadinata No.83","Kota Bandung","Jawa Barat","ID",,"","Restoran Nasi Goreng",,,,,,,,"https://www.google.com/maps/search/?api=1&query=Nasi%20Goreng%20GOR-BITES&query_place_id=ChIJtxaoQQDnaC4RSe2YKZc5m38","Restoran Nasi Goreng"
"Nasi Goreng Sinar Patromax","4.7","12","Dago Suites Apartment","Kota Bandung","Jawa Barat","ID",,"+62 823-2443-8392","Restoran Nasi Goreng",,,,,,,,"https://www.google.com/maps/search/?api=1&query=Nasi%20Goreng%20Sinar%20Patromax&query_place_id=ChIJEVe2tdnnaC4R7Ii4Zn0m5qI","Restoran Nasi Goreng"
"Solo Bakso","4.7","48","4H6V+9JG, Gg Bpk Elas Jalan Sukajadi","Kota Bandung","Jawa Barat","ID",,"+62 813-2298-3453","Restoran Bakso","Rumah Makan",,,,,,,"https://www.google.com/maps/search/?api=1&query=Solo%20Bakso&query_place_id=ChIJawBKuGHmaC4RMmY7I1TNbKg","Restoran Bakso"
"Nasi Goreng pegenen sendekala","5","1","Jl. Cipedes Tengah No.64 B","Kota Bandung","Jawa Barat","ID",,"+62 813-2149-8706","Restoran","Restoran Nasi Goreng",,,,,,,"https://www.google.com/maps/search/?api=1&query=Nasi%20Goreng%20pegenen%20sendekala&query_place_id=ChIJRUsouyjnaC4Rkw1aSdovb7U","Restoran"
"Baso Solo Baru","4.6","57","Jl. Dr. Djunjunan No.17","Kota Bandung","Jawa Barat","ID",,"+62 812-1476-5178","Restoran Bakso",,,,,,,,"https://www.google.com/maps/search/?api=1&query=Baso%20Solo%20Baru&query_place_id=ChIJc826TWjmaC4RkzmdTC9gqh0","Restoran Bakso"
"Nasi Goreng & Ayam Goreng Aneka Racun","4.8","22","Jl. Cikutra Barat No.Kel No. 98","Kota Bandung","Jawa Barat","ID",,"+62 813-2428-7013","Restoran Nasi Goreng","Restoran takeaway ayam goreng",,,,,,,"https://www.google.com/maps/search/?api=1&query=Nasi%20Goreng%20%26%20Ayam%20Goreng%20Aneka%20Racun&query_place_id=ChIJ2_rYuDfnaC4RIQMwxTXADSM","Restoran Nasi Goreng"
"Sate Ayu Mbok Dikem Pasar Minggu Gasibu","4.6","580","Unnamed Road","Kota Bandung","Jawa Barat","ID",,"","Pasar",,,,,,,,"https://www.google.com/maps/search/?api=1&query=Sate%20Ayu%20Mbok%20Dikem%20Pasar%20Minggu%20Gasibu&query_place_id=ChIJq5Pin03maC4RbBcIWMm0DYw","Pasar"
"Bakso Malang Cipaganti","4.5","125","Jalan Cipaganti.85 (dalam komplek masjid besar cipaganti","Kota Bandung","Jawa Barat","ID",,"+62 811-2244-647","Restoran Bakso",,,,,,,,"https://www.google.com/maps/search/?api=1&query=Bakso%20Malang%20Cipaganti&query_place_id=ChIJa_39X1zmaC4RGfGYCozAhNA","Restoran Bakso"
"Ayam Goreng & Bakar Pringgodani","4.5","289","Jl. Ir. H. Juanda No.275","Kota Bandung","Jawa Barat","ID",,"+62 22 2504025","Restoran takeaway ayam goreng","Restoran Masakan Ayam","Restoran Jawa",,,,,,"https://www.google.com/maps/search/?api=1&query=Ayam%20Goreng%20%26%20Bakar%20Pringgodani&query_place_id=ChIJJb9VcfzmaC4RCJX4jVKYg88","Restoran takeaway ayam goreng"
"Warung sate bang jukiy",,,"Jl. Terusan Katamso No.6","Kota Bandung","Jawa Barat","ID",,"","Restoran Indonesia",,,,,,,,"https://www.google.com/maps/search/?api=1&query=Warung%20sate%20bang%20jukiy&query_place_id=ChIJeRh0eADnaC4RcGYAhWG4HzQ","Restoran Indonesia"
"Ma'Oin","4.7","47","Jl. Cihampelas No.216","Kota Bandung","Jawa Barat","ID",,"+62 856-2433-3096","Restoran Indonesia","Restoran",,,,,,,"https://www.google.com/maps/search/?api=1&query=Ma'Oin&query_place_id=ChIJw5TBLlnmaC4RuYNTcSBroHU","Restoran Indonesia"
"Sambal Mangga Cak Kohar","4.7","549","Jl. Dipati Ukur","Kota Bandung","Jawa Barat","ID",,"","Restoran",,,,,,,,"https://www.google.com/maps/search/?api=1&query=Sambal%20Mangga%20Cak%20Kohar&query_place_id=ChIJNT3LcfLnaC4Rw2W_sIVSlfs","Restoran"
"Warung sate afa & Tahu walik Cimuncang","5","6","Jl. Terusan Cimuncang No.68-86","Kota Bandung","Jawa Barat","ID",,"+62 823-1912-7466","Dapur Umum",,,,,,,,"https://www.google.com/maps/search/?api=1&query=Warung%20sate%20afa%20%26%20Tahu%20walik%20Cimuncang&query_place_id=ChIJvdTMHkrnaC4Ro8MpFPBftGo","Dapur Umum"
"Kedai Mie Dago","4.4","696","Jl. Ir. H. Juanda No.209","Kota Bandung","Jawa Barat","ID",,"+62 22 2509327","Restoran Mie","Restoran Bakso","Restoran Sunda",,,,,,"https://www.google.com/maps/search/?api=1&query=Kedai%20Mie%20Dago&query_place_id=ChIJG9hl6k7maC4RJ9PoYxTFeI4","Restoran Mie"
"Super Enjoy Bandung","4.5","1341","Jl. Dr. Setiabudi No.139A","Kota Bandung","Jawa Barat","ID","https://instagram.com/indomieenjoybdg?igshid=1f8wrkxn32uvq","","Restoran Mie","Kedai Sarapan","Kafe","Rumah Makan",,,,,"https://www.google.com/maps/search/?api=1&query=Super%20Enjoy%20Bandung&query_place_id=ChIJO1gbNpTmaC4RzjyMYqrEcnQ","Restoran Mie"
"Bakmi Parahyangan","4.2","943","Jl. Sukajadi No.211","Kota Bandung","Jawa Barat","ID","http://www.bakmiparahyangan.co.id/","+62 22 2038452","Restoran Mie","Restoran Hidangan Mie China","Restoran Nasi Goreng",,,,,,"https://www.google.com/maps/search/?api=1&query=Bakmi%20Parahyangan&query_place_id=ChIJG2lfa43maC4RQsiPD_3guFs","Restoran Mie"
"Mulya Cirebon Chinese Food","4.5","469","4J87+9W2, Jl. Tubagus Ismail","Kota Bandung","Jawa Barat","ID",,"+62 822-4071-7799","Restoran China",,,,,,,,"https://www.google.com/maps/search/?api=1&query=Mulya%20Cirebon%20Chinese%20Food&query_place_id=ChIJHwrCpf_maC4RGm8XxXbWTrM","Restoran China"
"Warung Nasi Pecel Kediri Pak Tono","4.6","209","Jl. Ir. H. Juanda No.338","Kota Bandung","Jawa Barat","ID",,"","Restoran Jawa Timur","Warung nasi",,,,,,,"https://www.google.com/maps/search/?api=1&query=Warung%20Nasi%20Pecel%20Kediri%20Pak%20Tono&query_place_id=ChIJi8LfTsTnaC4RAED_3rgDOVo","Restoran Jawa Timur"
"Nasi Goreng Agin Yamori 46 Ayam Serundeng","3.8","4","Jl. Gegerkalong Girang No.46","Kota Bandung","Jawa Barat","ID",,"","Restoran Nasi Goreng",,,,,,,,"https://www.google.com/maps/search/?api=1&query=Nasi%20Goreng%20Agin%20Yamori%2046%20Ayam%20Serundeng&query_place_id=ChIJw-HNXbzmaC4Rm2VCnIno-kU","Restoran Nasi Goreng"
"Sate abah 1999","5","1","Depan Kantor Pelayanan Perbendaharaan Negara Bandung 2, Jl. Khp Hasan Mustopa No.46","Kota Bandung","Jawa Barat","ID",,"+62 821-2661-6662","Restoran Sate",,,,,,,,"https://www.google.com/maps/search/?api=1&query=Sate%20abah%201999&query_place_id=ChIJzTcHq0HnaC4RDGDRXgwqadE","Restoran Sate"
"Warung Sate Madura","4","1","Jl. Pelesiran No.2","Kota Bandung","Jawa Barat","ID",,"","Restoran Sate",,,,,,,,"https://www.google.com/maps/search/?api=1&query=Warung%20Sate%20Madura&query_place_id=ChIJdfUtr1rmaC4RfYrzo4HuV64","Restoran Sate"
"Sate Monju","4.6","95","4J49+HPM","Kota Bandung","Jawa Barat","ID",,"+62 819-0459-8969","Restoran Sate",,,,,,,,"https://www.google.com/maps/search/?api=1&query=Sate%20Monju&query_place_id=ChIJR_CET2DnaC4RRfmKp3IyMxI","Restoran Sate"
"Warung Sate Ibu Honimah","4.2","5","Masjid Saifullah/Parkiran Motor, Jl. Karang Tinggal No.Samping","Kota Bandung","Jawa Barat","ID",,"+62 878-2567-7075","Restoran Sate","Rumah Makan",,,,,,,"https://www.google.com/maps/search/?api=1&query=Warung%20Sate%20Ibu%20Honimah&query_place_id=ChIJv7ADH2DmaC4RyvCdlWTBdjY","Restoran Sate"
"RM Puri Bambu","4.5","2334","Jl. Sindang Sirna No.14","Kota Bandung","Jawa Barat","ID",,"+62 821-3693-1049","Restoran China",,,,,,,,"https://www.google.com/maps/search/?api=1&query=RM%20Puri%20Bambu&query_place_id=ChIJLRA6iY3maC4RLfMW5RvQUaU","Restoran China"
"Warung Sate Maranggi 73 Khas Cianjur Abah Ajat","4.3","3","Jl. Khp Hasan Mustopa No.73","Kota Bandung","Jawa Barat","ID",,"+62 819-1068-7870","Restoran Sate","Restoran Jawa",,,,,,,"https://www.google.com/maps/search/?api=1&query=Warung%20Sate%20Maranggi%2073%20Khas%20Cianjur%20Abah%20Ajat&query_place_id=ChIJQUu1npDnaC4RVyubbJ5RJqE","Restoran Sate"
"Sate Ayam & Kambing Maulana Yusuf The Kiosk Setiabudi","4.1","57","Jl. Dr. Setiabudi No.46","Kota Bandung","Jawa Barat","ID",,"","Restoran Sate",,,,,,,,"https://www.google.com/maps/search/?api=1&query=Sate%20Ayam%20%26%20Kambing%20Maulana%20Yusuf%20The%20Kiosk%20Setiabudi&query_place_id=ChIJe8T3AbnmaC4R3LMIiLWh_4k","Restoran Sate"
"Kedai Lontong Medan Ka' Zahra","4.4","1074","Jl. Dipati Ukur No.42/60","Kota Bandung","Jawa Barat","ID",,"+62 813-2113-0205","Restoran Mie","Kedai Sarapan","Restoran Indonesia",,,,,,"https://www.google.com/maps/search/?api=1&query=Kedai%20Lontong%20Medan%20Ka'%20Zahra&query_place_id=ChIJJ5HyiVPmaC4R4anPXOEetTg","Restoran Mie"
"KOPI MOBIL BABEH (Warung sate sinta)","4.8","5","4H4P+GPG, Jl. Dr. Djunjunan","Kota Bandung","Jawa Barat","ID",,"","Kedai Kopi",,,,,,,,"https://www.google.com/maps/search/?api=1&query=KOPI%20MOBIL%20BABEH%20(Warung%20sate%20sinta)&query_place_id=ChIJ0dhxvcznaC4R52jVoagoUAo","Kedai Kopi"
"Nasi Goreng Sedap Jaya","5","1","Jl. Gegerkalong Hilir No.141","Kota Bandung","Jawa Barat","ID",,"+62 819-0979-3379","Restoran Indonesia",,,,,,,,"https://www.google.com/maps/search/?api=1&query=Nasi%20Goreng%20Sedap%20Jaya&query_place_id=ChIJpcSDVQDnaC4RPkUuApN7Aw4","Restoran Indonesia"
"Plataran Bandung","4.8","1081","Jl. Diponegoro No.27","Kota Bandung","Jawa Barat","ID","https://www.plataran.com/plataran-bandung/","+62 811-1992-2132","Restoran Mewah","Bistro","Gedung Pertemuan","Tempat acara","Restoran Indonesia","Bar lounge","Restoran","Gedung Pernikahan","https://www.google.com/maps/search/?api=1&query=Plataran%20Bandung&query_place_id=ChIJybxdtwfnaC4RI9xqASBTsUk","Restoran Mewah"
"Selera Aceh Cafe","4.7","427","Jl. Pahlawan No.28","Kota Bandung","Jawa Barat","ID","https://www.instagram.com/seleraaceh_/","+62 813-3330-1349","Restoran Mie",,,,,,,,"https://www.google.com/maps/search/?api=1&query=Selera%20Aceh%20Cafe&query_place_id=ChIJf4piaa7naC4RJxmSQ-kv8BI","Restoran Mie"
"Kafe Pinggir Jalan","4","14","Jl. Dr. Setiabudi No.353","Kota Bandung","Jawa Barat","ID",,"+62 22 2014470","Kafe",,,,,,,,"https://www.google.com/maps/search/?api=1&query=Kafe%20Pinggir%20Jalan&query_place_id=ChIJuRIIlJXmaC4RrlAuZlk0R-0","Kafe"
"Nasi Kuning Gorontalo - Orasawa Taste","4.7","164","Jl. Ir. H. Juanda No.322","Kota Bandung","Jawa Barat","ID",,"+62 812-8098-2785","Restoran Indonesia","Pujasera",,,,,,,"https://www.google.com/maps/search/?api=1&query=Nasi%20Kuning%20Gorontalo%20-%20Orasawa%20Taste&query_place_id=ChIJayG1fj_naC4R6E2BoHlCUis","Restoran Indonesia"
"Nasi goreng plus plus","3.5","8","Jl. Jurang No.31","Kota Bandung","Jawa Barat","ID",,"","Pertanian",,,,,,,,"https://www.google.com/maps/search/?api=1&query=Nasi%20goreng%20plus%20plus&query_place_id=ChIJb68r3lLnaC4R8UI56IW5KIo","Pertanian"
"Nasi Goreng Sederhana","4.7","25","Jl. Jurang No.1","Kota Bandung","Jawa Barat","ID",,"","Restoran Nasi Goreng",,,,,,,,"https://www.google.com/maps/search/?api=1&query=Nasi%20Goreng%20Sederhana&query_place_id=ChIJn9BMSV7maC4RZo7g1Fe2-q0","Restoran Nasi Goreng"
"Nasi Goreng Jando Babah Bayu","4.7","43","4J86+PG8, Jl. Cisitu Lama","Kota Bandung","Jawa Barat","ID",,"+62 813-8155-8050","Restoran Indonesia",,,,,,,,"https://www.google.com/maps/search/?api=1&query=Nasi%20Goreng%20Jando%20Babah%20Bayu&query_place_id=ChIJDyooNADnaC4RNz4ceKnpcdI","Restoran Indonesia"
"Nasi Goreng Mas Ari Komsol","4.4","17","Jl. Pusdai","Kota Bandung","Jawa Barat","ID",,"+62 812-9938-3814","Restoran Nasi Goreng",,,,,,,,"https://www.google.com/maps/search/?api=1&query=Nasi%20Goreng%20Mas%20Ari%20Komsol&query_place_id=ChIJMftI2rPnaC4RhRZ7Y0GyKXo","Restoran Nasi Goreng"
"Nasi Goreng Mas Ulel","4.7","11",,"Kota Bandung","Jawa Barat","ID",,"+62 812-2225-7631","Restoran Nasi Goreng",,,,,,,,"https://www.google.com/maps/search/?api=1&query=Nasi%20Goreng%20Mas%20Ulel&query_place_id=ChIJw0G2RQ_naC4R8l3_I7ArdGo","Restoran Nasi Goreng"
"Nasi Goreng Pak Agus","4.9","47","depan dinas perkebunan, Jl. Surapati No.65-67","Kota Bandung","Jawa Barat","ID",,"+62 813-2263-3054","Restoran Nasi Goreng",,,,,,,,"https://www.google.com/maps/search/?api=1&query=Nasi%20Goreng%20Pak%20Agus&query_place_id=ChIJY1nMaAPnaC4RkX4ZvHeddbQ","Restoran Nasi Goreng"
"Zona Merah (Zomer) Sukajadi","4.2","3118","Jl. Sukajadi No.57","Kota Bandung","Jawa Barat","ID",,"","Restoran Sunda",,,,,,,,"https://www.google.com/maps/search/?api=1&query=Zona%20Merah%20(Zomer)%20Sukajadi&query_place_id=ChIJz7DNPIvmaC4Rr0YXuy6m3e8","Restoran Sunda"
"nasi goreng malam maseh","5","1","4J5J+56J","Kota Bandung","Jawa Barat","ID",,"","Restoran Indonesia",,,,,,,,"https://www.google.com/maps/search/?api=1&query=nasi%20goreng%20malam%20maseh&query_place_id=ChIJlSTJHwDnaC4Rx2tSReT5vnE","Restoran Indonesia"
"Nasi Goreng LAKSANA","4.7","76","Jl. Cigadung Raya Tengah No.67","Kota Bandung","Jawa Barat","ID",,"+62 838-2034-9533","Restoran Nasi Goreng","Restoran",,,,,,,"https://www.google.com/maps/search/?api=1&query=Nasi%20Goreng%20LAKSANA&query_place_id=ChIJxWiiXJDnaC4R_JgO23pq5jI","Restoran Nasi Goreng"
"Lontong Padang & Nasi Goreng Bali","5","3","Jl. Cigiringsing No.13, RT.06/RW.04","Kota Bandung","Jawa Barat","ID",,"+62 898-7411-149","Produsen makanan",,,,,,,,"https://www.google.com/maps/search/?api=1&query=Lontong%20Padang%20%26%20Nasi%20Goreng%20Bali&query_place_id=ChIJucpCN5HdaC4RQU0ZIPKrpwo","Produsen makanan"
"Nasi Goreng Baso Sedap Malam","4.6","58","Jl. Ganesha","Kota Bandung","Jawa Barat","ID",,"+62 813-2173-8834","Restoran Nasi Goreng","Restoran Bakso","Restoran Masakan Ayam","Rumah Makan",,,,,"https://www.google.com/maps/search/?api=1&query=Nasi%20Goreng%20Baso%20Sedap%20Malam&query_place_id=ChIJCYq151DmaC4RPmm7Truades","Restoran Nasi Goreng"
"Bakmie Jawa & Ayam Goreng Kremes Mas Tri","4.3","624","Jl. Sukahaji No.61","Kota Bandung","Jawa Barat","ID",,"+62 813-2176-5525","Restoran Mie","Restoran takeaway ayam goreng","Restoran Jawa",,,,,,"https://www.google.com/maps/search/?api=1&query=Bakmie%20Jawa%20%26%20Ayam%20Goreng%20Kremes%20Mas%20Tri&query_place_id=ChIJR-gT7prmaC4RKmRPZODk5zk","Restoran Mie"
"Warung Sate Mas Acong","4.2","16","Warung Prestasi KPAD Gegerkalong, Jl. Pak Gatot Raya No.16","Kota Bandung","Jawa Barat","ID",,"+62 859-5666-7555","Restoran Sate",,,,,,,,"https://www.google.com/maps/search/?api=1&query=Warung%20Sate%20Mas%20Acong&query_place_id=ChIJpZT21MXnaC4RMGvnOhlCJFc","Restoran Sate"
"Sate Barokah","5","1","Jl. Gegerkalong Girang No.25","Kota Bandung","Jawa Barat","ID",,"+62 818-0923-3555","Restoran Sate",,,,,,,,"https://www.google.com/maps/search/?api=1&query=Sate%20Barokah&query_place_id=ChIJP0_d8rzmaC4RMUE3UVKMC-k","Restoran Sate"
"Nasi Goreng Bang Yus","4.8","43","Jl. Dr. Setiabudi No.349","Kota Bandung","Jawa Barat","ID",,"+62 852-2207-6677","Restoran",,,,,,,,"https://www.google.com/maps/search/?api=1&query=Nasi%20Goreng%20Bang%20Yus&query_place_id=ChIJsd94CTXhaC4R5QdrMQ4irDY","Restoran"
"Warung Sate Az - Zahra","5","2","Jl. Prof. Eyckman No.60","Kota Bandung","Jawa Barat","ID",,"","Restoran",,,,,,,,"https://www.google.com/maps/search/?api=1&query=Warung%20Sate%20Az%20-%20Zahra&query_place_id=ChIJWXwhYl3maC4RmaR-GUdyHSI","Restoran"
"Warung Sate Bonbon",,,"Jl. Bukit Jarian No.7A","Kota Bandung","Jawa Barat","ID",,"","Restoran",,,,,,,,"https://www.google.com/maps/search/?api=1&query=Warung%20Sate%20Bonbon&query_place_id=ChIJKdf5oV_naC4RhJIPZ9k65Uc","Restoran"
"Sate maranggi Bangkar","4.8","32","Jl. Cisitu Indah VI No.9","Kota Bandung","Jawa Barat","ID",,"+62 812-2431-3451","Restoran Sate",,,,,,,,"https://www.google.com/maps/search/?api=1&query=Sate%20maranggi%20Bangkar&query_place_id=ChIJy2v6xBrnaC4Rg8Pe9x8j_4E","Restoran Sate"
"Sate Padang Serasi","4.5","469","Dekat Pangkalan DAMRI, Jl. Haur Pancuh No.76","Kota Bandung","Jawa Barat","ID",,"","Restoran Sate",,,,,,,,"https://www.google.com/maps/search/?api=1&query=Sate%20Padang%20Serasi&query_place_id=ChIJGyizhVPmaC4RZnS0f5q1HGA","Restoran Sate"
"Warung Sate Maranggi kura kura","5","1","Jl. Karang Tineung Indah Dalam No.3","Kota Bandung","Jawa Barat","ID",,"+62 822-4002-0755","Restoran Sate",,,,,,,,"https://www.google.com/maps/search/?api=1&query=Warung%20Sate%20Maranggi%20kura%20kura&query_place_id=ChIJX0qBV8XnaC4R1MaH32rZsgc","Restoran Sate"
"Atok Rizal Jagonya Sate 2 (Depan Showroom Daihatsu)","4.1","391","Jl. Dr. Setiabudi No.105-K","Kota Bandung","Jawa Barat","ID",,"+62 857-4706-9033","Restoran Sate",,,,,,,,"https://www.google.com/maps/search/?api=1&query=Atok%20Rizal%20Jagonya%20Sate%202%20(Depan%20Showroom%20Daihatsu)&query_place_id=ChIJAXzl54rnaC4RZggg2a0q4_M","Restoran Sate"
"Warung Sate Karting","5","5","Jl. Karang Tinggal Gg. H. Durahman","Kota Bandung","Jawa Barat","ID",,"+62 813-9838-5841","Restoran Sate",,,,,,,,"https://www.google.com/maps/search/?api=1&query=Warung%20Sate%20Karting&query_place_id=ChIJyf42wwrnaC4RvVF4HzCTErc","Restoran Sate"
"Sate Muh. Bagul Asan","3","39","4JC8+XRM Indomaret","Kota Bandung","Jawa Barat","ID",,"+62 878-2596-1404","Restoran Sate",,,,,,,,"https://www.google.com/maps/search/?api=1&query=Sate%20Muh.%20Bagul%20Asan&query_place_id=ChIJwZJL65DnaC4RZiqErh9uq1Y","Restoran Sate"
"Sate Taichan ""Goreng"" Bandung Taman Sari","4.4","1973","Jl. Tamansari No.19A","Kota Bandung","Jawa Barat","ID","http://www.satetaichangoreng.com/frontend/web/index.php?r=site/location_detail&id=6","","Restoran Sate",,,,,,,,"https://www.google.com/maps/search/?api=1&query=Sate%20Taichan%20%22Goreng%22%20Bandung%20Taman%20Sari&query_place_id=ChIJP3AykkXmaC4RcIPE4ckyYls","Restoran Sate"
"Warung Sate Maranggi Abah Kayra","5","1","Jl. Prof. Dr. Sutami No.91","Kota Bandung","Jawa Barat","ID",,"+62 812-2244-4182","Restoran Sate",,,,,,,,"https://www.google.com/maps/search/?api=1&query=Warung%20Sate%20Maranggi%20Abah%20Kayra&query_place_id=ChIJg5m0qk7naC4RsigRuDq2QPU","Restoran Sate"
"Warung sate D.PR Pa Satam","4.8","12","Jl. Gegerkalong Hilir No.118","Kota Bandung","Jawa Barat","ID",,"","Restoran Sate","Rumah Makan",,,,,,,"https://www.google.com/maps/search/?api=1&query=Warung%20sate%20D.PR%20Pa%20Satam&query_place_id=ChIJf2bpUFbnaC4Rt3vz1uDyvLw","Restoran Sate"
"Nasi Goreng Mas Solah","4.9","10","3MXJ+P6G, Jl. Sindanglaya Gg. Cemp.","Kota Bandung","Jawa Barat","ID",,"+62 838-0341-0589","Restoran Nasi Goreng",,,,,,,,"https://www.google.com/maps/search/?api=1&query=Nasi%20Goreng%20Mas%20Solah&query_place_id=ChIJnyD-sNrdaC4RNUcR0v1sdlc","Restoran Nasi Goreng"
"Baso Malang Sangkuriang","4.9","45","Jl. Cisitu Lama No.2","Kota Bandung","Jawa Barat","ID",,"+62 856-6969-2625","Restoran Bakso",,,,,,,,"https://www.google.com/maps/search/?api=1&query=Baso%20Malang%20Sangkuriang&query_place_id=ChIJQaiHou7naC4RaJzZhFOYh2w","Restoran Bakso"
"Sate Asin Pedas Mr Monju, Gasibu","4.6","335","Angkringan depan PT Telkom Gasibu, Telkom, Jl. Gasibu Barat Jl. Japati No.5","Kota Bandung","Jawa Barat","ID","https://instagram.com/sate.mrmonju","+62 877-8558-6453","Restoran","Restoran Sate",,,,,,,"https://www.google.com/maps/search/?api=1&query=Sate%20Asin%20Pedas%20Mr%20Monju%2C%20Gasibu&query_place_id=ChIJx_m-f1jnaC4RCBZbFB-FNqs","Restoran"
"Sadrasa Kitchen & Bar","5","6788","Jl. Diponegoro No.27","Kota Bandung","Jawa Barat","ID","https://www.pullman-bandung-grandcentral.com/dining/pullman-dining/sadrasa-kitchen-bar/","+62 22 86038888","Restoran",,,,,,,,"https://www.google.com/maps/search/?api=1&query=Sadrasa%20Kitchen%20%26%20Bar&query_place_id=ChIJoQgWQ3rnaC4REmtAU_kfHkg","Restoran"
"Sate Pak H Ahmad","4.5","208","Jl. Gegerkalong Hilir No.124","Kota Bandung","Jawa Barat","ID",,"+62 852-2189-1107","Restoran Sate","Kedai Sarapan","Rumah Makan","Restoran Sunda",,,,,"https://www.google.com/maps/search/?api=1&query=Sate%20Pak%20H%20Ahmad&query_place_id=ChIJ30hRGZjmaC4RTARNkio-P7w","Restoran Sate"
"Sate Maranggi Haji Yetty Cabang Bandung","4.4","1261","Jl. Dr. Setiabudi No.158","Kota Bandung","Jawa Barat","ID",,"+62 813-9997-7780","Restoran Sate","Restoran",,,,,,,"https://www.google.com/maps/search/?api=1&query=Sate%20Maranggi%20Haji%20Yetty%20Cabang%20Bandung&query_place_id=ChIJacUsI0znaC4RvPdVQtOaKYs","Restoran Sate"
"SATE ASIN PEDAS MAS ECO BANDUNG","4.9","117","Jl. Kanayakan Baru No.374","Kota Bandung","Jawa Barat","ID","https://www.instagram.com/satemasecobdg/profilecard/?igsh=MTZoMDNpeml2cmcwMg==","+62 857-2437-1986","Restoran",,,,,,,,"https://www.google.com/maps/search/?api=1&query=SATE%20ASIN%20PEDAS%20MAS%20ECO%20BANDUNG&query_place_id=ChIJAZncjfTnaC4RrFsMaVKtUc8","Restoran"
"Sate Maranggi dan Sop Hj. Maya Pasteur","4.5","5206","Jl. Dr. Djunjunan No.126- 128","Kota Bandung","Jawa Barat","ID",,"+62 812-2339-9763","Restoran Sate","Restoran Sup",,,,,,,"https://www.google.com/maps/search/?api=1&query=Sate%20Maranggi%20dan%20Sop%20Hj.%20Maya%20Pasteur&query_place_id=ChIJpZfSOcDnaC4RYuKqcgthOf8","Restoran Sate"
"Nasi Goreng Aep's","4.1","3328","Jl. Dr. Setiabudi No.143","Kota Bandung","Jawa Barat","ID","https://nasigorengaeps.shop/","","Restoran Nasi Goreng",,,,,,,,"https://www.google.com/maps/search/?api=1&query=Nasi%20Goreng%20Aep's&query_place_id=ChIJQz3osZfmaC4RT12gp-sF1JA","Restoran Nasi Goreng"
"Nasi Goreng Mas Baridin","4.8","45","Jl. H. Hasan No.9","Kota Bandung","Jawa Barat","ID",,"","Restoran Nasi Goreng",,,,,,,,"https://www.google.com/maps/search/?api=1&query=Nasi%20Goreng%20Mas%20Baridin&query_place_id=ChIJN19qu03maC4RMFoWHexDm7g","Restoran Nasi Goreng"
"Nasi Goreng Putra Bengawan","4.7","26","Jl. Dipati Ukur No.47","Kota Bandung","Jawa Barat","ID",,"","Restoran Nasi Goreng",,,,,,,,"https://www.google.com/maps/search/?api=1&query=Nasi%20Goreng%20Putra%20Bengawan&query_place_id=ChIJIyVLbVTmaC4RmPd-ZFGes9A","Restoran Nasi Goreng"
"Nasi Goreng NKA II","4.8","177","Jl. Cisitu Indah I No.7d","Kota Bandung","Jawa Barat","ID",,"+62 856-2199-491","Restoran Nasi Goreng","Kafe",,,,,,,"https://www.google.com/maps/search/?api=1&query=Nasi%20Goreng%20NKA%20II&query_place_id=ChIJewoGCMDnaC4RnTn37uUJfWI","Restoran Nasi Goreng"
"Nasi Goreng Dona","4.4","280","Jl. Tubagus Ismail No.26","Kota Bandung","Jawa Barat","ID",,"+62 813-1220-9281","Restoran Nasi Goreng","Restoran Jawa",,,,,,,"https://www.google.com/maps/search/?api=1&query=Nasi%20Goreng%20Dona&query_place_id=ChIJ03sfDf_maC4RVMVAdKJdy1w","Restoran Nasi Goreng"
"Nasi Goreng Mas Yono","4.3","1908","Jl. Bungur No.41","Kota Bandung","Jawa Barat","ID",,"","Restoran Nasi Goreng",,,,,,,,"https://www.google.com/maps/search/?api=1&query=Nasi%20Goreng%20Mas%20Yono&query_place_id=ChIJAQAAAI3maC4RUm_SWdOWkHg","Restoran Nasi Goreng"
"Nasi goreng Jaman Now","4.1","189","Jl. Gagak No.54","Kota Bandung","Jawa Barat","ID",,"","Restoran Nasi Goreng",,,,,,,,"https://www.google.com/maps/search/?api=1&query=Nasi%20goreng%20Jaman%20Now&query_place_id=ChIJh1EHudHnaC4RDbgX9G9KO60","Restoran Nasi Goreng"
"Nasi Goreng Aep's","4.6","103","3JXW+GP3","Kota Bandung","Jawa Barat","ID",,"+62 22 2023324","Restoran Nasi Goreng",,,,,,,,"https://www.google.com/maps/search/?api=1&query=Nasi%20Goreng%20Aep's&query_place_id=ChIJn0OGRK7naC4R99W1FdNn5k8","Restoran Nasi Goreng"
"Nasi Goreng Bandung Juara","4.4","11","Jl. Pahlawan No.45","Kota Bandung","Jawa Barat","ID",,"","Restoran Nasi Goreng",,,,,,,,"https://www.google.com/maps/search/?api=1&query=Nasi%20Goreng%20Bandung%20Juara&query_place_id=ChIJH2OtQzTnaC4RFAmN9LPYFtI","Restoran Nasi Goreng"
"Nasi Goreng JEEBOTZ Cisangkuy","4.1","184","3JXC+C8V, Jl. Cisangkuy","Kota Bandung","Jawa Barat","ID",,"","Restoran Nasi Goreng","Pujasera",,,,,,,"https://www.google.com/maps/search/?api=1&query=Nasi%20Goreng%20JEEBOTZ%20Cisangkuy&query_place_id=ChIJgx-VMLnnaC4RyVzJiPEanUQ","Restoran Nasi Goreng"
"Nasi Goreng Tiarbah Bandung Timur","4.9","98","Jl. Cigadung Raya Tengah No.16","Kota Bandung","Jawa Barat","ID","https://nasgortiarbahbandungtimur.com/","+62 822-6222-2465","Restoran Nasi Goreng",,,,,,,,"https://www.google.com/maps/search/?api=1&query=Nasi%20Goreng%20Tiarbah%20Bandung%20Timur&query_place_id=ChIJ510cgVDdaC4RquR8MwdOfPc","Restoran Nasi Goreng"
"Pondok Nasi Goreng Cak Jali","4.5","311","Jl. Cikapayang No.2 - 4","Kota Bandung","Jawa Barat","ID",,"+62 821-2828-7836","Restoran Nasi Goreng","Restoran Jawa",,,,,,,"https://www.google.com/maps/search/?api=1&query=Pondok%20Nasi%20Goreng%20Cak%20Jali&query_place_id=ChIJfblmv0_maC4R3Wo5XGKXDlY","Restoran Nasi Goreng"
"Nasi Goreng Solo","4.5","275","Jl. Cikutra Barat No.87","Kota Bandung","Jawa Barat","ID",,"+62 819-1000-9540","Restoran Nasi Goreng",,,,,,,,"https://www.google.com/maps/search/?api=1&query=Nasi%20Goreng%20Solo&query_place_id=ChIJBfJ5RLDnaC4RZQcRk_ehj-8","Restoran Nasi Goreng"
"Nasi Goreng Merakyat - Martadinata","4.8","22","Jl. L. L. R.E. Martadinata No.12a","Kota Bandung","Jawa Barat","ID",,"+62 895-3394-69175","Restoran Nasi Goreng",,,,,,,,"https://www.google.com/maps/search/?api=1&query=Nasi%20Goreng%20Merakyat%20-%20Martadinata&query_place_id=ChIJV3EwPqrnaC4RZK3DbCmJXH0","Restoran Nasi Goreng"
"Nasi Goreng Rempah Mafia Dipati Ukur","4.2","4382","Jl. Dipati Ukur No.51A","Kota Bandung","Jawa Barat","ID","https://nasigorengmafia.id/","+62 858-6441-4722","Restoran Nasi Goreng","Restoran",,,,,,,"https://www.google.com/maps/search/?api=1&query=Nasi%20Goreng%20Rempah%20Mafia%20Dipati%20Ukur&query_place_id=ChIJMSkAilPmaC4RvPw_4PefGWw","Restoran Nasi Goreng"
"RM. Do'a Mande","4.5","82","Jl. Terusan Cimuncang No.52","Kota Bandung","Jawa Barat","ID","https://shopee.co.id/universal-link/now-food/shop/20200729?deep_and_deferred=1&share","+62 812-2270-5056","Restoran Padang",,,,,,,,"https://www.google.com/maps/search/?api=1&query=RM.%20Do'a%20Mande&query_place_id=ChIJG0HytpbnaC4R7B4lV3Nh9k0","Restoran Padang"
"Nasi Goreng Pinggir Jalan",,,"Jl. Lembong No.18","Kota Bandung","Jawa Barat","ID",,"","Restoran Indonesia",,,,,,,,"https://www.google.com/maps/search/?api=1&query=Nasi%20Goreng%20Pinggir%20Jalan&query_place_id=ChIJa003DfDnaC4Rfr3QPu1eAmk","Restoran Indonesia"
"Nasi Goreng Solo","4.4","363","Jl. Tamansari No.67","Kota Bandung","Jawa Barat","ID",,"+62 813-9522-3982","Restoran Nasi Goreng",,,,,,,,"https://www.google.com/maps/search/?api=1&query=Nasi%20Goreng%20Solo&query_place_id=ChIJLdZe-E_maC4Rr1mr-jOhD54","Restoran Nasi Goreng"
"Rumah Makan Padang Sambalado","4.5","104","Jl. Dr. Setiabudi No.229","Kota Bandung","Jawa Barat","ID",,"+62 812-1973-9543","Restoran","Rumah Makan","Restoran Padang",,,,,,"https://www.google.com/maps/search/?api=1&query=Rumah%20Makan%20Padang%20Sambalado&query_place_id=ChIJldopV77maC4RnnWgb1-mCVo","Restoran"
"Nasi Goreng Portal GG","4.7","373","gor citra arena, Jl. Cikutra sebrang masjid baitunnur No.201 Samping","Kota Bandung","Jawa Barat","ID",,"+62 813-1227-9398","Restoran Nasi Goreng","Restoran",,,,,,,"https://www.google.com/maps/search/?api=1&query=Nasi%20Goreng%20Portal%20GG&query_place_id=ChIJd4S3DKPnaC4Ru6xk8H8sDSY","Restoran Nasi Goreng"
"RM. Doa Mande","4","73","Jl. Pasir Kaliki No.225 B","Kota Bandung","Jawa Barat","ID",,"+62 897-3670-978","Restoran Padang",,,,,,,,"https://www.google.com/maps/search/?api=1&query=RM.%20Doa%20Mande&query_place_id=ChIJJYb0B2jmaC4R0soyX74XV7I","Restoran Padang"
"RM Mini Baru","4.4","341","Jl. Dr. Setiabudi No.151","Kota Bandung","Jawa Barat","ID",,"+62 22 2016847","Restoran Padang","Makanan",,,,,,,"https://www.google.com/maps/search/?api=1&query=RM%20Mini%20Baru&query_place_id=ChIJgWx5tZXmaC4Rn5c-0KwiLw4","Restoran Padang"
"Rumah Makan Padang Nan Kanduang","5","4","Jl. Cihampelas No.304B","Kota Bandung","Jawa Barat","ID",,"+62 821-1109-1170","Rumah Makan",,,,,,,,"https://www.google.com/maps/search/?api=1&query=Rumah%20Makan%20Padang%20Nan%20Kanduang&query_place_id=ChIJV8eupMjnaC4RlHKsM0qAGjU","Rumah Makan"
"Putra Minang","4.3","240","Rm putra minang, Jl. Cigadung Raya Timur No.34","Kota Bandung","Jawa Barat","ID",,"+62 821-1688-4035","Restoran Padang",,,,,,,,"https://www.google.com/maps/search/?api=1&query=Putra%20Minang&query_place_id=ChIJDzIaIKnnaC4RDSC4ldY6S1g","Restoran Padang"
"Cuanki unpir","5","1","pujasera kampus unisba depan bank bjb, Jl. Tamansari","Kota Bandung","Jawa Barat","ID",,"+62 897-9815-351","Toko Makanan Sehat",,,,,,,,"https://www.google.com/maps/search/?api=1&query=Cuanki%20unpir&query_place_id=ChIJBWfciPrnaC4RZSgrlHNrexw","Toko Makanan Sehat"
"Cuanki EJ",,,"jl. Panumbang jaya dalam, RT 04/ RW 04 cidadap","Kota Bandung","Jawa Barat","ID",,"+62 812-3593-2643","Restoran Bakso",,,,,,,,"https://www.google.com/maps/search/?api=1&query=Cuanki%20EJ&query_place_id=ChIJBfd0gJPnaC4RPhB4MozouPw","Restoran Bakso"
"Cuanki Vinno","5","2","Jl. Sindang Sirna III No.44","Kota Bandung","Jawa Barat","ID",,"+62 819-3134-1007","Restoran Indonesia",,,,,,,,"https://www.google.com/maps/search/?api=1&query=Cuanki%20Vinno&query_place_id=ChIJ90R-0yfnaC4R9fX48BDB2us","Restoran Indonesia"
"Dono House (PT Ari Utsaha Nusantara)","4.6","632","Jl. Belakang Ps. No.24, RT./RW/RW.010/015","Kota Bandung","Jawa Barat","ID","http://linktr.ee/baksodonoreborn","","Restoran Bakso","Restoran Mie",,,,,,,"https://www.google.com/maps/search/?api=1&query=Dono%20House%20(PT%20Ari%20Utsaha%20Nusantara)&query_place_id=ChIJVVP6ZKznaC4R50Zq-nqn0sE","Restoran Bakso"
"Baso Solo Nuansa","4.4","82","Jl. Sersan Bajuri No.15","Kota Bandung","Jawa Barat","ID",,"+62 818-0952-6331","Restoran Bakso","Restoran Sate",,,,,,,"https://www.google.com/maps/search/?api=1&query=Baso%20Solo%20Nuansa&query_place_id=ChIJowkk3bnmaC4RVjlf4KswlWU","Restoran Bakso"
"Bakso kejar Defauri Putra Delima","4.8","57","Jl. Sadang Saip No.17b","Kota Bandung","Jawa Barat","ID",,"+62 831-4410-0832","Restoran Bakso",,,,,,,,"https://www.google.com/maps/search/?api=1&query=Bakso%20kejar%20Defauri%20Putra%20Delima&query_place_id=ChIJSTcv1onnaC4R7Wuz8vHGukk","Restoran Bakso"
"Dwifa (Batagor, Baso Tahu, Cuanki )","5","27","Jl. Haur Pancuh No.7","Kota Bandung","Jawa Barat","ID",,"+62 812-2052-990","Restoran Bakso",,,,,,,,"https://www.google.com/maps/search/?api=1&query=Dwifa%20(Batagor%2C%20Baso%20Tahu%2C%20Cuanki%20)&query_place_id=ChIJXbzQeC7naC4RDQQpik4MjcE","Restoran Bakso"
"Mie Bakso Barokah","4.6","300","Jl. Gagak No.30","Kota Bandung","Jawa Barat","ID",,"+62 821-1564-9364","Restoran Bakso",,,,,,,,"https://www.google.com/maps/search/?api=1&query=Mie%20Bakso%20Barokah&query_place_id=ChIJU8kjfbLnaC4RMZcdEWzzOQ0","Restoran Bakso"
"Bakso Sono, Cikutra","5","750","Jl. Khp Hasan Mustopa Gg. Pelita II No.41A, RT.02/RW.02","Kota Bandung","Jawa Barat","ID",,"+62 812-2828-2292","Restoran Bakso",,,,,,,,"https://www.google.com/maps/search/?api=1&query=Bakso%20Sono%2C%20Cikutra&query_place_id=ChIJWalkIUznaC4RBvH95BqeiNA","Restoran Bakso"
"Bakso Bang Ucok Cidadap","4.5","123","Jl. Cidadap Girang","Kota Bandung","Jawa Barat","ID",,"+62 823-1668-7708","Restoran Bakso",,,,,,,,"https://www.google.com/maps/search/?api=1&query=Bakso%20Bang%20Ucok%20Cidadap&query_place_id=ChIJJ5TZ2rfmaC4Roa7LF4X-4m4","Restoran Bakso"
"BSA - BAKSO SEMAR ASLI, PAHLAWAN","4.4","426","Jl. Pahlawan No.73","Kota Bandung","Jawa Barat","ID",,"+62 819-1313-2323","Restoran Indonesia",,,,,,,,"https://www.google.com/maps/search/?api=1&query=BSA%20-%20BAKSO%20SEMAR%20ASLI%2C%20PAHLAWAN&query_place_id=ChIJIzAxpu_naC4RFjohyx8421c","Restoran Indonesia"
"Baso Mang Asep","4.6","123","Jl. Sukagalih No.119","Kota Bandung","Jawa Barat","ID",,"+62 896-7924-4129","Restoran Bakso",,,,,,,,"https://www.google.com/maps/search/?api=1&query=Baso%20Mang%20Asep&query_place_id=ChIJZ3oc72PmaC4RREpDASX7IIA","Restoran Bakso"
"Toko Bakso Budi","4.9","607","Jl. Dr. Setiabudi No.224","Kota Bandung","Jawa Barat","ID",,"+62 812-9898-1900","Restoran",,,,,,,,"https://www.google.com/maps/search/?api=1&query=Toko%20Bakso%20Budi&query_place_id=ChIJwUbRDjHnaC4RvEfkTWBkQ34","Restoran"
"Bakso Kabayan Cikutra","4.5","199","Jl. Cikutra No.117","Kota Bandung","Jawa Barat","ID",,"+62 822-1617-6850","Restoran Bakso","Restoran Mie",,,,,,,"https://www.google.com/maps/search/?api=1&query=Bakso%20Kabayan%20Cikutra&query_place_id=ChIJr87wxr3naC4R4WAkb241Kh8","Restoran Bakso"
"Mie Ayam Baso Cipaganti","4.5","2338","Jl. Cipaganti No.85","Kota Bandung","Jawa Barat","ID","https://www.instagram.com/invites/contact/?i=gquhydnjmlyk&utm_content=kgcstdp","+62 895-0467-6886","Restoran Mie","Restoran Bakso",,,,,,,"https://www.google.com/maps/search/?api=1&query=Mie%20Ayam%20Baso%20Cipaganti&query_place_id=ChIJZb_zaFzmaC4RTgd0x0hvju8","Restoran Mie"
"Minang Raya","4","62","Jl. Sukajadi No.7A","Kota Bandung","Jawa Barat","ID",,"+62 853-1761-4314","Restoran Padang",,,,,,,,"https://www.google.com/maps/search/?api=1&query=Minang%20Raya&query_place_id=ChIJz-l_iGfmaC4RNW5bIzwIedQ","Restoran Padang"
"Bakso Malang Prasmanan 336","4.5","81","Jl. Dago Asri IV No.13","Kota Bandung","Jawa Barat","ID",,"+62 856-2175-183","Restoran Bakso","Restoran Prasmanan","Restoran Mie",,,,,,"https://www.google.com/maps/search/?api=1&query=Bakso%20Malang%20Prasmanan%20336&query_place_id=ChIJR-ibJ-PmaC4Rc23-xh60yD8","Restoran Bakso"
"Baso Solo Pasteur","4.4","67","Jl. Dr. Djunjunan No.27","Kota Bandung","Jawa Barat","ID",,"+62 813-2230-6401","Restoran Bakso",,,,,,,,"https://www.google.com/maps/search/?api=1&query=Baso%20Solo%20Pasteur&query_place_id=ChIJcWRzVmjmaC4RqM_Y_OuR3bI","Restoran Bakso"
"Bakso Malang Tetelan ARTOMORO","5","7","Jl. Tubagus Ismail Bawah No.37","Kota Bandung","Jawa Barat","ID",,"+62 821-2686-1466","Restoran",,,,,,,,"https://www.google.com/maps/search/?api=1&query=Bakso%20Malang%20Tetelan%20ARTOMORO&query_place_id=ChIJvxUxG2XnaC4Rdc_Kw3aI78E","Restoran"
"Baso Enak","5","8","Jl. Jalaprang No.24","Kota Bandung","Jawa Barat","ID",,"+62 821-2645-0242","Toko Makanan",,,,,,,,"https://www.google.com/maps/search/?api=1&query=Baso%20Enak&query_place_id=ChIJc8ecnkHnaC4Rz0lYgY90ZvY","Toko Makanan"
"Warung Nasi Padang Wa'Uda","4.5","76","Jl. Sukamulya No.32","Kota Bandung","Jawa Barat","ID",,"+62 821-1725-0037","Restoran Padang","Warung nasi",,,,,,,"https://www.google.com/maps/search/?api=1&query=Warung%20Nasi%20Padang%20Wa'Uda&query_place_id=ChIJvSbKcmPmaC4RqbaZVEq-PyA","Restoran Padang"
"Rumah Makan Koto Baru","4.9","25","Jl. Sadang Serang No.6","Kota Bandung","Jawa Barat","ID",,"+62 853-2001-5517","Restoran Padang","Rumah Makan",,,,,,,"https://www.google.com/maps/search/?api=1&query=Rumah%20Makan%20Koto%20Baru&query_place_id=ChIJeZ5Eg6vnaC4RSmv15bMGaFs","Restoran Padang"
"Nasi Padang ""Surya Minang"" Dago Barat","4.4","58","Jl. Dago Barat blk No.16","Kota Bandung","Jawa Barat","ID",,"+62 856-0131-8815","Restoran Padang",,,,,,,,"https://www.google.com/maps/search/?api=1&query=Nasi%20Padang%20%22Surya%20Minang%22%20Dago%20Barat&query_place_id=ChIJWwLgn9HnaC4RiWLo1RM7rMk","Restoran Padang"
"Nasi Goreng Padang Surya Bundo, Dago","4.5","423","Jl. Ir. H. Juanda No.400","Kota Bandung","Jawa Barat","ID",,"+62 813-2007-5155","Warung nasi","Restoran Nasi Goreng",,,,,,,"https://www.google.com/maps/search/?api=1&query=Nasi%20Goreng%20Padang%20Surya%20Bundo%2C%20Dago&query_place_id=ChIJe1eAXOLmaC4RvNjY5HG29rY","Warung nasi"
"Masakan Padang Panorama","4.6","31","Jl. Sukahaji No.51","Kota Bandung","Jawa Barat","ID",,"+62 818-0976-0215","Restoran Padang","Rumah Makan",,,,,,,"https://www.google.com/maps/search/?api=1&query=Masakan%20Padang%20Panorama&query_place_id=ChIJOTkk7JrmaC4Rv69DEUp7z5E","Restoran Padang"
"Restoran Paduko","4.7","66","Jl. Ir. H. Juanda No.183","Kota Bandung","Jawa Barat","ID",,"+62 877-7745-1863","Restoran Padang",,,,,,,,"https://www.google.com/maps/search/?api=1&query=Restoran%20Paduko&query_place_id=ChIJ1wsPh-XnaC4RdvQ8GoRzv5I","Restoran Padang"
"Lamun Ombak","4.1","247","Jl. Cikutra Barat No.125","Kota Bandung","Jawa Barat","ID",,"+62 812-2471-1334","Restoran Padang",,,,,,,,"https://www.google.com/maps/search/?api=1&query=Lamun%20Ombak&query_place_id=ChIJX54nA6znaC4RPnfBIylECMg","Restoran Padang"
"Rumah Makan Pak Datuak","4.8","36","4J46+385, Jl. Gelap Nyawang","Kota Bandung","Jawa Barat","ID",,"+62 812-8173-1151","Restoran Padang","Rumah Makan",,,,,,,"https://www.google.com/maps/search/?api=1&query=Rumah%20Makan%20Pak%20Datuak&query_place_id=ChIJJcRqYVDmaC4RhxGQSKlKmDk","Restoran Padang"
"Rumah Makan Padang","4.2","29","Jl. Jurang No.1","Kota Bandung","Jawa Barat","ID",,"","Restoran Padang",,,,,,,,"https://www.google.com/maps/search/?api=1&query=Rumah%20Makan%20Padang&query_place_id=ChIJG32-S17maC4RGb12WL13LMg","Restoran Padang"
"RM. Padang Cinto Raso 313","4.5","167","Belakang Toko Emas Sinar Jaya, Jl.Sukajadi Gg. Murdasan No.75","Kota Bandung","Jawa Barat","ID","https://cintoraso313.blogspot.com/","+62 821-1540-9101","Restoran Padang","Rumah Makan",,,,,,,"https://www.google.com/maps/search/?api=1&query=RM.%20Padang%20Cinto%20Raso%20313&query_place_id=ChIJIXCdSWfmaC4R0EULxn2uJaA","Restoran Padang"
"Rumah Makan Padang Sambalado","4.2","45","Jl. Ciumbuleuit No.172","Kota Bandung","Jawa Barat","ID",,"+62 821-1784-0417","Restoran Padang",,,,,,,,"https://www.google.com/maps/search/?api=1&query=Rumah%20Makan%20Padang%20Sambalado&query_place_id=ChIJhbsZScLmaC4Rmv2uDO2FxIU","Restoran Padang"
"Masakan Padang","4.4","70","4H4W+QJP, Jl. Sukagalih","Kota Bandung","Jawa Barat","ID",,"","Restoran Padang",,,,,,,,"https://www.google.com/maps/search/?api=1&query=Masakan%20Padang&query_place_id=ChIJMRF5SWfmaC4RahDFkWLmO-A","Restoran Padang"
"Nasi Padang Sarumpun Rayo","4.8","22","4J38+96J Gerobak Bandung, Jl. Dipati Ukur","Kota Bandung","Jawa Barat","ID",,"+62 813-1275-7482","Restoran Padang",,,,,,,,"https://www.google.com/maps/search/?api=1&query=Nasi%20Padang%20Sarumpun%20Rayo&query_place_id=ChIJ_7kLvC_naC4RF5oChPTtnj8","Restoran Padang"
"Takana Raso 1","4.5","132","Jl. Cigadung Raya Timur No.71","Kota Bandung","Jawa Barat","ID",,"+62 812-2187-6600","Restoran Padang",,,,,,,,"https://www.google.com/maps/search/?api=1&query=Takana%20Raso%201&query_place_id=ChIJWVw4jgfnaC4Rd_bpzoWz8XI","Restoran Padang"
"Nasi padang + sunda berkah 38","4.7","15","Jl. Sadang Serang gg. Pasir kaliki reuma No.38, RT.05/RW.19","Kota Bandung","Jawa Barat","ID",,"+62 812-2295-0314","Restoran Padang",,,,,,,,"https://www.google.com/maps/search/?api=1&query=Nasi%20padang%20%2B%20sunda%20berkah%2038&query_place_id=ChIJL1wWlsvnaC4RC64wZT1T1E4","Restoran Padang"
"RM sinar minang dago","4.9","12","Jl. Kanayakan No.2","Kota Bandung","Jawa Barat","ID",,"","Restoran Padang",,,,,,,,"https://www.google.com/maps/search/?api=1&query=RM%20sinar%20minang%20dago&query_place_id=ChIJPV6WCu3naC4Rw7unksg64FE","Restoran Padang"
"Rumah Makan Padang Sari Buana 10,000;","4.2","29","Jl. Cibarengkok No.47-46","Kota Bandung","Jawa Barat","ID",,"","Restoran Padang","Rumah Makan",,,,,,,"https://www.google.com/maps/search/?api=1&query=Rumah%20Makan%20Padang%20Sari%20Buana%2010%2C000%3B&query_place_id=ChIJweEhygbnaC4RNjY3sw-psUI","Restoran Padang"
"Sate Jando Taman Gempol","4.9","69","Jl. Sultan Tirtayasa","Kota Bandung","Jawa Barat","ID",,"","Pujasera",,,,,,,,"https://www.google.com/maps/search/?api=1&query=Sate%20Jando%20Taman%20Gempol&query_place_id=ChIJwWdjrlfnaC4RPu59Mb7sJ8s","Pujasera"
"Warung Mas Acong Sate Ane-Ane Cisangkuy","4.5","467","Jl. Cisangkuy No.56","Kota Bandung","Jawa Barat","ID",,"+62 858-8810-0588","Restoran Sate",,,,,,,,"https://www.google.com/maps/search/?api=1&query=Warung%20Mas%20Acong%20Sate%20Ane-Ane%20Cisangkuy&query_place_id=ChIJl6IZr0zmaC4RAblaUYdfTeE","Restoran Sate"
"Sate Hadori (Pusat)","4.5","2875","Terminal St.Hall, Dalam, Jl. Stasiun Barat Selatan No.11-12, RW.12","Kota Bandung","Jawa Barat","ID","https://instagram.com/satehadoribandung?igshid=MzRlODBiNWFlZA==","+62 821-2134-5167","Restoran Sate","Restoran",,,,,,,"https://www.google.com/maps/search/?api=1&query=Sate%20Hadori%20(Pusat)&query_place_id=ChIJP1BNYjzmaC4RybjaJJHFqJg","Restoran Sate"
"Youn's Coffee Nook","5","24","Jl. Tamansari No.73","Kota Bandung","Jawa Barat","ID","https://linktr.ee/younscoffenook","+62 878-1760-5204","Kedai Kopi","Toko Makanan",,,,,,,"https://www.google.com/maps/search/?api=1&query=Youn's%20Coffee%20Nook&query_place_id=ChIJ9QenyrfnaC4R_ukxEP5H1Q4","Kedai Kopi"
"Sate Ayu Imam Bonjol","4.4","92","Jl. Imam Bonjol No.6","Kota Bandung","Jawa Barat","ID",,"+62 813-2297-7940","Restoran Sate",,,,,,,,"https://www.google.com/maps/search/?api=1&query=Sate%20Ayu%20Imam%20Bonjol&query_place_id=ChIJHc6tY1HmaC4RG96WOaR1fsE","Restoran Sate"
"Sate Solo PAK SURIP 2","4.2","164","Jl. Khp Hasan Mustopa No.112","Kota Bandung","Jawa Barat","ID",,"+62 853-1589-9702","Restoran Sate",,,,,,,,"https://www.google.com/maps/search/?api=1&query=Sate%20Solo%20PAK%20SURIP%202&query_place_id=ChIJ2bLd9r3naC4RBXGCnbXT5oM","Restoran Sate"
"Waroeng Sate Pak Gito Bandung","4.8","157","Jl. Taman Cibeunying Utara","Kota Bandung","Jawa Barat","ID",,"+62 857-5969-6303","Restoran Sate","Restoran",,,,,,,"https://www.google.com/maps/search/?api=1&query=Waroeng%20Sate%20Pak%20Gito%20Bandung&query_place_id=ChIJ7bvNNAPnaC4RGeXmR0zUil8","Restoran Sate"
"Warung Sate Sidareja Pak Gino","4.5","3327","Jl. Sunda No.76","Kota Bandung","Jawa Barat","ID",,"+62 22 4222532","Restoran Sate",,,,,,,,"https://www.google.com/maps/search/?api=1&query=Warung%20Sate%20Sidareja%20Pak%20Gino&query_place_id=ChIJdYdvYjLmaC4RTsVM2baqrZg","Restoran Sate"
"Sate Tegal Pa Kusno","4.3","576","98, Jl. Khp Hasan Mustopa No.96","Kota Bandung","Jawa Barat","ID","http://instagram.com/satepakkusno","","Restoran Sate",,,,,,,,"https://www.google.com/maps/search/?api=1&query=Sate%20Tegal%20Pa%20Kusno&query_place_id=ChIJIS1j7L3naC4RcGCs1zYp3nM","Restoran Sate"
"Sate Jando Bandung","4.6","22","Jl. Diponegoro","Kota Bandung","Jawa Barat","ID",,"","Kedai Sarapan & Makan Siang",,,,,,,,"https://www.google.com/maps/search/?api=1&query=Sate%20Jando%20Bandung&query_place_id=ChIJics1R43naC4RwqC_9CJm-4I","Kedai Sarapan & Makan Siang"
"Sate Pak Kumis 999","4.2","778","Jl. Ir. H. Juanda No.462","Kota Bandung","Jawa Barat","ID","https://www.instagram.com/p/CRY9nRoJP5W/?utm_medium=copy_link","+62 22 2533425","Restoran Sate",,,,,,,,"https://www.google.com/maps/search/?api=1&query=Sate%20Pak%20Kumis%20999&query_place_id=ChIJ1XxiI-DmaC4Rwz35x3gmysk","Restoran Sate"
"Waroeng Sate Kardjan","4.5","1715","Jl. Pasir Kaliki No.32","Kota Bandung","Jawa Barat","ID",,"+62 815-1756-9256","Restoran Keluarga","Restoran Sate",,,,,,,"https://www.google.com/maps/search/?api=1&query=Waroeng%20Sate%20Kardjan&query_place_id=ChIJBfCJBGrmaC4RvZMs3DEASas","Restoran Keluarga"
"Sate Khas Abah Asli","4.6","1432","Jl. Taman Cibeunying Utara No.24","Kota Bandung","Jawa Barat","ID","https://www.instagram.com/satekhasabah.asli","+62 813-1234-7676","Restoran",,,,,,,,"https://www.google.com/maps/search/?api=1&query=Sate%20Khas%20Abah%20Asli&query_place_id=ChIJy7jyAbnnaC4RSD53PqGP04c","Restoran"
"Warung Sate HM Harris","4.5","5570","Jl. Asia Afrika No.155","Kota Bandung","Jawa Barat","ID",,"+62 22 4220717","Restoran Sate",,,,,,,,"https://www.google.com/maps/search/?api=1&query=Warung%20Sate%20HM%20Harris&query_place_id=ChIJT5aRFS_maC4RXxljCTxc9_4","Restoran Sate"
"RM Padang Maju Jaya","4.5","232","Jl. Sederhana No.29","Kota Bandung","Jawa Barat","ID",,"","Restoran Padang",,,,,,,,"https://www.google.com/maps/search/?api=1&query=RM%20Padang%20Maju%20Jaya&query_place_id=ChIJF1Hwj13maC4RMIHyS1Fkq0Q","Restoran Padang"
"Sate Dan Gule Pak Mino","4.7","791","Jl. Cisanggarung No.11","Kota Bandung","Jawa Barat","ID",,"+62 813-2264-2203","Restoran Sate",,,,,,,,"https://www.google.com/maps/search/?api=1&query=Sate%20Dan%20Gule%20Pak%20Mino&query_place_id=ChIJf8TbO0vmaC4RpFEB19hvzkg","Restoran Sate"
"Restoran Sederhana Setiabudi Bandung","4.5","1400","Jl. Dr. Setiabudi No.55","Kota Bandung","Jawa Barat","ID","https://rajafa.com/food&beverage.html","+62 813-1257-7115","Restoran Padang",,,,,,,,"https://www.google.com/maps/search/?api=1&query=Restoran%20Sederhana%20Setiabudi%20Bandung&query_place_id=ChIJ1VF3YvTmaC4RH-47Ox5ITyU","Restoran Padang"
"Warung Sate Bu Ngantuk","4.6","1086","Jl. Ranca Bentang III","Kota Bandung","Jawa Barat","ID","https://api.whatsapp.com/send/?phone=6282240776180","+62 838-2041-6211","Restoran Sate","Restoran",,,,,,,"https://www.google.com/maps/search/?api=1&query=Warung%20Sate%20Bu%20Ngantuk&query_place_id=ChIJ6e8expjnaC4RAmL5Jr1X6Gs","Restoran Sate"
"Sate Maranggi Engkoh Haji","4.6","2437","Jl. Surapati No.59","Kota Bandung","Jawa Barat","ID","https://www.instagram.com/satemaranggiengkohhaji","+62 856-2224-440","Restoran Sate",,,,,,,,"https://www.google.com/maps/search/?api=1&query=Sate%20Maranggi%20Engkoh%20Haji&query_place_id=ChIJ6WVeHR3naC4Re8-PTzq43lY","Restoran Sate"
"RM. Pagi Sore Bandung, dago","4.3","363","Jl. Ir. H. Juanda No.460","Kota Bandung","Jawa Barat","ID",,"","Restoran",,,,,,,,"https://www.google.com/maps/search/?api=1&query=RM.%20Pagi%20Sore%20Bandung%2C%20dago&query_place_id=ChIJ3b9MewvnaC4Ry1s0rWI1Y6U","Restoran"
"Restoran Simpang Raya Bandung","4.3","1526","Jl. Dr. Djunjunan No.182","Kota Bandung","Jawa Barat","ID","https://simpangraya.co.id/","+62 856-9490-0646","Restoran Padang",,,,,,,,"https://www.google.com/maps/search/?api=1&query=Restoran%20Simpang%20Raya%20Bandung&query_place_id=ChIJiS_0sHzmaC4Rz_5C1fRTLRc","Restoran Padang"
"Warung Sate Solo Pak Sidik 3","4.6","325","Jl. Khp Hasan Mustopa No.1","Kota Bandung","Jawa Barat","ID",,"+62 821-1551-1511","Restoran Sate",,,,,,,,"https://www.google.com/maps/search/?api=1&query=Warung%20Sate%20Solo%20Pak%20Sidik%203&query_place_id=ChIJhUpolbrnaC4R9ed_FBZgMeY","Restoran Sate"
"Restoran Sederhana Pasteur","4.5","3616","Jl. Dr. Djunjunan No.120","Kota Bandung","Jawa Barat","ID","https://rajafa.com/food&beverage.html","+62 811-2236-147","Restoran Padang",,,,,,,,"https://www.google.com/maps/search/?api=1&query=Restoran%20Sederhana%20Pasteur&query_place_id=ChIJ219Md2TmaC4RYXYyUYkE8MY","Restoran Padang"
"Cuanki kriuk","5","2","Jl. Karang Tinggal Dalam, Gg. Rukanta Kel No.14, RT.02/RW.11","Kota Bandung","Jawa Barat","ID",,"","Restoran",,,,,,,,"https://www.google.com/maps/search/?api=1&query=Cuanki%20kriuk&query_place_id=ChIJdX3NZ4HnaC4R7jSTeyx8Nho","Restoran"
"Spesial Cuanki Titwoo",,,"Jl. Tikukur No.2","Kota Bandung","Jawa Barat","ID",,"+62 821-1623-3319","Restoran Indonesia",,,,,,,,"https://www.google.com/maps/search/?api=1&query=Spesial%20Cuanki%20Titwoo&query_place_id=ChIJQ3zCWLLnaC4Rp-u6VDGRDgE","Restoran Indonesia"
"BAKSO CUANKI REBORN SAMBAL HEJO",,,"Jl. Gagak No.81","Kota Bandung","Jawa Barat","ID",,"+62 851-9923-4475","Restoran Bakso",,,,,,,,"https://www.google.com/maps/search/?api=1&query=BAKSO%20CUANKI%20REBORN%20SAMBAL%20HEJO&query_place_id=ChIJowBkMQDnaC4RgGxBMw1m-2g","Restoran Bakso"
"Sate Jando Gasibu Bandung","4.6","4145","Jl. Cilaki No.53","Kota Bandung","Jawa Barat","ID",,"","Restoran Sate","Restoran",,,,,,,"https://www.google.com/maps/search/?api=1&query=Sate%20Jando%20Gasibu%20Bandung&query_place_id=ChIJx-UUCUvmaC4RtdhqK2iiPAQ","Restoran Sate"
"Cuanki sadulur pesanan/kawinanan acara dll,,",,,"Jl. Dr. Setiabudi No.38","Kota Bandung","Jawa Barat","ID",,"+62 821-2065-6601","Toko Makanan",,,,,,,,"https://www.google.com/maps/search/?api=1&query=Cuanki%20sadulur%20pesanan%2Fkawinanan%20acara%20dll%2C%2C&query_place_id=ChIJaeJrVGXnaC4RF1FbnMW-ryI","Toko Makanan"
"Baso cuanki tom","5","1","Jl. Cihampelas No.248","Kota Bandung","Jawa Barat","ID",,"+62 821-2729-5202","Rumah Makan",,,,,,,,"https://www.google.com/maps/search/?api=1&query=Baso%20cuanki%20tom&query_place_id=ChIJxQHBU9LnaC4RB3U758ThFcs","Rumah Makan"
"cuanki mangkok hitam pusdai","4","1","3JXG+WPQ, Jl. Pusdai","Kota Bandung","Jawa Barat","ID",,"+62 822-9834-3702","Pengiriman Makanan",,,,,,,,"https://www.google.com/maps/search/?api=1&query=cuanki%20mangkok%20hitam%20pusdai&query_place_id=ChIJH-zqlKrnaC4Rc4Cx96ePnZg","Pengiriman Makanan"
"cuankibandung",,,"4H8R+HMP, Jl. Karang Tineung Indah, RT.:08 Rw:01/RW.No.51","Kota Bandung","Jawa Barat","ID",,"+62 853-1423-3915","Toko Makanan",,,,,,,,"https://www.google.com/maps/search/?api=1&query=cuankibandung&query_place_id=ChIJKdtV5vfnaC4RTBAEU8N7_sQ","Toko Makanan"
"BASO CUANKI MANG ADE","4.5","2","Jl. Cipaganti No.85","Kota Bandung","Jawa Barat","ID",,"+62 823-1896-5804","Restoran",,,,,,,,"https://www.google.com/maps/search/?api=1&query=BASO%20CUANKI%20MANG%20ADE&query_place_id=ChIJtZywfwDnaC4RHSuFMuiRv9A","Restoran"
"Cuanki 88 Bunda Uyan","5","1","Jl. Diponegoro","Kota Bandung","Jawa Barat","ID",,"+62 838-2212-8535","Warung Makanan Kecil",,,,,,,,"https://www.google.com/maps/search/?api=1&query=Cuanki%2088%20Bunda%20Uyan&query_place_id=ChIJFY-up87naC4R3oQ_gBkq9I0","Warung Makanan Kecil"
"Bakso Cuanki","5","1","Jl. Padasuka No.47 A","Kota Bandung","Jawa Barat","ID",,"","Pujasera",,,,,,,,"https://www.google.com/maps/search/?api=1&query=Bakso%20Cuanki&query_place_id=ChIJndctWwDnaC4REiC9uRELUgM","Pujasera"
"Cuanki mang bray","5","6","depan indomaret, 12, Jl. Cikutra Barat No.17","Kota Bandung","Jawa Barat","ID",,"+62 821-2018-3438","Restoran",,,,,,,,"https://www.google.com/maps/search/?api=1&query=Cuanki%20mang%20bray&query_place_id=ChIJ37uJ2PrnaC4RndeJpQhwFPk","Restoran"
"CUANKI BOGA RASA kang anang","5","6","4J86+R67, Jl. Sangkuriang","Kota Bandung","Jawa Barat","ID",,"+62 813-9433-5644","Restoran",,,,,,,,"https://www.google.com/maps/search/?api=1&query=CUANKI%20BOGA%20RASA%20kang%20anang&query_place_id=ChIJ64eh48LnaC4RIpWFMyRMWP0","Restoran"
"Mie & Cuanki Irama","4.4","69","Jalan Sukajadi ( Taman Abo - Sebelum PVJ Mall - Depan RS Hasan Sadikin","Kota Bandung","Jawa Barat","ID","http://instagram.com/mie.cuanki.irama","+62 877-3777-1775","Restoran Mie","Restoran Bakso","Kafe","Rumah Makan",,,,,"https://www.google.com/maps/search/?api=1&query=Mie%20%26%20Cuanki%20Irama&query_place_id=ChIJI8F7wPzmaC4R8HBQoobpCfI","Restoran Mie"
"Cuanki Mboii","5","1","Jl. Dr. Djunjunan No.126-128","Kota Bandung","Jawa Barat","ID",,"","Restoran Asia",,,,,,,,"https://www.google.com/maps/search/?api=1&query=Cuanki%20Mboii&query_place_id=ChIJ3UYLJgDnaC4R7lN048s147g","Restoran Asia"
"Cuanki Sumber Rezeki","3.7","6","4H4M+8PH, Jl. Sukawarna","Kota Bandung","Jawa Barat","ID",,"","Kedai Sarapan & Makan Siang",,,,,,,,"https://www.google.com/maps/search/?api=1&query=Cuanki%20Sumber%20Rezeki&query_place_id=ChIJG46KM9znaC4RSJ29pBjvplU","Kedai Sarapan & Makan Siang"
"Cuanki Urat Gimbal Pahlawan",,,"Jl cikutra, seberang taman makam pahlawan (depan ruko Collony","Kabupaten Bandung","Jawa Barat","ID",,"+62 817-1720-1987","Warung Makanan Kecil",,,,,,,,"https://www.google.com/maps/search/?api=1&query=Cuanki%20Urat%20Gimbal%20Pahlawan&query_place_id=ChIJQ0tecjnnaC4RUYzuPMSZyYM","Warung Makanan Kecil"
"Cuanki mang jali","4.9","18","Jl. Haji Yasin No.23","Kota Bandung","Jawa Barat","ID",,"+62 853-1704-6270","Restoran",,,,,,,,"https://www.google.com/maps/search/?api=1&query=Cuanki%20mang%20jali&query_place_id=ChIJx-as3jbnaC4R7WtTpk4RwZ8","Restoran"
"Baso cuanki shaqila rahayu","5","2","Baso cuanki shaqila rahayu, Gg. Sukajadi 1 No.439","Kota Bandung","Jawa Barat","ID",,"+62 813-1898-0698","Restoran Mie",,,,,,,,"https://www.google.com/maps/search/?api=1&query=Baso%20cuanki%20shaqila%20rahayu&query_place_id=ChIJvwoFEbHnaC4RJLaKj-4VARs","Restoran Mie"
"Baso Cuanki Ciyen","5","6","4J3X+FF5, Gg. Sawah Baru II","Kota Bandung","Jawa Barat","ID",,"","Kedai Sarapan & Makan Siang",,,,,,,,"https://www.google.com/maps/search/?api=1&query=Baso%20Cuanki%20Ciyen&query_place_id=ChIJDQzKfQDnaC4RRHFh-4M429A","Kedai Sarapan & Makan Siang"
"Yan Bakso Solo","4.3","239","Jl. Tubagus Ismail No.12a, RW.01","Kota Bandung","Jawa Barat","ID",,"","Restoran Bakso","Restoran Mie",,,,,,,"https://www.google.com/maps/search/?api=1&query=Yan%20Bakso%20Solo&query_place_id=ChIJ6RsP0vjmaC4Rqh45ZZMxVy0","Restoran Bakso"
"Baso Sulanjana Mas Rodli","4.6","360","Jl. Sulanjana No.28","Kota Bandung","Jawa Barat","ID",,"+62 895-1570-4969","Restoran Bakso",,,,,,,,"https://www.google.com/maps/search/?api=1&query=Baso%20Sulanjana%20Mas%20Rodli&query_place_id=ChIJjz2PNhHnaC4RNMJy88hTcJs","Restoran Bakso"
"Bakso Makmur Jannah","4.4","664","Jl. Tubagus Ismail - Depan No.79-78","Kota Bandung","Jawa Barat","ID","https://www.instagram.com/baksomakmurjannah","+62 896-5413-2956","Restoran Bakso",,,,,,,,"https://www.google.com/maps/search/?api=1&query=Bakso%20Makmur%20Jannah&query_place_id=ChIJQRS5FwDnaC4RtSkRh4QBOYs","Restoran Bakso"
"Mie Bakso Mas Parto","4.7","172","Jl. Cibarengkok No.101","Kota Bandung","Jawa Barat","ID",,"+62 811-2349-123","Restoran Bakso","Rumah Makan","Restoran Mie",,,,,,"https://www.google.com/maps/search/?api=1&query=Mie%20Bakso%20Mas%20Parto&query_place_id=ChIJP7GrTGbmaC4Rr5NrLSbdso0","Restoran Bakso"
"Bakso iga Mas Tole sess","4.7","164","Jl. Terusan Mulyasari No.02","Kota Bandung","Jawa Barat","ID",,"","Restoran Mie","Restoran Bakso","Rumah Makan",,,,,,"https://www.google.com/maps/search/?api=1&query=Bakso%20iga%20Mas%20Tole%20sess&query_place_id=ChIJj30PCGLmaC4RbxV-k11n8h4","Restoran Mie"
"Bakso Pandawa - Gegerkalong","4.5","44","Jl. Gegerkalong Girang No.41, RT.06/RW.03","Kota Bandung","Jawa Barat","ID","https://www.tiktok.com/@baksopandawa01?_r=1&_t=ZS-94oNXyQ11c5","+62 821-2321-1102","Restoran Bakso",,,,,,,,"https://www.google.com/maps/search/?api=1&query=Bakso%20Pandawa%20-%20Gegerkalong&query_place_id=ChIJhTogUADnaC4RMxh_lSV7Tqo","Restoran Bakso"
"Baso tetelan mastom","4.6","121","Jl. Terusan Babakan Jeruk IV No.34","Kota Bandung","Jawa Barat","ID",,"+62 811-2253-051","Restoran Bakso","Restoran Mie",,,,,,,"https://www.google.com/maps/search/?api=1&query=Baso%20tetelan%20mastom&query_place_id=ChIJaQ_ZxofmaC4RzfN5YFJzRXI","Restoran Bakso"
"MIE BASO RESTORJA DO'EL","4.7","530","Jalan Geger Kalong Girang No.65 Isola","Kota Bandung","Jawa Barat","ID","https://gofood.link/u/kxOkLw","+62 857-9812-6997","Restoran Mie",,,,,,,,"https://www.google.com/maps/search/?api=1&query=MIE%20BASO%20RESTORJA%20DO'EL&query_place_id=ChIJr2NRRrzmaC4RpPs-lIm4l2E","Restoran Mie"
"Sate Ayam Madura Mah Iki","1","1","4M2Q+P2M","Kota Bandung","Jawa Barat","ID",,"","Restoran Indonesia",,,,,,,,"https://www.google.com/maps/search/?api=1&query=Sate%20Ayam%20Madura%20Mah%20Iki&query_place_id=ChIJoQrrMADdaC4RPq7ACsUkr2U","Restoran Indonesia"
"Warung Makan Sate Madura Asli","2","2","Depan Museum UPI, Jl. Dr. Setiabudi","Kota Bandung","Jawa Barat","ID",,"+62 877-0065-5598","Warung Makanan Kecil",,,,,,,,"https://www.google.com/maps/search/?api=1&query=Warung%20Makan%20Sate%20Madura%20Asli&query_place_id=ChIJWT3OFZvnaC4RR6ui5I9gTEU","Warung Makanan Kecil"
"Mie Bakso Condong Raos","4.1","204","Jl. Gegerkalong Tengah","Kota Bandung","Jawa Barat","ID",,"","Restoran Bakso",,,,,,,,"https://www.google.com/maps/search/?api=1&query=Mie%20Bakso%20Condong%20Raos&query_place_id=ChIJ5V9Ae5bmaC4RCJHddnVyYmg","Restoran Bakso"
"Bakso Malang Enggal","4.4","3474","Jl. Dr. Djunjunan Jl. Pajajaran No.78","Kota Bandung","Jawa Barat","ID",,"+62 812-1242-3906","Restoran Bakso",,,,,,,,"https://www.google.com/maps/search/?api=1&query=Bakso%20Malang%20Enggal&query_place_id=ChIJ6zygB0PmaC4RDK1GaNf5uOM","Restoran Bakso"
"Soto Madura dan Sate Cak Herman","3.7","3","Jl. Ir. H. Juanda No.358","Kota Bandung","Jawa Barat","ID",,"+62 877-7977-7389","Restoran Indonesia",,,,,,,,"https://www.google.com/maps/search/?api=1&query=Soto%20Madura%20dan%20Sate%20Cak%20Herman&query_place_id=ChIJiwZlWRnnaC4Rbu6c3pBxuio","Restoran Indonesia"
"Bakso Solo Condong Raos","4.3","847","4H4M+8RJ, Gg. Sukawarna II","Kota Bandung","Jawa Barat","ID",,"","Restoran Bakso","Restoran Mie",,,,,,,"https://www.google.com/maps/search/?api=1&query=Bakso%20Solo%20Condong%20Raos&query_place_id=ChIJ8U43f3zmaC4Rli8IfsOvOd8","Restoran Bakso"
"Sate Madura Segitiga",,,"4H3W+GX3, Jl. Prof. Eyckman","Kota Bandung","Jawa Barat","ID",,"","Restoran",,,,,,,,"https://www.google.com/maps/search/?api=1&query=Sate%20Madura%20Segitiga&query_place_id=ChIJyZQWjGfmaC4RBMJSx6sEhbk","Restoran"
"SATE AYAM KAMBING DAN SAPI MADURA","5","2","4J3G+H2M, Jl. Sadang Saip","Kota Bandung","Jawa Barat","ID",,"+62 888-0222-3475","Dapur Umum",,,,,,,,"https://www.google.com/maps/search/?api=1&query=SATE%20AYAM%20KAMBING%20DAN%20SAPI%20MADURA&query_place_id=ChIJ70rnQwDnaC4RLzNuaNVCSwM","Dapur Umum"
"Madura Sate Dan Soto","2","1","Jl. Gegerkalong Girang No.139","Kota Bandung","Jawa Barat","ID",,"","Pujasera",,,,,,,,"https://www.google.com/maps/search/?api=1&query=Madura%20Sate%20Dan%20Soto&query_place_id=ChIJw3dLqrzmaC4RfT_8gnuOZgU","Pujasera"
"Sate Ayam Madura Cak Rois","4.9","7","Jl. Sidomukti No.57","Kota Bandung","Jawa Barat","ID",,"","Restoran Indonesia",,,,,,,,"https://www.google.com/maps/search/?api=1&query=Sate%20Ayam%20Madura%20Cak%20Rois&query_place_id=ChIJnTgtkiDnaC4Rp5jcsYWQW0k","Restoran Indonesia"
"Sate Madura Rasa",,,"Jl. Geger Kalong Girang No.15","Kota Bandung","Jawa Barat","ID",,"+62 22 91960660","Restoran Sate",,,,,,,,"https://www.google.com/maps/search/?api=1&query=Sate%20Madura%20Rasa&query_place_id=ChIJf4PIqJbmaC4RC28sVd77nLA","Restoran Sate"
"Sate Wakacau","2.9","109","4J78+232, Jl. Raden Patah","Kota Bandung","Jawa Barat","ID",,"","Restoran Sate",,,,,,,,"https://www.google.com/maps/search/?api=1&query=Sate%20Wakacau&query_place_id=ChIJtTDbH8_naC4R8537izMaqm8","Restoran Sate"
"Soto lamongan","4.3","3","4HQP+3HF, Jl. Gegerkalong Girang","Kota Bandung","Jawa Barat","ID",,"+62 823-1291-8808","Restoran Indonesia","Restoran Soto Ayam",,,,,,,"https://www.google.com/maps/search/?api=1&query=Soto%20lamongan&query_place_id=ChIJc4yLdALnaC4RlF-RBo_Dhf0","Restoran Indonesia"
"Soto Ayam& Sulung Madura Cak Hery","4","18","Jl. Sukajadi No.234","Kota Bandung","Jawa Barat","ID",,"+62 877-0191-0144","Restoran Soto Ayam","Pujasera",,,,,,,"https://www.google.com/maps/search/?api=1&query=Soto%20Ayam%26%20Sulung%20Madura%20Cak%20Hery&query_place_id=ChIJOV-djY3maC4RynJ2Tba85cs","Restoran Soto Ayam"
"Soto Sulung Cak Marzuki","4.5","46","Jl. Sindang Sirna No.1","Kota Bandung","Jawa Barat","ID",,"+62 819-1000-6777","Restoran Jawa","Restoran Soto Ayam","Restoran soto",,,,,,"https://www.google.com/maps/search/?api=1&query=Soto%20Sulung%20Cak%20Marzuki&query_place_id=ChIJudEYjY3maC4Rriun2EcqHa4","Restoran Jawa"
"Rumah Makan Padang BaBEDA","4.8","45","Jl. Dipati Ukur No.100","Kota Bandung","Jawa Barat","ID",,"","Restoran Padang","Restoran",,,,,,,"https://www.google.com/maps/search/?api=1&query=Rumah%20Makan%20Padang%20BaBEDA&query_place_id=ChIJsZ-HSwDnaC4Rcd_wKeZlbOI","Restoran Padang"
"Sate Pedas Mas Pepen","4.5","309","Jl. Terusan Cikutra Baru No.2","Kota Bandung","Jawa Barat","ID",,"+62 818-0999-5559","Restoran Sate",,,,,,,,"https://www.google.com/maps/search/?api=1&query=Sate%20Pedas%20Mas%20Pepen&query_place_id=ChIJoZ4RurznaC4R4U__TQRHRG0","Restoran Sate"
"Lontong Sayur Padang Dipati Ukur Bandung","4.7","138","Jl. Haur Pancuh","Kota Bandung","Jawa Barat","ID",,"","Restoran Padang","Kedai Sarapan",,,,,,,"https://www.google.com/maps/search/?api=1&query=Lontong%20Sayur%20Padang%20Dipati%20Ukur%20Bandung&query_place_id=ChIJK6_QhFPmaC4RhUgkioF7Mnk","Restoran Padang"
"Rajo Minang","4.5","125","Jl. Cihampelas No.105","Kota Bandung","Jawa Barat","ID","https://rajominang.id/","+62 816-4201-482","Restoran Padang","Rumah Makan","Restoran Halal","Restoran Indonesia",,,,,"https://www.google.com/maps/search/?api=1&query=Rajo%20Minang&query_place_id=ChIJqyVdqETmaC4Rjyamcs6adWU","Restoran Padang"
"Rumah Makan Cikutra Raya","4.3","261","Jl. Cikutra No.190","Kota Bandung","Jawa Barat","ID","https://apaaja.live/","+62 821-1804-1661","Restoran Padang",,,,,,,,"https://www.google.com/maps/search/?api=1&query=Rumah%20Makan%20Cikutra%20Raya&query_place_id=ChIJt-ctC73naC4RhZpz7p-QOyw","Restoran Padang"
"Pagi Sero (Masakan Padang)","4.8","79","Jl. Tubagus Ismail No.9","Kota Bandung","Jawa Barat","ID","https://linktr.ee/pagi_sero","+62 859-4209-1987","Restoran Padang",,,,,,,,"https://www.google.com/maps/search/?api=1&query=Pagi%20Sero%20(Masakan%20Padang)&query_place_id=ChIJO-OHJ0bnaC4RTxUjF2vXlOc","Restoran Padang"
"Dapur Minang Lima Saudara","4.6","528","Jl. Bagusrangin No.33","Kota Bandung","Jawa Barat","ID",,"+62 821-2583-9400","Kedai Sarapan & Makan Siang","Restoran Padang",,,,,,,"https://www.google.com/maps/search/?api=1&query=Dapur%20Minang%20Lima%20Saudara&query_place_id=ChIJC3HxbFLmaC4ReT3JxQb2W-w","Kedai Sarapan & Makan Siang"
"Restoran Sederhana Masakan Padang","4.4","1569","Jl. Supratman No.41","Kota Bandung","Jawa Barat","ID",,"+62 811-2244-458","Restoran Indonesia",,,,,,,,"https://www.google.com/maps/search/?api=1&query=Restoran%20Sederhana%20Masakan%20Padang&query_place_id=ChIJ8wW5ZbbnaC4RfYUqClquwUQ","Restoran Indonesia"
"The Heritage Kitchen & Gallery","4.6","1243","Jl. Dr. Setiabudi No.276A","Kota Bandung","Jawa Barat","ID",,"+62 22 32097171","Restoran Indonesia","Kafe","Kedai Kopi","Restoran Keluarga","Restoran","Gedung Pernikahan",,,"https://www.google.com/maps/search/?api=1&query=The%20Heritage%20Kitchen%20%26%20Gallery&query_place_id=ChIJ50FqHbnmaC4RGB6UFRYsKtg","Restoran Indonesia"
"Rumah Makan Padang Sari Banua","4.4","536","Jl. Jalaprang No.26","Kota Bandung","Jawa Barat","ID",,"+62 22 2500345","Restoran Padang",,,,,,,,"https://www.google.com/maps/search/?api=1&query=Rumah%20Makan%20Padang%20Sari%20Banua&query_place_id=ChIJaa8EJrDnaC4RdClYITimSo0","Restoran Padang"
"Padang SABTU MINGGU","4.7","152","Jl. Supratman No.45","Kota Bandung","Jawa Barat","ID",,"+62 821-2127-2172","Restoran Padang",,,,,,,,"https://www.google.com/maps/search/?api=1&query=Padang%20SABTU%20MINGGU&query_place_id=ChIJfXTJSADnaC4RrOSm2EZpwqY","Restoran Padang"
"Mande Kanduang","4.2","222","Jl. Haur Pancuh No.76","Kota Bandung","Jawa Barat","ID",,"","Restoran Padang",,,,,,,,"https://www.google.com/maps/search/?api=1&query=Mande%20Kanduang&query_place_id=ChIJn-JbhFPmaC4R6LDRvkG7tr8","Restoran Padang"
"RM Payakumbuah, Citarum Bandung","4.7","1945","Jl. Citarum No.24","Kota Bandung","Jawa Barat","ID","https://www.payakumbuah.co.id/","+62 818-0201-2788","Restoran",,,,,,,,"https://www.google.com/maps/search/?api=1&query=RM%20Payakumbuah%2C%20Citarum%20Bandung&query_place_id=ChIJq27CEqrnaC4Rk8KVBCAVqQ0","Restoran"
"Rumah Makan Boga Raso","4.5","176","Jl. Dipati Ukur No.122C","Kota Bandung","Jawa Barat","ID",,"","Restoran Padang",,,,,,,,"https://www.google.com/maps/search/?api=1&query=Rumah%20Makan%20Boga%20Raso&query_place_id=ChIJGZHPr_jmaC4RCTAPoM88AbQ","Restoran Padang"
"Singgalang Jaya","4.5","267","Jl. Tubagus Ismail No.7A","Kota Bandung","Jawa Barat","ID",,"+62 812-7070-8023","Restoran Padang","Restoran Sunda",,,,,,,"https://www.google.com/maps/search/?api=1&query=Singgalang%20Jaya&query_place_id=ChIJJ9PvJ_nmaC4RUS9skJb9Xpc","Restoran Padang"
"Dendeng Batokok Dago","4.6","1385","Jl. Ir. H. Juanda No.354","Kota Bandung","Jawa Barat","ID",,"+62 851-8309-2354","Restoran Padang",,,,,,,,"https://www.google.com/maps/search/?api=1&query=Dendeng%20Batokok%20Dago&query_place_id=ChIJQeF50fzmaC4RSDvWNSESnjw","Restoran Padang"
"Rumah Makan Padang Bahagia","4.4","1103","Jl. Ir. H. Juanda No.242","Kota Bandung","Jawa Barat","ID","https://www.padangbahagia.com/","+62 877-2200-1666","Restoran Padang","Rumah Makan","Restoran",,,,,,"https://www.google.com/maps/search/?api=1&query=Rumah%20Makan%20Padang%20Bahagia&query_place_id=ChIJa9R9YiPnaC4RAaPFLjU1Mzw","Restoran Padang"
"RM PADANG SAIYO CIKUTRA","4.6","375","Jl. Cikutra No.316, RT.02/RW.02","Kota Bandung","Jawa Barat","ID",,"+62 822-1778-0475","Restoran Padang",,,,,,,,"https://www.google.com/maps/search/?api=1&query=RM%20PADANG%20SAIYO%20CIKUTRA&query_place_id=ChIJsX5avJrnaC4Ro-EMdPuX3L0","Restoran Padang"
"Rumah Makan Padang - Malah Dicubo","4.5","3708","Hall Selatan, Jl. Stasiun No.27","Kota Bandung","Jawa Barat","ID",,"","Restoran Padang",,,,,,,,"https://www.google.com/maps/search/?api=1&query=Rumah%20Makan%20Padang%20-%20Malah%20Dicubo&query_place_id=ChIJ1U40dTvmaC4Rl4m1Y_MEmrE","Restoran Padang"
"Sate Cak Faisal Madura Asli","4.1","9","Jl. Gegerkalong Girang No.161","Kota Bandung","Jawa Barat","ID",,"","Restoran",,,,,,,,"https://www.google.com/maps/search/?api=1&query=Sate%20Cak%20Faisal%20Madura%20Asli&query_place_id=ChIJmQTVXqPmaC4RQKF2fhTZ8nM","Restoran"
"Warung Sate Barokah H. Achmad","4.5","127","Jl. Gegerkalong Kulon","Kota Bandung","Jawa Barat","ID",,"+62 818-0923-3555","Restoran Sate","Rumah Makan",,,,,,,"https://www.google.com/maps/search/?api=1&query=Warung%20Sate%20Barokah%20H.%20Achmad&query_place_id=ChIJER-9Yr7maC4R44SEfrpcVjM","Restoran Sate"
"Padang Merdeka Bandung","4.5","1664","Jl. Diponegoro Kel No.7","Kota Bandung","Jawa Barat","ID","https://lynk.id/padangmerdekabandung","+62 22 20528004","Restoran Padang",,,,,,,,"https://www.google.com/maps/search/?api=1&query=Padang%20Merdeka%20Bandung&query_place_id=ChIJ_eRGUIbnaC4Rn-EZuaYGwVo","Restoran Padang"
"PADANG KEREN","4.7","333","Jl. H. Hasan No.12","Kota Bandung","Jawa Barat","ID",,"","Restoran Indonesia",,,,,,,,"https://www.google.com/maps/search/?api=1&query=PADANG%20KEREN&query_place_id=ChIJuy5QOQDnaC4RSjmzbBGM1w8","Restoran Indonesia"
"Sate ayam madura CTS","5","5","Jl. Sekeloa No.33","Kota Bandung","Jawa Barat","ID",,"+62 852-9526-0557","Restoran",,,,,,,,"https://www.google.com/maps/search/?api=1&query=Sate%20ayam%20madura%20CTS&query_place_id=ChIJxZQPRRXnaC4RaXz4bkBehzI","Restoran"
"Sate Ayam & Kambing Madura","5","2","Jl. Jatihandap No.15","Kota Bandung","Jawa Barat","ID",,"","Pujasera",,,,,,,,"https://www.google.com/maps/search/?api=1&query=Sate%20Ayam%20%26%20Kambing%20Madura&query_place_id=ChIJb_RUjRjnaC4RbOOh3P8wWSI","Pujasera"
"Sate Madura Cak Suhfi","5","1","Jl. Gegerkalong Girang No.141","Kota Bandung","Jawa Barat","ID",,"+62 819-0769-8477","Restoran Sate","Restoran Indonesia",,,,,,,"https://www.google.com/maps/search/?api=1&query=Sate%20Madura%20Cak%20Suhfi&query_place_id=ChIJE8vM11LnaC4R6dvNQFfIKig","Restoran Sate"
"Sari Bundo","4.5","1674","4J2C+V4Q, Jl. Merak","Kota Bandung","Jawa Barat","ID",,"+62 22 2507228","Restoran Padang","Rumah Makan","Restoran Indonesia",,,,,,"https://www.google.com/maps/search/?api=1&query=Sari%20Bundo&query_place_id=ChIJKXcMQ03maC4RMorQaalwL7A","Restoran Padang"
"Kantin Sate Madura Ayam Penyet","4.8","4",,"Kota Bandung","Jawa Barat","ID",,"","Restoran Sate","Restoran ayam penyet","Restoran Masakan Ayam",,,,,,"https://www.google.com/maps/search/?api=1&query=Kantin%20Sate%20Madura%20Ayam%20Penyet&query_place_id=ChIJJ5bCNaXnaC4RdGkp98Z7iHU","Restoran Sate"
"Sate madura Alpina","5","5","Jl. Cisitu Lama VIII No.19C","Kota Bandung","Jawa Barat","ID",,"","Restoran",,,,,,,,"https://www.google.com/maps/search/?api=1&query=Sate%20madura%20Alpina&query_place_id=ChIJL8B_ljLnaC4RgGLfumoRFeM","Restoran"
"Juragan Sate Madura Ganeca","4.2","5","Jl. Ganesha","Kota Bandung","Jawa Barat","ID",,"+62 812-2175-1504","Restoran Sate",,,,,,,,"https://www.google.com/maps/search/?api=1&query=Juragan%20Sate%20Madura%20Ganeca&query_place_id=ChIJ7_D4PQnnaC4RCh0HgM5yCD0","Restoran Sate"
"Sate Suramadu 2 Putri Khas Madura isola","5","2","Jl. Gegerkalong Girang No.141","Kota Bandung","Jawa Barat","ID",,"+62 819-0769-8477","Restoran",,,,,,,,"https://www.google.com/maps/search/?api=1&query=Sate%20Suramadu%202%20Putri%20Khas%20Madura%20isola&query_place_id=ChIJNX67Le3naC4RvnnLZsfwxa8","Restoran"
"Warung sate madura","5","1","Jl. Cikutra Barat No.123","Kota Bandung","Jawa Barat","ID",,"","Restoran Indonesia",,,,,,,,"https://www.google.com/maps/search/?api=1&query=Warung%20sate%20madura&query_place_id=ChIJd-cACgDnaC4R4MJ0XQnVbQg","Restoran Indonesia"
"Sate Sampang Madura","3.8","70","4J68+X3W, Jl. Dipati Ukur","Kota Bandung","Jawa Barat","ID",,"","Restoran Sate",,,,,,,,"https://www.google.com/maps/search/?api=1&query=Sate%20Sampang%20Madura&query_place_id=ChIJD6i2CFbmaC4RivxXKye-bcw","Restoran Sate"
"Sate Maulana Yusuf","4.5","4785","Jl. Maulana Yusuf No.19","Kota Bandung","Jawa Barat","ID",,"+62 22 4265065","Restoran Sate","Rumah Makan",,,,,,,"https://www.google.com/maps/search/?api=1&query=Sate%20Maulana%20Yusuf&query_place_id=ChIJdy8Q6E7maC4RNASEofjl6yI","Restoran Sate"
"Toko Madura ( PT. MDR ) | Liquor Store Bandung","4.6","863","Jl. Dr. Setiabudi","Kota Bandung","Jawa Barat","ID",,"+62 882-3413-1313","Toko Minuman Keras",,,,,,,,"https://www.google.com/maps/search/?api=1&query=Toko%20Madura%20(%20PT.%20MDR%20)%20%7C%20Liquor%20Store%20Bandung&query_place_id=ChIJSVoUWiDnaC4Rc2IqBKESAvU","Toko Minuman Keras"
"Sate madura mamah umam","1","1","4J4F+45P, Jl. Puyuh Dalam sbelah posyandu kemuning, RT.06/RW.11","Kota Bandung","Jawa Barat","ID",,"+62 818-0999-8838","Restoran",,,,,,,,"https://www.google.com/maps/search/?api=1&query=Sate%20madura%20mamah%20umam&query_place_id=ChIJyWLrfQDnaC4RUOj92oW7u28","Restoran"
"Mie Kocok Lintang Rasa","5","2","4M45+W2X","Kabupaten Bandung","Jawa Barat","ID",,"","Restoran Bakso",,,,,,,,"https://www.google.com/maps/search/?api=1&query=Mie%20Kocok%20Lintang%20Rasa&query_place_id=ChIJh37OPS3naC4RH2yB8iH2PS0","Restoran Bakso"
"Mie Kocok Dago","4.9","7","Jl. Ir. H. Juanda No.30/158A, RT.006/RW.009","Kota Bandung","Jawa Barat","ID",,"+62 896-8074-8181","Restoran Mie",,,,,,,,"https://www.google.com/maps/search/?api=1&query=Mie%20Kocok%20Dago&query_place_id=ChIJz-VOXXHnaC4Rmj7gWr_AkxE","Restoran Mie"
"Warung Sate Madura kak Mad","3.9","10","Jl. Bukit Jarian No.28","Kota Bandung","Jawa Barat","ID",,"+62 877-2281-3033","Restoran Sate",,,,,,,,"https://www.google.com/maps/search/?api=1&query=Warung%20Sate%20Madura%20kak%20Mad&query_place_id=ChIJsxbXKxHnaC4RQBwhrN2WxMw","Restoran Sate"
"Cuanki pojok","5","4","Jl. Tikukur No.16","Kota Bandung","Jawa Barat","ID",,"+62 811-2194-122","Dapur Umum",,,,,,,,"https://www.google.com/maps/search/?api=1&query=Cuanki%20pojok&query_place_id=ChIJp2mrhNvnaC4RanfIu1Nw6AE","Dapur Umum"
"Baso Cuanki Boss","4.2","43","Jl. Cigadung Selatan No.33","Kota Bandung","Jawa Barat","ID",,"+62 813-2472-4162","Restoran Bakso",,,,,,,,"https://www.google.com/maps/search/?api=1&query=Baso%20Cuanki%20Boss&query_place_id=ChIJ8fNMvGPnaC4RG4EO9CScsYA","Restoran Bakso"
"Bakso Cuanki Roda Jaya","5","11","Jl. Teuku Umar No.2","Kota Bandung","Jawa Barat","ID",,"+62 857-5909-6445","Restoran Bakso",,,,,,,,"https://www.google.com/maps/search/?api=1&query=Bakso%20Cuanki%20Roda%20Jaya&query_place_id=ChIJU3Q-p5PnaC4RukWwnvxRFdc","Restoran Bakso"
"Cuanki Sulur","5","5","3MXR+GJC, Jl. Kosar","Kota Bandung","Jawa Barat","ID",,"","Pusat jajanan kaki lima",,,,,,,,"https://www.google.com/maps/search/?api=1&query=Cuanki%20Sulur&query_place_id=ChIJN_inbQDdaC4RB3_1mRESOSc","Pusat jajanan kaki lima"
"BAKSO CUANKI GADING DU","4.4","8","4J38+XVR, Jl. Hasanudin No.33","Kota Bandung","Jawa Barat","ID","https://vt.tiktok.com/ZSUN1JVd8/","+62 813-2113-6007","Dapur Umum",,,,,,,,"https://www.google.com/maps/search/?api=1&query=BAKSO%20CUANKI%20GADING%20DU&query_place_id=ChIJl_M0IQDnaC4RDr3vII4BouY","Dapur Umum"
"Sate Ayam Dan Kambing Madura Barokah","4.3","48","Jl. Padasuka No.55-59","Kota Bandung","Jawa Barat","ID","https://gofood.link/u/eree","+62 851-5801-1915","Restoran Sate",,,,,,,,"https://www.google.com/maps/search/?api=1&query=Sate%20Ayam%20Dan%20Kambing%20Madura%20Barokah&query_place_id=ChIJ2WdMq5HnaC4RR3S4KnItL7M","Restoran Sate"
"Angkringan Kalaparan","5","21","Jl. Dr. Djunjunan No.82","Kota Bandung","Jawa Barat","ID",,"+62 821-1681-0551","Restoran cepat saji",,,,,,,,"https://www.google.com/maps/search/?api=1&query=Angkringan%20Kalaparan&query_place_id=ChIJDQscDfbnaC4Ru6SP31Zj_ws","Restoran cepat saji"
"Angkringan Enemar","5","1","Gg. Gagak I No.23","Kota Bandung","Jawa Barat","ID",,"+62 877-2231-7692","Restoran Indonesia",,,,,,,,"https://www.google.com/maps/search/?api=1&query=Angkringan%20Enemar&query_place_id=ChIJv7_jvGfnaC4Ri8b9B1dMnSU","Restoran Indonesia"
"Cuanki mang deni(jimbore)","5","9","Jalan karang tinggal dalan gg R.U.kantaRw11Rt02 No.11","Kota Bandung","Jawa Barat","ID",,"+62 818-0214-3358","Restoran",,,,,,,,"https://www.google.com/maps/search/?api=1&query=Cuanki%20mang%20deni(jimbore)&query_place_id=ChIJLVULLDHnaC4RLip759iK6iA","Restoran"
"Angkringan Bajem17","5","3","Jl. Muhamad No.17","Kota Bandung","Jawa Barat","ID",,"+62 859-3020-7011","Kedai Kopi",,,,,,,,"https://www.google.com/maps/search/?api=1&query=Angkringan%20Bajem17&query_place_id=ChIJkehFABHnaC4RoXlxQ3qGRxU","Kedai Kopi"
"CUANKI RAOS (Warung Mba Tari)","5","1","Gg. Sukaharja II No.18, RT.001/RW.3","Kota Bandung","Jawa Barat","ID",,"","Kedai Sarapan & Makan Siang",,,,,,,,"https://www.google.com/maps/search/?api=1&query=CUANKI%20RAOS%20(Warung%20Mba%20Tari)&query_place_id=ChIJMQw6IgDnaC4Rp7SPoJm8MXk","Kedai Sarapan & Makan Siang"
"Angkringan mifmif",,,"Jl. Padasuka No.148","Kota Bandung","Jawa Barat","ID",,"+62 813-1238-7644","Kedai Sarapan & Makan Siang",,,,,,,,"https://www.google.com/maps/search/?api=1&query=Angkringan%20mifmif&query_place_id=ChIJvwPA4ZDnaC4ReF9uV2A0f8Y","Kedai Sarapan & Makan Siang"
"Cuanki tjapsoey","5","8","Jl padasuka no 128 rt 03/04 pasirlayung","Kota Bandung","Jawa Barat","ID",,"+62 889-9100-7910","Warung Makanan Kecil",,,,,,,,"https://www.google.com/maps/search/?api=1&query=Cuanki%20tjapsoey&query_place_id=ChIJg4euR-PnaC4Rftz0n2pME_k","Warung Makanan Kecil"
"Angkringan MR.Z","4.7","3","4J39+7G8, Jl. Japati","Kota Bandung","Jawa Barat","ID",,"","Kedai Kopi",,,,,,,,"https://www.google.com/maps/search/?api=1&query=Angkringan%20MR.Z&query_place_id=ChIJNeqSdFnnaC4RTLrhzrQNYzY","Kedai Kopi"
"ANGKRINGAN 231A","4.7","12","Jl. Cikutra No.231A","Kota Bandung","Jawa Barat","ID",,"+62 815-7321-0535","Restoran","Kedai Kopi",,,,,,,"https://www.google.com/maps/search/?api=1&query=ANGKRINGAN%20231A&query_place_id=ChIJvY84Iz7naC4RURtuVK9OK8I","Restoran"
"Angkringan Mas WAW","4.7","106","Jl. Gegerkalong Tengah No.23","Kota Bandung","Jawa Barat","ID",,"+62 878-2570-1311","Restoran",,,,,,,,"https://www.google.com/maps/search/?api=1&query=Angkringan%20Mas%20WAW&query_place_id=ChIJ22kJQYLjaC4RWyEaG5vrsJk","Restoran"
"Kedai Koboi","4.5","344","Jl. Gelap Nyawang","Kota Bandung","Jawa Barat","ID",,"+62 815-6895-549","Kafe",,,,,,,,"https://www.google.com/maps/search/?api=1&query=Kedai%20Koboi&query_place_id=ChIJ6_ZRflDmaC4RhdYa09VYWeg","Kafe"
"Angkringan +62","5","1","Jl. Karang Tineung Indah No.68","Kota Bandung","Jawa Barat","ID",,"+62 813-2333-9493","Restoran cepat saji",,,,,,,,"https://www.google.com/maps/search/?api=1&query=Angkringan%20%2B62&query_place_id=ChIJl3GNRODnaC4Rg1bDqome9l8","Restoran cepat saji"
"Soto lamongan cak willy","5","3","Jl. Dr. Setiabudi No.105","Kota Bandung","Jawa Barat","ID",,"+62 813-9342-7718","Restoran",,,,,,,,"https://www.google.com/maps/search/?api=1&query=Soto%20lamongan%20cak%20willy&query_place_id=ChIJpWD2_CXnaC4RmwPQPl4C1Z8","Restoran"
"Angkringan Wings Serba aya","5","34","4J43+43F","Kota Bandung","Jawa Barat","ID",,"","Kedai Kopi",,,,,,,,"https://www.google.com/maps/search/?api=1&query=Angkringan%20Wings%20Serba%20aya&query_place_id=ChIJ5XzBjmHnaC4Rf6BMFkGWkZk","Kedai Kopi"
"Warung Soto Lamongan","3.3","6","Jl. Menjangan","Kota Bandung","Jawa Barat","ID",,"+62 822-4099-0706","Restoran Soto Ayam",,,,,,,,"https://www.google.com/maps/search/?api=1&query=Warung%20Soto%20Lamongan&query_place_id=ChIJNe0Im_znaC4ReAR8yW0J3M8","Restoran Soto Ayam"
"Pecel Lele Lamongan Sabar Menanti","4.7","20","Jl. Surapati No.129 D","Kota Bandung","Jawa Barat","ID",,"","Restoran Pecel Lele",,,,,,,,"https://www.google.com/maps/search/?api=1&query=Pecel%20Lele%20Lamongan%20Sabar%20Menanti&query_place_id=ChIJiR9qN8PnaC4Ra_9BGgah7Xg","Restoran Pecel Lele"
"Pecel Lele Lamongan Pak Anas","4","81","Jl. Cikutra No.213","Kota Bandung","Jawa Barat","ID",,"+62 858-4044-2414","Restoran Pecel Lele","Restoran Indonesia",,,,,,,"https://www.google.com/maps/search/?api=1&query=Pecel%20Lele%20Lamongan%20Pak%20Anas&query_place_id=ChIJ3Sug5InnaC4Rs0WROXvuLdQ","Restoran Pecel Lele"
"Warung Caksim Lamongan (Pecel Lele)","4.5","21","Jl. Khp Hasan Mustopa No.103","Kota Bandung","Jawa Barat","ID",,"","Restoran Pecel Lele",,,,,,,,"https://www.google.com/maps/search/?api=1&query=Warung%20Caksim%20Lamongan%20(Pecel%20Lele)&query_place_id=ChIJ1xdtXALnaC4Rqf2_Gk38QGo","Restoran Pecel Lele"
"Soto Ayam Wong Lamongan","4.7","20","Jl. Bungur No.41","Kota Bandung","Jawa Barat","ID",,"+62 857-3350-1127","Restoran Soto Ayam","Kedai Sarapan","Rumah Makan","Restoran Jawa",,,,,"https://www.google.com/maps/search/?api=1&query=Soto%20Ayam%20Wong%20Lamongan&query_place_id=ChIJ-e8ckY3maC4Risc1XTGN4n0","Restoran Soto Ayam"
"Soto Pakde Lamongan","3.7","18","Jl. Ciumbuleuit No.49","Kota Bandung","Jawa Barat","ID",,"","Restoran Jawa Timur",,,,,,,,"https://www.google.com/maps/search/?api=1&query=Soto%20Pakde%20Lamongan&query_place_id=ChIJlYJ1O57naC4RxBM49pUapO4","Restoran Jawa Timur"
"RM. LAMONGAN H. RAEL","4.4","212","Jl. Soekarno-Hatta No.594","Kota Bandung","Jawa Barat","ID",,"+62 821-1718-4806","Restoran Soto Ayam",,,,,,,,"https://www.google.com/maps/search/?api=1&query=RM.%20LAMONGAN%20H.%20RAEL&query_place_id=ChIJrf1VSRroaC4R5dqJv5dRpX8","Restoran Soto Ayam"
"Soto Ojolali","4.4","1067","Jl. Cibadak No.79","Kota Bandung","Jawa Barat","ID",,"+62 22 4202907","Restoran soto","Restoran Jawa",,,,,,,"https://www.google.com/maps/search/?api=1&query=Soto%20Ojolali&query_place_id=ChIJSf38eiLmaC4RGYuCqhJDjAg","Restoran soto"
"Soto Padang Uda Ujang DU","4.6","432","Jl. Dipati Ukur","Kota Bandung","Jawa Barat","ID",,"+62 857-2364-0867","Restoran Padang","Restoran soto",,,,,,,"https://www.google.com/maps/search/?api=1&query=Soto%20Padang%20Uda%20Ujang%20DU&query_place_id=ChIJ5za8hVPmaC4RYmekoOo5x5M","Restoran Padang"
"Warung Pecel Lele Lamongan, Dago Pojok","4.2","34","Jl. Dagopojok No.25","Kota Bandung","Jawa Barat","ID",,"","Restoran Pecel Lele","Restoran Asia",,,,,,,"https://www.google.com/maps/search/?api=1&query=Warung%20Pecel%20Lele%20Lamongan%2C%20Dago%20Pojok&query_place_id=ChIJcSfC6ePmaC4RXeg1YkIv8dY","Restoran Pecel Lele"
"Soto Bandung M Tarya","4.5","419","Jl. Sawah Kurung No.16","Kota Bandung","Jawa Barat","ID",,"+62 889-8949-9697","Restoran soto","Kedai Sarapan","Rumah Makan","Makanan","Kedai Sup",,,,"https://www.google.com/maps/search/?api=1&query=Soto%20Bandung%20M%20Tarya&query_place_id=ChIJm-uFmIToaC4R2TECYzpUK-8","Restoran soto"
"Soto ayam lamongan pak habibie","4.8","36","Jl. Bbk. H. Tamim No.06","Kota Bandung","Jawa Barat","ID",,"+62 852-5166-7799","Restoran Soto Ayam",,,,,,,,"https://www.google.com/maps/search/?api=1&query=Soto%20ayam%20lamongan%20pak%20habibie&query_place_id=ChIJyYgG7SDnaC4Rqgp0QXnSBXY","Restoran Soto Ayam"
"Soto Lamongan Nasi Rawon Mas Pud","4.8","120","3JCP+25P, Jl. Turangga","Kota Bandung","Jawa Barat","ID",,"+62 813-2153-3364","Kedai Sup","Rumah Makan","Restoran Soto Ayam",,,,,,"https://www.google.com/maps/search/?api=1&query=Soto%20Lamongan%20Nasi%20Rawon%20Mas%20Pud&query_place_id=ChIJDT7uCHfoaC4Rj4pEiF8X7Ns","Kedai Sup"
"Soto ayam lamongan mas wahyu","5","18","3MX2+6CV samping lintas nusantara perdana, Jl. Khp Hasan Mustopa Jl. Babakan Andir","Kota Bandung","Jawa Barat","ID","https://gofood.link/a/A7RWqQL","+62 821-1495-2211","Restoran Indonesia",,,,,,,,"https://www.google.com/maps/search/?api=1&query=Soto%20ayam%20lamongan%20mas%20wahyu&query_place_id=ChIJd60A6o3naC4R2RtBT0JkWj4","Restoran Indonesia"
"Soto Sulung Cihampelas","4.7","167","Jl. Cihampelas No.260","Kota Bandung","Jawa Barat","ID",,"","Restoran Soto Ayam","Restoran Jawa","Restoran soto",,,,,,"https://www.google.com/maps/search/?api=1&query=Soto%20Sulung%20Cihampelas&query_place_id=ChIJ4f-ts1jmaC4R5kTpTM25wgs","Restoran Soto Ayam"
"RM Soto Ayam Asli Lamongan Cak Mad","4.6","709","Jl. Moch. Toha No.223","Kota Bandung","Jawa Barat","ID",,"+62 813-2103-6130","Restoran Soto Ayam",,,,,,,,"https://www.google.com/maps/search/?api=1&query=RM%20Soto%20Ayam%20Asli%20Lamongan%20Cak%20Mad&query_place_id=ChIJtcQEZJLoaC4RpHE2UOKk6wQ","Restoran Soto Ayam"
"Padasuka Baso","4.5","2702","Jl. A. Yani No.877","Kota Bandung","Jawa Barat","ID",,"+62 22 7200914","Restoran Bakso",,,,,,,,"https://www.google.com/maps/search/?api=1&query=Padasuka%20Baso&query_place_id=ChIJhR2Sp5PnaC4RBVpY2ZhFRGU","Restoran Bakso"
"Bakso Ikah Asgar","4","600","Jl. Progo No.15","Kota Bandung","Jawa Barat","ID",,"","Restoran Bakso","Restoran Indonesia","Restoran Mie",,,,,,"https://www.google.com/maps/search/?api=1&query=Bakso%20Ikah%20Asgar&query_place_id=ChIJ22bgtM_naC4RWa_fG2_COw4","Restoran Bakso"
"Soto Lamongan 7 Kismuji","4.8","53","3JV9+24R","Kota Bandung","Jawa Barat","ID",,"+62 895-3787-37500","Restoran Soto Ayam",,,,,,,,"https://www.google.com/maps/search/?api=1&query=Soto%20Lamongan%207%20Kismuji&query_place_id=ChIJkQrDhzXmaC4RsCNKUqcdR_k","Restoran Soto Ayam"
"Bakso Malang Asli Fortuna","4.5","2311","Jl. Taman Citarum No.13","Kota Bandung","Jawa Barat","ID",,"+62 813-2136-8959","Restoran Bakso",,,,,,,,"https://www.google.com/maps/search/?api=1&query=Bakso%20Malang%20Asli%20Fortuna&query_place_id=ChIJL5Mz1krmaC4Rz8s8e9OQVUE","Restoran Bakso"
"Soto Koya Lamongan","4.9","715","Jl. Anggrek No.50","Kota Bandung","Jawa Barat","ID",,"+62 811-2263-888","Restoran soto","Restoran",,,,,,,"https://www.google.com/maps/search/?api=1&query=Soto%20Koya%20Lamongan&query_place_id=ChIJk2aAlbHnaC4RiutVqdvGO3o","Restoran soto"
"Bakso Tampil Indonesia","4.8","13","Jl. Sidomukti No.T7","Kota Bandung","Jawa Barat","ID","https://www.instagram.com/baksotampilindonesia/","+62 819-1811-0726","Restoran Bakso",,,,,,,,"https://www.google.com/maps/search/?api=1&query=Bakso%20Tampil%20Indonesia&query_place_id=ChIJhd-LgsvnaC4RvXsYacpGdH8","Restoran Bakso"
"Baso Aci Tulang Muda (bakso aci bandung) Dipati ukur","4.9","2752","Jl. Dipati Ukur No.88","Kota Bandung","Jawa Barat","ID",,"+62 812-2232-3422","Restoran Bakso",,,,,,,,"https://www.google.com/maps/search/?api=1&query=Baso%20Aci%20Tulang%20Muda%20(bakso%20aci%20bandung)%20Dipati%20ukur&query_place_id=ChIJJ6meRzXnaC4Rv1zKnqC7kXA","Restoran Bakso"
"Baso Balowo","4.6","715","Jl. Cikutra Barat No.10","Kota Bandung","Jawa Barat","ID",,"+62 812-2363-8866","Restoran Bakso","Restoran Mie",,,,,,,"https://www.google.com/maps/search/?api=1&query=Baso%20Balowo&query_place_id=ChIJNycZ7KXnaC4RHp4a1-bNoi8","Restoran Bakso"
"Soto Lamongan dan Ayam Penyet","4.5","13","4J4C+WQX, Jl. Sukasari II","Kota Bandung","Jawa Barat","ID",,"","Restoran Masakan Ayam","Restoran ayam penyet","Restoran Jawa","Restoran Soto Ayam",,,,,"https://www.google.com/maps/search/?api=1&query=Soto%20Lamongan%20dan%20Ayam%20Penyet&query_place_id=ChIJv-FHsaznaC4RcLheiCGoKRY","Restoran Masakan Ayam"
"Bakso Rusuk Joss Bandung","4.7","2551","Jl. Sadakeling No.23","Kota Bandung","Jawa Barat","ID","https://www.instagram.com/p/CN1UVpIB30t","+62 821-2221-6662","Restoran Bakso","Restoran Indonesia",,,,,,,"https://www.google.com/maps/search/?api=1&query=Bakso%20Rusuk%20Joss%20Bandung&query_place_id=ChIJd6KJFaLpaC4Rq9MVQfhnOz4","Restoran Bakso"
"Baso Olohok Prasmanan","4.8","2407","Jl. Peta No.241","Kota Bandung","Jawa Barat","ID",,"","Restoran Barbeque","Restoran",,,,,,,"https://www.google.com/maps/search/?api=1&query=Baso%20Olohok%20Prasmanan&query_place_id=ChIJsxTe7wDnaC4RcxSACqJvAR8","Restoran Barbeque"
"Bakso Barokah","4.6","1043","Jl. Cisitu Indah VI No.186","Kota Bandung","Jawa Barat","ID",,"+62 882-1864-1201","Restoran Bakso","Restoran Indonesia","Restoran Mie",,,,,,"https://www.google.com/maps/search/?api=1&query=Bakso%20Barokah&query_place_id=ChIJcWFgW-TmaC4R8NJ9q3LyvcU","Restoran Bakso"
"Baso Mantep Gunung Giri Solo","4.6","4495","Jl. Aceh No.22A","Kota Bandung","Jawa Barat","ID",,"+62 822-1413-9999","Restoran Bakso",,,,,,,,"https://www.google.com/maps/search/?api=1&query=Baso%20Mantep%20Gunung%20Giri%20Solo&query_place_id=ChIJ5ydQSzjmaC4RZ5p4M2HNqF0","Restoran Bakso"
"Baso Malang BoM","4.6","149","Yusuf, Jl. Maulana Yusuf No.4","Kota Bandung","Jawa Barat","ID","https://www.facebook.com/baso.bom","","Restoran Bakso",,,,,,,,"https://www.google.com/maps/search/?api=1&query=Baso%20Malang%20BoM&query_place_id=ChIJ_4Q2mYToaC4RvAmaVT1CF5I","Restoran Bakso"
"Bakso Rusuk Al Fatih Bandung","4.7","34","Gg. Bangbayang Timur No.117, Rt/Rw 001/010 kel","Kota Bandung","Jawa Barat","ID",,"+62 856-0648-8172","Restoran Bakso","Restoran Jawa",,,,,,,"https://www.google.com/maps/search/?api=1&query=Bakso%20Rusuk%20Al%20Fatih%20Bandung&query_place_id=ChIJ50HwKcXnaC4RdFVS-mvTePs","Restoran Bakso"
"Bakso Solo Pak Gilang","4.7","372","Jl. Bukit Tunggul No.12","Kota Bandung","Jawa Barat","ID",,"","Restoran Bakso","Rumah Makan",,,,,,,"https://www.google.com/maps/search/?api=1&query=Bakso%20Solo%20Pak%20Gilang&query_place_id=ChIJ1WUMIe_maC4RYcLRQfIC7bw","Restoran Bakso"
"Bakso Sedjahtera Suci","4.9","1935","JL. PH. Hasan Mustapa (Suci) No. 51 Sadang Serang, Coblong","Kota Bandung","Jawa Barat","ID",,"","Restoran",,,,,,,,"https://www.google.com/maps/search/?api=1&query=Bakso%20Sedjahtera%20Suci&query_place_id=ChIJ53TxUwDnaC4RSUcC0rKpJXY","Restoran"
"BSA - BAKSO SEMAR ASLI, CIHAMPELAS","4.3","7898","Jl. Cihampelas No.68","Kota Bandung","Jawa Barat","ID","https://www.instagram.com/baksosemarasli_id?igsh=d2VpZ3k5ejdhamJk","+62 22 4232589","Restoran Bakso","Restoran Mie",,,,,,,"https://www.google.com/maps/search/?api=1&query=BSA%20-%20BAKSO%20SEMAR%20ASLI%2C%20CIHAMPELAS&query_place_id=ChIJ4aqbDUTmaC4RTwKqpmMZmQ8","Restoran Bakso"
"Martabak Tik-Tok bandung Cikutra","4.5","8","Jl. Cikutra No.205","Kota Bandung","Jawa Barat","ID",,"+62 877-2849-4982","Restoran Martabak",,,,,,,,"https://www.google.com/maps/search/?api=1&query=Martabak%20Tik-Tok%20bandung%20Cikutra&query_place_id=ChIJ1XBV7E7naC4RKcjN-RM6oAw","Restoran Martabak"
"Bakso Mas Eko Maju","4.6","2419","Jl. Wastukencana No.103","Kota Bandung","Jawa Barat","ID",,"","Restoran Bakso",,,,,,,,"https://www.google.com/maps/search/?api=1&query=Bakso%20Mas%20Eko%20Maju&query_place_id=ChIJsRq74m_naC4Ry4Fl7fEusak","Restoran Bakso"
"Bakso "" Gagak "" Legenda","4.7","540","Jl. Gagak No.04","Kota Bandung","Jawa Barat","ID",,"+62 22 2506592","Restoran Bakso","Restoran Mie",,,,,,,"https://www.google.com/maps/search/?api=1&query=Bakso%20%22%20Gagak%20%22%20Legenda&query_place_id=ChIJY8nG8bLnaC4RmHNmsmFMdU4","Restoran Bakso"
"Baso Arief","4.5","1446","Jl. Wira Angun Angun No.18","Kota Bandung","Jawa Barat","ID",,"+62 898-0025-501","Restoran Bakso","Restoran Mie",,,,,,,"https://www.google.com/maps/search/?api=1&query=Baso%20Arief&query_place_id=ChIJa0Y76BznaC4Rpe4ke1fw8KQ","Restoran Bakso"
"Dokter martabak","3.5","103","Jl. Cibarengkok No.4C","Kota Bandung","Jawa Barat","ID",,"+62 838-2994-8317","Restoran Martabak",,,,,,,,"https://www.google.com/maps/search/?api=1&query=Dokter%20martabak&query_place_id=ChIJ90LAEI3naC4R44O657k7urU","Restoran Martabak"
"Martabak Pecenongan 78 Setiabudi","2.8","39","Jl. Dr. Setiabudi No.182","Kota Bandung","Jawa Barat","ID",,"+62 821-2955-8354","Toko Roti",,,,,,,,"https://www.google.com/maps/search/?api=1&query=Martabak%20Pecenongan%2078%20Setiabudi&query_place_id=ChIJZeCzt93naC4RDTDnq4g_hMo","Toko Roti"
"Bakso Rusuk Samanhudi Dago","4.5","2109","Jl. Ir. H. Juanda No.342b","Kota Bandung","Jawa Barat","ID","https://www.instagram.com/baksorusuksamanhudi","+62 812-2344-8400","Restoran Bakso","Restoran Mie",,,,,,,"https://www.google.com/maps/search/?api=1&query=Bakso%20Rusuk%20Samanhudi%20Dago&query_place_id=ChIJ86yw3-LmaC4RZE-Djao_2pk","Restoran Bakso"
"Martabak Bang Bewo","4.6","12","Jl. Ir. H. Juanda No.284-285","Kota Bandung","Jawa Barat","ID",,"+62 813-2017-3711","Restoran",,,,,,,,"https://www.google.com/maps/search/?api=1&query=Martabak%20Bang%20Bewo&query_place_id=ChIJwehUiPzmaC4RxB4XMxsASZY","Restoran"
"Marfee Setiabudi","4","10","Jl. Dr. Setiabudi No.111","Kota Bandung","Jawa Barat","ID",,"+62 812-2471-4667","Kafe","Kedai Hidangan Penutup",,,,,,,"https://www.google.com/maps/search/?api=1&query=Marfee%20Setiabudi&query_place_id=ChIJPwy-4uXnaC4RoJxBLCvqOgs","Kafe"
"MARTABAK JP","3.7","6","Jl. Titiran No.23Sadang","Kota Bandung","Jawa Barat","ID",,"","Restoran Martabak",,,,,,,,"https://www.google.com/maps/search/?api=1&query=MARTABAK%20JP&query_place_id=ChIJfeX3BQDnaC4RHPLIctJPoiQ","Restoran Martabak"
"Bakso Mawar Merona","4.7","2858","Jl. Cihampelas No.66","Kota Bandung","Jawa Barat","ID",,"+62 888-0978-3181","Restoran Bakso","Restoran Mie",,,,,,,"https://www.google.com/maps/search/?api=1&query=Bakso%20Mawar%20Merona&query_place_id=ChIJMyD5i9TnaC4RX56tnV9awX0","Restoran Bakso"
"Sate Madura Sukahaji","3.7","10","4HJP+H3Q, Jl. Sukahaji","Kota Bandung","Jawa Barat","ID",,"","Restoran",,,,,,,,"https://www.google.com/maps/search/?api=1&query=Sate%20Madura%20Sukahaji&query_place_id=ChIJ9UlVcennaC4RCOIUiBAkoK8","Restoran"
"Martabak Mantap 84","3.6","27",,"Kota Bandung","Jawa Barat","ID",,"","Restoran Martabak",,,,,,,,"https://www.google.com/maps/search/?api=1&query=Martabak%20Mantap%2084&query_place_id=ChIJmY0C22rnaC4R9FVPZdGdaCM","Restoran Martabak"
"Sate Madura Daeng Bahrul","5","1","Jl. Dr. Setiabudi No.192-188","Kota Bandung","Jawa Barat","ID","https://spf.shopee.co.id/5VP6F9tCn2","+62 878-4803-7510","Restoran Sate",,,,,,,,"https://www.google.com/maps/search/?api=1&query=Sate%20Madura%20Daeng%20Bahrul&query_place_id=ChIJSWjtSQDnaC4RdsQyzueTxRY","Restoran Sate"
"Sate Madura Hs, Sederhana","4.2","9","Jl. Sederhana No.31","Kota Bandung","Jawa Barat","ID",,"","Restoran",,,,,,,,"https://www.google.com/maps/search/?api=1&query=Sate%20Madura%20Hs%2C%20Sederhana&query_place_id=ChIJI0rokV3maC4R0cPrukal330","Restoran"
"Sate Madura Sersan","4.4","29","4HWR+CM3, Jl. Sersan Bajuri Dalam","Kota Bandung","Jawa Barat","ID",,"+62 878-2132-2874","Restoran Sate","Rumah Makan",,,,,,,"https://www.google.com/maps/search/?api=1&query=Sate%20Madura%20Sersan&query_place_id=ChIJI51VVTjnaC4RSur14ls1dlk","Restoran Sate"
"Martabak Kejora","4.4","49","Jl. Khp Hasan Mustopa No.129","Kota Bandung","Jawa Barat","ID",,"+62 857-2370-2993","Restoran Martabak",,,,,,,,"https://www.google.com/maps/search/?api=1&query=Martabak%20Kejora&query_place_id=ChIJya_x3gTnaC4RVbWrJd_94Rk","Restoran Martabak"
"Sate Madura Murah Meriah","4.6","45","Jl. Gegerkalong Hilir No.106a","Kota Bandung","Jawa Barat","ID",,"","Restoran Sate",,,,,,,,"https://www.google.com/maps/search/?api=1&query=Sate%20Madura%20Murah%20Meriah&query_place_id=ChIJwylJkpfmaC4RES__um6j_e0","Restoran Sate"
"Mie kocok pak uhe",,,"Jl. Ciungwanara No.10","Kota Bandung","Jawa Barat","ID",,"+62 895-2676-4657","Restoran Mie",,,,,,,,"https://www.google.com/maps/search/?api=1&query=Mie%20kocok%20pak%20uhe&query_place_id=ChIJ1z-OvvPnaC4R4o1_ckl3jdg","Restoran Mie"
"Sate Madura Karomah","3.3","125","Jl. Dr. Setiabudi No.133","Kota Bandung","Jawa Barat","ID",,"+62 877-7567-8811","Restoran Sate",,,,,,,,"https://www.google.com/maps/search/?api=1&query=Sate%20Madura%20Karomah&query_place_id=ChIJVWqagHHnaC4RIiJ8Do9ua7o","Restoran Sate"
"Sate Tegal Marem","4.6","976","Jl. Dr. Setiabudi No.136","Kota Bandung","Jawa Barat","ID",,"+62 22 2032802","Restoran Sate",,,,,,,,"https://www.google.com/maps/search/?api=1&query=Sate%20Tegal%20Marem&query_place_id=ChIJQ7RcuPLmaC4RK2RdxFaB0rY","Restoran Sate"
"Mie Kocok 25","5","7","Jl. Dipati Ukur No.19","Kota Bandung","Jawa Barat","ID",,"+62 813-1695-668","Pujasera","Restoran Indonesia",,,,,,,"https://www.google.com/maps/search/?api=1&query=Mie%20Kocok%2025&query_place_id=ChIJfwDzoSznaC4R-oUPYh7gQhk","Pujasera"
"Mie Kocok Kebon Jukut The Kiosk Cihampelas","3.8","4","Cihampelas Walk Lantai, Jl. Cihampelas No.160 SL 21","Kota Bandung","Jawa Barat","ID",,"+62 22 2061158","Restoran Mie","Restoran Bakso",,,,,,,"https://www.google.com/maps/search/?api=1&query=Mie%20Kocok%20Kebon%20Jukut%20The%20Kiosk%20Cihampelas&query_place_id=ChIJCVaJxlvmaC4RVKsWskuMeV4","Restoran Mie"
"Bubur ayam & mie kocok paspud mang,uchay","5","1","depan mesjid alhidayah, Gg. Pancasila","Kota Bandung","Jawa Barat","ID",,"+62 857-5957-7338","Toko Makanan Sehat",,,,,,,,"https://www.google.com/maps/search/?api=1&query=Bubur%20ayam%20%26%20mie%20kocok%20paspud%20mang%2Cuchay&query_place_id=ChIJE1IbWO7naC4RN_c1SgBK6ZQ","Toko Makanan Sehat"
"TERAS MIE KOCOK BASO BU CUCU","4.7","7","Jl. Cibarengkok No.80","Kota Bandung","Jawa Barat","ID",,"+62 887-0631-0342","Restoran Mie",,,,,,,,"https://www.google.com/maps/search/?api=1&query=TERAS%20MIE%20KOCOK%20BASO%20BU%20CUCU&query_place_id=ChIJTyamFgbnaC4RsTy4WdVVpGg","Restoran Mie"
"Mie Kocok, Mie Ayam dan Mie Bakso (MIE BARAYA PASTEUR)","5","10","Gg. Cipedes Hegar 10 No.81, RT.7/RW.3","Kota Bandung","Jawa Barat","ID",,"+62 895-3740-88877","Restoran Mie","Restoran Bakso",,,,,,,"https://www.google.com/maps/search/?api=1&query=Mie%20Kocok%2C%20Mie%20Ayam%20dan%20Mie%20Bakso%20(MIE%20BARAYA%20PASTEUR)&query_place_id=ChIJpSQQs5jnaC4RjUk62SwW0iQ","Restoran Mie"
"S-Nine (Seblak , Mie Kocok , Hotplate)","4.7","3","Jl. Pahlawan Foodlife No.17","Kota Bandung","Jawa Barat","ID",,"+62 821-1675-3352","Kafe","Restoran Mie","Restoran","Restoran seblak",,,,,"https://www.google.com/maps/search/?api=1&query=S-Nine%20(Seblak%20%2C%20Mie%20Kocok%20%2C%20Hotplate)&query_place_id=ChIJfV3PerrnaC4Rq7hCPYfLXKI","Kafe"
"Madame Sari Restaurant","4.5","1602","Jl. Ir. H. Juanda No.85","Kota Bandung","Jawa Barat","ID",,"+62 811-2222-3693","Restoran Indonesia",,,,,,,,"https://www.google.com/maps/search/?api=1&query=Madame%20Sari%20Restaurant&query_place_id=ChIJj-uhrFHmaC4R1u4otaapK3Y","Restoran Indonesia"
"Mie kocok kang Heru","5","3","Jl. Baladewa Asri No.1c","Kota Bandung","Jawa Barat","ID",,"+62 857-7173-8756","Dapur Umum",,,,,,,,"https://www.google.com/maps/search/?api=1&query=Mie%20kocok%20kang%20Heru&query_place_id=ChIJkZLJGgDnaC4R6Jw2frJBlJg","Dapur Umum"
"Mie Baso & Mie kocok kajojo1945","4.8","14","Jl. Pusdai","Kota Bandung","Jawa Barat","ID",,"+62 878-2131-7267","Restoran Mie",,,,,,,,"https://www.google.com/maps/search/?api=1&query=Mie%20Baso%20%26%20Mie%20kocok%20kajojo1945&query_place_id=ChIJcXWQTYDnaC4RmVEvactwGjQ","Restoran Mie"
"Mie Kocok dan Seblak Ceu idas","4.5","13","Gg. Pesantren Tengah No.123","Kota Bandung","Jawa Barat","ID",,"+62 856-4379-9929","Restoran","Restoran Mie","Restoran seblak",,,,,,"https://www.google.com/maps/search/?api=1&query=Mie%20Kocok%20dan%20Seblak%20Ceu%20idas&query_place_id=ChIJTbfzy_znaC4RMV4-kn4g734","Restoran"
"MIE KOCOK DEN BAGUS","4.9","9","Jl. Cipaganti No.75 G","Kota Bandung","Jawa Barat","ID",,"","Restoran Mie",,,,,,,,"https://www.google.com/maps/search/?api=1&query=MIE%20KOCOK%20DEN%20BAGUS&query_place_id=ChIJlc9xfHnnaC4R5gU_rpP5j94","Restoran Mie"
"Mie Kocok Jayadi (asli kaki sapi)","5","4","Kuliner Gasibu Telkom atas, Gasibu","Kota Bandung","Jawa Barat","ID",,"","Kedai Sarapan & Makan Siang",,,,,,,,"https://www.google.com/maps/search/?api=1&query=Mie%20Kocok%20Jayadi%20(asli%20kaki%20sapi)&query_place_id=ChIJG3SefADnaC4R3LCFh6bsXLQ","Kedai Sarapan & Makan Siang"
"Mie Kocok Abah Nana",,,"3JX3+VXC, Gg. Margalaksana","Kota Bandung","Jawa Barat","ID",,"+62 857-9507-7357","Dapur Umum",,,,,,,,"https://www.google.com/maps/search/?api=1&query=Mie%20Kocok%20Abah%20Nana&query_place_id=ChIJq_A5KgDnaC4Rlp8-V7xq4lA","Dapur Umum"
"Mie Kocok",,,"Jl. Sukajadi No.98","Kota Bandung","Jawa Barat","ID",,"","Restoran Mie",,,,,,,,"https://www.google.com/maps/search/?api=1&query=Mie%20Kocok&query_place_id=ChIJC-FWu2DmaC4REdQ-G-LzbL4","Restoran Mie"
"Mie Kocok 31 Simpang Dago","5","1","Jl. Tubagus Ismail No.1","Kota Bandung","Jawa Barat","ID",,"","Kedai Kopi",,,,,,,,"https://www.google.com/maps/search/?api=1&query=Mie%20Kocok%2031%20Simpang%20Dago&query_place_id=ChIJlTzJLAfnaC4R-LGFMayc74g","Kedai Kopi"
"Mie Kocok Iga","4.5","19","Jalan Karang Tineung No.3A,, Depan Hotel Karang Setra, Kantin Serdadu, Cipedes, Sukajadi","Kota Bandung","Jawa Barat","ID",,"+62 857-9414-5498","Restoran Mie","Restoran cepat saji",,,,,,,"https://www.google.com/maps/search/?api=1&query=Mie%20Kocok%20Iga&query_place_id=ChIJKT19dovmaC4R9PYcUjJDe74","Restoran Mie"
"ANGKRINGAN KIDO","5","5","Sebelum mall pvj, Jl. Sukajadi No.113","Kota Bandung","Jawa Barat","ID",,"+62 812-1483-4661","Toko Makanan",,,,,,,,"https://www.google.com/maps/search/?api=1&query=ANGKRINGAN%20KIDO&query_place_id=ChIJJXKR8kjnaC4RfG_dOAJBkm8","Toko Makanan"
"Angkringan sableng","5","1","pasar cisangkuy","Kota Bandung","Jawa Barat","ID",,"+62 813-5382-3725","Kedai Kopi","Pasar Makanan Segar",,,,,,,"https://www.google.com/maps/search/?api=1&query=Angkringan%20sableng&query_place_id=ChIJz0xRVsbnaC4RFPXDDucvGlQ","Kedai Kopi"
"Mie Kocok Udang","4.5","2","Jl. Cigadung Raya Timur No.42","Kota Bandung","Jawa Barat","ID",,"+62 812-2453-6629","Restoran Mie",,,,,,,,"https://www.google.com/maps/search/?api=1&query=Mie%20Kocok%20Udang&query_place_id=ChIJ70KVH6nnaC4RHjpqGL2VRbI","Restoran Mie"
"Angkringan 78","4.6","36","Jl. Bukit Raya No.293","Kota Bandung","Jawa Barat","ID",,"","Restoran Indonesia",,,,,,,,"https://www.google.com/maps/search/?api=1&query=Angkringan%2078&query_place_id=ChIJefqGy0XnaC4RWpAyo3emQBk","Restoran Indonesia"
"Angkringan Terserah 59","5","3","Jl. Pahlawan No.59","Kota Bandung","Jawa Barat","ID",,"+62 812-1263-7084","Restoran Indonesia",,,,,,,,"https://www.google.com/maps/search/?api=1&query=Angkringan%20Terserah%2059&query_place_id=ChIJE-ykxRfnaC4RerFa34levOs","Restoran Indonesia"
"Angkringan Bako","4.8","36",,"Kota Bandung","Jawa Barat","ID",,"+62 887-0786-3332","Restoran",,,,,,,,"https://www.google.com/maps/search/?api=1&query=Angkringan%20Bako&query_place_id=ChIJ2f_vniThaC4R2Atk0euY87s","Restoran"
"Angkringan Nakula Sadewa 48","5","1","Jl. Bangbayang","Kota Bandung","Jawa Barat","ID","http://instagram.com/angkringan_nasa48","","Kedai Kopi",,,,,,,,"https://www.google.com/maps/search/?api=1&query=Angkringan%20Nakula%20Sadewa%2048&query_place_id=ChIJ9y2c31PnaC4RL9asEWlWSRw","Kedai Kopi"
"Angkringan Nyi Iteung","4.9","8","JL. Pahlawan, Gang Senang Hati No.7","Kota Bandung","Jawa Barat","ID",,"","Kafe",,,,,,,,"https://www.google.com/maps/search/?api=1&query=Angkringan%20Nyi%20Iteung&query_place_id=ChIJ32gEbaXnaC4R-I9NscT0TYI","Kafe"
"Angkringan Imeh - Durian Batox (D'tox)","4.8","8","Jl. Dr. Setiabudi No.189","Kota Bandung","Jawa Barat","ID","http://www.instagram.com/angkringanimeh/","+62 857-2350-5055","Kafe",,,,,,,,"https://www.google.com/maps/search/?api=1&query=Angkringan%20Imeh%20-%20Durian%20Batox%20(D'tox)&query_place_id=ChIJhYFSIb7maC4RqWJlbxcXrno","Kafe"
"Angkringan Sinta","5","4","Jl. Karang Tineung Indah No.1, RT.1/RW.1","Kota Bandung","Jawa Barat","ID",,"+62 888-0638-5860","Kafetaria",,,,,,,,"https://www.google.com/maps/search/?api=1&query=Angkringan%20Sinta&query_place_id=ChIJHb1vjD_naC4R3IXH2bQOUUc","Kafetaria"
"Angkringan Gatel (Gasibu Telkom)","5","2","Jl. Japati No.1","Kota Bandung","Jawa Barat","ID",,"","Restoran",,,,,,,,"https://www.google.com/maps/search/?api=1&query=Angkringan%20Gatel%20(Gasibu%20Telkom)&query_place_id=ChIJiSj31dHnaC4RaoT6vMQNgLU","Restoran"
"Angkringan Bakso Bu Jack","4.5","2","Jl. Ahmad III No.262, RT.03/RW.6","Kota Bandung","Jawa Barat","ID",,"","Restoran Bakso",,,,,,,,"https://www.google.com/maps/search/?api=1&query=Angkringan%20Bakso%20Bu%20Jack&query_place_id=ChIJHWFObmnnaC4RT1FieTzTT4A","Restoran Bakso"
"Angkringan teh Ajeng 89","5","3","Jl. Pasir Impun Atas No.104","Kota Bandung","Jawa Barat","ID",,"+62 896-7134-2480","Kafe",,,,,,,,"https://www.google.com/maps/search/?api=1&query=Angkringan%20teh%20Ajeng%2089&query_place_id=ChIJ83qHqaHdaC4R0DPZS5Rcu_c","Kafe"
"Manggih Angkringan","4.8","5","Jl. Pusdai Gg. Cihaurgeulis No.Samping","Kota Bandung","Jawa Barat","ID",,"","Restoran Indonesia",,,,,,,,"https://www.google.com/maps/search/?api=1&query=Manggih%20Angkringan&query_place_id=ChIJa7kE7jXnaC4RFafqvazlUZw","Restoran Indonesia"
"MARTABAK PECENONGAN 78 1960","2.4","20","4J68+G9W, Jl. Dipati Ukur","Kota Bandung","Jawa Barat","ID",,"","Restoran",,,,,,,,"https://www.google.com/maps/search/?api=1&query=MARTABAK%20PECENONGAN%2078%201960&query_place_id=ChIJ8ZJsav_naC4RfBfZ_TMbcF8","Restoran"
"Martabak Boga Rasa 2 & Rai Raka 88","4.7","12","Jl. Cicabe, RT.03/RW.03","Kota Bandung","Jawa Barat","ID",,"","Toko Makanan",,,,,,,,"https://www.google.com/maps/search/?api=1&query=Martabak%20Boga%20Rasa%202%20%26%20Rai%20Raka%2088&query_place_id=ChIJs6enT6XnaC4RoU9zJrBpQt8","Toko Makanan"
"Martabak Royil ( Sok Titikan Ajig )","5","2","Jl. Dr. Setiabudi No.135","Kota Bandung","Jawa Barat","ID",,"+62 815-7238-8300","Restoran Martabak",,,,,,,,"https://www.google.com/maps/search/?api=1&query=Martabak%20Royil%20(%20Sok%20Titikan%20Ajig%20)&query_place_id=ChIJnVrhltTnaC4RVmtlobnkhFI","Restoran Martabak"
"Angkringan Sunda","4.5","13","Jl. Tubagus Ismail No.79","Kota Bandung","Jawa Barat","ID",,"+62 812-1466-5328","Restoran Sunda","Rumah Makan",,,,,,,"https://www.google.com/maps/search/?api=1&query=Angkringan%20Sunda&query_place_id=ChIJv_RmL6znaC4RxbTbESRL-3k","Restoran Sunda"
"Martabak Ago Bangka","4.8","16","samping dolarasia, Jl. Pasir Kaliki No.239","Kota Bandung","Jawa Barat","ID",,"+62 812-2027-5923","Restoran Martabak",,,,,,,,"https://www.google.com/maps/search/?api=1&query=Martabak%20Ago%20Bangka&query_place_id=ChIJqydp8GfmaC4RNlCDkaU28LE","Restoran Martabak"
"Martabak Jagung Cornelia","4.4","41","Jl. Gegerkalong Hilir No.23","Kota Bandung","Jawa Barat","ID",,"+62 816-603-336","Restoran Martabak",,,,,,,,"https://www.google.com/maps/search/?api=1&query=Martabak%20Jagung%20Cornelia&query_place_id=ChIJqao-gpbmaC4R2AYNgAGe_uI","Restoran Martabak"
"Martabak Telor Mini Mandalika","5","8","Jl. Pak Gatot Raya","Kota Bandung","Jawa Barat","ID","https://www.instagram.com/martabak.mandalika?igsh=djQ3Mmhrczk3amZw","","Restoran",,,,,,,,"https://www.google.com/maps/search/?api=1&query=Martabak%20Telor%20Mini%20Mandalika&query_place_id=ChIJ2fuQVgDnaC4Rr5rqegWKVKE","Restoran"
"Martabak SILEGIT Dago Pojok","4.6","10","Jl. Ir. H. Juanda No.351a","Kota Bandung","Jawa Barat","ID",,"","Restoran Martabak",,,,,,,,"https://www.google.com/maps/search/?api=1&query=Martabak%20SILEGIT%20Dago%20Pojok&query_place_id=ChIJkQPqhIXnaC4R8R78ar7XoxI","Restoran Martabak"
"Martabak Al Yaman","4.5","51","Jl. Sersan Bajuri No.25","Kota Bandung","Jawa Barat","ID",,"+62 852-2547-8689","Restoran Martabak",,,,,,,,"https://www.google.com/maps/search/?api=1&query=Martabak%20Al%20Yaman&query_place_id=ChIJ9aJVTrfmaC4RNQQ4idWah60","Restoran Martabak"
"Martabak Royal Jaya","4.4","278","Jl. Gegerkalong Hilir No.56","Kota Bandung","Jawa Barat","ID",,"","Restoran Martabak",,,,,,,,"https://www.google.com/maps/search/?api=1&query=Martabak%20Royal%20Jaya&query_place_id=ChIJ5bOkq5fmaC4RDRJ4fTKwnhQ","Restoran Martabak"
"Sate Madura CAK IPUN","5","1","3JVP+XVM, Gg. Bunga VII. Jl. Sukarasa, RT.02/RW.12","Kota Bandung","Jawa Barat","ID",,"+62 819-9969-4122","Restoran Sate",,,,,,,,"https://www.google.com/maps/search/?api=1&query=Sate%20Madura%20CAK%20IPUN&query_place_id=ChIJewcHGwDnaC4RNnSwMxHkUPE","Restoran Sate"
"Soto Mascuy Khas Madura","4.7","72","Jl. Sekeloa Utara No.82","Kota Bandung","Jawa Barat","ID",,"+62 852-2220-8161","Restoran Sate","Restoran soto",,,,,,,"https://www.google.com/maps/search/?api=1&query=Soto%20Mascuy%20Khas%20Madura&query_place_id=ChIJ7S6Nfv_maC4Rekr4MxF9e4U","Restoran Sate"
"Martabak Yaman","4.4","26","4J86+RF8, Jl. Cisitu Lama","Kota Bandung","Jawa Barat","ID",,"","Restoran Martabak","Pujasera",,,,,,,"https://www.google.com/maps/search/?api=1&query=Martabak%20Yaman&query_place_id=ChIJCykav_nmaC4Rz0r1CdOccW0","Restoran Martabak"
"MARTABAK MAS ROHIMAN","4.3","38","4J2F+Q6W","Kota Bandung","Jawa Barat","ID",,"+62 895-0305-2319","Restoran Martabak",,,,,,,,"https://www.google.com/maps/search/?api=1&query=MARTABAK%20MAS%20ROHIMAN&query_place_id=ChIJ_7j_o3HnaC4RFW3SZD_e6j8","Restoran Martabak"
"Project Martabak","5","12","Jl. Ir. H. Juanda No.354","Kota Bandung","Jawa Barat","ID",,"+62 852-2222-5079","Restoran",,,,,,,,"https://www.google.com/maps/search/?api=1&query=Project%20Martabak&query_place_id=ChIJp7iJv3vbaC4RatPdrNH1jSM","Restoran"
"Roti Bakar & Martabak Mr.chj, Sukahaji","4.8","40","Jl. Sukahaji No.16","Kota Bandung","Jawa Barat","ID",,"","Toko Roti",,,,,,,,"https://www.google.com/maps/search/?api=1&query=Roti%20Bakar%20%26%20Martabak%20Mr.chj%2C%20Sukahaji&query_place_id=ChIJ7Qgx9J3naC4R41qPGPuwB-s","Toko Roti"
"Martabak mertua setiabudi","4.3","66","Jl. Dr. Setiabudi No.129b","Kota Bandung","Jawa Barat","ID",,"+62 811-2292-961","Toko Makanan Sehat","Restoran",,,,,,,"https://www.google.com/maps/search/?api=1&query=Martabak%20mertua%20setiabudi&query_place_id=ChIJnR9nQJTmaC4RsSzCelhFYoo","Toko Makanan Sehat"
"Martabak Bangka Aspol Sukajadi","3.9","92","Jl. Sukagalih No.52-16","Kota Bandung","Jawa Barat","ID",,"","Toko Roti",,,,,,,,"https://www.google.com/maps/search/?api=1&query=Martabak%20Bangka%20Aspol%20Sukajadi&query_place_id=ChIJ9c8kspPnaC4RAiiqj6Nn0mQ","Toko Roti"
"Sate Ayam dan Kambing Madura Asli","5","3","Jl. Cihampelas No.728","Kota Bandung","Jawa Barat","ID",,"","Restoran Asia",,,,,,,,"https://www.google.com/maps/search/?api=1&query=Sate%20Ayam%20dan%20Kambing%20Madura%20Asli&query_place_id=ChIJI10PME7naC4RNHmg09efBfA","Restoran Asia"
"Sate Madura Itenas","2.8","19","4J2P+MCM, Jl. Khp Hasan Mustopa Sebrang","Kota Bandung","Jawa Barat","ID",,"","Restoran Sate",,,,,,,,"https://www.google.com/maps/search/?api=1&query=Sate%20Madura%20Itenas&query_place_id=ChIJXc-mlkTnaC4Rx1ISKXCSOmI","Restoran Sate"
"Sate Madura Cak Masiri","4.7","177","Jl. Kembang Sapatu","Kota Bandung","Jawa Barat","ID",,"+62 819-1021-4242","Restoran Sate",,,,,,,,"https://www.google.com/maps/search/?api=1&query=Sate%20Madura%20Cak%20Masiri&query_place_id=ChIJeeq2X9LnaC4RR2VV5LANMhc","Restoran Sate"
"Sate Madura H. Jungkir","3.7","18","4J35+VMV","Kota Bandung","Jawa Barat","ID",,"+62 895-3313-76908","Restoran Sate",,,,,,,,"https://www.google.com/maps/search/?api=1&query=Sate%20Madura%20H.%20Jungkir&query_place_id=ChIJt0uCANjnaC4R9Nq2H2j4iYY","Restoran Sate"
"Sate Madura Cap Noni","4.8","6","4J2F+P62, Jl. Tilil","Kota Bandung","Jawa Barat","ID",,"","Restoran Sate","Rumah Makan",,,,,,,"https://www.google.com/maps/search/?api=1&query=Sate%20Madura%20Cap%20Noni&query_place_id=ChIJG6ZvYq_naC4RA8y1BzZ8cBk","Restoran Sate"
"Sate Madura, Pasar Sederhana","4.6","11","Jl. Jurang No.1","Kota Bandung","Jawa Barat","ID",,"","Restoran Sate",,,,,,,,"https://www.google.com/maps/search/?api=1&query=Sate%20Madura%2C%20Pasar%20Sederhana&query_place_id=ChIJX5nSTl7maC4RXFzARgOXPNY","Restoran Sate"
"Sate Madura pamoyanan","4.9","21","Jl. Dursasana No.16","Kota Bandung","Jawa Barat","ID",,"+62 817-628-895","Restoran Sate",,,,,,,,"https://www.google.com/maps/search/?api=1&query=Sate%20Madura%20pamoyanan&query_place_id=ChIJUTStPGrmaC4RnrmiauSWRfA","Restoran Sate"
"Sate Madura PAK AMIR","4.8","10","Jl. Cigadung Raya Barat No.149","Kota Bandung","Jawa Barat","ID",,"+62 878-5320-9404","Restoran Indonesia",,,,,,,,"https://www.google.com/maps/search/?api=1&query=Sate%20Madura%20PAK%20AMIR&query_place_id=ChIJ38zQB-bnaC4RBPDH4c2ZuYc","Restoran Indonesia"
"Sate Madura Mas Niram, Melania","4.4","8","Jl. Melania No.5","Kota Bandung","Jawa Barat","ID",,"+62 838-5029-3590","Restoran Sate",,,,,,,,"https://www.google.com/maps/search/?api=1&query=Sate%20Madura%20Mas%20Niram%2C%20Melania&query_place_id=ChIJi6O3yx7naC4RkXRnqLLjJbQ","Restoran Sate"
"SATE MADURA MANALAGI","4.9","14","jl. cikutra, terusan Jl. Citra Green Garden No.16, RT.3/RW.5","Kota Bandung","Jawa Barat","ID",,"","Restoran Sate","Pusat jajanan kaki lima",,,,,,,"https://www.google.com/maps/search/?api=1&query=SATE%20MADURA%20MANALAGI&query_place_id=ChIJKRNBFVrnaC4RmZ4I6XAM42U","Restoran Sate"
"Sate Madura cak mamat","4.5","86","4JM4+V76","Kota Bandung","Jawa Barat","ID",,"","Restoran Sate",,,,,,,,"https://www.google.com/maps/search/?api=1&query=Sate%20Madura%20cak%20mamat&query_place_id=ChIJR6_yZMLmaC4RKiwrwl7ZyXU","Restoran Sate"
"SATE MADURA CAK NUR, MASKUMAMBANG","4.5","238","Jl. Maskumambang","Kota Bandung","Jawa Barat","ID","https://gofood.co.id/bandung/restaurant/sate-madura-cak-nur-maskumambang-34fef0cf-c38c-498c-97db-3af1cec2d457","+62 817-628-296","Restoran Sate","Restoran Soto Ayam",,,,,,,"https://www.google.com/maps/search/?api=1&query=SATE%20MADURA%20CAK%20NUR%2C%20MASKUMAMBANG&query_place_id=ChIJKYsnD3zoaC4RWk9wlTUiVSM","Restoran Sate"
"Cuanki Sahabat","4.9","8","Jl. Pajajaran No.46","Kota Bandung","Jawa Barat","ID",,"","Restoran",,,,,,,,"https://www.google.com/maps/search/?api=1&query=Cuanki%20Sahabat&query_place_id=ChIJKVycOH7naC4R12jxVPk_Ea4","Restoran"
"Jajanan Cuanki Lesehan","4.5","24","Jl. Diponegoro No.63","Kota Bandung","Jawa Barat","ID",,"+62 823-2188-4226","Kedai Sarapan & Makan Siang","Warung Makanan Kecil",,,,,,,"https://www.google.com/maps/search/?api=1&query=Jajanan%20Cuanki%20Lesehan&query_place_id=ChIJ42uVGo3naC4RBFWuvo_QCtA","Kedai Sarapan & Makan Siang"
"Sate Madura Cendana","4.6","167","Jl. Asep Berlian Gg. Ampera No.16B","Kota Bandung","Jawa Barat","ID",,"+62 813-1261-8597","Restoran Sate",,,,,,,,"https://www.google.com/maps/search/?api=1&query=Sate%20Madura%20Cendana&query_place_id=ChIJQdS6ycnnaC4Rvcz4UmApqXw","Restoran Sate"
"Cuanki 9","5","1","Jl. Menara Air 3 No.9","Kota Bandung","Jawa Barat","ID",,"+62 813-2112-1131","Restoran Indonesia",,,,,,,,"https://www.google.com/maps/search/?api=1&query=Cuanki%209&query_place_id=ChIJ3zNNCwDnaC4RErEcylKoupg","Restoran Indonesia"
"Bakso Yamin & Cuanki Bandung","5","7","Jl. Cisokan No.13","Kota Bandung","Jawa Barat","ID",,"","Restoran Bakso",,,,,,,,"https://www.google.com/maps/search/?api=1&query=Bakso%20Yamin%20%26%20Cuanki%20Bandung&query_place_id=ChIJ1-kedynnaC4RDJrKef42tPI","Restoran Bakso"
"Cuanki Pusdai Bandung","3.8","28","3JXC+J55, Jl. Diponegoro","Kota Bandung","Jawa Barat","ID",,"","Restoran Bakso",,,,,,,,"https://www.google.com/maps/search/?api=1&query=Cuanki%20Pusdai%20Bandung&query_place_id=ChIJZegUr53naC4RgXC8ilu12uo","Restoran Bakso"
"Cuanki Otten","4.3","26","Jl. Dr. Otten No.1","Kota Bandung","Jawa Barat","ID","https://instagram.com/cuankiotten?igshid=ermymxqek26r","+62 813-8130-2561","Pujasera",,,,,,,,"https://www.google.com/maps/search/?api=1&query=Cuanki%20Otten&query_place_id=ChIJw6Qx8SjnaC4RCpROxHESi7M","Pujasera"
"Sate Madura H. Muchtar","4.2","59","Gg. Banteng No.25-35","Kota Bandung","Jawa Barat","ID",,"+62 821-4454-9000","Restoran",,,,,,,,"https://www.google.com/maps/search/?api=1&query=Sate%20Madura%20H.%20Muchtar&query_place_id=ChIJP4ySpJrnaC4R3LsX1mPhES8","Restoran"
"Cuanki Tjendana Bandung","4.6","453","Jl. Gatot Subroto No.77","Kota Bandung","Jawa Barat","ID","https://www.cuankitjendana.com/","+62 813-1285-5904","Produsen makanan",,,,,,,,"https://www.google.com/maps/search/?api=1&query=Cuanki%20Tjendana%20Bandung&query_place_id=ChIJb65Wy8fnaC4RcUbUwnadYTs","Produsen makanan"
"Tjuankie Stasion","4.6","1756","Jl. Kebon Kawung No.6","Kota Bandung","Jawa Barat","ID",,"+62 878-8046-0279","Restoran Bakso",,,,,,,,"https://www.google.com/maps/search/?api=1&query=Tjuankie%20Stasion&query_place_id=ChIJxz1VkADnaC4RT4C6Y_u6sRA","Restoran Bakso"
"Bakso Cuanki Serayu Cab. Mangga","4.5","1909","Jl. Mangga No.24","Kota Bandung","Jawa Barat","ID",,"+62 812-2163-6600","Restoran Bakso",,,,,,,,"https://www.google.com/maps/search/?api=1&query=Bakso%20Cuanki%20Serayu%20Cab.%20Mangga&query_place_id=ChIJgzOr0M7naC4R1GfFeTSQfWg","Restoran Bakso"
"Bakmie & Cuanki Kita 88","5","24","Jl. Teuku Umar","Kota Bandung","Jawa Barat","ID",,"+62 896-5512-2256","Restoran",,,,,,,,"https://www.google.com/maps/search/?api=1&query=Bakmie%20%26%20Cuanki%20Kita%2088&query_place_id=ChIJX9DXQ7bnaC4RLDQI-vUYnf0","Restoran"
"Cuanki 24jam","4.2","306","Jl. Sederhana No.9, RW.35","Kota Bandung","Jawa Barat","ID",,"+62 816-1508-4975","Restoran",,,,,,,,"https://www.google.com/maps/search/?api=1&query=Cuanki%2024jam&query_place_id=ChIJL9wg3a3naC4RB_MYdL6gXCE","Restoran"
"Angkringan MEGA 99","5","7","Jl. Cikutra No.152","Kota Bandung","Jawa Barat","ID",,"","Kedai Kopi",,,,,,,,"https://www.google.com/maps/search/?api=1&query=Angkringan%20MEGA%2099&query_place_id=ChIJQwzVF4vnaC4R4Qj32tfEKtk","Kedai Kopi"
"Angkringan BonBin","5","6","Jl. Tamansari No.17","Kota Bandung","Jawa Barat","ID",,"+62 813-2445-2458","Restoran",,,,,,,,"https://www.google.com/maps/search/?api=1&query=Angkringan%20BonBin&query_place_id=ChIJHYRuNzfnaC4RfYJd7QMscow","Restoran"
"ANGKRINGAN DONNY PUSDAI","5","3","3JXF+JWP, Jl. Diponegoro","Kota Bandung","Jawa Barat","ID",,"","Kedai Kopi",,,,,,,,"https://www.google.com/maps/search/?api=1&query=ANGKRINGAN%20DONNY%20PUSDAI&query_place_id=ChIJx1EkZgDnaC4RCOfZ2Cf6zas","Kedai Kopi"
"Cuanki AA","4.7","30","Jl. Ranggamalela","Kota Bandung","Jawa Barat","ID",,"+62 813-1229-440","Restoran",,,,,,,,"https://www.google.com/maps/search/?api=1&query=Cuanki%20AA&query_place_id=ChIJLUySEKrnaC4RzslhRAvO79s","Restoran"
"Cuanki Wildan","4.5","160","Jl. Sirnasari No.7","Kota Bandung","Jawa Barat","ID",,"+62 853-1584-7234","Restoran",,,,,,,,"https://www.google.com/maps/search/?api=1&query=Cuanki%20Wildan&query_place_id=ChIJV-8ILo3maC4RbSlWkjmd7r4","Restoran"
"Cuanki Pangeran","4.9","36","Jl. Batik Jonas No.1","Kota Bandung","Jawa Barat","ID",,"","Restoran Bakso",,,,,,,,"https://www.google.com/maps/search/?api=1&query=Cuanki%20Pangeran&query_place_id=ChIJXWnPWgDnaC4R02d65yBtQPI","Restoran Bakso"
"Cuanki CLBK","4.9","52","Belakang SD Sejahtera, Jl. Senang No.28/35 A, RT.04/RW.09","Kota Bandung","Jawa Barat","ID","http://instagram.com/cuanki_clbk","+62 812-2927-4157","Toko makanan beku",,,,,,,,"https://www.google.com/maps/search/?api=1&query=Cuanki%20CLBK&query_place_id=ChIJ1wIpN1zmaC4RPGTl4hcu6UM","Toko makanan beku"
"Angkringan & Kue Balok Ibu Imas","4.7","9","Jl. Kanayakan Baru No.40A","Kota Bandung","Jawa Barat","ID",,"+62 855-5942-6708","Kedai Kopi",,,,,,,,"https://www.google.com/maps/search/?api=1&query=Angkringan%20%26%20Kue%20Balok%20Ibu%20Imas&query_place_id=ChIJUcxsX4nnaC4R-sVDjThPrBc","Kedai Kopi"
"Angkringan Omah Ayam Geprek Mihaw","4.8","4","Jl. Sastra","Kota Bandung","Jawa Barat","ID",,"+62 818-0908-4428","Restoran Masakan Ayam",,,,,,,,"https://www.google.com/maps/search/?api=1&query=Angkringan%20Omah%20Ayam%20Geprek%20Mihaw&query_place_id=ChIJub_N_DrnaC4Rs45lVTDKhHM","Restoran Masakan Ayam"
"Angkringan Om Senang","5","5","Jl. Pahlawan","Kota Bandung","Jawa Barat","ID","https://instagram.com/angkringan_omsenang?igshid=YmMyMTA2M2Y=","+62 896-9427-1088","Kedai Kopi",,,,,,,,"https://www.google.com/maps/search/?api=1&query=Angkringan%20Om%20Senang&query_place_id=ChIJcToZgt_naC4R6-duEFsPUnc","Kedai Kopi"
"Cuanki Berkah Djaya","4.7","147","Jl. Bali No.15","Kota Bandung","Jawa Barat","ID","https://www.instagram.com/berkah.djaya/","+62 821-2965-1129","Restoran Bakso",,,,,,,,"https://www.google.com/maps/search/?api=1&query=Cuanki%20Berkah%20Djaya&query_place_id=ChIJCSKVNADnaC4RyLPsUgHP_C8","Restoran Bakso"
"Angkringan KODRIGER (KETOPRAK CREBON)","5","4","Jl. Geger Arum I No.1","Kota Bandung","Jawa Barat","ID",,"","Pujasera",,,,,,,,"https://www.google.com/maps/search/?api=1&query=Angkringan%20KODRIGER%20(KETOPRAK%20CREBON)&query_place_id=ChIJUaNTQLvmaC4RXMqyqV2uI4c","Pujasera"
"Angkringan dago 44","5","5","4JF9+F9P","Kota Bandung","Jawa Barat","ID",,"+62 819-2929-2969","Kedai Sarapan",,,,,,,,"https://www.google.com/maps/search/?api=1&query=Angkringan%20dago%2044&query_place_id=ChIJmWerx8znaC4RTxkp6XgUYc8","Kedai Sarapan"
"Mie Kocok Kaki Sapi Asli Pak Rosid","4","2","Gedung Cipaganti","Kota Bandung","Jawa Barat","ID",,"+62 856-2488-3285","Restoran Mie",,,,,,,,"https://www.google.com/maps/search/?api=1&query=Mie%20Kocok%20Kaki%20Sapi%20Asli%20Pak%20Rosid&query_place_id=ChIJ6f3mUnvmaC4RknG9RyiPbao","Restoran Mie"
"Angkringan Ampirono","5","94","Jl. Rereongan Sarupi No.25","Kota Bandung","Jawa Barat","ID",,"+62 878-4664-9931","Rumah Makan",,,,,,,,"https://www.google.com/maps/search/?api=1&query=Angkringan%20Ampirono&query_place_id=ChIJdTLi7s3naC4RfE5eqt8KUhQ","Rumah Makan"
"MIE KOCOK MANG DODO UBAR LAPAR UBAR JANGAR LANGSUNG CENGHAR","4.8","17","Samping Rm Raja Sunda, Jl Terusan","Kota Bandung","Jawa Barat","ID",,"+62 858-8810-3965","Restoran Mie",,,,,,,,"https://www.google.com/maps/search/?api=1&query=MIE%20KOCOK%20MANG%20DODO%20UBAR%20LAPAR%20UBAR%20JANGAR%20LANGSUNG%20CENGHAR&query_place_id=ChIJcynEGwnnaC4RgEHO0-sznkw","Restoran Mie"
"Angkringan Mas Jo","4.6","1046","Jl. Gelap Nyawang No.3","Kota Bandung","Jawa Barat","ID",,"+62 822-1918-7723","Restoran Jawa",,,,,,,,"https://www.google.com/maps/search/?api=1&query=Angkringan%20Mas%20Jo&query_place_id=ChIJc03AhlrmaC4R9Oh0I8w3Hkw","Restoran Jawa"
"Mie Kocok dan Bakso SUGEMA","5","6","Jl. Ciumbuleuit No.169","Kota Bandung","Jawa Barat","ID",,"","Restoran Bakso",,,,,,,,"https://www.google.com/maps/search/?api=1&query=Mie%20Kocok%20dan%20Bakso%20SUGEMA&query_place_id=ChIJI146LQDnaC4RAYI4-OOiS90","Restoran Bakso"
"Angkringan mahad bani sulaiman","5","1","4JM8+2CG, Jl. Dago Pojok Tanggulan Cikalapa 2","Kota Bandung","Jawa Barat","ID","https://bit.ly/4lNolHw","","Dapur Umum",,,,,,,,"https://www.google.com/maps/search/?api=1&query=Angkringan%20mahad%20bani%20sulaiman&query_place_id=ChIJpS1_VgDnaC4RikNuE2K_NuQ","Dapur Umum"
"Baso & mie kocok Teh Dd",,,"Jl. Sindanglaya No.60, RT.01/RW.11","Kota Bandung","Jawa Barat","ID",,"+62 821-1559-4706","Pujasera",,,,,,,,"https://www.google.com/maps/search/?api=1&query=Baso%20%26%20mie%20kocok%20Teh%20Dd&query_place_id=ChIJ8f7K-WHdaC4R1sSZ3wahUTQ","Pujasera"
"MIE KOCOK SANGUAN (MKS)","5","1","Jl. Raya Lembang No.8","Kabupaten Bandung Barat","Jawa Barat","ID",,"+62 877-8276-6157","Kedai Sarapan & Makan Siang",,,,,,,,"https://www.google.com/maps/search/?api=1&query=MIE%20KOCOK%20SANGUAN%20(MKS)&query_place_id=ChIJh7boGXfhaC4RcB476HK2TTw","Kedai Sarapan & Makan Siang"
"Mie Kocok Pak Broto","4.6","22","Area Pujasera Borma Setiabudhi, Pertokoan Borma, Jl. Dr. Setiabudi","Kota Bandung","Jawa Barat","ID",,"+62 895-0802-7111","Pujasera",,,,,,,,"https://www.google.com/maps/search/?api=1&query=Mie%20Kocok%20Pak%20Broto&query_place_id=ChIJs1p9GJPmaC4RIttFeUOH_9Q","Pujasera"
"Mie Kocok Kebon Jukut The Kiosk Setiabudi","4.3","75","Jl. Dr. Setiabudi No.46","Kota Bandung","Jawa Barat","ID",,"+62 828-1909-8336","Restoran Mie","Pujasera",,,,,,,"https://www.google.com/maps/search/?api=1&query=Mie%20Kocok%20Kebon%20Jukut%20The%20Kiosk%20Setiabudi&query_place_id=ChIJe8T3AbnmaC4RrRfnLJFpM9c","Restoran Mie"
"Martabak Bangka Kubang Syamsir","4","19","Jl. Pahlawan No.27","Kota Bandung","Jawa Barat","ID",,"","Restoran Martabak",,,,,,,,"https://www.google.com/maps/search/?api=1&query=Martabak%20Bangka%20Kubang%20Syamsir&query_place_id=ChIJLUEIh7rnaC4RGSW9D8VdtEU","Restoran Martabak"
"Martabak BORMART ( BOROBUDUR MARTABAK )","4.4","84","Jl. Dr. Setiabudi No.150","Kota Bandung","Jawa Barat","ID",,"+62 816-4871-104","Restoran Martabak",,,,,,,,"https://www.google.com/maps/search/?api=1&query=Martabak%20BORMART%20(%20BOROBUDUR%20MARTABAK%20)&query_place_id=ChIJJTfZEJPmaC4RPOZ39MUISt8","Restoran Martabak"
"Mie Kocok Bandung Sahabat","4","85","Jl. Dr. Djunjunan No.45","Kota Bandung","Jawa Barat","ID",,"+62 821-1902-6333","Restoran Mie",,,,,,,,"https://www.google.com/maps/search/?api=1&query=Mie%20Kocok%20Bandung%20Sahabat&query_place_id=ChIJS9lmA2bmaC4RUVHMiGoZEhY","Restoran Mie"
"Mie Baso - Mie Kocok Campur Tetelan Pak Wawan","4.4","215","Jl. Dr. Setiabudi No.170J","Kota Bandung","Jawa Barat","ID",,"+62 895-3806-20805","Restoran Bakso","Restoran Mie",,,,,,,"https://www.google.com/maps/search/?api=1&query=Mie%20Baso%20-%20Mie%20Kocok%20Campur%20Tetelan%20Pak%20Wawan&query_place_id=ChIJk-OOgJPmaC4ReyzN5jGfPrY","Restoran Bakso"
"Mie kocok cihampelas","2.7","6","Jl. Cihampelas No.142","Kota Bandung","Jawa Barat","ID",,"","Restoran",,,,,,,,"https://www.google.com/maps/search/?api=1&query=Mie%20kocok%20cihampelas&query_place_id=ChIJ4Zle5lLnaC4RLlU0HnjRoEw","Restoran"
"Martabak Mini 17 Hokky","5","13","Jl. Sersan Surip No.1","Kota Bandung","Jawa Barat","ID","https://www.carikulinerindonesia.com/#martabak-hokky-jlsersan-surip-keccidadap_Rys61koPVA2f53S4c8cjNQ.html","+62 882-9345-9337","Restoran Martabak",,,,,,,,"https://www.google.com/maps/search/?api=1&query=Martabak%20Mini%2017%20Hokky&query_place_id=ChIJSzmKDN7naC4Re-oDr9eeQ5o","Restoran Martabak"
"Kursus martabak bandung","3","1","Jl. Cikapayang No.18","Kota Bandung","Jawa Barat","ID",,"+62 877-2400-2216","Kursus",,,,,,,,"https://www.google.com/maps/search/?api=1&query=Kursus%20martabak%20bandung&query_place_id=ChIJH0ekQLznaC4Rlq4FvRbvbyE","Kursus"
"Martabak lezat Group Bandung","4.5","153","Jl. Gegerkalong Girang No.31","Kota Bandung","Jawa Barat","ID",,"+62 821-2691-0881","Restoran Martabak",,,,,,,,"https://www.google.com/maps/search/?api=1&query=Martabak%20lezat%20Group%20Bandung&query_place_id=ChIJMUX5gL7maC4RKrl-B2Qpy_A","Restoran Martabak"
"ALAY (Angkringan Lele dan Ayam)","5","7","Jl. Padasuka No.71","Kota Bandung","Jawa Barat","ID",,"+62 878-2573-2242","Rumah Makan",,,,,,,,"https://www.google.com/maps/search/?api=1&query=ALAY%20(Angkringan%20Lele%20dan%20Ayam)&query_place_id=ChIJc149b4DnaC4R6BabTNgubHA","Rumah Makan"
"Angkringan Coey","5","2","Jl.Pahlawan G No.37","Kota Bandung","Jawa Barat","ID","https://instagram.com/kringcoey?utm_medium=copy_link","+62 878-0318-4760","Kafe",,,,,,,,"https://www.google.com/maps/search/?api=1&query=Angkringan%20Coey&query_place_id=ChIJm-eEDGDnaC4RPeVTkWKY0fE","Kafe"
"Kopi kotecha","4.5","8","Gg. Reumatengah no. 62a Rt 004/019","Kota Bandung","Jawa Barat","ID","https://www.instagram.com/kemitraan_kopi_kotecha?igsh=N3V1dDJybmh3MHYw","+62 896-1361-6048","Toko kopi","Kedai Kopi","Grosir Kopi",,,,,,"https://www.google.com/maps/search/?api=1&query=Kopi%20kotecha&query_place_id=ChIJYboluQ3naC4RvBkLmIsGP_w","Toko kopi"
"Martabak Al Khalid","4.9","242","Jl. Gegerkalong Girang No.78","Kota Bandung","Jawa Barat","ID",,"+62 859-7453-9607","Restoran Martabak",,,,,,,,"https://www.google.com/maps/search/?api=1&query=Martabak%20Al%20Khalid&query_place_id=ChIJ8-dnyVbnaC4R0MZmagFOIiA","Restoran Martabak"
"Angkringan Depok Bandung","5","2","Jl. Depok VII No.6","Kota Bandung","Jawa Barat","ID","https://gofood.link/a/xKSThoy","+62 851-0299-7676","Restoran",,,,,,,,"https://www.google.com/maps/search/?api=1&query=Angkringan%20Depok%20Bandung&query_place_id=ChIJsWPQ0O_naC4RnrgYc5OnJV0","Restoran"
"Angkringan Jarwo","5","4","Jl. Rereng Wulung No.26","Kota Bandung","Jawa Barat","ID",,"+62 812-3911-6536","Restoran Makanan Sehat","Restoran Indonesia",,,,,,,"https://www.google.com/maps/search/?api=1&query=Angkringan%20Jarwo&query_place_id=ChIJH2lGxA_naC4RBBhT3k3MAI0","Restoran Makanan Sehat"
"Angkringan Baeli ( Muararajeun )","5","4","Jl. Muararajeun Lama IV","Kota Bandung","Jawa Barat","ID",,"","Warung Makanan Kecil",,,,,,,,"https://www.google.com/maps/search/?api=1&query=Angkringan%20Baeli%20(%20Muararajeun%20)&query_place_id=ChIJbRAOI77naC4RD-2rKLEnUH8","Warung Makanan Kecil"
"Angkringan Menak Djinggo","5","10","Jl. Bengawan No.56","Kota Bandung","Jawa Barat","ID",,"+62 812-8954-6720","Restoran",,,,,,,,"https://www.google.com/maps/search/?api=1&query=Angkringan%20Menak%20Djinggo&query_place_id=ChIJx3AOf03naC4R-npQaMNzCfw","Restoran"
"Angkringan Jogja","4.5","96","Jl. Cibatu Raya No.45","Kota Bandung","Jawa Barat","ID",,"+62 896-8811-4678","Restoran Jawa","Rumah Makan",,,,,,,"https://www.google.com/maps/search/?api=1&query=Angkringan%20Jogja&query_place_id=ChIJUVzH6fnnaC4R71btd7q8-Gw","Restoran Jawa"
"Angkringan Jogja Doniteni","4.5","33","Jl. Cikutra Barat No.117","Kota Bandung","Jawa Barat","ID",,"+62 812-2320-7880","Restoran",,,,,,,,"https://www.google.com/maps/search/?api=1&query=Angkringan%20Jogja%20Doniteni&query_place_id=ChIJM1c0_unnaC4RBKwQoFWTPa4","Restoran"
"Angkringan Cisitu","4.4","443","Jl. Cisitu Indah 2 No.18","Kota Bandung","Jawa Barat","ID",,"","Restoran cepat saji",,,,,,,,"https://www.google.com/maps/search/?api=1&query=Angkringan%20Cisitu&query_place_id=ChIJDbwwMuXmaC4RgC1soAlYplg","Restoran cepat saji"
"Angkringan Myday","5","22","Jl. Cikadut No.55","Kota Bandung","Jawa Barat","ID",,"","Kafe",,,,,,,,"https://www.google.com/maps/search/?api=1&query=Angkringan%20Myday&query_place_id=ChIJH4GL-3LnaC4R32H85t0C34A","Kafe"
"Angkringan Teteh Bandung","4.4","263","Jl. Braga No.18A","Kota Bandung","Jawa Barat","ID","https://instagram.com/angte.bdg?igshid=swqza4xmh8us","+62 858-6005-5903","Restoran Jawa",,,,,,,,"https://www.google.com/maps/search/?api=1&query=Angkringan%20Teteh%20Bandung&query_place_id=ChIJ5xK30TDnaC4RIRYxKwQRMBE","Restoran Jawa"
"Angkringan Bandung Lapar","5","10","Jl. Brigadir Jend. Katamso No.07","Kota Bandung","Jawa Barat","ID",,"+62 821-2193-3974","Kedai Kopi",,,,,,,,"https://www.google.com/maps/search/?api=1&query=Angkringan%20Bandung%20Lapar&query_place_id=ChIJ21mRm1DnaC4RWg29VAAkcfc","Kedai Kopi"
"Martabak JAYARASA","4.9","23","Jl. Gagak No.151","Kota Bandung","Jawa Barat","ID",,"+62 896-7832-2262","Restoran Martabak",,,,,,,,"https://www.google.com/maps/search/?api=1&query=Martabak%20JAYARASA&query_place_id=ChIJKwmLKBrnaC4Rjs0kRVi1E1A","Restoran Martabak"
"Angkringan Scooter","4.4","263","Jl. Veteran No.74","Kota Bandung","Jawa Barat","ID",,"","Restoran Indonesia",,,,,,,,"https://www.google.com/maps/search/?api=1&query=Angkringan%20Scooter&query_place_id=ChIJOVK6VizmaC4RryS4T-MgFH4","Restoran Indonesia"
"Martabak Boga Sari Rasa","4","51","Jl. Kidang Pananjung No.2","Kota Bandung","Jawa Barat","ID",,"+62 896-5010-7281","Restoran Martabak","Pujasera",,,,,,,"https://www.google.com/maps/search/?api=1&query=Martabak%20Boga%20Sari%20Rasa&query_place_id=ChIJrxygIvnmaC4RHZovxHrVpmE","Restoran Martabak"
"Martabak Cihampelas","4.4","31","Jl. Cihampelas No.232","Kota Bandung","Jawa Barat","ID",,"+62 821-3300-3376","Restoran Martabak",,,,,,,,"https://www.google.com/maps/search/?api=1&query=Martabak%20Cihampelas&query_place_id=ChIJv5VsyljmaC4Re33uvcK-ZxY","Restoran Martabak"
"Martabak Bangka Terang Bulan","4.6","12","Jl. Cibeunying Kolot No.2","Kota Bandung","Jawa Barat","ID",,"+62 853-1811-4561","Restoran",,,,,,,,"https://www.google.com/maps/search/?api=1&query=Martabak%20Bangka%20Terang%20Bulan&query_place_id=ChIJNZIXH6nnaC4RiIXyzjAKOWY","Restoran"
"Martabak Kejora Top Bandung","4.2","16","Jl. Khp Hasan Mustopa No.178","Kota Bandung","Jawa Barat","ID",,"","Restoran Martabak",,,,,,,,"https://www.google.com/maps/search/?api=1&query=Martabak%20Kejora%20Top%20Bandung&query_place_id=ChIJQVQULpTnaC4RWj5iWGN7IzQ","Restoran Martabak"
"Martabak Bangka @mey","4.5","33","Jl. Padasuka No.134A","Kota Bandung","Jawa Barat","ID",,"+62 857-9647-4307","Restoran Martabak",,,,,,,,"https://www.google.com/maps/search/?api=1&query=Martabak%20Bangka%20%40mey&query_place_id=ChIJoV3UyZrnaC4R5Hr5j3--kE0","Restoran Martabak"
"Martabak Bangka Syamsir Kubang Asli","4.1","14","Jl. Cikutra Barat No.63","Kota Bandung","Jawa Barat","ID",,"","Restoran Martabak",,,,,,,,"https://www.google.com/maps/search/?api=1&query=Martabak%20Bangka%20Syamsir%20Kubang%20Asli&query_place_id=ChIJ26ZjJK_naC4RyyfSrrXNWsw","Restoran Martabak"
"Angkringan 267 Cijerah Bandung","4.6","280","Jl. Raya Cijerah No.267","Kota Bandung","Jawa Barat","ID",,"+62 813-2000-6698","Restoran Indonesia",,,,,,,,"https://www.google.com/maps/search/?api=1&query=Angkringan%20267%20Cijerah%20Bandung&query_place_id=ChIJOXzVFRjlaC4R8UgFC5jlXlc","Restoran Indonesia"
"Martabak Abadi","5","11","Jl. Ranca Bulan No.137","Kota Bandung","Jawa Barat","ID",,"+62 819-5959-6734","Restoran Martabak","Restoran",,,,,,,"https://www.google.com/maps/search/?api=1&query=Martabak%20Abadi&query_place_id=ChIJ59yhRgDnaC4R4GcCK5SlDqE","Restoran Martabak"
"Martabak boga sari rasa 02","4.6","13","Jl. Supratman No.104","Kota Bandung","Jawa Barat","ID",,"+62 857-9700-7116","Restoran Martabak",,,,,,,,"https://www.google.com/maps/search/?api=1&query=Martabak%20boga%20sari%20rasa%2002&query_place_id=ChIJH6yyMADnaC4R4eQAoBSu2YU","Restoran Martabak"
"COFFEE ANGKRINGAN Lesehan","4.2","23","Jl. A. Yani No.261","Kota Bandung","Jawa Barat","ID",,"+62 895-1018-7622","Kafe",,,,,,,,"https://www.google.com/maps/search/?api=1&query=COFFEE%20ANGKRINGAN%20Lesehan&query_place_id=ChIJIZIXXUbnaC4RqB-gK85UEiI","Kafe"
"martabak parahyangan top bandung","4.3","10","4J2F+V8G, Jl. Puyuh","Kota Bandung","Jawa Barat","ID",,"+62 856-2483-3404","Restoran Martabak",,,,,,,,"https://www.google.com/maps/search/?api=1&query=martabak%20parahyangan%20top%20bandung&query_place_id=ChIJ-70fgrfnaC4Rprm9vtA2pmo","Restoran Martabak"
"Martabak Lima 91","5","24","Jl. Ir. H. Juanda No.312","Kota Bandung","Jawa Barat","ID",,"+62 821-2137-2484","Toko Roti",,,,,,,,"https://www.google.com/maps/search/?api=1&query=Martabak%20Lima%2091&query_place_id=ChIJF3U9szHnaC4RD-TYwtdReno","Toko Roti"
"Martabak Lucky","4.7","54","4J35+5VJ, Jl. Tamansari","Kota Bandung","Jawa Barat","ID",,"+62 857-2117-0908","Restoran Martabak",,,,,,,,"https://www.google.com/maps/search/?api=1&query=Martabak%20Lucky&query_place_id=ChIJ2ZEmq1rmaC4RFtH1g8gCFuo","Restoran Martabak"
"Martabak Pizza Orins Bandung","4.6","245","Graha Visi, Jalan Dipatiukur No. 68, B No.3 lt. 1","Kota Bandung","Jawa Barat","ID","https://www.martabakpizzaorins.com/","+62 822-1333-0404","Restoran Martabak","Toko kopi",,,,,,,"https://www.google.com/maps/search/?api=1&query=Martabak%20Pizza%20Orins%20Bandung&query_place_id=ChIJG9ENZMTnaC4RN-vqu-rzeYc","Restoran Martabak"
"Martabak Lucky","4.7","70","Jl. Cigadung Selatan No.73","Kota Bandung","Jawa Barat","ID",,"","Restoran Martabak",,,,,,,,"https://www.google.com/maps/search/?api=1&query=Martabak%20Lucky&query_place_id=ChIJ25N4PAHnaC4RA285zGSsKpk","Restoran Martabak"
"MARTABAK ARMADA KRY","4.5","11","Jl. Ir. H. Juanda No.322","Kota Bandung","Jawa Barat","ID",,"+62 813-8003-6456","Restoran Martabak",,,,,,,,"https://www.google.com/maps/search/?api=1&query=MARTABAK%20ARMADA%20KRY&query_place_id=ChIJHzffYG3naC4R4tG8rbWHZN0","Restoran Martabak"
"Mie Kocok Karapitan","4.5","1215","Belakang Jl. Karapitan No.90","Kota Bandung","Jawa Barat","ID","https://instagram.com/miekocokkarapitan88?igshid=OGQ5ZDc2ODk2ZA==","+62 22 4208284","Restoran Mie","Restoran",,,,,,,"https://www.google.com/maps/search/?api=1&query=Mie%20Kocok%20Karapitan&query_place_id=ChIJ0U4GHILoaC4RrHHeXQ5SZVE","Restoran Mie"
"Martabak Pizza Orins Riau (Bandung)","4.9","90","Jl. L. L. R.E. Martadinata No.59","Kota Bandung","Jawa Barat","ID","https://martabakpizzaorins.com/","+62 822-1333-0404","Restoran Martabak",,,,,,,,"https://www.google.com/maps/search/?api=1&query=Martabak%20Pizza%20Orins%20Riau%20(Bandung)&query_place_id=ChIJ0aLvwkrnaC4RrcpGBswsd2k","Restoran Martabak"
"Mie Kocok Spesial OJO LALI Cikutra","4.3","6","Jl. Cikutra No.126","Kota Bandung","Jawa Barat","ID",,"+62 878-2207-4192","Restoran Mie",,,,,,,,"https://www.google.com/maps/search/?api=1&query=Mie%20Kocok%20Spesial%20OJO%20LALI%20Cikutra&query_place_id=ChIJKc2QDr7naC4RAIv00pRcqzo","Restoran Mie"
"Mie Kocok Mang Den","4.9","196","Jl. Aceh No.24D","Kota Bandung","Jawa Barat","ID",,"+62 819-1003-2545","Restoran Mie",,,,,,,,"https://www.google.com/maps/search/?api=1&query=Mie%20Kocok%20Mang%20Den&query_place_id=ChIJkfOBbQXnaC4Rd0RDY8Lk3Vg","Restoran Mie"
"Mie Kocok Kebon Jukut","4.9","7","4J57+GPQ, Jl. Raden Patah","Kota Bandung","Jawa Barat","ID",,"","Pujasera",,,,,,,,"https://www.google.com/maps/search/?api=1&query=Mie%20Kocok%20Kebon%20Jukut&query_place_id=ChIJfZvUYgDnaC4RhB-Wq5q1ZbE","Pujasera"
"Martabak Al-Khalid","4.6","249","Jl. Gagak No.53","Kota Bandung","Jawa Barat","ID",,"+62 882-1890-0368","Restoran Martabak",,,,,,,,"https://www.google.com/maps/search/?api=1&query=Martabak%20Al-Khalid&query_place_id=ChIJPzH4vWrnaC4Rox_CpdU-Uac","Restoran Martabak"
"Mie Kocok BPJS Gerobak Hijau ( Mas Mien )","4.4","19","Jl. Khp Hasan Mustopa No.46","Kota Bandung","Jawa Barat","ID",,"+62 895-1415-5492","Restoran",,,,,,,,"https://www.google.com/maps/search/?api=1&query=Mie%20Kocok%20BPJS%20Gerobak%20Hijau%20(%20Mas%20Mien%20)&query_place_id=ChIJjTzwaADnaC4RHaEi6nXUhUc","Restoran"
"Mie Kocok Bakso Podomoro","4.8","11","Jl. Surapati No.34C","Kota Bandung","Jawa Barat","ID",,"","Restoran Bakso","Restoran Mie",,,,,,,"https://www.google.com/maps/search/?api=1&query=Mie%20Kocok%20Bakso%20Podomoro&query_place_id=ChIJlXM_ALPnaC4RZJyhEkr5gD8","Restoran Bakso"
"Martabak Acil Gama","4.5","150","Jl. Cikutra No.217","Kota Bandung","Jawa Barat","ID",,"+62 813-2004-4154","Restoran Martabak",,,,,,,,"https://www.google.com/maps/search/?api=1&query=Martabak%20Acil%20Gama&query_place_id=ChIJkxgZOb3naC4RQ0CUljTLj-U","Restoran Martabak"
"Mie Kocok Dan Mie Bakso PADASUKA 99","4.5","41","Jl. Padasuka No.99","Kota Bandung","Jawa Barat","ID",,"+62 813-2045-5560","Restoran","Restoran Bakso","Restoran Mie",,,,,,"https://www.google.com/maps/search/?api=1&query=Mie%20Kocok%20Dan%20Mie%20Bakso%20PADASUKA%2099&query_place_id=ChIJubVHYPLnaC4RPqHzYoc8Ad4","Restoran"
"Mie Kocok Bu Oom","4.8","4","4J96+WRC Human Resource Development Center, Jl. Cisitu Lama No.33B, RW.01","Kota Bandung","Jawa Barat","ID",,"+62 858-0551-5145","Restoran Mie",,,,,,,,"https://www.google.com/maps/search/?api=1&query=Mie%20Kocok%20Bu%20Oom&query_place_id=ChIJIbLvQpXnaC4RTIZdU7DlNVg","Restoran Mie"
"Mie Kocok H Endan, Kebon Jukut","4.4","1401","Jl. Kb. Jukut No.3","Kota Bandung","Jawa Barat","ID",,"+62 853-2009-6528","Restoran Mie",,,,,,,,"https://www.google.com/maps/search/?api=1&query=Mie%20Kocok%20H%20Endan%2C%20Kebon%20Jukut&query_place_id=ChIJUUhGlDvmaC4RYHrQKYrmEZc","Restoran Mie"
"Mie Kocok Persib Gorowok","4.5","2777","Jl. A. Yani No.262","Kota Bandung","Jawa Barat","ID",,"+62 813-2118-1900","Restoran Mie","Restoran Bakso",,,,,,,"https://www.google.com/maps/search/?api=1&query=Mie%20Kocok%20Persib%20Gorowok&query_place_id=ChIJvYLtOc7naC4RdbPd8U9h8bk","Restoran Mie"
"Martabak Mertua, Dipatiukur","4.3","813","Jl. Dipati Ukur No.84A","Kota Bandung","Jawa Barat","ID",,"+62 822-1690-7529","Restoran Martabak",,,,,,,,"https://www.google.com/maps/search/?api=1&query=Martabak%20Mertua%2C%20Dipatiukur&query_place_id=ChIJNfZd2FXmaC4RJrWKviiWrJA","Restoran Martabak"
"Mih Kocok Bandung Mang Dadeng","4.4","5714","Jl. K.H. Ahmad Dahlan No.67","Kota Bandung","Jawa Barat","ID",,"+62 857-9574-6713","Restoran Mie","Restoran Sunda",,,,,,,"https://www.google.com/maps/search/?api=1&query=Mih%20Kocok%20Bandung%20Mang%20Dadeng&query_place_id=ChIJcYe3A37oaC4RvuDgYF0pHis","Restoran Mie"
"Mie Kocok Mang Nanang Tea","4.5","3056","Jl. Ternate No.2","Kota Bandung","Jawa Barat","ID",,"+62 812-2440-7345","Restoran Mie","Restoran Bakso",,,,,,,"https://www.google.com/maps/search/?api=1&query=Mie%20Kocok%20Mang%20Nanang%20Tea&query_place_id=ChIJU1DREzbmaC4RgxOvAI0VAVY","Restoran Mie"
"Mie Kocok Kebon Jukut Bp. H. Endan - Borma Dago","4.4","92","Jl. Ir. H. Juanda No.348","Kota Bandung","Jawa Barat","ID",,"+62 898-8770-007","Restoran Mie",,,,,,,,"https://www.google.com/maps/search/?api=1&query=Mie%20Kocok%20Kebon%20Jukut%20Bp.%20H.%20Endan%20-%20Borma%20Dago&query_place_id=ChIJR2en0PzmaC4RzMkY-8LKUbU","Restoran Mie"
"Mie Kocok Pak Markum","4.6","161","Heritage Food Market, Jl. L. L. R.E. Martadinata","Kota Bandung","Jawa Barat","ID",,"+62 817-2338-850","Restoran Sunda","Restoran Mie",,,,,,,"https://www.google.com/maps/search/?api=1&query=Mie%20Kocok%20Pak%20Markum&query_place_id=ChIJyf6UOErmaC4RB9BELRyPO5A","Restoran Sunda"
"Mih Kocok ""Mang Dadeng""","4.2","864","Jl. Naripan No.1A","Kota Bandung","Jawa Barat","ID",,"+62 812-9288-4017","Restoran Mie",,,,,,,,"https://www.google.com/maps/search/?api=1&query=Mih%20Kocok%20%22Mang%20Dadeng%22&query_place_id=ChIJY1FhGjnnaC4RzP-IsAc-DyU","Restoran Mie"
"Konro Daeng & Mih Kocok Mang Dadeng","4.2","471","Jl. Diponegoro No.3A","Kota Bandung","Jawa Barat","ID","https://www.instagram.com/konrodaeng.bdg/","+62 823-1544-5149","Restoran",,,,,,,,"https://www.google.com/maps/search/?api=1&query=Konro%20Daeng%20%26%20Mih%20Kocok%20Mang%20Dadeng&query_place_id=ChIJYwM87k7maC4RrqJtrxQmPBQ","Restoran"
"Mie Kocok Mang Udi","4.7","22","Jl. Ir. H. Juanda No.262","Kota Bandung","Jawa Barat","ID",,"+62 895-3127-9538","Restoran Mie",,,,,,,,"https://www.google.com/maps/search/?api=1&query=Mie%20Kocok%20Mang%20Udi&query_place_id=ChIJN68iu1DnaC4RRFQM14WoT1s","Restoran Mie"
"Mie Kocok Bandung Mang Uci","4.5","153","Jl. A. Yani No.695","Kota Bandung","Jawa Barat","ID",,"","Restoran Mie",,,,,,,,"https://www.google.com/maps/search/?api=1&query=Mie%20Kocok%20Bandung%20Mang%20Uci&query_place_id=ChIJgS0vuOrnaC4RQRgvLW-jUTA","Restoran Mie"
"Mie Kocok BPJS","4.5","422","Jalan Penghulu Haji Jl. Khp Hasan Mustopa No.126","Kota Bandung","Jawa Barat","ID",,"","Restoran Mie",,,,,,,,"https://www.google.com/maps/search/?api=1&query=Mie%20Kocok%20BPJS&query_place_id=ChIJVd9yZ5bnaC4RBhPd-xuz6fM","Restoran Mie"
"WAROENG LAMONGAN CAK RUM","4.6","90","Jl. BKR No.57","Kota Bandung","Jawa Barat","ID",,"+62 852-2147-1000","Restoran Pecel Lele","Restoran ayam penyet","Restoran Soto Ayam","Restoran soto",,,,,"https://www.google.com/maps/search/?api=1&query=WAROENG%20LAMONGAN%20CAK%20RUM&query_place_id=ChIJI2YNJ4boaC4R9tdYYSVuKLs","Restoran Pecel Lele"
"Soto Ayam Dan Sulung cak pendi","4.7","157","2MW6+F9C, Jl. Rancabolang","Kota Bandung","Jawa Barat","ID",,"+62 831-6924-2135","Restoran Soto Ayam",,,,,,,,"https://www.google.com/maps/search/?api=1&query=Soto%20Ayam%20Dan%20Sulung%20cak%20pendi&query_place_id=ChIJ-Qs26AHpaC4RjuVC5efhI7o","Restoran Soto Ayam"
"Soto pakde lamongan","5","1","Social HUB 77, Jl. Gatot Subroto No.77","Kota Bandung","Jawa Barat","ID",,"+62 812-2155-6077","Toko Makanan",,,,,,,,"https://www.google.com/maps/search/?api=1&query=Soto%20pakde%20lamongan&query_place_id=ChIJUaz-Bp3naC4REhnOvPubzKs","Toko Makanan"
"cak edi lamongan","4","1","2MR6+746, Jl. Ciwastra","Kota Bandung","Jawa Barat","ID",,"+62 821-2149-6797","Restoran Soto Ayam",,,,,,,,"https://www.google.com/maps/search/?api=1&query=cak%20edi%20lamongan&query_place_id=ChIJ6TElBC_oaC4RB4KrCSugzek","Restoran Soto Ayam"
"Soto Ayam Lamongan / Pecelnya Pak De","5","1","Ps. Ancol Karapitan, Jl. Pungkur","Kabupaten Bandung Barat","Jawa Barat","ID",,"","Restoran Soto Ayam",,,,,,,,"https://www.google.com/maps/search/?api=1&query=Soto%20Ayam%20Lamongan%20%2F%20Pecelnya%20Pak%20De&query_place_id=ChIJm8yQv9TpaC4Rmv9enJ7x_jI","Restoran Soto Ayam"
"Soto Lamongan golf",,,"3JP9+FGV, Jl. Bangka","Kota Bandung","Jawa Barat","ID",,"","Warung nasi",,,,,,,,"https://www.google.com/maps/search/?api=1&query=Soto%20Lamongan%20golf&query_place_id=ChIJmf46YADnaC4R0nurKz1g6Sc","Warung nasi"
"Warung Nasi Lamongan - Pecel Lele","4.9","17","2PR6+W3H","Kota Bandung","Jawa Barat","ID",,"+62 821-2837-7893","Restoran","Warung nasi","Restoran Pecel Lele",,,,,,"https://www.google.com/maps/search/?api=1&query=Warung%20Nasi%20Lamongan%20-%20Pecel%20Lele&query_place_id=ChIJZSS9BuDDaC4RbAjGK4VCRTE","Restoran"
"Soto Lamongan","3","4","Jl. Desa Cipadung No.14B","Kota Bandung","Jawa Barat","ID",,"+62 813-2031-2420","Restoran Soto Ayam","Rumah Makan",,,,,,,"https://www.google.com/maps/search/?api=1&query=Soto%20Lamongan&query_place_id=ChIJzcTU8NTcaC4RJxRgQ1v2kck","Restoran Soto Ayam"
"Soto Semarang Bu Pur","4.3","490","Jl. Terusan Pasirkoja No.226","Kota Bandung","Jawa Barat","ID",,"+62 22 6127103","Restoran Jawa Tengah","Rumah Makan","Restoran soto",,,,,,"https://www.google.com/maps/search/?api=1&query=Soto%20Semarang%20Bu%20Pur&query_place_id=ChIJPU3V5QLmaC4RfPlNRwNQsCs","Restoran Jawa Tengah"
"WR MAS RIFQI LAMONGAN","4.3","51","05, Jl. AH. Nasution No.312","Kota Bandung","Jawa Barat","ID",,"+62 822-1871-7700","Restoran Indonesia",,,,,,,,"https://www.google.com/maps/search/?api=1&query=WR%20MAS%20RIFQI%20LAMONGAN&query_place_id=ChIJOcaJD3zDaC4Rz8sG0QJ2Ko4","Restoran Indonesia"
"Spesial Soto Boyolali (SSB) Hj. Hesti Widodo, Ujung Berung","4.6","751","Jl. AH. Nasution Jl. Cijambe No.57","Kota Bandung","Jawa Barat","ID",,"+62 811-2650-705","Restoran Indonesia",,,,,,,,"https://www.google.com/maps/search/?api=1&query=Spesial%20Soto%20Boyolali%20(SSB)%20Hj.%20Hesti%20Widodo%2C%20Ujung%20Berung&query_place_id=ChIJ82InNdXdaC4RY5qeUrUx3mQ","Restoran Indonesia"
"Soto lamongan mas ipeng","5","6","Kopo Elok, kl cakrawala No.02","Kota Bandung","Jawa Barat","ID",,"","Restoran Soto Ayam",,,,,,,,"https://www.google.com/maps/search/?api=1&query=Soto%20lamongan%20mas%20ipeng&query_place_id=ChIJZ0ql9yDpaC4RL8Mc7G4lrRI","Restoran Soto Ayam"
"Pecel Lele Lamongan Mas Bambang","5","31",,"Kota Bandung","Jawa Barat","ID",,"+62 878-8007-9690","Restoran",,,,,,,,"https://www.google.com/maps/search/?api=1&query=Pecel%20Lele%20Lamongan%20Mas%20Bambang&query_place_id=ChIJb9jpQQDDaC4Rf3RUGHSeaYY","Restoran"
"Soto Ayam Lamongan 1922",,,"Jl. Suryani No.21","Kota Bandung","Jawa Barat","ID",,"+62 813-9444-2040","Dokter",,,,,,,,"https://www.google.com/maps/search/?api=1&query=Soto%20Ayam%20Lamongan%201922&query_place_id=ChIJ14kz7wXmaC4Rz8u2AU81u4U","Dokter"
"Kala PetShop","5","2","Jl. Pamekar Raya No.33","Kota Bandung","Jawa Barat","ID","https://shopee.co.id/kalapetcorner?entryPoint=ShopBySearch&searchKeyword=kala%20pet%20corner","+62 852-8318-2364","Toko Pakan Hewan",,,,,,,,"https://www.google.com/maps/search/?api=1&query=Kala%20PetShop&query_place_id=ChIJM8lmht_DaC4RewlE_Swb38s","Toko Pakan Hewan"
"Sedari Resto","4.3","804","Jl. Sudirman No.624","Kota Bandung","Jawa Barat","ID",,"+62 859-0007-0498","Restoran soto","Katering",,,,,,,"https://www.google.com/maps/search/?api=1&query=Sedari%20Resto&query_place_id=ChIJgQsnop_naC4RFziaD2dhefQ","Restoran soto"
"RM. Udung Lamongan","4.5","72","3M4R+X8W, Jl. Gedebage Selatan","Kota Bandung","Jawa Barat","ID",,"+62 821-1552-7273","Rumah Makan",,,,,,,,"https://www.google.com/maps/search/?api=1&query=RM.%20Udung%20Lamongan&query_place_id=ChIJUe2JDb_CaC4REKr6DBUNLuc","Rumah Makan"
"Warung Soto Lamongan Cak Blake","5","1","Jl. Rancabolang Margahayu Raya No.94","Kota Bandung","Jawa Barat","ID",,"+62 856-4565-8050","Restoran Jawa","Rumah Makan","Restoran Soto Ayam",,,,,,"https://www.google.com/maps/search/?api=1&query=Warung%20Soto%20Lamongan%20Cak%20Blake&query_place_id=ChIJK_KiLR_oaC4Rt_9uhQZ9IM0","Restoran Jawa"
"Pecel Lele & Soto Lamongan ""Cak Ato""","4.9","41",,"Kota Bandung","Jawa Barat","ID",,"","Restoran Pecel Lele",,,,,,,,"https://www.google.com/maps/search/?api=1&query=Pecel%20Lele%20%26%20Soto%20Lamongan%20%22Cak%20Ato%22&query_place_id=ChIJbTqlr27DaC4R6GTVz-yzgP0","Restoran Pecel Lele"
"Soto Ayam Lamongan 354","4.8","6","Jl. Mars Utara III No.1","Kota Bandung","Jawa Barat","ID",,"+62 823-1559-8848","Restoran Soto Ayam",,,,,,,,"https://www.google.com/maps/search/?api=1&query=Soto%20Ayam%20Lamongan%20354&query_place_id=ChIJBXy7lXzpaC4Rk3pFfBm8Ov8","Restoran Soto Ayam"
"Soto Ayam Lamongan Cak Arif","5","3","Jl. Abdul Rahman Saleh No.98","Kota Bandung","Jawa Barat","ID",,"+62 819-3993-5382","Restoran",,,,,,,,"https://www.google.com/maps/search/?api=1&query=Soto%20Ayam%20Lamongan%20Cak%20Arif&query_place_id=ChIJywC4HgDnaC4RfdAoNxgJtxw","Restoran"
"Soto Po","4.6","209","Jl. Rama No.14","Kota Bandung","Jawa Barat","ID",,"+62 22 6013621","Restoran soto","Rumah Makan","Kedai Sup",,,,,,"https://www.google.com/maps/search/?api=1&query=Soto%20Po&query_place_id=ChIJ0ygbGo3maC4R4g5w4UV5HRY","Restoran soto"
"Soto Lamongan","1","1","Jl. Soekarno-Hatta No.438a","Kota Bandung","Jawa Barat","ID",,"+62 813-2103-6130","Restoran Soto Ayam","Restoran Indonesia",,,,,,,"https://www.google.com/maps/search/?api=1&query=Soto%20Lamongan&query_place_id=ChIJMz1T1fLoaC4RiagTqYl9oZA","Restoran Soto Ayam"
"Soto Bandung Pak Simon","4.6","885","Jl. Cibadak No.103","Kota Bandung","Jawa Barat","ID",,"+62 813-2277-1771","Pujasera","Kedai Sup",,,,,,,"https://www.google.com/maps/search/?api=1&query=Soto%20Bandung%20Pak%20Simon&query_place_id=ChIJHwVLkhnmaC4RGeRaT7mL-Tw","Pujasera"
"Sudirman Street Day and Night Market","4.5","17187","Jl. Sudirman No.107","Kota Bandung","Jawa Barat","ID",,"+62 811-222-516","Pujasera","Restoran",,,,,,,"https://www.google.com/maps/search/?api=1&query=Sudirman%20Street%20Day%20and%20Night%20Market&query_place_id=ChIJaTt3JQjmaC4RweZEzRmPH_g","Pujasera"
"Soto AHRI","4.5","493","3J4J+C9C, Jl. Kayuagung II No.16","Kota Bandung","Jawa Barat","ID",,"+62 819-0823-5209","Restoran soto","Kedai Sarapan","Rumah Makan",,,,,,"https://www.google.com/maps/search/?api=1&query=Soto%20AHRI&query_place_id=ChIJ6a0TjmboaC4RRkZvD_-bQQY","Restoran soto"
