"title","totalScore","reviewsCount","street","city","state","countryCode","website","phone","categories/0","categories/1","categories/2","categories/3","categories/4","categories/5","categories/6","categories/7","categories/8","url","categoryName"
"Beco Burger Bandung","3.9","130","Jl. Cihampelas Jl. Lamping No.pertigaan","Kota Bandung","Jawa Barat","ID",,"+62 858-6157-6768","Restoran",,,,,,,,,"https://www.google.com/maps/search/?api=1&query=Beco%20Burger%20Bandung&query_place_id=ChIJZeG7fJ7naC4RzIV9UUoa9xY","Restoran"
"Sushi Rain, Sushi Goreng Bandung","4.9","9","Monumen Perjuangan, Jl. Japati","Kota Bandung","Jawa Barat","ID",,"+62 878-8931-8400","Restoran Sushi",,,,,,,,,"https://www.google.com/maps/search/?api=1&query=Sushi%20Rain%2C%20Sushi%20Goreng%20Bandung&query_place_id=ChIJ3WciuSjnaC4RTJfsWCLF4e0","Restoran Sushi"
"Kopi Salarea","4.8","434","Jl. Kanayakan Baru No.344 7a","Kota Bandung","Jawa Barat","ID","http://www.kopisalarea.com/","+62 812-2439-1329","Kedai Kopi","Kafe","Bar Kopi Espresso",,,,,,,"https://www.google.com/maps/search/?api=1&query=Kopi%20Salarea&query_place_id=ChIJxSjLVKTnaC4RdZ7XuCKi3gI","Kedai Kopi"
"Kurokoffee","4.6","2245","Jl. Ciumbuleuit No.130","Kota Bandung","Jawa Barat","ID","http://kurokoffee.co/","+62 22 2033406","Kedai Kopi",,,,,,,,,"https://www.google.com/maps/search/?api=1&query=Kurokoffee&query_place_id=ChIJBcGfMOnmaC4R3HIBvXz84p8","Kedai Kopi"
"Dreezel Coffee","4.4","1122","Jl. Tubagus Ismail No.7","Kota. Bandung Barat","Jawa Barat","ID","http://linktr.ee/dreezelcoffee","+62 811-1111-3199","Kedai Kopi","Kafe","Bar Kopi Espresso",,,,,,,"https://www.google.com/maps/search/?api=1&query=Dreezel%20Coffee&query_place_id=ChIJAQAv2PjmaC4RZfmA8eU6i7g","Kedai Kopi"
"Kanoko Coffee Dago","4.7","359","Jl. Dago Asri 1 No.24","Kota Bandung","Jawa Barat","ID","https://www.instagram.com/kanokocoffee?igsh=MWcya215ZHhqYzlhYQ==","","Kedai Kopi","Kafe","Ruang Kerja Bersama","Restoran",,,,,,"https://www.google.com/maps/search/?api=1&query=Kanoko%20Coffee%20Dago&query_place_id=ChIJKdSLbwvnaC4ReXzW4kSwfeU","Kedai Kopi"
"PERSEGI Coffee","4.6","809","Jl. Cihampelas No.144","Kota Bandung","Jawa Barat","ID","https://www.instagram.com/_segicoffee/","+62 812-8803-8802","Kedai Kopi",,,,,,,,,"https://www.google.com/maps/search/?api=1&query=PERSEGI%20Coffee&query_place_id=ChIJ493-FR_naC4Rr3LYXVTalmU","Kedai Kopi"
"Pondok kopi","4.6","32","Jl. Dr. Djunjunan No.27","Kota Bandung","Jawa Barat","ID",,"+62 811-229-090","Kedai Kopi",,,,,,,,,"https://www.google.com/maps/search/?api=1&query=Pondok%20kopi&query_place_id=ChIJvfvsU2jmaC4RzASwBrDjPj0","Kedai Kopi"
"Starbucks PVJ","4.5","1976","Paris Van Java, Unit 16B, Jl. Sukajadi No.131-139","Kota Bandung","Jawa Barat","ID","http://www.starbucks.co.id/","+62 22 82063760","Kedai Kopi","Kedai Sarapan",,,,,,,,"https://www.google.com/maps/search/?api=1&query=Starbucks%20PVJ&query_place_id=ChIJJ6xOZ2DmaC4RyEyKmdHZoRE","Kedai Kopi"
"Sankyōdai Coffee","4.6","107","Jl. Aria Jipang No.6","Kota Bandung","Jawa Barat","ID",,"+62 821-1983-2026","Kedai Kopi",,,,,,,,,"https://www.google.com/maps/search/?api=1&query=Sanky%C5%8Ddai%20Coffee&query_place_id=ChIJmWglsDHnaC4RSsXRlMWBAO0","Kedai Kopi"
"Tempat Ngopi","5","1","Jl. Sadang Hegar II No.2","Kota Bandung","Jawa Barat","ID",,"+62 853-1415-1817","Kedai Kopi",,,,,,,,,"https://www.google.com/maps/search/?api=1&query=Tempat%20Ngopi&query_place_id=ChIJEZxl-o3naC4RfijDMlPhIqk","Kedai Kopi"
"MENOEWA KOPI BANDUNG",,,"3HXQ+WJ3","Kota Bandung","Jawa Barat","ID",,"","Kedai Kopi",,,,,,,,,"https://www.google.com/maps/search/?api=1&query=MENOEWA%20KOPI%20BANDUNG&query_place_id=ChIJe1xtxJDnaC4RShUwhmpUE94","Kedai Kopi"
"TOKO KOPI GILING BANDUNG",,,"Jl. Prof. drg. Soeria Soemantri No.74","Kota Bandung","Jawa Barat","ID",,"","Kedai Kopi",,,,,,,,,"https://www.google.com/maps/search/?api=1&query=TOKO%20KOPI%20GILING%20BANDUNG&query_place_id=ChIJIddkEADnaC4RY7836Gw9MYA","Kedai Kopi"
"Kedai Kopi TarikUlur","4.6","441","Jl. Terusan Cigadung No.6","Kota Bandung","Jawa Barat","ID",,"+62 811-222-990","Kedai Kopi",,,,,,,,,"https://www.google.com/maps/search/?api=1&query=Kedai%20Kopi%20TarikUlur&query_place_id=ChIJGYpYagDnaC4RpndNGgI7Jzc","Kedai Kopi"
"Kedai Kopi Apin - Bandung","5","1","Depan Remaja Tailor, Jl. Ciumbuleuit Gg. Rahayu 2 No.51","Kota Bandung","Jawa Barat","ID",,"+62 857-5938-8710","Kedai Kopi",,,,,,,,,"https://www.google.com/maps/search/?api=1&query=Kedai%20Kopi%20Apin%20-%20Bandung&query_place_id=ChIJKVlsJEPhaC4RNEc2KHt3A6I","Kedai Kopi"
"Kopi Mana Kopi?",,,"Jl. Karang Tineung No.30-8","Kota Bandung","Jawa Barat","ID",,"","Kafe","Kedai Kopi",,,,,,,,"https://www.google.com/maps/search/?api=1&query=Kopi%20Mana%20Kopi%3F&query_place_id=ChIJ-zpW84rmaC4RPk6VqWhfhsE","Kafe"
"Point Cafe Pasteur 78","2.4","30","Jl. Dr. Djunjunan No.78","Kota Bandung","Jawa Barat","ID","https://pointcoffee.id/","+62 21 1500280","Kedai Kopi",,,,,,,,,"https://www.google.com/maps/search/?api=1&query=Point%20Cafe%20Pasteur%2078&query_place_id=ChIJ-ctEXP7naC4RTtcuqWuGKdk","Kedai Kopi"
"Warung Kopi Flamboyan","5","15","Jl. Dr. Setiabudi No.235","Kota Bandung","Jawa Barat","ID",,"+62 878-2328-9209","Kedai Kopi",,,,,,,,,"https://www.google.com/maps/search/?api=1&query=Warung%20Kopi%20Flamboyan&query_place_id=ChIJQ7C0ljXnaC4RiG4ovzevyhk","Kedai Kopi"
"Point Cafe Dipatiukur","4.1","43","Indomaret Point, Jl. Dipati Ukur No.85","Kota Bandung","Jawa Barat","ID","https://pointcoffee.id/","+62 21 1500280","Kedai Kopi",,,,,,,,,"https://www.google.com/maps/search/?api=1&query=Point%20Cafe%20Dipatiukur&query_place_id=ChIJHX8kWRrnaC4R2wSs1uXlksQ","Kedai Kopi"
"Point Cafe Cihampelas 198","4.2","25","Jl. Cihampelas","Kota Bandung","Jawa Barat","ID","https://pointcoffee.id/","+62 21 1500280","Kedai Kopi",,,,,,,,,"https://www.google.com/maps/search/?api=1&query=Point%20Cafe%20Cihampelas%20198&query_place_id=ChIJ7bYLnqfnaC4R6-d1MiC9pf8","Kedai Kopi"
"Point Cafe Ciumbuleuit","4.5","21","Jl. Ciumbuleuit No.153","Kota Bandung","Jawa Barat","ID","https://pointcoffee.id/","+62 21 1500280","Kedai Kopi",,,,,,,,,"https://www.google.com/maps/search/?api=1&query=Point%20Cafe%20Ciumbuleuit&query_place_id=ChIJmRWb-k3naC4RiqzyZSBhMik","Kedai Kopi"
"Atme Coffee - Bandung","3.7","3","Jl. Padasaluyu No.10","Kota Bandung","Jawa Barat","ID",,"+62 851-3809-2208","Kedai Kopi",,,,,,,,,"https://www.google.com/maps/search/?api=1&query=Atme%20Coffee%20-%20Bandung&query_place_id=ChIJdU0_K-nnaC4RRC7yQPoeFNg","Kedai Kopi"
"Depresso Kopi Bandung","4.8","8","Jl. Tamansari No.51a","Kota Bandung","Jawa Barat","ID",,"+62 895-8024-36293","Kedai Kopi",,,,,,,,,"https://www.google.com/maps/search/?api=1&query=Depresso%20Kopi%20Bandung&query_place_id=ChIJ6ShbgGfpaC4RpdAPfX3ZDlU","Kedai Kopi"
"Blond the bakery","4.6","283","Jl. Imam Bonjol No.27","Kota Bandung","Jawa Barat","ID","https://www.instagram.com/blondthebakery","","Toko Roti",,,,,,,,,"https://www.google.com/maps/search/?api=1&query=Blond%20the%20bakery&query_place_id=ChIJf2-96yTnaC4RiN5nb7kqZAw","Toko Roti"
"Warung Kopi Rosid","4.8","29","Jl. Cigadung Raya Tengah No.40","Kota Bandung","Jawa Barat","ID","http://instagram.com/warungkopirosid","","Kedai Kopi",,,,,,,,,"https://www.google.com/maps/search/?api=1&query=Warung%20Kopi%20Rosid&query_place_id=ChIJETRI4f7naC4Rcb6q7Qmbtyo","Kedai Kopi"
"Kedjora Coffee Bandung",,,"Jl. Cikapayang No.3","Kota Bandung","Jawa Barat","ID",,"+62 812-1201-8602","Kedai Kopi",,,,,,,,,"https://www.google.com/maps/search/?api=1&query=Kedjora%20Coffee%20Bandung&query_place_id=ChIJQ-hwek7paC4RSLdFd1V7jxM","Kedai Kopi"
"Sunday Coffee","4.8","197","Setrasari Plaza B - 12","Kota Bandung","Jawa Barat","ID","https://desty.menu/sunday-coffee-setrasari-plaza?utm_source=gmap&utm_medium=gmap","+62 812-2087-8898","Kedai Kopi",,,,,,,,,"https://www.google.com/maps/search/?api=1&query=Sunday%20Coffee&query_place_id=ChIJJRvKXC3naC4RIVvx3R-3FY4","Kedai Kopi"
"Kedai Kopi Kalem","5","43","Jl. Prof. drg. Soeria Soemantri No.49","Kota Bandung","Jawa Barat","ID",,"+62 815-8346-583","Kedai Kopi",,,,,,,,,"https://www.google.com/maps/search/?api=1&query=Kedai%20Kopi%20Kalem&query_place_id=ChIJQx2Bu3znaC4RRht5QJuaK2c","Kedai Kopi"
"Kopi Dynamic Bandung","4.8","14","Gg. Abah Halim No.54","Kota Bandung","Jawa Barat","ID","https://www.facebook.com/dynamickopi/","+62 857-1893-8783","Kedai Kopi",,,,,,,,,"https://www.google.com/maps/search/?api=1&query=Kopi%20Dynamic%20Bandung&query_place_id=ChIJDd_eUuHmaC4RpmPRRGFQUtQ","Kedai Kopi"
"Mikha Coffee Setiabudi","4.3","288","Jl. Dr. Setiabudi No.135","Kota Bandung","Jawa Barat","ID",,"+62 896-8800-4625","Kedai Kopi",,,,,,,,,"https://www.google.com/maps/search/?api=1&query=Mikha%20Coffee%20Setiabudi&query_place_id=ChIJh6s1rSXnaC4Rlc-zMDiMMF0","Kedai Kopi"
"NYARI COFFEE","4.7","46","Jl. Dago Asri IV","Kota Bandung","Jawa Barat","ID","http://www.instagram.com/nyari.coffee","+62 881-0235-46320","Kedai Kopi",,,,,,,,,"https://www.google.com/maps/search/?api=1&query=NYARI%20COFFEE&query_place_id=ChIJaafWf7jnaC4R0YVF9aSDrWs","Kedai Kopi"
"Secangkir Kopi Dago","5","1","4JF9+P8X, Jalan","Kota Bandung","Jawa Barat","ID",,"","Kafe","Kedai Kopi",,,,,,,,"https://www.google.com/maps/search/?api=1&query=Secangkir%20Kopi%20Dago&query_place_id=ChIJBQbCJ-PmaC4Rl5VWEjQ6Dok","Kafe"
"Lapak Coffee Bandung","4.9","7","Jl. Ciungwanara No.10","Kota Bandung","Jawa Barat","ID",,"+62 818-0363-1365","Kedai Kopi",,,,,,,,,"https://www.google.com/maps/search/?api=1&query=Lapak%20Coffee%20Bandung&query_place_id=ChIJ69Ku9nvnaC4Ry0yTGI2PjTU","Kedai Kopi"
"GARASI PASTA & COFFEE BANDUNG","5","12","Jl. Jalaprang No.34","Kota Bandung","Jawa Barat","ID",,"+62 812-8552-4666","Kedai Kopi","Toko Pasta","Stan Pizza",,,,,,,"https://www.google.com/maps/search/?api=1&query=GARASI%20PASTA%20%26%20COFFEE%20BANDUNG&query_place_id=ChIJkaIc0crnaC4RnRqOi2uhdYs","Kedai Kopi"
"Darmo Kopi • Trsn. Pasteur","4.5","46","Jl. DR. Djundjunan Dalam II No.7","Kota Bandung","Jawa Barat","ID",,"+62 851-8339-5591","Kedai Kopi",,,,,,,,,"https://www.google.com/maps/search/?api=1&query=Darmo%20Kopi%20%E2%80%A2%20Trsn.%20Pasteur&query_place_id=ChIJwWxQwYDnaC4Rig96Vtnwhhw","Kedai Kopi"
"Kedai Kopi Boscha","4.7","190","Jl. Boscha No.6","Kota Bandung","Jawa Barat","ID",,"+62 815-7108-098","Kedai Kopi",,,,,,,,,"https://www.google.com/maps/search/?api=1&query=Kedai%20Kopi%20Boscha&query_place_id=ChIJCSEcBF_maC4RqV-vRxn_7pk","Kedai Kopi"
"Warunk Upnormal Sumur Bandung","4.5","2245","Jl. Sumur Bandung No.20","Kota Bandung","Jawa Barat","ID","http://warunkupnormal.id/","+62 811-2294-847","Kafe","Kedai Kopi",,,,,,,,"https://www.google.com/maps/search/?api=1&query=Warunk%20Upnormal%20Sumur%20Bandung&query_place_id=ChIJo09JSaHnaC4ROp8kOMJkrEw","Kafe"
"Teras Bdg Fc Coffee","4.8","21","Jl. Siliwangi No.31","Kota Bandung","Jawa Barat","ID","https://linktr.ee/terascoffeebdgfc?utm_source=linktree_profile_share&ltsid=c915a200-bd0e-4a66-bdc7-a4b9779f52ef","+62 822-1406-6144","Kedai Kopi",,,,,,,,,"https://www.google.com/maps/search/?api=1&query=Teras%20Bdg%20Fc%20Coffee&query_place_id=ChIJWXFp4rznaC4R8s1ESvod-Jg","Kedai Kopi"
"Warung Kopi Idola Libas G","4.6","314","Jl. Rereng Suliga No.25","Kota Bandung","Jawa Barat","ID",,"+62 813-2231-7554","Kedai Kopi",,,,,,,,,"https://www.google.com/maps/search/?api=1&query=Warung%20Kopi%20Idola%20Libas%20G&query_place_id=ChIJey5g06_naC4R79LXgS2fU0M","Kedai Kopi"
"harumewangi","4.7","59","Jl. Karang Tinggal No.30","Kota Bandung","Jawa Barat","ID",,"","Kedai Kopi",,,,,,,,,"https://www.google.com/maps/search/?api=1&query=harumewangi&query_place_id=ChIJac1eDADnaC4RyLPedlbmY9o","Kedai Kopi"
"Kowawa Kedai Kopi","4.9","57","Jl. Gelap Nyawang No.5","Kota Bandung","Jawa Barat","ID","http://www.instagram.com/kowawabdg1","+62 878-2541-2628","Kedai Kopi",,,,,,,,,"https://www.google.com/maps/search/?api=1&query=Kowawa%20Kedai%20Kopi&query_place_id=ChIJjUgeuavnaC4R3DTKtAKPB9k","Kedai Kopi"
"Bejakopi bandung","4.8","40","Jl. Badak Singa No.6","Kota Bandung","Jawa Barat","ID",,"+62 812-2350-9789","Kedai Kopi",,,,,,,,,"https://www.google.com/maps/search/?api=1&query=Bejakopi%20bandung&query_place_id=ChIJv7h9EWznaC4R3mDK42ZIyr4","Kedai Kopi"
"Inangba Coffee Shop","4.5","150","Jl. Bapa Husen No.6C","Kota Bandung","Jawa Barat","ID",,"+62 22 82062560","Kedai Kopi",,,,,,,,,"https://www.google.com/maps/search/?api=1&query=Inangba%20Coffee%20Shop&query_place_id=ChIJu4JpsV7maC4RZJK09ZXdXr8","Kedai Kopi"
"Nomar Kopi Roastery","4.8","55","Jl. Terusan Sutami V No.2","Kota Bandung","Jawa Barat","ID",,"+62 816-919-212","Kedai Kopi",,,,,,,,,"https://www.google.com/maps/search/?api=1&query=Nomar%20Kopi%20Roastery&query_place_id=ChIJdUAe4x7naC4RdF6oXWWzaMY","Kedai Kopi"
"Kopi kedua","4.5","12","Jl. Sariasih IV No.41","Kota Bandung","Jawa Barat","ID",,"+62 821-2821-2722","Kedai Kopi",,,,,,,,,"https://www.google.com/maps/search/?api=1&query=Kopi%20kedua&query_place_id=ChIJYxohUPLnaC4REfcDxbzCeY0","Kedai Kopi"
"Kedai Kopi Bandung Baltos | FAFI COFFEE","5","3","Balubur Town Square, Jl. Tamansari Floor D2 No K08","Kota Bandung","Jawa Barat","ID",,"+62 815-7228-3066","Kedai Kopi",,,,,,,,,"https://www.google.com/maps/search/?api=1&query=Kedai%20Kopi%20Bandung%20Baltos%20%7C%20FAFI%20COFFEE&query_place_id=ChIJAdP0FF7naC4RgIRDWk3xlSo","Kedai Kopi"
"Dari.kopi","4.5","374","Jl. Dipati Ukur No.36","Kota Bandung","Jawa Barat","ID","https://www.instagram.com/darikopi.bdg?igsh=MWs5YzFsZXBnNW0xMA==","+62 812-4462-0540","Kedai Kopi",,,,,,,,,"https://www.google.com/maps/search/?api=1&query=Dari.kopi&query_place_id=ChIJQ5JnQ_TnaC4RvHqMY75RhE0","Kedai Kopi"
"Old Ben's Garage & Coffee","4.4","607","Jl. Terusan Prof. DR. Sutami No.23","Kota Bandung","Jawa Barat","ID","http://www.instagram.com/oldbens","+62 878-2426-9298","Kedai Kopi",,,,,,,,,"https://www.google.com/maps/search/?api=1&query=Old%20Ben's%20Garage%20%26%20Coffee&query_place_id=ChIJi48Wn4PmaC4RjMUrEWkKIak","Kedai Kopi"
"Ruang Mimpi Coffee","4.7","245","Jl. Citra Green No.17","Kota Bandung","Jawa Barat","ID",,"+62 851-5702-2673","Kedai Kopi","Kafe","Bar Kopi Espresso",,,,,,,"https://www.google.com/maps/search/?api=1&query=Ruang%20Mimpi%20Coffee&query_place_id=ChIJAyUKnF_maC4Rj3QYU2ZLQIE","Kedai Kopi"
"KOPIWEH","4.9","37","Pusat Dawah Islam(PUSDAI), (masuk kejalan disebrang SPBU pasar Suci), Jl. Pusdai","Kota Bandung","Jawa Barat","ID",,"+62 812-1411-9889","Kafe","Kedai Kopi",,,,,,,,"https://www.google.com/maps/search/?api=1&query=KOPIWEH&query_place_id=ChIJCR773LPnaC4RqAp64BFpmK8","Kafe"
"Terminal Coffee","4.5","643","Jl. Makmur No.2","Kota Bandung","Jawa Barat","ID","http://www.facebook.com/terminalcoffee","+62 851-7448-4767","Kedai Kopi",,,,,,,,,"https://www.google.com/maps/search/?api=1&query=Terminal%20Coffee&query_place_id=ChIJlyPX4PTmaC4Rl_4uAaP-CMo","Kedai Kopi"
"KILOGRAM SPACE","4.6","1040","Jl. Karang Tinggal No.24","Kota Bandung","Jawa Barat","ID","http://instagram.com/kilogram.space","","Kedai Kopi",,,,,,,,,"https://www.google.com/maps/search/?api=1&query=KILOGRAM%20SPACE&query_place_id=ChIJJaoudlXnaC4R5IIZ69De-KY","Kedai Kopi"
"Warung Kopi Modjok","4.2","2136","Jl. Sersan Bajuri No.111","Kabupaten Bandung Barat","Jawa Barat","ID",,"+62 821-1511-1896","Kedai Kopi","Restoran",,,,,,,,"https://www.google.com/maps/search/?api=1&query=Warung%20Kopi%20Modjok&query_place_id=ChIJT_jlwLDmaC4RXfl08R4wLL0","Kedai Kopi"
"Suga Coffee Bar Bandung","5","55","Jl. Gegerkalong Hilir No.148","Kota Bandung","Jawa Barat","ID","https://www.instagram.com/suga.coffeebar?igsh=ZHI0Y2RobzUzMGp6","","Kedai Kopi",,,,,,,,,"https://www.google.com/maps/search/?api=1&query=Suga%20Coffee%20Bar%20Bandung&query_place_id=ChIJqWKK9o7naC4Rtd3UTwXsMC8","Kedai Kopi"
"Galeri Kopi Surapati","4.5","111","Jl. Surapati No.15","Kota Bandung","Jawa Barat","ID","https://instagram.com/galerikopisurapati15","","Kedai Kopi",,,,,,,,,"https://www.google.com/maps/search/?api=1&query=Galeri%20Kopi%20Surapati&query_place_id=ChIJte4MTzbnaC4RFjI6bB2-0H4","Kedai Kopi"
"Bagi Kopi, Sulanjana, Bandung","4.9","71","Parkiran Shafira, Jl. Sulanjana No.28","Kota Bandung","Jawa Barat","ID","https://bagikopi.id/","+62 821-1781-1605","Kedai Kopi",,,,,,,,,"https://www.google.com/maps/search/?api=1&query=Bagi%20Kopi%2C%20Sulanjana%2C%20Bandung&query_place_id=ChIJAf7Lj4HnaC4RVhcMuwfTQeQ","Kedai Kopi"
"Terai Coffeatery","4.7","280","Jl. Tubagus Ismail No.175","Kota Bandung","Jawa Barat","ID","https://linktr.ee/teraicoffeatery","+62 823-1254-4839","Kedai Kopi",,,,,,,,,"https://www.google.com/maps/search/?api=1&query=Terai%20Coffeatery&query_place_id=ChIJaSCxHbznaC4ROpXx1kluJl4","Kedai Kopi"
"Fore Coffee - Paris Van Java, Bandung","4.6","578","Paris Van Java, Jl. Sukajadi No.131-139 lantai dasar unit RC-L-21","Kota Bandung","Jawa Barat","ID","http://profile.fore.coffee/","+62 812-1111-8456","Kedai Kopi",,,,,,,,,"https://www.google.com/maps/search/?api=1&query=Fore%20Coffee%20-%20Paris%20Van%20Java%2C%20Bandung&query_place_id=ChIJ22Io2X7naC4RetXBKkzVTFk","Kedai Kopi"
"Fore Coffee - Cihampelas Walk, Bandung","4.4","434","Cihampelas Walk","Kota Bandung","Jawa Barat","ID","https://profile.fore.coffee/","+62 812-1111-8456","Kedai Kopi",,,,,,,,,"https://www.google.com/maps/search/?api=1&query=Fore%20Coffee%20-%20Cihampelas%20Walk%2C%20Bandung&query_place_id=ChIJvWAds-DnaC4RQFQLPEP9OyI","Kedai Kopi"
"Kozi Coffee X Marawa","4.7","329","Jl. Kidang Pananjung No.6","Kota Bandung","Jawa Barat","ID",,"+62 851-1120-8809","Kedai Kopi",,,,,,,,,"https://www.google.com/maps/search/?api=1&query=Kozi%20Coffee%20X%20Marawa&query_place_id=ChIJ7SJCr27naC4R0iyo1bfM8A0","Kedai Kopi"
"Kopi Ertilu Family Coffee & Dessert","4.8","123","Jl. Bagusrangin No.14","Kota Bandung","Jawa Barat","ID",,"+62 831-3125-1294","Kedai Kopi",,,,,,,,,"https://www.google.com/maps/search/?api=1&query=Kopi%20Ertilu%20Family%20Coffee%20%26%20Dessert&query_place_id=ChIJI64zy8fnaC4RyM9AD-gOego","Kedai Kopi"
"Coffee Toffee Bandung Siliwangi","4.5","1541","Jl. Siliwangi No.14","Kota Bandung","Jawa Barat","ID","http://coffeetoffee.co.id/","+62 22 82046969","Kedai Kopi","Kafe",,,,,,,,"https://www.google.com/maps/search/?api=1&query=Coffee%20Toffee%20Bandung%20Siliwangi&query_place_id=ChIJvSTCFcrnaC4R8_fjV_u95co","Kedai Kopi"
"Terminal Coffee","4.5","586","Jl. Hasanudin No.3","Kota Bandung","Jawa Barat","ID",,"+62 851-7448-4767","Kedai Kopi","Kedai Sarapan","Kedai Sarapan & Makan Siang","Kafe","Tempat penyangraian kopi","Toko kopi","Grosir Kopi","Ruang Kerja Bersama","Toko Kue Kering","https://www.google.com/maps/search/?api=1&query=Terminal%20Coffee&query_place_id=ChIJ10K9OdTnaC4RuPUEIzyrm1E","Kedai Kopi"
"HUEMAI Warung Kopi","4.8","43","lantai D1 blok P-01, Baltos","Kota Bandung","Jawa Barat","ID",,"+62 878-2331-3399","Kedai Kopi",,,,,,,,,"https://www.google.com/maps/search/?api=1&query=HUEMAI%20Warung%20Kopi&query_place_id=ChIJP0SAJxXnaC4Rrb8V8yT5rx4","Kedai Kopi"
"Warung Kopi Kalamuda","4.6","830","Jl. Sukahaji No.119","Kota Bandung","Jawa Barat","ID","http://instagram.com/warkop.kalamuda","+62 856-2404-8718","Kafe",,,,,,,,,"https://www.google.com/maps/search/?api=1&query=Warung%20Kopi%20Kalamuda&query_place_id=ChIJ-8fHLc_naC4RPLiBQX9kcIU","Kafe"
"Kinokimi Coffee","4.6","583","Jl. Ranggamalela No.8","Kota Bandung","Jawa Barat","ID","https://instagram.com/kinokimicoffee","","Kedai Kopi",,,,,,,,,"https://www.google.com/maps/search/?api=1&query=Kinokimi%20Coffee&query_place_id=ChIJ9-9-xUbnaC4RtdtjjFMx6hI","Kedai Kopi"
"Public Space Cafe","4.6","257","Jl. Teuku Umar No.21","Kota Bandung","Jawa Barat","ID","https://www.instagram.com/publicspacecafe/","+62 813-2448-2121","Kedai Kopi",,,,,,,,,"https://www.google.com/maps/search/?api=1&query=Public%20Space%20Cafe&query_place_id=ChIJWaE1vtnnaC4RJfbpp-lQUpc","Kedai Kopi"
"Pecah Kopi","4.6","531","Jl. Cigadung Raya Timur No.5","Kota Bandung","Jawa Barat","ID",,"+62 813-3336-5480","Kedai Kopi","Kafe",,,,,,,,"https://www.google.com/maps/search/?api=1&query=Pecah%20Kopi&query_place_id=ChIJeUIR7hHnaC4RMOh_53zAUiM","Kedai Kopi"
"Toko Kopi Lajeng","4.7","198","Jl. Bukit Dago Selatan No.7","Kota Bandung","Jawa Barat","ID",,"","Kedai Kopi",,,,,,,,,"https://www.google.com/maps/search/?api=1&query=Toko%20Kopi%20Lajeng&query_place_id=ChIJt_N1kzDnaC4Rjgn7A6eji3g","Kedai Kopi"
"Jiwan Coffee & Things Bandung","4.7","300","Jl. Ir. H. Juanda No.50","Kota Bandung","Jawa Barat","ID","https://linktr.ee/jiwancoffee","+62 888-0184-3726","Kedai Kopi",,,,,,,,,"https://www.google.com/maps/search/?api=1&query=Jiwan%20Coffee%20%26%20Things%20Bandung&query_place_id=ChIJiXuBJ0DnaC4Rgof-bcZ1hPM","Kedai Kopi"
"Bfour Coffee & Ice Cream","4.7","56","Jl. Budi No.4 RT02, RW.03","Kota Bandung","Jawa Barat","ID",,"+62 896-3459-5964","Kedai Kopi","Toko Es Krim",,,,,,,,"https://www.google.com/maps/search/?api=1&query=Bfour%20Coffee%20%26%20Ice%20Cream&query_place_id=ChIJZfvDnSnlaC4RFPAo-tu4oNE","Kedai Kopi"
"Communal Coffee Indonesia","4.9","166","Jl. Citra Green No.17","Kota Bandung","Jawa Barat","ID",,"+62 817-7943-0224","Kedai Kopi","Bar","Kafe","Tempat penyangraian kopi","Grosir Kopi",,,,,"https://www.google.com/maps/search/?api=1&query=Communal%20Coffee%20Indonesia&query_place_id=ChIJU3KwAeDmaC4RK-RIotEMWhw","Kedai Kopi"
"Tjaritra Coffee","4.6","178","Jl. Pak Gatot Raya No.80","Kota Bandung","Jawa Barat","ID","https://instagram.com/tjaritracoffee?igshid=MDM4ZDc5MmU=","+62 857-2491-7446","Kedai Kopi",,,,,,,,,"https://www.google.com/maps/search/?api=1&query=Tjaritra%20Coffee&query_place_id=ChIJVz1cPP7naC4RTnYeacwIlHU","Kedai Kopi"
"Ayamayaman Buka 24 Jam!","4.5","2011","Jl. Tubagus Ismail No.5c","Kota Bandung","Jawa Barat","ID","https://linktr.ee/ayamayaman","+62 822-1111-2926","Kedai Kopi","Kafe","Restoran Masakan Ayam","Pengiriman Makanan",,,,,,"https://www.google.com/maps/search/?api=1&query=Ayamayaman%20Buka%2024%20Jam!&query_place_id=ChIJeaqkqIDmaC4R1FGOImTIZ6g","Kedai Kopi"
"Makmur Jaya Coffee Roasters - Surya Sumantri","4.5","1159","Jl. Lemahnendeut No.2","Kota Bandung","Jawa Barat","ID",,"","Kedai Kopi",,,,,,,,,"https://www.google.com/maps/search/?api=1&query=Makmur%20Jaya%20Coffee%20Roasters%20-%20Surya%20Sumantri&query_place_id=ChIJmXTSu_nnaC4RiAJrAhMemig","Kedai Kopi"
"Kopi Kendi 71","4.9","72","Jl. Gegerkalong Tengah No.71","Kota Bandung","Jawa Barat","ID",,"+62 851-6361-8197","Kedai Kopi","Kafe",,,,,,,,"https://www.google.com/maps/search/?api=1&query=Kopi%20Kendi%2071&query_place_id=ChIJidF3pdrnaC4RtzM25YZgxnU","Kedai Kopi"
"ARAH Coffee Pasundan","4.3","1353","Jl. Sukajadi No.204","Kota Bandung","Jawa Barat","ID","http://arahcoffee.co.id/","+62 811-2851-2545","Kedai Kopi",,,,,,,,,"https://www.google.com/maps/search/?api=1&query=ARAH%20Coffee%20Pasundan&query_place_id=ChIJO_YpkBbnaC4RLOwExfl3c_0","Kedai Kopi"
"Monday Co Dago","4.6","539","Jl. Bukit Dago Utara I No.9","Kota Bandung","Jawa Barat","ID",,"+62 878-6312-1457","Kedai Kopi",,,,,,,,,"https://www.google.com/maps/search/?api=1&query=Monday%20Co%20Dago&query_place_id=ChIJzznBRAHnaC4RFlg217jkSRg","Kedai Kopi"
"Noah's Barn","4.6","6115","Jl. Dayang Sumbi No.2","Kota Bandung","Jawa Barat","ID",,"+62 22 82526452","Kafe","Kedai Kopi","Restoran cepat saji","Restoran Pizza",,,,,,"https://www.google.com/maps/search/?api=1&query=Noah's%20Barn&query_place_id=ChIJs-Z5LFbmaC4RZkRJDC3hzrA","Kafe"
"Kopi Toko Djawa (Teuku Umar)","4.7","717","Jl. Teuku Umar No.5","Kota Bandung","Jawa Barat","ID",,"+62 899-6979-748","Kedai Kopi",,,,,,,,,"https://www.google.com/maps/search/?api=1&query=Kopi%20Toko%20Djawa%20(Teuku%20Umar)&query_place_id=ChIJs05i3-jnaC4RnD66o0ylDFE","Kedai Kopi"
"Kumari (Bake and Brew)","4.8","2065","Jl. Bagusrangin No.1","Kota Bandung","Jawa Barat","ID",,"+62 22 20469998","Kedai Kopi","Kafe",,,,,,,,"https://www.google.com/maps/search/?api=1&query=Kumari%20(Bake%20and%20Brew)&query_place_id=ChIJNUCImqTnaC4RfXva_A2bw5s","Kedai Kopi"
"MAFANA COFFEE BANDUNG","5","21","Jl. Ciumbuleuit No.91","Kota Bandung","Jawa Barat","ID",,"+62 813-1676-4607","Kedai Kopi",,,,,,,,,"https://www.google.com/maps/search/?api=1&query=MAFANA%20COFFEE%20BANDUNG&query_place_id=ChIJKQG-EwDnaC4RA9C65pfVick","Kedai Kopi"
"Tekun Cikutra","4.9","1319",,"Kota Bandung","Jawa Barat","ID","https://cikutra.tekun.co.id/","+62 821-1806-8525","Kedai Kopi",,,,,,,,,"https://www.google.com/maps/search/?api=1&query=Tekun%20Cikutra&query_place_id=ChIJ1aCCwOnnaC4REuVwnHnjVrM","Kedai Kopi"
"Two Hands Full Dago","4.5","2177","Jl. Ir. H. Juanda No.113","Kota Bandung","Jawa Barat","ID","https://thfcoffee.com/","+62 817-4142-768","Kedai Kopi",,,,,,,,,"https://www.google.com/maps/search/?api=1&query=Two%20Hands%20Full%20Dago&query_place_id=ChIJ0wfmo4zmaC4RC89sbOwR2Ro","Kedai Kopi"
"One Eighty Coffee and Music","4.6","9213","Jl. Ganesha No.3","Kota Bandung","Jawa Barat","ID","https://www.instagram.com/oneeightycoffee","+62 822-1800-0155","Kedai Kopi","Restoran",,,,,,,,"https://www.google.com/maps/search/?api=1&query=One%20Eighty%20Coffee%20and%20Music&query_place_id=ChIJq8Fn4VDmaC4RsdHmpMJbw9w","Kedai Kopi"
"Kisah Manis Dago","4.9","6430","Jl. Ir. H. Juanda No.98","Kota Bandung","Jawa Barat","ID","https://www.instagram.com/kopikisahmanis/","+62 821-2732-2571","Kedai Kopi",,,,,,,,,"https://www.google.com/maps/search/?api=1&query=Kisah%20Manis%20Dago&query_place_id=ChIJAyO_TNznaC4R9EWsxShYSJk","Kedai Kopi"
"Bagi Kopi","4.7","734","Jl. Ir. H. Juanda No.299","Kota Bandung","Jawa Barat","ID","https://bagikopi.id/","","Kedai Kopi",,,,,,,,,"https://www.google.com/maps/search/?api=1&query=Bagi%20Kopi&query_place_id=ChIJMfNn_ADnaC4RqwXWlSQjgJo","Kedai Kopi"
"Kopi Kyomi","4.6","922","Jl. Ir. H. Juanda No.130","Kota Bandung","Jawa Barat","ID","http://www.instagram.com/kyomispace","+62 817-7928-1576","Kedai Kopi",,,,,,,,,"https://www.google.com/maps/search/?api=1&query=Kopi%20Kyomi&query_place_id=ChIJv2b7njrnaC4RT7bV6A0SSAw","Kedai Kopi"
"de.u Coffee","4.8","3510","Jl. Dipati Ukur No.23","Kota Bandung","Jawa Barat","ID","https://instagram.com/de.ucoffee?igshid=vw6bpyp29a1s","+62 877-5668-8262","Kedai Kopi","Kafe",,,,,,,,"https://www.google.com/maps/search/?api=1&query=de.u%20Coffee&query_place_id=ChIJ4Y8EhgjnaC4RBAEycfqH2P4","Kedai Kopi"
"JAJAN DIMSUM Bandung","4.7","3","Jl. Dipati Ukur No.42","Kota Bandung","Jawa Barat","ID",,"","Restoran Dim Sum","Restoran","Warung Makanan Kecil",,,,,,,"https://www.google.com/maps/search/?api=1&query=JAJAN%20DIMSUM%20Bandung&query_place_id=ChIJl4JGRj7naC4Rq06hbqqu028","Restoran Dim Sum"
"foresta coffee","4.5","399","Jl. Rancabentang No.28","Kota Bandung","Jawa Barat","ID",,"+62 813-9888-8932","Kedai Kopi",,,,,,,,,"https://www.google.com/maps/search/?api=1&query=foresta%20coffee&query_place_id=ChIJa6dVXOjmaC4R2-bMiSFNF7w","Kedai Kopi"
"OSAKA SUSHI BANDUNG","4.5","33","4J4C+GV5, Jl. Sadang Saip No.379","Kota Bandung","Jawa Barat","ID",,"+62 877-7314-8198","Sushi takeaway","Restoran Sushi",,,,,,,,"https://www.google.com/maps/search/?api=1&query=OSAKA%20SUSHI%20BANDUNG&query_place_id=ChIJe7wtCKTnaC4RXT29UcRWrH0","Sushi takeaway"
"Kedai Kopi Warga","4.8","823","Jl. Ir. H. Juanda No.48","Kota Bandung","Jawa Barat","ID","http://www.kopiwarga.co.id/","+62 811-1111-5787","Kedai Kopi","Kafe",,,,,,,,"https://www.google.com/maps/search/?api=1&query=Kedai%20Kopi%20Warga&query_place_id=ChIJP0d0tbjnaC4RO4mLswO1ny8","Kedai Kopi"
"Warung Kopi Imah Babaturan 1","4.5","4690","Jl. Kebon Bibit No.3","Kota Bandung","Jawa Barat","ID","https://tokopedia.com/imahbabaturan","","Restoran Indonesia","Kedai Sarapan","Kedai Kopi",,,,,,,"https://www.google.com/maps/search/?api=1&query=Warung%20Kopi%20Imah%20Babaturan%201&query_place_id=ChIJg6u_MEXmaC4RsPov4zzmx2k","Restoran Indonesia"
"Makmur Jaya Coffee Roasters - Sawunggaling","4.6","3218","Jl. Sawunggaling No.22","Kota Bandung","Jawa Barat","ID","http://www.makmurjayacoffee.com/","+62 821-1356-0564","Kedai Kopi",,,,,,,,,"https://www.google.com/maps/search/?api=1&query=Makmur%20Jaya%20Coffee%20Roasters%20-%20Sawunggaling&query_place_id=ChIJgYMu74vnaC4Ryr43h9rWKcw","Kedai Kopi"
"Monsoon Coffee & Cowork","4.4","530","D'Botanica Mall, Jl. Dr. Djunjunan No.143-149 GF - C08","Kota Bandung","Jawa Barat","ID","http://www.instagram.com/monsoon.cafe","+62 813-8866-0035","Kedai Kopi","Ruang Kerja Bersama",,,,,,,,"https://www.google.com/maps/search/?api=1&query=Monsoon%20Coffee%20%26%20Cowork&query_place_id=ChIJgYFHO4vmaC4RgpxrNYtGfRs","Kedai Kopi"
"Sejati Coffee & Space","4.9","49","Jl. Cigadung Raya Timur No.72","Kota Bandung","Jawa Barat","ID","https://instagram.com/desacoffeespace?igshid=YmMyMTA2M2Y=","+62 811-1876-737","Kedai Kopi",,,,,,,,,"https://www.google.com/maps/search/?api=1&query=Sejati%20Coffee%20%26%20Space&query_place_id=ChIJkUJEiBXnaC4R3z3GcWlTcVg","Kedai Kopi"
"Biji Rakyat","4.7","241","Jl. Sukahaji No.69","Kota Bandung","Jawa Barat","ID","https://www.instagram.com/bijirakyat/","","Kedai Kopi","Kedai Sarapan","Kafe",,,,,,,"https://www.google.com/maps/search/?api=1&query=Biji%20Rakyat&query_place_id=ChIJPxbQP6HnaC4ROZhMcJrdpGA","Kedai Kopi"
"Sejiwa Coffee, Kiputih","4.5","1262","Jl. Kiputih No.1A","Kota Bandung","Jawa Barat","ID","http://www.instagram.com/sejiwacoffee","+62 878-2158-8029","Kedai Kopi",,,,,,,,,"https://www.google.com/maps/search/?api=1&query=Sejiwa%20Coffee%2C%20Kiputih&query_place_id=ChIJVRACusbnaC4RIAatRUAKwp0","Kedai Kopi"
"yumaju coffee","4.6","2225","Jl. Maulana Yusuf No.10","Kota Bandung","Jawa Barat","ID","https://www.instagram.com/yumajucoffee/","+62 896-5555-0199","Kedai Kopi","Kafe",,,,,,,,"https://www.google.com/maps/search/?api=1&query=yumaju%20coffee&query_place_id=ChIJAwU8xU7maC4RQlhDRSpPDrI","Kedai Kopi"
"CW Coffee & Eatery","4.6","334","Jl. Gegerkalong Girang No.27","Kota Bandung","Jawa Barat","ID","https://instagram.com/cwcoffee.id","","Kedai Kopi",,,,,,,,,"https://www.google.com/maps/search/?api=1&query=CW%20Coffee%20%26%20Eatery&query_place_id=ChIJP-2GXSznaC4RwG6Y5Ji3U1U","Kedai Kopi"
"Kopi Seru","4.8","487","Jl. Setrasari Raya No.10","Kota Bandung","Jawa Barat","ID","http://www.kopiseru.com/","+62 859-5088-2023","Kedai Kopi","Kafe","Tempat penyangraian kopi","Restoran",,,,,,"https://www.google.com/maps/search/?api=1&query=Kopi%20Seru&query_place_id=ChIJvQde2DHnaC4RlBxdNDacDME","Kedai Kopi"
"seblak bandung 313","5","1","4JMC+GH7, Jl. Dago Elos I","Kota Bandung","Jawa Barat","ID",,"","Pujasera","Restoran seblak",,,,,,,,"https://www.google.com/maps/search/?api=1&query=seblak%20bandung%20313&query_place_id=ChIJdXOwAeDmaC4RyPrS8qh0OFA","Pujasera"
"Hellikopi","4.6","275","Jl. Gegerkalong Hilir No.181 A","Kota Bandung","Jawa Barat","ID",,"","Kafe","Kedai Kopi",,,,,,,,"https://www.google.com/maps/search/?api=1&query=Hellikopi&query_place_id=ChIJaSsNVZ_maC4RtRjfagVsEyQ","Kafe"
"Masagi Koffee","4.6","2227","No.1-B, Jl. Gunung Kareumbi","Kota Bandung","Jawa Barat","ID",,"+62 878-3107-1153","Kedai Kopi",,,,,,,,,"https://www.google.com/maps/search/?api=1&query=Masagi%20Koffee&query_place_id=ChIJ-ZLpWpHnaC4RbdN84sBJ6Kw","Kedai Kopi"
"hi brew","4.8","3399","Jl. Boscha No.43","Kota Bandung","Jawa Barat","ID","https://linktr.ee/hibrewcoffee","+62 881-0237-12174","Kedai Kopi","Kafe","Toko kopi",,,,,,,"https://www.google.com/maps/search/?api=1&query=hi%20brew&query_place_id=ChIJpd8Fcl_maC4ReLsGBTWS0jw","Kedai Kopi"
"Kana Cafe Bandung","4.9","1162","Komplek Setrasari Plaza II, blok B8/B9","Kota Bandung","Jawa Barat","ID","https://www.instagram.com/kanabdg/","+62 811-2343-045","Kedai Kopi","Kafe","Ruang Kerja Bersama",,,,,,,"https://www.google.com/maps/search/?api=1&query=Kana%20Cafe%20Bandung&query_place_id=ChIJnaXyUX_naC4RoujhbHn3aEU","Kedai Kopi"
"Villa Damar Bandung","4.3","691","Jl. Damar No.7","Kota Bandung","Jawa Barat","ID","http://www.villadamar.com/","+62 22 2041361","Hotel","Restoran",,,,,,,,"https://www.google.com/maps/search/?api=1&query=Villa%20Damar%20Bandung&query_place_id=ChIJqe8BTvPmaC4RUfLMaj-Fp2Y","Hotel"
"Pizza Hut Delivery - PHD Indonesia","4.6","564","Jl. Dr. Setiabudi No.171","Kota Bandung","Jawa Barat","ID","https://www.pizzahut.co.id/","+62 1 500 600","Stan Pizza","Pengiriman Makanan","Restoran Pesan-Bawa","Layanan Pesan-Antar Pizza",,,,,,"https://www.google.com/maps/search/?api=1&query=Pizza%20Hut%20Delivery%20-%20PHD%20Indonesia&query_place_id=ChIJcXuClJXmaC4RQG0vuvX-ezU","Stan Pizza"
"Warung Nasi Goreng | Sarijadi - Kota Bandung | Babat","5","1","4H9H+MJ3","Kota Bandung","Jawa Barat","ID",,"+62 813-4222-7705","Restoran Nasi Goreng",,,,,,,,,"https://www.google.com/maps/search/?api=1&query=Warung%20Nasi%20Goreng%20%7C%20Sarijadi%20-%20Kota%20Bandung%20%7C%20Babat&query_place_id=ChIJAbiw-OPnaC4RxJVV8Lg4iTw","Restoran Nasi Goreng"
"Bubur Ayam dan Siomay Bandung Handayani","4.4","118","Jl. Dr. Setiabudi No.34","Kota Bandung","Jawa Barat","ID","http://www.instagram.com/buburayamhandayani","+62 813-2066-6037","Restoran Bubur","Restoran China","Pujasera",,,,,,,"https://www.google.com/maps/search/?api=1&query=Bubur%20Ayam%20dan%20Siomay%20Bandung%20Handayani&query_place_id=ChIJcwSrcfTmaC4RsNyhMlx9ajw","Restoran Bubur"
"Kopi Mandja, Sarijadi","4.5","476","Jl. Terusan Sutami No.2","Kota Bandung","Jawa Barat","ID",,"+62 821-1796-0022","Kedai Kopi",,,,,,,,,"https://www.google.com/maps/search/?api=1&query=Kopi%20Mandja%2C%20Sarijadi&query_place_id=ChIJwWD5ppnnaC4RfyBE1ZSDEXs","Kedai Kopi"
"Jabarano Coffee","4.8","1096","D'Botanica Bandung Mall, Jl. DR. Djunjunan Dalam No.1 143 149, RW.lt","Kota Bandung","Jawa Barat","ID",,"+62 811-2220-6767","Kedai Kopi",,,,,,,,,"https://www.google.com/maps/search/?api=1&query=Jabarano%20Coffee&query_place_id=ChIJaUk8WQDnaC4Rht8h9VRGaao","Kedai Kopi"
"Bakso Rusuk Al Fatih Bandung","4.7","34","Gg. Bangbayang Timur No.117, Rt/Rw 001/010 kel","Kota Bandung","Jawa Barat","ID",,"+62 856-0648-8172","Restoran Bakso","Restoran Jawa",,,,,,,,"https://www.google.com/maps/search/?api=1&query=Bakso%20Rusuk%20Al%20Fatih%20Bandung&query_place_id=ChIJ50HwKcXnaC4RdFVS-mvTePs","Restoran Bakso"
"Gajuakopi","4.5","1653","Jl. Sawunggaling No.7","Kota Bandung","Jawa Barat","ID","https://instagram.com/gajuakopi","","Kedai Kopi",,,,,,,,,"https://www.google.com/maps/search/?api=1&query=Gajuakopi&query_place_id=ChIJF472jirnaC4Rwr1HEm6G6D0","Kedai Kopi"
"GREAT DIMSUM BANDUNG 2 - Pusdai","4.6","331","Jl. Pusdai","Kota Bandung","Jawa Barat","ID",,"+62 813-2225-2233","Restoran Dim Sum",,,,,,,,,"https://www.google.com/maps/search/?api=1&query=GREAT%20DIMSUM%20BANDUNG%202%20-%20Pusdai&query_place_id=ChIJ6TGoWlvnaC4RtFO7CKajYUg","Restoran Dim Sum"
"Dimsum Inmons","4.7","136","Jl. Karang Tinggal No.27","Kota Bandung","Jawa Barat","ID",,"+62 895-0467-7054","Restoran Dim Sum",,,,,,,,,"https://www.google.com/maps/search/?api=1&query=Dimsum%20Inmons&query_place_id=ChIJieT_ULPnaC4RWPiuC5PFyDo","Restoran Dim Sum"
"Sop iga Dipatiukur cabang setiabudi gerlong, jl setiabudi 107b bandung, dalam foodcourt nya","4.3","4","Samping aneka motor setiabudi foodcourt, Jl. Dr. Setiabudi No.107b","Kota Bandung","Jawa Barat","ID","https://shopee.co.id/universal-link/now-food/shop/20346400?deep_and_deferred=1&share","+62 812-1133-7981","Pujasera","Kafe","Toko kopi","Restoran Halal","Warung nasi","Restoran","Restoran Sup",,,"https://www.google.com/maps/search/?api=1&query=Sop%20iga%20Dipatiukur%20cabang%20setiabudi%20gerlong%2C%20jl%20setiabudi%20107b%20bandung%2C%20dalam%20foodcourt%20nya&query_place_id=ChIJdyVvXQznaC4R3yulMuigedA","Pujasera"
"Bekas Resto",,,"Jl. Prof. drg. Soeria Soemantri No.57","Kota Bandung","Jawa Barat","ID",,"","Restoran",,,,,,,,,"https://www.google.com/maps/search/?api=1&query=Bekas%20Resto&query_place_id=ChIJ05giQ4fmaC4R0JCBecjWjC8","Restoran"
"Boga Kitchen Dago Bandung","3.4","94","Jl. Ir. H. Juanda No.244","Kota Bandung","Jawa Barat","ID",,"+62 812-9452-4944","Restoran spesial olahan nasi","Restoran Jepang",,,,,,,,"https://www.google.com/maps/search/?api=1&query=Boga%20Kitchen%20Dago%20Bandung&query_place_id=ChIJHQLJsgnnaC4RQLsa3bqIwoo","Restoran spesial olahan nasi"
"Blue Doors Karang Tineung","4.9","1108","Jl. Karang Tineung No.9","Kota Bandung","Jawa Barat","ID",,"","Kedai Kopi",,,,,,,,,"https://www.google.com/maps/search/?api=1&query=Blue%20Doors%20Karang%20Tineung&query_place_id=ChIJH35zeA_naC4RfXNdzsRay_A","Kedai Kopi"
"Ikan bakar 99 & seafood termurah di dipatiukur bandung","4.2","5","4J59+325","Kota Bandung","Jawa Barat","ID","https://instagram.com/ikanbakar99bandungofficial?utm_medium=copy_link","+62 895-3348-90197","Rumah Makan","Restoran Seafood",,,,,,,,"https://www.google.com/maps/search/?api=1&query=Ikan%20bakar%2099%20%26%20seafood%20termurah%20di%20dipatiukur%20bandung&query_place_id=ChIJyQgXb6jnaC4RZMeGiNRIxQs","Rumah Makan"
"Starbucks Coffee - Ciwalk Bandung","4.6","1279","Cihampelas Walk Parking Lot, Jl. Cihampelas No.160 Lantai Ground","Kota Bandung","Jawa Barat","ID","http://www.starbucks.co.id/","","Kedai Kopi","Kedai Sarapan","Kafe",,,,,,,"https://www.google.com/maps/search/?api=1&query=Starbucks%20Coffee%20-%20Ciwalk%20Bandung&query_place_id=ChIJVVVVJVnmaC4RG8JaOjv6os4","Kedai Kopi"
"Yoshinoya Ciwalk Bandung","4.2","764","Cihampelas Walk Lt. 1 Unit I-02 - I-08, Jl. Cihampelas No.160","Kota Bandung","Jawa Barat","ID","http://www.yoshinoya.co.id/","+62 22 82021790","Restoran Jepang",,,,,,,,,"https://www.google.com/maps/search/?api=1&query=Yoshinoya%20Ciwalk%20Bandung&query_place_id=ChIJmfkAmFvmaC4RHX4UtKntC2Y","Restoran Jepang"
"Mie Gacoan Dipatiukur","4.7","5432","Jl. Dipati Ukur No.3","Kota Bandung","Jawa Barat","ID",,"","Restoran Mie","Restoran",,,,,,,,"https://www.google.com/maps/search/?api=1&query=Mie%20Gacoan%20Dipatiukur&query_place_id=ChIJYyKqO07maC4RVZNjqG1xd_A","Restoran Mie"
"Singgalang Jaya","4.5","267","Jl. Tubagus Ismail No.7A","Kota Bandung","Jawa Barat","ID",,"+62 812-7070-8023","Restoran Padang","Restoran Sunda",,,,,,,,"https://www.google.com/maps/search/?api=1&query=Singgalang%20Jaya&query_place_id=ChIJJ9PvJ_nmaC4RUS9skJb9Xpc","Restoran Padang"
"McDonald's Setiabudi Bandung","4.5","6358","Jl. Dr. Setiabudi No.86-88","Kota Bandung","Jawa Barat","ID",,"+62 811-8005-694","Restoran cepat saji",,,,,,,,,"https://www.google.com/maps/search/?api=1&query=McDonald's%20Setiabudi%20Bandung&query_place_id=ChIJxzxvYDHnaC4RYOO0I0Ej-r8","Restoran cepat saji"
"Lontong Sayur Padang Dipati Ukur Bandung","4.7","138","Jl. Haur Pancuh","Kota Bandung","Jawa Barat","ID",,"","Restoran Padang","Kedai Sarapan",,,,,,,,"https://www.google.com/maps/search/?api=1&query=Lontong%20Sayur%20Padang%20Dipati%20Ukur%20Bandung&query_place_id=ChIJK6_QhFPmaC4RhUgkioF7Mnk","Restoran Padang"
"Ah Mei Cafe - Rumah Mode Bandung","4.2","122","Jl. Dr. Setiabudi No.41","Kota Bandung","Jawa Barat","ID","http://www.ahmeicafe.co.id/","+62 817-9194-172","Restoran Asia","Restoran Indonesia",,,,,,,,"https://www.google.com/maps/search/?api=1&query=Ah%20Mei%20Cafe%20-%20Rumah%20Mode%20Bandung&query_place_id=ChIJJbn0YfPmaC4RgYofiBUORSo","Restoran Asia"
"Mie Gacoan Dago","4.7","8956","Jl. Dago No.151A","Kota Bandung","Jawa Barat","ID",,"","Restoran Mie","Restoran",,,,,,,,"https://www.google.com/maps/search/?api=1&query=Mie%20Gacoan%20Dago&query_place_id=ChIJ7ULHOxznaC4RFZMkYknitf4","Restoran Mie"
"Ramen1 PVJ Bandung","3.6","237","Paris Van Java, Jl. Sukajadi","Kota Bandung","Jawa Barat","ID",,"","Restoran Jepang",,,,,,,,,"https://www.google.com/maps/search/?api=1&query=Ramen1%20PVJ%20Bandung&query_place_id=ChIJH0yWkcjnaC4R881jrEzERhA","Restoran Jepang"
"Pizza Hut Restoran","4.7","5108","Jl. Dr. Setiabudi No.87","Kota Bandung","Jawa Barat","ID","https://www.pizzahut.co.id/","+62 1 500 600","Restoran Pizza","Restoran",,,,,,,,"https://www.google.com/maps/search/?api=1&query=Pizza%20Hut%20Restoran&query_place_id=ChIJXRfKkHHnaC4RQaXo3I_ON9Q","Restoran Pizza"
"Grand Arjuna Hotel Bandung","4.1","3580","Jl. Ciumbuleuit No.152","Kota Bandung","Jawa Barat","ID","https://grandarjunahotel.com/","+62 22 2043800","Hotel","Bar Karaoke","Bar lounge","Restoran","Spa","Kolam Renang",,,,"https://www.google.com/maps/search/?api=1&query=Grand%20Arjuna%20Hotel%20Bandung&query_place_id=ChIJOW2sie7maC4RdBz9BgmcGqA","Hotel"
"Java Bean","4.3","99","Rumah Mode, Jl. Dr. Setiabudi No.41","Kota Bandung","Jawa Barat","ID","https://java-bean-cafe.localo.site/?utm_source=google_profile&utm_campaign=localo&utm_medium=mainlink","+62 811-2111-2238","Restoran","Kafe","Kedai Kopi","Restoran Indonesia","Restoran Italia",,,,,"https://www.google.com/maps/search/?api=1&query=Java%20Bean&query_place_id=ChIJn6d267XmaC4Ry9JEflawhj0","Restoran"
"Pepper Lunch","4.6","843","Paris Van Java Mall, Paris Van Java, Jl. Sukajadi No.137 - 139 Blok RL-A-08","Kota Bandung","Jawa Barat","ID","http://www.pepperlunch.id/","+62 22 82063535","Restoran Steak Jepang","Restoran Jepang",,,,,,,,"https://www.google.com/maps/search/?api=1&query=Pepper%20Lunch&query_place_id=ChIJI3PIQ2DmaC4RDbmPOHx8-g8","Restoran Steak Jepang"
"Andalucia Lodge & Brunch Bandung","4.7","240","Jl. Sukaraja II No.318","Kota Bandung","Jawa Barat","ID","https://bookingku.bookandlink.com/booking-page.php?id=andalucia-lodge-brunch","+62 856-9713-6316","Hotel","Guest house","Hostel","Pondok","Rumah wisata","Restoran",,,,"https://www.google.com/maps/search/?api=1&query=Andalucia%20Lodge%20%26%20Brunch%20Bandung&query_place_id=ChIJH-ApEHDnaC4RloSCO-bup9I","Hotel"
"Nasi Goreng Tiarbah Bandung Timur","4.9","98","Jl. Cigadung Raya Tengah No.16","Kota Bandung","Jawa Barat","ID","https://nasgortiarbahbandungtimur.com/","+62 822-6222-2465","Restoran Nasi Goreng",,,,,,,,,"https://www.google.com/maps/search/?api=1&query=Nasi%20Goreng%20Tiarbah%20Bandung%20Timur&query_place_id=ChIJ510cgVDdaC4RquR8MwdOfPc","Restoran Nasi Goreng"
"Gula Merah","4","190","Mall, Paris Van Java, Jl. Sukajadi No.131-139 Lt.RL","Kota Bandung","Jawa Barat","ID",,"+62 22 82063696","Restoran",,,,,,,,,"https://www.google.com/maps/search/?api=1&query=Gula%20Merah&query_place_id=ChIJddaVxdHnaC4Re3kde5iNAwY","Restoran"
"Wingstop - Cihampelas Bandung","4.5","577","No.155 B, Jl. Cihampelas","Kota Bandung","Jawa Barat","ID","https://wingstop.id/?y_source=1_MTAzMjYzMzEwNS03MTUtbG9jYXRpb24ud2Vic2l0ZQ%3D%3D","+62 811-1910-8888","Restoran Hidangan Sayap Ayam","Restoran Masakan Ayam","Restoran",,,,,,,"https://www.google.com/maps/search/?api=1&query=Wingstop%20-%20Cihampelas%20Bandung&query_place_id=ChIJrZIgWMPnaC4RtSfQIHujKV0","Restoran Hidangan Sayap Ayam"
"Ramen 38 Sanpachi Mayfair","4.5","660","Mayfair, Jl. Sukajadi No.228 Lt.1","Kota Bandung","Jawa Barat","ID",,"+62 22 2036838","Restoran Ramen",,,,,,,,,"https://www.google.com/maps/search/?api=1&query=Ramen%2038%20Sanpachi%20Mayfair&query_place_id=ChIJVVVVFb7maC4R4Y5C6Eghmco","Restoran Ramen"
"Warung Celup Seafood Bandung","4.4","1465","Jl. Terusan Cigadung No.12","Kota Bandung","Jawa Barat","ID",,"+62 895-6276-65741","Restoran Seafood",,,,,,,,,"https://www.google.com/maps/search/?api=1&query=Warung%20Celup%20Seafood%20Bandung&query_place_id=ChIJo9ftKPnmaC4RANh4vXTQAqc","Restoran Seafood"
"Mie Gacoan Bandung - Paskal","4.6","7171","Jl. Pasir Kaliki No.181","Kota Bandung","Jawa Barat","ID",,"","Restoran Mie","Restoran",,,,,,,,"https://www.google.com/maps/search/?api=1&query=Mie%20Gacoan%20Bandung%20-%20Paskal&query_place_id=ChIJAeEMlLLnaC4Rm3s7hBwpIK8","Restoran Mie"
"Rumah Makan Sunda Bale Gazeeboe","4.1","774","Jl. Surapati No.49","Kota Bandung","Jawa Barat","ID",,"+62 22 2506716","Restoran Sunda","Rumah Makan","Restoran Masakan Perpaduan","Restoran Makanan Sehat","Restoran Ikan Bakar","Restoran","Restoran Sup",,,"https://www.google.com/maps/search/?api=1&query=Rumah%20Makan%20Sunda%20Bale%20Gazeeboe&query_place_id=ChIJ3xLW4rLnaC4R0YW8Jl98_u0","Restoran Sunda"
"Kue Westhoff Cafe","4.5","301","Jalan Terusan Sutami Setrasari Plaza","Kota Bandung","Jawa Barat","ID",,"+62 22 2006877","Toko Kue","Kedai Sarapan","Kafe","Restoran Keluarga","Restoran",,,,,"https://www.google.com/maps/search/?api=1&query=Kue%20Westhoff%20Cafe&query_place_id=ChIJJUVYXITmaC4RjiquEMRF-Mc","Toko Kue"
"KFC Setiabudi Bandung","4.4","6260","Jl. Dr. Setiabudi No.169","Kota Bandung","Jawa Barat","ID","https://kfcku.com/","+62 22 2005386","Restoran cepat saji","Restoran Masakan Ayam",,,,,,,,"https://www.google.com/maps/search/?api=1&query=KFC%20Setiabudi%20Bandung&query_place_id=ChIJffzQv5XmaC4R35401i63AEg","Restoran cepat saji"
"Bakso Rusuk Samanhudi Dago","4.5","2109","Jl. Ir. H. Juanda No.342b","Kota Bandung","Jawa Barat","ID","https://www.instagram.com/baksorusuksamanhudi","+62 812-2344-8400","Restoran Bakso","Restoran Mie",,,,,,,,"https://www.google.com/maps/search/?api=1&query=Bakso%20Rusuk%20Samanhudi%20Dago&query_place_id=ChIJ86yw3-LmaC4RZE-Djao_2pk","Restoran Bakso"
"Wheels Coffee Roasters - Eyckman 32","4.8","4899","Jl. Prof. Eyckman No.32","Kota Bandung","Jawa Barat","ID","https://www.instagram.com/wheelscoffeeroasters/","+62 812-2208-1402","Kedai Kopi","Kafe",,,,,,,,"https://www.google.com/maps/search/?api=1&query=Wheels%20Coffee%20Roasters%20-%20Eyckman%2032&query_place_id=ChIJ7eOfFl3maC4REJDm-HhRb3s","Kedai Kopi"
"Lemper Purnama Bandung","4.7","36","Ruko Hotel NEO, Jl. Dipati Ukur No.72 A","Kota Bandung","Jawa Barat","ID",,"+62 818-0970-3100","Warung Makanan Kecil",,,,,,,,,"https://www.google.com/maps/search/?api=1&query=Lemper%20Purnama%20Bandung&query_place_id=ChIJcZiEE1TmaC4RsjZKAjVXVsg","Warung Makanan Kecil"
"Waroeng Steak & Shake Dipatiukur","4.4","5402","Jl. Dipati Ukur No.63","Kota Bandung","Jawa Barat","ID","http://waroengsteakandshake.com/","","Restoran Steak",,,,,,,,,"https://www.google.com/maps/search/?api=1&query=Waroeng%20Steak%20%26%20Shake%20Dipatiukur&query_place_id=ChIJnV4fJVTmaC4R63rzTYee6mQ","Restoran Steak"
"Oleh Oleh Bandung | Batagor Coy | Kuliner Bandung Paling Dicari","4.5","626","Jl. Ir. H. Juanda No.91","Kota Bandung","Jawa Barat","ID",,"+62 812-1231-2334","Restoran Sunda","Restoran Jawa",,,,,,,,"https://www.google.com/maps/search/?api=1&query=Oleh%20Oleh%20Bandung%20%7C%20Batagor%20Coy%20%7C%20Kuliner%20Bandung%20Paling%20Dicari&query_place_id=ChIJ_zm31FHmaC4REH38Wr-v004","Restoran Sunda"
"Kantin CAB (Cuanki Asli Bandung)","4.8","717","Jl. Pak Gatot II No.23","Kota Bandung","Jawa Barat","ID","https://www.instagram.com/kantin_cab?igsh=MWc4cTgzOWRid21mbQ==","+62 822-6206-8889","Restoran",,,,,,,,,"https://www.google.com/maps/search/?api=1&query=Kantin%20CAB%20(Cuanki%20Asli%20Bandung)&query_place_id=ChIJs7s43pfmaC4RHiO53CF1QjM","Restoran"
"Resto Saung KuringTubagus Ismail","4.4","224","Jl. Terusan Tubagus Ismail Raya No.1","Kota Bandung","Jawa Barat","ID",,"+62 22 2535522","Restoran Sunda","Restoran Masakan Ayam","Restoran Indonesia",,,,,,,"https://www.google.com/maps/search/?api=1&query=Resto%20Saung%20KuringTubagus%20Ismail&query_place_id=ChIJmdAim6rnaC4R-gt9UoX1IKs","Restoran Sunda"
"Moxy Sky Resto & Bar","4.8","164","Jl. Ir. H. Juanda No.69","Kota Bandung","Jawa Barat","ID","https://marriottbonvoyasia.com/restaurants-bars/moxy-bandung-moxy-sky","+62 823-2045-8469","Restoran","Bar",,,,,,,,"https://www.google.com/maps/search/?api=1&query=Moxy%20Sky%20Resto%20%26%20Bar&query_place_id=ChIJYdBjnljnaC4RHWX9BXtRuVk","Restoran"
"STARLITE CAFE BANDUNG","5","3","Jl. Dr. Djunjunan No.143","Kota Bandung","Jawa Barat","ID",,"+62 818-284-441","Restoran",,,,,,,,,"https://www.google.com/maps/search/?api=1&query=STARLITE%20CAFE%20BANDUNG&query_place_id=ChIJI60_iTblaC4RCnKykfWWPIE","Restoran"
"Restoran Simpang Raya Bandung","4.3","1526","Jl. Dr. Djunjunan No.182","Kota Bandung","Jawa Barat","ID","https://simpangraya.co.id/","+62 856-9490-0646","Restoran Padang",,,,,,,,,"https://www.google.com/maps/search/?api=1&query=Restoran%20Simpang%20Raya%20Bandung&query_place_id=ChIJiS_0sHzmaC4Rz_5C1fRTLRc","Restoran Padang"
"Sate Maranggi Haji Yetty Cabang Bandung","4.4","1261","Jl. Dr. Setiabudi No.158","Kota Bandung","Jawa Barat","ID",,"+62 813-9997-7780","Restoran Sate","Restoran",,,,,,,,"https://www.google.com/maps/search/?api=1&query=Sate%20Maranggi%20Haji%20Yetty%20Cabang%20Bandung&query_place_id=ChIJacUsI0znaC4RvPdVQtOaKYs","Restoran Sate"
"Rumah Makan Lumpia Semarang","4.5","1506","Jalan Badak Singa No.21, Tamansari, Bandung Wetan","Kota Bandung","Jawa Barat","ID",,"+62 22 2504533","Restoran Jawa Tengah","Restoran Indonesia","Restoran Jawa",,,,,,,"https://www.google.com/maps/search/?api=1&query=Rumah%20Makan%20Lumpia%20Semarang&query_place_id=ChIJecNG3-DnaC4Rx_PQPoIzAQA","Restoran Jawa Tengah"
"Shu Guo Yin Xiang Bandung","4.7","516","Jl. Ir. H. Juanda No.177","Kota Bandung","Jawa Barat","ID","https://www.instagram.com/shuguoyinxiang/","+62 22 2503005","Restoran Hot Pot","Restoran",,,,,,,,"https://www.google.com/maps/search/?api=1&query=Shu%20Guo%20Yin%20Xiang%20Bandung&query_place_id=ChIJo9ZCyQ3naC4RSkGWNQ-ZQh8","Restoran Hot Pot"
"GiggleBox - Cihampelas Walk Bandung","4.6","986","Unit SG, Jl. Cihampelas Jl. Cihampelas Walk No.160","Kota Bandung","Jawa Barat","ID","http://www.facebook.com/giggleboxid","+62 817-9117-942","Kafe","Restoran Asia","Restoran Indonesia","Restoran Masakan Barat",,,,,,"https://www.google.com/maps/search/?api=1&query=GiggleBox%20-%20Cihampelas%20Walk%20Bandung&query_place_id=ChIJBQow6FvmaC4RelySeDx27ys","Kafe"
"Homeground Restaurant","4.2","469","Jl. Gn. Batu No.3","Kota Bandung","Jawa Barat","ID",,"+62 811-280-624","Restoran",,,,,,,,,"https://www.google.com/maps/search/?api=1&query=Homeground%20Restaurant&query_place_id=ChIJB97j-d_naC4RC-RyA0WEWJY","Restoran"
"Bebek Ali Borme","4.6","9047","Jl. Teuku Umar No.6","Kota Bandung","Jawa Barat","ID",,"+62 813-1501-1866","Restoran Indonesia","Restoran Asia",,,,,,,,"https://www.google.com/maps/search/?api=1&query=Bebek%20Ali%20Borme&query_place_id=ChIJWVMonFHmaC4R7uPztP3Yb1Q","Restoran Indonesia"
"Serasa Salad Bar Bandung","4.6","780","Jl. Imam Bonjol No.48","Kota Bandung","Jawa Barat","ID",,"+62 813-9459-7834","Restoran Makanan Sehat","Kafe","Kedai Salad",,,,,,,"https://www.google.com/maps/search/?api=1&query=Serasa%20Salad%20Bar%20Bandung&query_place_id=ChIJpe5Vo43maC4R-px_aO7gsQQ","Restoran Makanan Sehat"
"Pizza Hut Restoran","4.8","5538","Jl. Ir. H. Juanda No.48","Kota Bandung","Jawa Barat","ID","https://www.pizzahut.co.id/","+62 1 500 600","Restoran Pizza","Restoran",,,,,,,,"https://www.google.com/maps/search/?api=1&query=Pizza%20Hut%20Restoran&query_place_id=ChIJzfndH0_maC4RwKuVTn5pmpY","Restoran Pizza"
"Jing Paradise Chinese Fine Dining Restaurant","4.6","1352","Jl. Dr. Setiabudi No.269-275","Kota Bandung","Jawa Barat","ID","https://grandmercurebandung.com/","+62 22 2012610","Restoran China","Restoran Dim Sum","Restoran Mewah",,,,,,,"https://www.google.com/maps/search/?api=1&query=Jing%20Paradise%20Chinese%20Fine%20Dining%20Restaurant&query_place_id=ChIJrfUdMPPmaC4RNIGIAWKRAac","Restoran China"
"Sushi Tei Flamboyant","4.5","4561","Flamboyant Season Building, Jl. Sukawangi No.2 Lt.1","Kota Bandung","Jawa Barat","ID","http://www.sushitei.co.id/","+62 22 2039258","Restoran Jepang","Restoran Sushi",,,,,,,,"https://www.google.com/maps/search/?api=1&query=Sushi%20Tei%20Flamboyant&query_place_id=ChIJgwLn85LnaC4RrT_CLL_mCEY","Restoran Jepang"
"81 Sky Resto","4.5","189","Lt. Roof Top, Jl. Dr. Setiabudi No.153","Kota Bandung","Jawa Barat","ID",,"+62 22 2000035","Restoran Indonesia",,,,,,,,,"https://www.google.com/maps/search/?api=1&query=81%20Sky%20Resto&query_place_id=ChIJ0XJdv5XmaC4R2ufFPKr7Mok","Restoran Indonesia"
"Grand Tjokro Premiere Bandung","4.5","16701","Jl. Cihampelas No.211-217","Kota Bandung","Jawa Barat","ID","https://www.grandtjokro.com/bandung","","Hotel","Tempat acara","Restoran","Spa","Gedung Pernikahan",,,,,"https://www.google.com/maps/search/?api=1&query=Grand%20Tjokro%20Premiere%20Bandung&query_place_id=ChIJyeYjCvbmaC4RO40HZ14gpjo","Hotel"
"Temu Kamu Coffee & Eatery Bandung","4.7","2528","Jl. Cemara No.46","Kota Bandung","Jawa Barat","ID","http://temukamu.id/","+62 859-5006-3722","Kedai Kopi","Restoran",,,,,,,,"https://www.google.com/maps/search/?api=1&query=Temu%20Kamu%20Coffee%20%26%20Eatery%20Bandung&query_place_id=ChIJK2AErf3naC4RTz7rF38kmp0","Kedai Kopi"
"Super Enjoy Bandung","4.5","1341","Jl. Dr. Setiabudi No.139A","Kota Bandung","Jawa Barat","ID","https://instagram.com/indomieenjoybdg?igshid=1f8wrkxn32uvq","","Restoran Mie","Kedai Sarapan","Kafe","Rumah Makan",,,,,,"https://www.google.com/maps/search/?api=1&query=Super%20Enjoy%20Bandung&query_place_id=ChIJO1gbNpTmaC4RzjyMYqrEcnQ","Restoran Mie"
"RM Saung Kabayan","4.3","2348","Jl. Dr. Djunjunan No.107","Kota Bandung","Jawa Barat","ID","http://saungkabayan.com/","+62 22 6017197","Restoran Sunda",,,,,,,,,"https://www.google.com/maps/search/?api=1&query=RM%20Saung%20Kabayan&query_place_id=ChIJYSrKrmXmaC4RBniJYc_3zjc","Restoran Sunda"
"Kakkoii All You Can Eat Japanese BBQ & Shabu - Shabu, Bandung","4.7","3136","Jl. Karangsari No.14","Kota Bandung","Jawa Barat","ID","https://kakkoii.co.id/bandung/","+62 813-5978-5758","Restoran Jepang","Restoran Prasmanan","Restoran","Restoran Shabu-shabu",,,,,,"https://www.google.com/maps/search/?api=1&query=Kakkoii%20All%20You%20Can%20Eat%20Japanese%20BBQ%20%26%20Shabu%20-%20Shabu%2C%20Bandung&query_place_id=ChIJMyUeDufnaC4R9-3O28DLxxs","Restoran Jepang"
"Restoran Sederhana Setiabudi Bandung","4.5","1400","Jl. Dr. Setiabudi No.55","Kota Bandung","Jawa Barat","ID","https://rajafa.com/food&beverage.html","+62 813-1257-7115","Restoran Padang",,,,,,,,,"https://www.google.com/maps/search/?api=1&query=Restoran%20Sederhana%20Setiabudi%20Bandung&query_place_id=ChIJ1VF3YvTmaC4RH-47Ox5ITyU","Restoran Padang"
"Padang Merdeka Bandung","4.5","1664","Jl. Diponegoro Kel No.7","Kota Bandung","Jawa Barat","ID","https://lynk.id/padangmerdekabandung","+62 22 20528004","Restoran Padang",,,,,,,,,"https://www.google.com/maps/search/?api=1&query=Padang%20Merdeka%20Bandung&query_place_id=ChIJ_eRGUIbnaC4Rn-EZuaYGwVo","Restoran Padang"
"Warung Steak Pasadena","4.6","2388","Jl. Sukamaju No.33","Kota Bandung","Jawa Barat","ID","https://www.instagram.com/pasadenasteakbdg/","+62 22 2035116","Restoran Steak",,,,,,,,,"https://www.google.com/maps/search/?api=1&query=Warung%20Steak%20Pasadena&query_place_id=ChIJTcstyV_maC4RSUqxFFX29XQ","Restoran Steak"
"Rempah Bistro • PVJ Mall","4.6","517","Paris Van Java, Jl. Sukajadi No.131 - 139","Kota Bandung","Jawa Barat","ID",,"+62 811-1991-0563","Restoran Indonesia",,,,,,,,,"https://www.google.com/maps/search/?api=1&query=Rempah%20Bistro%20%E2%80%A2%20PVJ%20Mall&query_place_id=ChIJE-Uc-WLnaC4R56G47Y4RhnM","Restoran Indonesia"
"Ma' Uneh Setiabudi","4.1","2516","Jl. Dr. Setiabudi No.159","Kota Bandung","Jawa Barat","ID",,"+62 22 2011859","Restoran Sunda",,,,,,,,,"https://www.google.com/maps/search/?api=1&query=Ma'%20Uneh%20Setiabudi&query_place_id=ChIJSfQhuJXmaC4RLzXmAaJ_ne8","Restoran Sunda"
"Mie Gacoan Bandung - Setiabudi","4.5","9995","Sadu, Jl. Dr. Setiabudi No.191B","Kota Bandung","Jawa Barat","ID",,"","Restoran Mie",,,,,,,,,"https://www.google.com/maps/search/?api=1&query=Mie%20Gacoan%20Bandung%20-%20Setiabudi&query_place_id=ChIJK--RT9TnaC4R3vmpjNmLKMQ","Restoran Mie"
"Warung Olla Bandung","4.6","204","Jl. Sulanjana No.8","Kota Bandung","Jawa Barat","ID","https://sites.google.com/view/warumg-olla-bandung/beranda","+62 877-8085-1331","Restoran",,,,,,,,,"https://www.google.com/maps/search/?api=1&query=Warung%20Olla%20Bandung&query_place_id=ChIJhaKd-_XnaC4RltAiXgWzzEw","Restoran"
"Belle Vue Roof Top 24 Hours French & Italian Bistro","4.6","310","Green Hill Universal Hotel, Jl. Dr. Setiabudi No.376","Kota Bandung","Jawa Barat","ID",,"+62 22 2010388","Restoran Italia","Restoran Prancis",,,,,,,,"https://www.google.com/maps/search/?api=1&query=Belle%20Vue%20Roof%20Top%2024%20Hours%20French%20%26%20Italian%20Bistro&query_place_id=ChIJRTHNe8rmaC4RPk4ljXDDx7s","Restoran Italia"
"Sate Maulana Yusuf","4.5","4785","Jl. Maulana Yusuf No.19","Kota Bandung","Jawa Barat","ID",,"+62 22 4265065","Restoran Sate","Rumah Makan",,,,,,,,"https://www.google.com/maps/search/?api=1&query=Sate%20Maulana%20Yusuf&query_place_id=ChIJdy8Q6E7maC4RNASEofjl6yI","Restoran Sate"
"SEDJUK BAKMI & KOPI CIGADUNG, BANDUNG","4.8","4847","Jl. Konstitusi I No.16","Kota Bandung","Jawa Barat","ID",,"+62 811-1918-2526","Restoran",,,,,,,,,"https://www.google.com/maps/search/?api=1&query=SEDJUK%20BAKMI%20%26%20KOPI%20CIGADUNG%2C%20BANDUNG&query_place_id=ChIJwZlcNBTnaC4RlmbmF3VSnyU","Restoran"
"Reunion House Grill & Bar","4.5","404","Jl. Dr. Setiabudi No.45","Kota Bandung","Jawa Barat","ID","https://www.instagram.com/reunionhouse","+62 22 2040055","Restoran Steak","Restoran Fusion Asia","Restoran Italia",,,,,,,"https://www.google.com/maps/search/?api=1&query=Reunion%20House%20Grill%20%26%20Bar&query_place_id=ChIJBTs2ZvPmaC4R5Hf2CUHaL1I","Restoran Steak"
"Dago Panyawangan","4.5","2987","Jl. Ir. H. Juanda No.127","Kota Bandung","Jawa Barat","ID","https://wa.me/6289657434327","+62 22 2501815","Restoran Sunda",,,,,,,,,"https://www.google.com/maps/search/?api=1&query=Dago%20Panyawangan&query_place_id=ChIJ6911qJhyaS4RQTApHksw-3w","Restoran Sunda"
"Sajian Sunda Sambara","4.5","4225","Jl. Trunojoyo No.64","Kota Bandung","Jawa Barat","ID","https://kalandaraboga.com/sajiansambara","+62 22 4208757","Restoran","Restoran Prasmanan",,,,,,,,"https://www.google.com/maps/search/?api=1&query=Sajian%20Sunda%20Sambara&query_place_id=ChIJg-QFG0nmaC4R-GkHw0K_D7M","Restoran"
"Steak Ranjang Dipatiukur - Steak Enak di Bandung","4.4","4060","Jl. Dipati Ukur No.248","Kota Bandung","Jawa Barat","ID",,"+62 813-8388-8068","Restoran Steak","Rumah Makan","Restoran makan siang",,,,,,,"https://www.google.com/maps/search/?api=1&query=Steak%20Ranjang%20Dipatiukur%20-%20Steak%20Enak%20di%20Bandung&query_place_id=ChIJdYIja1TmaC4Rc_NwoTf9RjI","Restoran Steak"
"Feast Restaurant","4.6","209","Sheraton Bandung Hotel & Towers, Jl. Ir. H. Juanda No.390","Kota Bandung","Jawa Barat","ID","http://feastbandung.com/","+62 811-2156-427","Restoran",,,,,,,,,"https://www.google.com/maps/search/?api=1&query=Feast%20Restaurant&query_place_id=ChIJ60IS-uLmaC4RtcQcZ2BeGdk","Restoran"
"Nasi Bancakan","4.4","15184","Jl. Diponegoro No.25","Kota Bandung","Jawa Barat","ID",,"+62 813-8393-6634","Restoran Sunda","Restoran Prasmanan","Rumah Makan","Restoran",,,,,,"https://www.google.com/maps/search/?api=1&query=Nasi%20Bancakan&query_place_id=ChIJf-O910jmaC4RSgKjAn11uDM","Restoran Sunda"
"Morning Glory Coffee Bandung Setrasari","4.4","1353","Setra Sari Mall Ruko Setrasari Mall kav C2 no 31","Kota Bandung","Jawa Barat","ID","http://www.instagram.com/morningglorycoffee","+62 857-2207-0318","Kedai Kopi","Kedai Sarapan","Kafe",,,,,,,"https://www.google.com/maps/search/?api=1&query=Morning%20Glory%20Coffee%20Bandung%20Setrasari&query_place_id=ChIJSbzATYTmaC4RPf8X7bMNbAI","Kedai Kopi"
"Bebek Kaleyo Bandung","4.6","12369","Bebek kaleyo, Jl. Pasir Kaliki No.185-189","Kota Bandung","Jawa Barat","ID","http://www.kaleyo.com/","+62 811-8116-448","Restoran Indonesia",,,,,,,,,"https://www.google.com/maps/search/?api=1&query=Bebek%20Kaleyo%20Bandung&query_place_id=ChIJEeM_zmnmaC4RDyyrAVl9BMM","Restoran Indonesia"
"Garden Coffee Bandung","4.6","949","Jl. Ciungwanara No.10 A","Kota Bandung","Jawa Barat","ID",,"+62 877-6456-2458","Kedai Kopi","Taman","Restoran Halal",,,,,,,"https://www.google.com/maps/search/?api=1&query=Garden%20Coffee%20Bandung&query_place_id=ChIJVSGbbfzmaC4RDj7-jgKOIps","Kedai Kopi"
"Restaurant Sindang Reret Bandung","4.4","5227","Jl. Surapati No.53","Kota Bandung","Jawa Barat","ID","http://www.sindangreret.co.id/","+62 22 2535050","Restoran Sunda","Restoran Indonesia",,,,,,,,"https://www.google.com/maps/search/?api=1&query=Restaurant%20Sindang%20Reret%20Bandung&query_place_id=ChIJr8LAK7f8aC4RFAgksf1ccQM","Restoran Sunda"
"RM Alas Daun - Bandung","4.3","11039","Jl. Citarum No.34","Kota Bandung","Jawa Barat","ID","https://alasdaun.com/","+62 22 7231101","Restoran Sunda","Restoran Prasmanan",,,,,,,,"https://www.google.com/maps/search/?api=1&query=RM%20Alas%20Daun%20-%20Bandung&query_place_id=ChIJIQnijbTnaC4RG8p4wAd4s9w","Restoran Sunda"
"Warung Taru","4.3","3972","Jl. Ir. H. Juanda No.435","Kota Bandung","Jawa Barat","ID",,"+62 22 2533854","Restoran Sunda","Restoran Indonesia","Restoran Jawa",,,,,,,"https://www.google.com/maps/search/?api=1&query=Warung%20Taru&query_place_id=ChIJgbLK_t_maC4RG2ooN-TevCQ","Restoran Sunda"
"Spice Affair Bandung Indian Fusion Cuisine","4.8","2320","Jl. Sukajadi No.186","Kota Bandung","Jawa Barat","ID","http://instagram.com/spiceaffair.bdg","+62 22 64401234","Restoran India","Restoran Vegan",,,,,,,,"https://www.google.com/maps/search/?api=1&query=Spice%20Affair%20Bandung%20Indian%20Fusion%20Cuisine&query_place_id=ChIJt2WUCxjnaC4RVlnslViV9sc","Restoran India"
"Nara Park Bandung","4.6","12482","Jl. Rancabentang No.28","Kota Bandung","Jawa Barat","ID","https://www.narabandung.com/","+62 813-8888-1532","Restoran","Restoran Indonesia","Restoran Jepang","Restoran Masakan Barat",,,,,,"https://www.google.com/maps/search/?api=1&query=Nara%20Park%20Bandung&query_place_id=ChIJRQ-43-fmaC4R0GnwjwYpx0s","Restoran"
"Kapulaga Indonesian Bistro","4.4","3596","Jl. Dayang Sumbi No.3","Kota Bandung","Jawa Barat","ID","https://linktr.ee/kapulaga.bdg?utm_source=linktree_profile_share&ltsid=2f2fd9cb-2218-44f1-9b13-0e286a2cc84b","+62 22 2506195","Restoran Sunda","Restoran Indonesia",,,,,,,,"https://www.google.com/maps/search/?api=1&query=Kapulaga%20Indonesian%20Bistro&query_place_id=ChIJY23nzVfmaC4RiJ_kfU7wHjI","Restoran Sunda"
"Saffron Restaurant","4.8","23","Jl. Ir. H. Juanda No.46","Kota Bandung","Jawa Barat","ID","https://www.marriott.com/hotels/hotel-information/restaurant/bdofp-four-points-bandung/","+62 22 87330330","Restoran","Restoran Indonesia",,,,,,,,"https://www.google.com/maps/search/?api=1&query=Saffron%20Restaurant&query_place_id=ChIJ-yOv7GXnaC4RKXMMTnNCKB8","Restoran"
"Warung Cepot - Pasteur","4.5","1314","Jl. Dr. Djunjunan No.155D","Kota Bandung","Jawa Barat","ID","http://www.warungcepot.com/","+62 22 6127800","Restoran Sunda",,,,,,,,,"https://www.google.com/maps/search/?api=1&query=Warung%20Cepot%20-%20Pasteur&query_place_id=ChIJc1JjPGnmaC4R1VPu5DkpJYc","Restoran Sunda"
"Pondok Selera Sunda","4.5","1189","Jl. Sukajadi No.246","Kota Bandung","Jawa Barat","ID",,"+62 22 20280279","Restoran Sunda","Rumah Makan",,,,,,,,"https://www.google.com/maps/search/?api=1&query=Pondok%20Selera%20Sunda&query_place_id=ChIJ2e6afxfnaC4RlJvea90zGQc","Restoran Sunda"
"Queen Legend Restaurant","4.6","1219","Galeri Ciumbuleuit Apartment 1, Jl. Ciumbuleuit No.42a","Kota Bandung","Jawa Barat","ID",,"+62 878-2335-3030","Restoran China",,,,,,,,,"https://www.google.com/maps/search/?api=1&query=Queen%20Legend%20Restaurant&query_place_id=ChIJKb67uQvmaC4RRYl_omepmfM","Restoran China"
"1001 By Art Friends Bandung","4.7","234","Cihampelas Walk, Mall (Broadway, Jl. Cihampelas No.160 Area) Floor LG","Kota Bandung","Jawa Barat","ID","https://instagram.com/1001.bandung?igshid=YmMyMTA2M2Y=","+62 811-9101-001","Restoran",,,,,,,,,"https://www.google.com/maps/search/?api=1&query=1001%20By%20Art%20Friends%20Bandung&query_place_id=ChIJaeVePEjnaC4RG-NXopihS2c","Restoran"
"AOM","4.5","953","Jl. Pasir Kaliki No.176","Kota Bandung","Jawa Barat","ID",,"","Restoran Steak",,,,,,,,,"https://www.google.com/maps/search/?api=1&query=AOM&query_place_id=ChIJFU9UyYnnaC4Ro7TMiWKz7OM","Restoran Steak"
"Sultan Agung Resto","4.6","1758","Jl. Sultan Agung No.23","Kota Bandung","Jawa Barat","ID","https://www.instagram.com/sultanagungresto/","+62 812-6668-1515","Restoran",,,,,,,,,"https://www.google.com/maps/search/?api=1&query=Sultan%20Agung%20Resto&query_place_id=ChIJB-kcUTbnaC4RUASwlfEHJfg","Restoran"
"Rumah Makan Gratis Uwais Bandung","4.9","566","Jl. Cibeunying Permai III No.17","Kota Bandung","Jawa Barat","ID","https://linktr.ee/rumahmakangratisuwais","+62 821-3971-4500","Restoran",,,,,,,,,"https://www.google.com/maps/search/?api=1&query=Rumah%20Makan%20Gratis%20Uwais%20Bandung&query_place_id=ChIJK8Ks-v7DaC4R1FeOXK1iNkw","Restoran"
"Goldstar 360 view bandung shisha","4.4","2316","Jl. Dangdeur Indah No.2b","Kota Bandung","Jawa Barat","ID","https://instagram.com/goldstar360?igshid=1q0ruqfk6kmpy","+62 812-8199-2700","Restoran makan siang","Kafe",,,,,,,,"https://www.google.com/maps/search/?api=1&query=Goldstar%20360%20view%20bandung%20shisha&query_place_id=ChIJyRkfYIbmaC4RVa2Z3C770TY","Restoran makan siang"
"Mode Kitchen Bandung","4.8","146","Jl. Dr. Setiabudi No.41","Kota Bandung","Jawa Barat","ID","https://linktr.ee/modekitchen","+62 816-1669-888","Restoran","Kafe","Toko Makanan",,,,,,,"https://www.google.com/maps/search/?api=1&query=Mode%20Kitchen%20Bandung&query_place_id=ChIJXzf3T3fnaC4RGncE-Nvi9rs","Restoran"
"Circolo","4.7","1556","Jl. Sukajadi No.198","Kota Bandung","Jawa Barat","ID",,"+62 878-8019-8198","Restoran",,,,,,,,,"https://www.google.com/maps/search/?api=1&query=Circolo&query_place_id=ChIJlR0a8rrnaC4Rf-m1btmpEGY","Restoran"
"Sambal Bakar Indonesia, Dakota Bandung","4.9","5537","Gg. Dakota Raya No.48","Kota Bandung","Jawa Barat","ID","https://sambalbakarindonesia.com/","+62 812-4684-8157","Restoran Indonesia",,,,,,,,,"https://www.google.com/maps/search/?api=1&query=Sambal%20Bakar%20Indonesia%2C%20Dakota%20Bandung&query_place_id=ChIJ4-GsAQDlaC4RZTn2VyP4t_k","Restoran Indonesia"
"Wizzmie Sukajadi","4.8","30601","Jl. Sukajadi No.157","Kota Bandung","Jawa Barat","ID",,"","Restoran cepat saji",,,,,,,,,"https://www.google.com/maps/search/?api=1&query=Wizzmie%20Sukajadi&query_place_id=ChIJf7GQxRHnaC4RjzQobVGSzxk","Restoran cepat saji"
"Restoran The Volcano","4.6","2327","Blk. B3, Jl. Prof. drg. Soeria Soemantri","Kota Bandung","Jawa Barat","ID","http://thevolcanoresto.co.id/","+62 831-5061-9184","Restoran Belgia","Bar & Grill","Bistro","Kafe","Restoran Masakan Ayam","Restoran Eropa","Restoran Masakan Barat",,,"https://www.google.com/maps/search/?api=1&query=Restoran%20The%20Volcano&query_place_id=ChIJ858DUoTmaC4RA3twejiqA8g","Restoran Belgia"
"The Restaurant - Hotel Padma","4.6","1750","Jl. Rancabentang No.56-58","Kota Bandung","Jawa Barat","ID","http://www.padmahotelbandung.com/","+62 22 2030333","Restoran",,,,,,,,,"https://www.google.com/maps/search/?api=1&query=The%20Restaurant%20-%20Hotel%20Padma&query_place_id=ChIJYSa0w8LmaC4RCQhSEjQErqU","Restoran"
"de sanirasa","4.8","6628","Jl. Lamping No.18","Kota Bandung","Jawa Barat","ID","http://instagram.com/desanirasa/","+62 811-2287-876","Restoran Sunda",,,,,,,,,"https://www.google.com/maps/search/?api=1&query=de%20sanirasa&query_place_id=ChIJPfcKnvvnaC4RDoudfDrW2UI","Restoran Sunda"
"La Costilla","4.4","1237","Jl. Bungur No.29","Kota Bandung","Jawa Barat","ID",,"+62 819-1014-6707","Restoran Masakan Barat",,,,,,,,,"https://www.google.com/maps/search/?api=1&query=La%20Costilla&query_place_id=ChIJd5G4NvPmaC4RBd-NWFwpSRg","Restoran Masakan Barat"
"Restoran Raja Rasa","4.5","5865","Jl. Setraria No.1","Kota Bandung","Jawa Barat","ID","https://s.id/rajarasasetrasaribandung","+62 22 2005070","Restoran Seafood",,,,,,,,,"https://www.google.com/maps/search/?api=1&query=Restoran%20Raja%20Rasa&query_place_id=ChIJ2RQgD4XmaC4Rb9VVMb1yRI4","Restoran Seafood"
"Gormeteria","4.7","8021","Jl. Pasir Kaliki No.176","Kota Bandung","Jawa Barat","ID","https://instagram.com/gormeteria/","+62 22 20524850","Restoran Masakan Barat","Restoran Fusion Asia","Kedai Sarapan","Kedai Sarapan & Makan Siang",,,,,,"https://www.google.com/maps/search/?api=1&query=Gormeteria&query_place_id=ChIJa9V65GnmaC4RK2VkdPV8lKM","Restoran Masakan Barat"
"Sadrasa Kitchen & Bar","5","6788","Jl. Diponegoro No.27","Kota Bandung","Jawa Barat","ID","https://www.pullman-bandung-grandcentral.com/dining/pullman-dining/sadrasa-kitchen-bar/","+62 22 86038888","Restoran",,,,,,,,,"https://www.google.com/maps/search/?api=1&query=Sadrasa%20Kitchen%20%26%20Bar&query_place_id=ChIJoQgWQ3rnaC4REmtAU_kfHkg","Restoran"
"Mad Cow Wine & Grill Bandung","4.9","1496","Jl. Diponegoro No.27","Kota Bandung","Jawa Barat","ID","https://madcowbandung.com/","+62 22 86038888","Restoran",,,,,,,,,"https://www.google.com/maps/search/?api=1&query=Mad%20Cow%20Wine%20%26%20Grill%20Bandung&query_place_id=ChIJ2X3CpK7naC4RoswIfnzCpoQ","Restoran"
"Hachi Grill Sutami Bandung","4.9","5409","Jl. Prof. Dr. Sutami No.56","Kota Bandung","Jawa Barat","ID",,"+62 813-1000-6057","Restoran Yakiniku","Restoran Prasmanan","Restoran Halal",,,,,,,"https://www.google.com/maps/search/?api=1&query=Hachi%20Grill%20Sutami%20Bandung&query_place_id=ChIJAwL03-3naC4RAjHS6foQUws","Restoran Yakiniku"
"Korean House Bandung","4.6","941","Jl. Sukajadi No.175","Kota Bandung","Jawa Barat","ID",,"+62 22 2031626","Restoran Korea",,,,,,,,,"https://www.google.com/maps/search/?api=1&query=Korean%20House%20Bandung&query_place_id=ChIJwVZW08vnaC4RkyeaW2_XgPY","Restoran Korea"
"Grandia Patisserie","4.6","50","Jl. Cihampelas No.82","Kota Bandung","Jawa Barat","ID","http://grandiaresto.blogspot.com/","+62 22 4263846","Toko Kue",,,,,,,,,"https://www.google.com/maps/search/?api=1&query=Grandia%20Patisserie&query_place_id=ChIJ_8NeYFvmaC4R6CMlNs9E5cA","Toko Kue"
"Madame Sari Restaurant","4.5","1601","Jl. Ir. H. Juanda No.85","Kota Bandung","Jawa Barat","ID",,"+62 811-2222-3693","Restoran Indonesia",,,,,,,,,"https://www.google.com/maps/search/?api=1&query=Madame%20Sari%20Restaurant&query_place_id=ChIJj-uhrFHmaC4R1u4otaapK3Y","Restoran Indonesia"
"Aroem Bandung Resto & Cafe","4.9","2393","Jl. Dago No.169","Kota Bandung","Jawa Barat","ID","https://aroemresto.com/","+62 823-6398-8899","Restoran Indonesia","Tempat acara","Restoran",,,,,,,"https://www.google.com/maps/search/?api=1&query=Aroem%20Bandung%20Resto%20%26%20Cafe&query_place_id=ChIJxRSzgGTnaC4RnQlAQSBo-q8","Restoran Indonesia"
"Plataran Bandung","4.8","1081","Jl. Diponegoro No.27","Kota Bandung","Jawa Barat","ID","https://www.plataran.com/plataran-bandung/","+62 811-1992-2132","Restoran Mewah","Bistro","Gedung Pertemuan","Tempat acara","Restoran Indonesia","Bar lounge","Restoran","Gedung Pernikahan",,"https://www.google.com/maps/search/?api=1&query=Plataran%20Bandung&query_place_id=ChIJybxdtwfnaC4RI9xqASBTsUk","Restoran Mewah"
"Saka Bistro & Bar","4.5","2337","Jl. Karangsari No.2","Kota Bandung","Jawa Barat","ID","https://www.instagram.com/sakabistrobar/","+62 22 2039651","Restoran Masakan Barat","Restoran Fusion Asia","Restoran Indonesia",,,,,,,"https://www.google.com/maps/search/?api=1&query=Saka%20Bistro%20%26%20Bar&query_place_id=ChIJ2aQ9OPPmaC4RmAkFBzxFuf0","Restoran Masakan Barat"
"Waroeng Ethnic","4.5","2302","Jl. Rancabentang No.18","Kota Bandung","Jawa Barat","ID",,"+62 822-1999-0300","Restoran Keluarga","Kedai Sarapan","Kedai Sarapan & Makan Siang","Toko kopi","Restoran Eropa","Restoran Indonesia",,,,"https://www.google.com/maps/search/?api=1&query=Waroeng%20Ethnic&query_place_id=ChIJeYCL3ujmaC4RwFyvkneXbBQ","Restoran Keluarga"
"Qiuki Cake by dessertbox.uni","4.9","41","Jl. Surapati No.16","Kota Bandung","Jawa Barat","ID",,"+62 857-2412-2392","Toko Roti",,,,,,,,,"https://www.google.com/maps/search/?api=1&query=Qiuki%20Cake%20by%20dessertbox.uni&query_place_id=ChIJK2RWlYrnaC4RJ-OqAO8AcJY","Toko Roti"
"Tumpeng Bandung","4.9","449","Komplek, City Garden Residence, B-1","Kota Bandung","Jawa Barat","ID","http://www.tumpengbandung.com/","+62 811-2322-779","Restoran",,,,,,,,,"https://www.google.com/maps/search/?api=1&query=Tumpeng%20Bandung&query_place_id=ChIJeaW2HDjnaC4R9bIh4u91Gb4","Restoran"
"Warteg 99","5","1","Jl. Sukamaju No.442","Kota Bandung","Jawa Barat","ID",,"","Warung tegal","Restoran Jawa",,,,,,,,"https://www.google.com/maps/search/?api=1&query=Warteg%2099&query_place_id=ChIJITRvCWDmaC4RtB3q-Yd5wUc","Warung tegal"
"Miss Bee Providore","4.7","10052","Jl. Rancabentang No.11A","Kota Bandung","Jawa Barat","ID","http://missbeeprovidore.com/","+62 22 2033613","Restoran",,,,,,,,,"https://www.google.com/maps/search/?api=1&query=Miss%20Bee%20Providore&query_place_id=ChIJIbRneujmaC4RRAGka69dSLM","Restoran"
"Supplier Dimsum CUAN,Makanan Beku,Cemilan Bandung,Baso Aci & Bakso nonamanisfood","5","1","Jl. Jatihandap No.139","Kota Bandung","Jawa Barat","ID",,"+62 819-9844-4078","Kedai Sarapan & Makan Siang","Restoran Bakso",,,,,,,,"https://www.google.com/maps/search/?api=1&query=Supplier%20Dimsum%20CUAN%2CMakanan%20Beku%2CCemilan%20Bandung%2CBaso%20Aci%20%26%20Bakso%20nonamanisfood&query_place_id=ChIJr6FNxN3naC4RYcmbQS6Z9vY","Kedai Sarapan & Makan Siang"
"Sucré Pâtissier and Chocolatier - Setiabudi","5","324","Jl. Dr. Setiabudi No.51","Kota Bandung","Jawa Barat","ID","https://sucrepatissier.co.id/","+62 22 4267277","Toko Kue","Toko Roti","Toko Kue Kering",,,,,,,"https://www.google.com/maps/search/?api=1&query=Sucr%C3%A9%20P%C3%A2tissier%20and%20Chocolatier%20-%20Setiabudi&query_place_id=ChIJYVbT3yznaC4RRbUuKa9Nexs","Toko Kue"
"AFWAN FROZEN FOOD BANDUNG","3","1","4M56+45R, Jl. Pasirlayung Tim. III nomer","Kota Bandung","Jawa Barat","ID",,"+62 821-1744-4035","Kafe",,,,,,,,,"https://www.google.com/maps/search/?api=1&query=AFWAN%20FROZEN%20FOOD%20BANDUNG&query_place_id=ChIJHe_Tpt_naC4RKDyB3o6ybFE","Kafe"
"Let's Go Baso Bandung",,,"Komplek, City Garden Residence, Blk. B","Kota Bandung","Jawa Barat","ID",,"","Restoran Indonesia",,,,,,,,,"https://www.google.com/maps/search/?api=1&query=Let's%20Go%20Baso%20Bandung&query_place_id=ChIJJWvJcwDnaC4RgPiK6SxNkY0","Restoran Indonesia"
"Warteg Melania","4","4","Jl. Melania No.4","Kota Bandung","Jawa Barat","ID",,"","Warung tegal","Rumah Makan","Restoran Jawa",,,,,,,"https://www.google.com/maps/search/?api=1&query=Warteg%20Melania&query_place_id=ChIJ043RbbPnaC4RNg8k0c7c9v4","Warung tegal"
"Warteg Ceu Mimin",,,"4J25+98W, Jl. Kb. Kembang","Kota Bandung","Jawa Barat","ID",,"","Warung tegal",,,,,,,,,"https://www.google.com/maps/search/?api=1&query=Warteg%20Ceu%20Mimin&query_place_id=ChIJbYxFB9DnaC4REzA9IqrNlGg","Warung tegal"
"Supplier Dimsum Bandung Ngidam Dimsum","4.9","53","Jl. Cikadut Kp, Cijati Keluarahan No.226, RT.006/RW.003","Kabupaten Bandung","Jawa Barat","ID","https://ngidamdimsum.com/","+62 821-1883-7930","Restoran Dim Sum","Produsen makanan","Produsen Makanan Beku","Toko Makanan Sehat","Toko Makanan Jepang","Restoran Korea",,,,"https://www.google.com/maps/search/?api=1&query=Supplier%20Dimsum%20Bandung%20Ngidam%20Dimsum&query_place_id=ChIJJevOoordaC4RREIqOHu7rO0","Restoran Dim Sum"
"Warteg Panorama","3.3","7","Jl. Haur Pancuh No.87a","Kota Bandung","Jawa Barat","ID",,"+62 857-1255-0656","Kedai Sarapan & Makan Siang","Warung tegal",,,,,,,,"https://www.google.com/maps/search/?api=1&query=Warteg%20Panorama&query_place_id=ChIJaSrHNJfnaC4RBKzuBKkb8uA","Kedai Sarapan & Makan Siang"
"Warteg Monggo Mas Berkah Jaya",,,"Jl. Dipati Ukur No.96","Kota Bandung","Jawa Barat","ID",,"","Warung tegal",,,,,,,,,"https://www.google.com/maps/search/?api=1&query=Warteg%20Monggo%20Mas%20Berkah%20Jaya&query_place_id=ChIJ_yV6CVbmaC4RA6XtqYDFYoU","Warung tegal"
"Prima rasa cake & bakery","4.6","1200","Jl. Purwakarta No.95","Kota Bandung","Jawa Barat","ID",,"+62 22 7200128","Toko Roti","Restoran Martabak",,,,,,,,"https://www.google.com/maps/search/?api=1&query=Prima%20rasa%20cake%20%26%20bakery&query_place_id=ChIJYdF2hJ7naC4R1yoB3NtaxWs","Toko Roti"
"Kopi Anjis","4.4","4670","Jl. Bengawan No.34","Kota Bandung","Jawa Barat","ID","http://www.kopianjiss.com/","+62 857-2161-2647","Kedai Kopi","Kafe",,,,,,,,"https://www.google.com/maps/search/?api=1&query=Kopi%20Anjis&query_place_id=ChIJVyLuhsnnaC4R7KyhZSG5dm0","Kedai Kopi"
"Warung Nasi Tegal","3.4","9","Jl. Karawitan No.49","Kota Bandung","Jawa Barat","ID",,"","Warung nasi",,,,,,,,,"https://www.google.com/maps/search/?api=1&query=Warung%20Nasi%20Tegal&query_place_id=ChIJC8wZz9HpaC4RkOrKx3LuOOM","Warung nasi"
"ROTI BAKAR CRUNCHY PREMIUM BANDUNG","5","1","Jl. Pasir Impun Atas, Komplek Taman Melati Kelurahan","Kabupaten Bandung","Jawa Barat","ID",,"+62 857-9457-0272","Restoran roti bakar",,,,,,,,,"https://www.google.com/maps/search/?api=1&query=ROTI%20BAKAR%20CRUNCHY%20PREMIUM%20BANDUNG&query_place_id=ChIJK9YkKhbdaC4RYSy6OD0LZNM","Restoran roti bakar"
"ISWARA Kitchen City Garden Residence E44 (tidak lewat dari Jl. Jatihandap)",,,,"Kota Bandung","Jawa Barat","ID",,"","Restoran Nasi Goreng","Toko Kue",,,,,,,,"https://www.google.com/maps/search/?api=1&query=ISWARA%20Kitchen%20City%20Garden%20Residence%20E44%20(tidak%20lewat%20dari%20Jl.%20Jatihandap)&query_place_id=ChIJIVtT05fnaC4RWulp6MQyFZU","Restoran Nasi Goreng"
"Warung Nasi Tegal","4.5","12","3HFQ+JQF, Jl. Terusan Pasirkoja","Kota Bandung","Jawa Barat","ID",,"","Warung nasi",,,,,,,,,"https://www.google.com/maps/search/?api=1&query=Warung%20Nasi%20Tegal&query_place_id=ChIJYwsqURzmaC4Rnusc-M0k2ns","Warung nasi"
"Ayam Rempah Saji Bandung",,,"Jl. Kosar","Kota Bandung","Jawa Barat","ID","https://shopee.co.id/universal-link/now-food/shop/22093615?deep_and_deferred=1&shareChannel=copy_link","+62 897-7742-323","Restoran Masakan Ayam",,,,,,,,,"https://www.google.com/maps/search/?api=1&query=Ayam%20Rempah%20Saji%20Bandung&query_place_id=ChIJJWlNNQDdaC4RtimcJcaw464","Restoran Masakan Ayam"
"Warteg Mba Anah","4.6","243","Jl. Padasuka No.106","Kota Bandung","Jawa Barat","ID",,"","Warung tegal","Rumah Makan","Restoran Jawa",,,,,,,"https://www.google.com/maps/search/?api=1&query=Warteg%20Mba%20Anah&query_place_id=ChIJZ6vMDJDnaC4Ri_Dz4hqDZZA","Warung tegal"
"Warung mba tegal","5","6","Jl. Jamaras III Atas","Kota Bandung","Jawa Barat","ID",,"","Toko bahan makanan",,,,,,,,,"https://www.google.com/maps/search/?api=1&query=Warung%20mba%20tegal&query_place_id=ChIJy1UZtfPnaC4RfXU0u0IBQCA","Toko bahan makanan"
"Soto Bandung Bu Nie",,,"Jl. Pasir Impun No.38","Kota Bandung","Jawa Barat","ID",,"+62 821-1927-0882","Warung nasi",,,,,,,,,"https://www.google.com/maps/search/?api=1&query=Soto%20Bandung%20Bu%20Nie&query_place_id=ChIJuYwjRjPdaC4R_dZ2iYYjgQ8","Warung nasi"
"Foresthree Coffee & Kitchen Jatihandap","4.9","105","Jl. Jatihandap Timur No.88, RT.05","Kota Bandung","Jawa Barat","ID",,"+62 851-2291-0066","Kedai Kopi",,,,,,,,,"https://www.google.com/maps/search/?api=1&query=Foresthree%20Coffee%20%26%20Kitchen%20Jatihandap&query_place_id=ChIJE1VldADnaC4RyNedBOprRqI","Kedai Kopi"
"Nasi Bakar Padasuka Bandung",,,"Jl. Utama No.36, RT.04/RW.08","Kota Bandung","Jawa Barat","ID",,"+62 859-5983-4874","Restoran Indonesia",,,,,,,,,"https://www.google.com/maps/search/?api=1&query=Nasi%20Bakar%20Padasuka%20Bandung&query_place_id=ChIJ5yjBsEXnaC4RUN0mcxuzrJQ","Restoran Indonesia"
"Beda Cerita Coffee","4.7","1026","Jl. Jatihandap No.138","Kota Bandung","Jawa Barat","ID","http://www.bedaceritacoffee.com/","+62 851-7972-1216","Kedai Kopi","Kafe","Restoran",,,,,,,"https://www.google.com/maps/search/?api=1&query=Beda%20Cerita%20Coffee&query_place_id=ChIJ9w4TLIvnaC4Rpo1ND0sCtkk","Kedai Kopi"
"Warung Sunda Bumi Sadayana Sukajadi","4.8","917","4H7W+4JV, Jl. Cipedes Tengah","Kota Bandung","Jawa Barat","ID",,"+62 812-1420-4151","Restoran Sunda","Restoran Indonesia","Restoran",,,,,,,"https://www.google.com/maps/search/?api=1&query=Warung%20Sunda%20Bumi%20Sadayana%20Sukajadi&query_place_id=ChIJh9t08AznaC4RLjcBfz6ybOE","Restoran Sunda"
"Warteg Tak Ingin Ku Sendiri",,,"Jl. Kapten Abdul Hamid No.8","Kota Bandung","Jawa Barat","ID",,"","Warung tegal",,,,,,,,,"https://www.google.com/maps/search/?api=1&query=Warteg%20Tak%20Ingin%20Ku%20Sendiri&query_place_id=ChIJoUc_Tr7maC4ROu7OE2FqgDk","Warung tegal"
"Warung Nasi Pawon Sunda","4.5","344","Jl. Prof. drg. Soeria Soemantri No.111","Kota Bandung","Jawa Barat","ID",,"+62 821-2000-7560","Restoran Sunda","Rumah Makan","Warung nasi",,,,,,,"https://www.google.com/maps/search/?api=1&query=Warung%20Nasi%20Pawon%20Sunda&query_place_id=ChIJgSoDIITmaC4RtksvQwz2Bew","Restoran Sunda"
"Warung Nasi Tegal Ojo Lali","4.4","30","Jl. Papanggungan No.30","Kota Bandung","Jawa Barat","ID",,"+62 896-4747-8287","Warung tegal","Rumah Makan",,,,,,,,"https://www.google.com/maps/search/?api=1&query=Warung%20Nasi%20Tegal%20Ojo%20Lali&query_place_id=ChIJU7ni1gzoaC4RAsYYG5xxNdU","Warung tegal"
"Warteg 86 (balungbang)",,,"4J5C+C9R, Jl. Sekeloa Timur","Kota Bandung","Jawa Barat","ID",,"+62 896-0850-8179","Warung tegal",,,,,,,,,"https://www.google.com/maps/search/?api=1&query=Warteg%2086%20(balungbang)&query_place_id=ChIJ89OR20nnaC4RWrsvczbgoPg","Warung tegal"
"Kopi Toko Djawa (Braga)","4.6","4512","Jl. Braga No.81","Kota Bandung","Jawa Barat","ID","http://www.instagram.com/kopitokodjawa","+62 899-6979-748","Kedai Kopi",,,,,,,,,"https://www.google.com/maps/search/?api=1&query=Kopi%20Toko%20Djawa%20(Braga)&query_place_id=ChIJfy3R1z3naC4RviKS1hUAqFU","Kedai Kopi"
"Hegar Kopi, Sindanglaya","5","5","4M3P+8JG","Kota Bandung","Jawa Barat","ID",,"+62 822-1601-5910","Kedai Kopi",,,,,,,,,"https://www.google.com/maps/search/?api=1&query=Hegar%20Kopi%2C%20Sindanglaya&query_place_id=ChIJ-duQF2fdaC4RFWBiC46zrIc","Kedai Kopi"
"Warkop & Warteg Bukit Indah",,,"Jl. Bukit Indah No.5","Kota Bandung","Jawa Barat","ID",,"","Warung tegal",,,,,,,,,"https://www.google.com/maps/search/?api=1&query=Warkop%20%26%20Warteg%20Bukit%20Indah&query_place_id=ChIJ67ITUgDnaC4RY5st6YXKUqc","Warung tegal"
"Kedai Kopi Mulkopay","4.9","9","Jl. Cikadut dalam No.20, RT.02/RW.02","Kota Bandung","Jawa Barat","ID",,"+62 895-1993-5565","Kedai Kopi",,,,,,,,,"https://www.google.com/maps/search/?api=1&query=Kedai%20Kopi%20Mulkopay&query_place_id=ChIJm8wASyrnaC4RmZA4oxC1eBM","Kedai Kopi"
"Warteg Ibu Eka",,,"Jl. Sadang Serang No.7","Kota Bandung","Jawa Barat","ID",,"","Warung tegal","Rumah Makan","Restoran Jawa",,,,,,,"https://www.google.com/maps/search/?api=1&query=Warteg%20Ibu%20Eka&query_place_id=ChIJQ1nV5KvnaC4Rk6oUu8lmVuU","Warung tegal"
"Warteg Tegal Bahari","4","87","3HMX+FXH, Jl. Kebon Jati","Kota Bandung","Jawa Barat","ID",,"","Warung tegal","Restoran Jawa",,,,,,,,"https://www.google.com/maps/search/?api=1&query=Warteg%20Tegal%20Bahari&query_place_id=ChIJdQfCDz3maC4RfbIDrIbhTPg","Warung tegal"
"Chef Warung tegal","3.8","4","3P99+4M9, Jl. Manisi","Kota Bandung","Jawa Barat","ID",,"+62 878-2769-2243","Warung Makanan Kecil",,,,,,,,,"https://www.google.com/maps/search/?api=1&query=Chef%20Warung%20tegal&query_place_id=ChIJ5X57-CjDaC4RLQll5swYGhA","Warung Makanan Kecil"
"Warung Nasi Tegal","5","3","Jl. Tamblong No.6","Kota Bandung","Jawa Barat","ID",,"+62 819-3118-9362","Warung nasi","Rumah Makan",,,,,,,,"https://www.google.com/maps/search/?api=1&query=Warung%20Nasi%20Tegal&query_place_id=ChIJU4RwGS_maC4RdvKqxN2nlJM","Warung nasi"
"Warung Nasi Tegal","4","4","Jl. A. Yani No.846","Kota Bandung","Jawa Barat","ID",,"+62 819-1035-0736","Warung nasi","Rumah Makan",,,,,,,,"https://www.google.com/maps/search/?api=1&query=Warung%20Nasi%20Tegal&query_place_id=ChIJr7AFjI3naC4RjmRYI-R-Yvg","Warung nasi"
"Warung wayanti",,,"Jl. Kp. Ranca","Kota Bandung","Jawa Barat","ID",,"+62 831-1624-1970","Warung tegal",,,,,,,,,"https://www.google.com/maps/search/?api=1&query=Warung%20wayanti&query_place_id=ChIJVbR6NazdaC4RpA92rGgzOUg","Warung tegal"
"Mie Baso Tegal & Aneka Juice","5","4","4M3P+7X6, Jl. Sekebunar","Kota Bandung","Jawa Barat","ID",,"","Restoran",,,,,,,,,"https://www.google.com/maps/search/?api=1&query=Mie%20Baso%20Tegal%20%26%20Aneka%20Juice&query_place_id=ChIJKTGI0m3daC4Rp2Uw7AXQV44","Restoran"
"Warung Nasi Tegal 24 Jam","4.5","13","Jl. Moch. Ramdan No.7","Kota Bandung","Jawa Barat","ID",,"+62 22 7214156","Warung nasi",,,,,,,,,"https://www.google.com/maps/search/?api=1&query=Warung%20Nasi%20Tegal%2024%20Jam&query_place_id=ChIJj31VTBPpaC4RhmKleD2jnuM","Warung nasi"
"Warung Nasi Tegal","4.7","3","4J4Q+H8P, Jl. Cikutra","Kota Bandung","Jawa Barat","ID",,"+62 896-6526-7746","Warung nasi","Rumah Makan",,,,,,,,"https://www.google.com/maps/search/?api=1&query=Warung%20Nasi%20Tegal&query_place_id=ChIJ-7pNYqTnaC4RXuHkSVx7_zw","Warung nasi"
"Warung Nasi Tegal","4.5","126","Jl. Gatot Subroto No.344","Kota Bandung","Jawa Barat","ID",,"+62 838-2293-8300","Warung tegal","Rumah Makan",,,,,,,,"https://www.google.com/maps/search/?api=1&query=Warung%20Nasi%20Tegal&query_place_id=ChIJA3TzygzoaC4RfZFUNTlEaPM","Warung tegal"
"Rumah Makan Sunda Bambu Raos","3.8","761","Jl. Dr. Djunjunan No.168","Kota Bandung","Jawa Barat","ID",,"+62 22 2011142","Restoran Sunda",,,,,,,,,"https://www.google.com/maps/search/?api=1&query=Rumah%20Makan%20Sunda%20Bambu%20Raos&query_place_id=ChIJOSt_qmTmaC4Rf5hRjsjSYqw","Restoran Sunda"
"Warung Kopi Titi","4.9","12","Jl. Cigiringsing No.14","Kota Bandung","Jawa Barat","ID",,"","Kafe","Kedai Kopi",,,,,,,,"https://www.google.com/maps/search/?api=1&query=Warung%20Kopi%20Titi&query_place_id=ChIJbRCUfWvdaC4R9arHABLWwPI","Kafe"
"Kopi Nako Bandung","4.7","2134","Jl. Pahlawan No.76","Kota Bandung","Jawa Barat","ID",,"","Kedai Kopi",,,,,,,,,"https://www.google.com/maps/search/?api=1&query=Kopi%20Nako%20Bandung&query_place_id=ChIJBy2zo9vnaC4RJ3zJbfEqv4U","Kedai Kopi"
"Warung Kopi Purnama","4.6","8191","Jl. Alkateri No.22","Kota Bandung","Jawa Barat","ID",,"+62 811-2131-930","Kedai Kopi",,,,,,,,,"https://www.google.com/maps/search/?api=1&query=Warung%20Kopi%20Purnama&query_place_id=ChIJE1wx6yTmaC4R0Rr5BuyFfwk","Kedai Kopi"
"Toko Kopi Berkah","5","9","Jl. Girimande","Kota Bandung","Jawa Barat","ID",,"+62 838-2240-5527","Kedai Kopi",,,,,,,,,"https://www.google.com/maps/search/?api=1&query=Toko%20Kopi%20Berkah&query_place_id=ChIJpxVDUi3daC4Rz7Ctpg4qeZI","Kedai Kopi"
"Imah kadua Restoran sunda","4","12","Jl. Jurang No.41","Kota Bandung","Jawa Barat","ID",,"","Kedai Sarapan & Makan Siang",,,,,,,,,"https://www.google.com/maps/search/?api=1&query=Imah%20kadua%20Restoran%20sunda&query_place_id=ChIJS3DvHKLnaC4Rq5hU8q3H3vY","Kedai Sarapan & Makan Siang"
"Zona Merah (Zomer) Sukajadi","4.2","3118","Jl. Sukajadi No.57","Kota Bandung","Jawa Barat","ID",,"","Restoran Sunda",,,,,,,,,"https://www.google.com/maps/search/?api=1&query=Zona%20Merah%20(Zomer)%20Sukajadi&query_place_id=ChIJz7DNPIvmaC4Rr0YXuy6m3e8","Restoran Sunda"
"Kedai Timbel Dago","4.5","971","Jl. Ir. H. Juanda No.117","Kota Bandung","Jawa Barat","ID","https://sites.google.com/view/ktdago","+62 22 2502004","Restoran Sunda","Kedai Sarapan & Makan Siang","Restoran Keluarga","Restoran Jawa","Warung nasi","Restoran Asia Tenggara",,,,"https://www.google.com/maps/search/?api=1&query=Kedai%20Timbel%20Dago&query_place_id=ChIJtVFNKlHmaC4RN9qny6gKsf8","Restoran Sunda"
"Warung Nasi Tegal Bahari","4.3","7","Jl. Sukarajin I No.9","Kota Bandung","Jawa Barat","ID",,"","Warung nasi",,,,,,,,,"https://www.google.com/maps/search/?api=1&query=Warung%20Nasi%20Tegal%20Bahari&query_place_id=ChIJb2jYkafnaC4RCJn4F825R-0","Warung nasi"
"Rumah Makan Bu Tatang","4.8","1689","Jl. Sekeloa Tengah No.7","Kota Bandung","Jawa Barat","ID",,"+62 22 2503872","Restoran Sunda","Kedai Sarapan","Kedai Sup",,,,,,,"https://www.google.com/maps/search/?api=1&query=Rumah%20Makan%20Bu%20Tatang&query_place_id=ChIJ0bUv1lTmaC4R3p9vTi9R8cI","Restoran Sunda"
"Saung Leuhang Dago","4.6","242","Jl. Citra Green","Kota Bandung","Jawa Barat","ID",,"","Restoran Sunda","Restoran Indonesia",,,,,,,,"https://www.google.com/maps/search/?api=1&query=Saung%20Leuhang%20Dago&query_place_id=ChIJrUh_EJbnaC4Rh7oJvM-6z-8","Restoran Sunda"
"Warung Nasi Ampera Pasteur","4.5","2369","Jl. Dr. Djunjunan No.119 D","Kota Bandung","Jawa Barat","ID",,"+62 822-6256-9661","Restoran Sunda","Warung nasi",,,,,,,,"https://www.google.com/maps/search/?api=1&query=Warung%20Nasi%20Ampera%20Pasteur&query_place_id=ChIJn4aq5WTmaC4R3m79RLM_0qQ","Restoran Sunda"
"RM PURWAKARTA","4.5","1451","Jl. Merak No.11","Kota Bandung","Jawa Barat","ID",,"+62 22 2506052","Restoran Sunda",,,,,,,,,"https://www.google.com/maps/search/?api=1&query=RM%20PURWAKARTA&query_place_id=ChIJAXSNP03maC4RTnt5zOCFwN8","Restoran Sunda"
"Toko Kopi Manglayang","4.9","35","Jl. Palintang No.123, RT.01/RW.07","Kota Bandung","Jawa Barat","ID","https://instabio.cc/TokoKopiManglayang","+62 813-2428-1110","Kedai Kopi",,,,,,,,,"https://www.google.com/maps/search/?api=1&query=Toko%20Kopi%20Manglayang&query_place_id=ChIJIcvr_TjdaC4RlhIraPdmJWY","Kedai Kopi"
"WARKOP 24 jam WARUNG DISNY","4.8","311","Jl. Dipati Ukur No.84","Kota Bandung","Jawa Barat","ID",,"+62 896-5300-2455","Kafe","Restoran Masakan Ayam","Restoran Nasi Goreng","Warung nasi","Restoran Nasi Uduk","Restoran Mie","Warung Makanan Kecil","Warung tegal","Restoran roti bakar","https://www.google.com/maps/search/?api=1&query=WARKOP%2024%20jam%20WARUNG%20DISNY&query_place_id=ChIJNxVbalTmaC4RVH7mESH1090","Kafe"
"Warung Tegal","5","1","Jl. Tata Surya No.47","Kota Bandung","Jawa Barat","ID",,"","Restoran Indonesia",,,,,,,,,"https://www.google.com/maps/search/?api=1&query=Warung%20Tegal&query_place_id=ChIJDdQmg-zpaC4R5I707VlN9tk","Restoran Indonesia"
"Warteg Restu Ibu","4.5","162","Jl. Pasir Impun No.48","Kota Bandung","Jawa Barat","ID",,"+62 821-1551-3566","Warung tegal","Rumah Makan",,,,,,,,"https://www.google.com/maps/search/?api=1&query=Warteg%20Restu%20Ibu&query_place_id=ChIJRRMCnmfdaC4Ra9oPwboNb3k","Warung tegal"
"Warung Sunda Eka Sari","3.5","159","Balubur Town Square, Jl. Tamansari No.33","Kota Bandung","Jawa Barat","ID",,"","Restoran Sunda",,,,,,,,,"https://www.google.com/maps/search/?api=1&query=Warung%20Sunda%20Eka%20Sari&query_place_id=ChIJLxjMQ3nnaC4RR8aERMyzYr0","Restoran Sunda"
"Warnas Prancis","4.7","24","Jl. Gelap Nyawang No.3","Kota Bandung","Jawa Barat","ID",,"+62 813-2264-8365","Restoran Sunda","Warung nasi",,,,,,,,"https://www.google.com/maps/search/?api=1&query=Warnas%20Prancis&query_place_id=ChIJ05IvfFDmaC4R_lhKTJ5MXZw","Restoran Sunda"
"Masakan Sunda Manglayang","5","3","Jl. Dr. Setiabudi Unpas Setiabudhi No.193","Kota Bandung","Jawa Barat","ID",,"+62 812-1434-3027","Restoran Sunda","Rumah Makan",,,,,,,,"https://www.google.com/maps/search/?api=1&query=Masakan%20Sunda%20Manglayang&query_place_id=ChIJGVinCL7maC4Rr3dLDXKvMNE","Restoran Sunda"
"Kampung Kecil Bandung","4.9","10542","Jl. Perintis No.140","Kota Bandung","Jawa Barat","ID",,"+62 811-1200-2928","Restoran",,,,,,,,,"https://www.google.com/maps/search/?api=1&query=Kampung%20Kecil%20Bandung&query_place_id=ChIJU3tEGCvnaC4RnHXS2r8gYX0","Restoran"
"RM Saung Bale Kambang","4.1","128","Jl. Bungur No.2","Kota Bandung","Jawa Barat","ID",,"+62 22 2039424","Restoran Sunda","Rumah Makan",,,,,,,,"https://www.google.com/maps/search/?api=1&query=RM%20Saung%20Bale%20Kambang&query_place_id=ChIJZVRVgYzmaC4RpMA7RgAcl0I","Restoran Sunda"
"WARUNG LIWET HAWU PATANI","4.6","586","Jl. Gegerkalong Tengah","Kota Bandung","Jawa Barat","ID",,"+62 859-5070-0007","Restoran",,,,,,,,,"https://www.google.com/maps/search/?api=1&query=WARUNG%20LIWET%20HAWU%20PATANI&query_place_id=ChIJe3PbQIjnaC4RGPBvGUpCXN0","Restoran"
"Warung Talaga Ciwalk","4.5","1996","Cihampelas Walk Lower Ground Floor, Broadway, Jl. Cihampelas No.160","Kota Bandung","Jawa Barat","ID",,"","Restoran Indonesia","Restoran Sunda",,,,,,,,"https://www.google.com/maps/search/?api=1&query=Warung%20Talaga%20Ciwalk&query_place_id=ChIJj7aC3YrmaC4RqA7syqZ7SzA","Restoran Indonesia"
"Warteg 88","4.4","7","Jl. Inhoftank No.74","Kota Bandung","Jawa Barat","ID",,"","Restoran",,,,,,,,,"https://www.google.com/maps/search/?api=1&query=Warteg%2088&query_place_id=ChIJrT5OpJboaC4RBpCQnL9gdOM","Restoran"
"Seblak Teh Usi","4.6","13","4JFH+74G, Gg. Pesantren Tengah","Kota Bandung","Jawa Barat","ID",,"+62 815-7344-6908","Warung tegal","Restoran","Restoran seblak",,,,,,,"https://www.google.com/maps/search/?api=1&query=Seblak%20Teh%20Usi&query_place_id=ChIJAe1qkATnaC4RYEZQMSM-gmU","Warung tegal"
"Tabulla Rasa Setiabudi","4.7","3102","Jl. Dr. Setiabudi No.85","Kota Bandung","Jawa Barat","ID","https://www.tabullarasa.com/","+62 812-2222-7650","Restoran Sunda","Restoran ikan",,,,,,,,"https://www.google.com/maps/search/?api=1&query=Tabulla%20Rasa%20Setiabudi&query_place_id=ChIJv6AH25LmaC4R16pEZ3JqwTA","Restoran Sunda"
"Timbel Khas Sunda Cibereum","4.7","143",,"Kota Bandung","Jawa Barat","ID",,"+62 895-3512-62345","Restoran Sunda","Rumah Makan",,,,,,,,"https://www.google.com/maps/search/?api=1&query=Timbel%20Khas%20Sunda%20Cibereum&query_place_id=ChIJcTHbHtvlaC4Rep_IQfm4inc","Restoran Sunda"
"Nasi Warteg ""Sari Rasa""","3","1","Jl. Dr. Djunjunan No.1B","Kota Bandung","Jawa Barat","ID",,"","Warung tegal",,,,,,,,,"https://www.google.com/maps/search/?api=1&query=Nasi%20Warteg%20%22Sari%20Rasa%22&query_place_id=ChIJV_RWn37maC4RG2RNCJd0dhU","Warung tegal"
"Warteg Sami Asih","3","1","Jl. Dr. Setiabudi No.135B","Kota Bandung","Jawa Barat","ID",,"+62 877-2280-8567","Warung tegal","Rumah Makan","Restoran Jawa",,,,,,,"https://www.google.com/maps/search/?api=1&query=Warteg%20Sami%20Asih&query_place_id=ChIJYby-OZTmaC4RIfM4uAigfNU","Warung tegal"
"Aneka kue mini",,,"4H5R+QQX, Gg. H.Sanusi","Kota Bandung","Jawa Barat","ID",,"+62 895-4226-57439","Toko Kue",,,,,,,,,"https://www.google.com/maps/search/?api=1&query=Aneka%20kue%20mini&query_place_id=ChIJ31juJR3naC4RKH9GnI785Xg","Toko Kue"
"warteg kharisma bahari","4","8","Jl. Gegerkalong Girang No.111a","Kota Bandung","Jawa Barat","ID",,"+62 811-2349-373","Warung tegal",,,,,,,,,"https://www.google.com/maps/search/?api=1&query=warteg%20kharisma%20bahari&query_place_id=ChIJG-6XINrnaC4RF1B4Rm_fUuo","Warung tegal"
"Warung Nasi Ampera","3.9","1117","Jl. Cihampelas No.118","Kota Bandung","Jawa Barat","ID",,"+62 852-2030-0680","Restoran Sunda","Warung nasi",,,,,,,,"https://www.google.com/maps/search/?api=1&query=Warung%20Nasi%20Ampera&query_place_id=ChIJZXAZrETmaC4RHaY4e8VQN34","Restoran Sunda"
"Saung Priangan","4.8","4","Jl. Sirnagalih No.15","Kota Bandung","Jawa Barat","ID",,"","Restoran Sunda","Rumah Makan",,,,,,,,"https://www.google.com/maps/search/?api=1&query=Saung%20Priangan&query_place_id=ChIJi472oY3maC4RJFWBOW_kTXY","Restoran Sunda"
"Jalan Tubagus Ismail No.2 Lebak Gede Kecamatan Coblong Kota Bandung",,,"Jl. Tubagus Ismail No.2","Kota Bandung","Jawa Barat","ID",,"","Warung tegal",,,,,,,,,"https://www.google.com/maps/search/?api=1&query=Jalan%20Tubagus%20Ismail%20No.2%20Lebak%20Gede%20Kecamatan%20Coblong%20Kota%20Bandung&query_place_id=ChIJUcBkIQDnaC4RuE2RqqoyFlk","Warung tegal"
"Nasi Sunda Warung","4.5","12","4HJR+WJV, Jl. Gegerkalong Tengah","Kota Bandung","Jawa Barat","ID",,"+62 22 2020274","Restoran Sunda",,,,,,,,,"https://www.google.com/maps/search/?api=1&query=Nasi%20Sunda%20Warung&query_place_id=ChIJmWTMEZbmaC4RZeq2cojWstQ","Restoran Sunda"
"Rumah Makan Sunda","4.7","3","Jl. Merak No.11","Kota Bandung","Jawa Barat","ID",,"","Restoran",,,,,,,,,"https://www.google.com/maps/search/?api=1&query=Rumah%20Makan%20Sunda&query_place_id=ChIJaeSGQGDnaC4RmZBrlCRmoIk","Restoran"
"Ampera Rumah Makan","4.1","377","JL. Doktor Setiabudi, No. 286 RT. 01 RW. 03, Ledeng Cidadap, Bandung","Kota Bandung","Jawa Barat","ID",,"+62 22 2014034","Restoran Sunda",,,,,,,,,"https://www.google.com/maps/search/?api=1&query=Ampera%20Rumah%20Makan&query_place_id=ChIJ85k1I77maC4RXeSfqChbKJg","Restoran Sunda"
"RM. Ariajipang","4.5","95","sebelah Dapen Telkom, Jl. Surapati No.153C","Kota Bandung","Jawa Barat","ID",,"+62 821-2828-1916","Restoran Sunda",,,,,,,,,"https://www.google.com/maps/search/?api=1&query=RM.%20Ariajipang&query_place_id=ChIJ53zWajTmaC4RLDensgIme6s","Restoran Sunda"
"Griya Dahar Ibu Kadi","4.1","170","JL. Dr Djundjunan Kav No.178","Kota Bandung","Jawa Barat","ID",,"+62 811-208-178","Restoran Sunda","Restoran Indonesia",,,,,,,,"https://www.google.com/maps/search/?api=1&query=Griya%20Dahar%20Ibu%20Kadi&query_place_id=ChIJ--DFgjDmaC4RxjnMHPRIZYY","Restoran Sunda"
"Warung Sunda Kang @wan","4.3","35","Jl. Dr. Djunjunan No.71","Kota Bandung","Jawa Barat","ID",,"+62 856-5926-8693","Restoran Sunda",,,,,,,,,"https://www.google.com/maps/search/?api=1&query=Warung%20Sunda%20Kang%20%40wan&query_place_id=ChIJLaYT3WXmaC4RBbBACv_jXz8","Restoran Sunda"
"Warteg Nabilah Zaki","4.8","4","4HHR+VVV","Kota Bandung","Jawa Barat","ID",,"","Warung tegal","Restoran Jawa",,,,,,,,"https://www.google.com/maps/search/?api=1&query=Warteg%20Nabilah%20Zaki&query_place_id=ChIJcURcJpTmaC4Rbsr-Ufrtz44","Warung tegal"
"Warung Khas Sunda Pawon Bu Yuli","5","2","Jl. Sarimanah No.102 blok 10","Kota Bandung","Jawa Barat","ID",,"+62 838-6333-6572","Restoran Sunda","Rumah Makan",,,,,,,,"https://www.google.com/maps/search/?api=1&query=Warung%20Khas%20Sunda%20Pawon%20Bu%20Yuli&query_place_id=ChIJN4yQAVvnaC4RBgpCCeeNbCY","Restoran Sunda"
"Warung Nasi Khas Sunda Laksana Sutami","4.3","581","Jl. Prof. Dr. Sutami No.67","Kota Bandung","Jawa Barat","ID","http://www.warungnasilaksana.wordpress.com/","+62 22 2003723","Restoran Sunda","Rumah Makan","Warung nasi","Restoran",,,,,,"https://www.google.com/maps/search/?api=1&query=Warung%20Nasi%20Khas%20Sunda%20Laksana%20Sutami&query_place_id=ChIJQc4tJ47maC4RLi9N6flDhYE","Restoran Sunda"
"Warung nasi","4","2","Jl. Sidomukti","Kota Bandung","Jawa Barat","ID",,"","Warung tegal",,,,,,,,,"https://www.google.com/maps/search/?api=1&query=Warung%20nasi&query_place_id=ChIJncBwVq7naC4RbnPsq-4NHCk","Warung tegal"
"Warteg Barokah Jaya Tubagus","4.4","9","Jl. Tubagus Ismail Dalam No.51","Kota Bandung","Jawa Barat","ID",,"+62 856-2282-986","Warung tegal","Rumah Makan","Restoran Jawa",,,,,,,"https://www.google.com/maps/search/?api=1&query=Warteg%20Barokah%20Jaya%20Tubagus&query_place_id=ChIJgfTqtVXmaC4RNwTPmp5NP8Y","Warung tegal"
"WARTEG ABAH","5","2","Jl. Puyuh No.1","Kota Bandung","Jawa Barat","ID",,"+62 22 5223449","Warung tegal","Restoran Jawa",,,,,,,,"https://www.google.com/maps/search/?api=1&query=WARTEG%20ABAH&query_place_id=ChIJlx0PxP7naC4R9As5yY2fu1E","Warung tegal"
"Warteg Harapan Jaya 2","4","9","Jl. Gegerkalong Girang No.88","Kota Bandung","Jawa Barat","ID",,"+62 877-3013-7265","Warung tegal","Rumah Makan",,,,,,,,"https://www.google.com/maps/search/?api=1&query=Warteg%20Harapan%20Jaya%202&query_place_id=ChIJQ7BH9bzmaC4RFMlBAXCtMTY","Warung tegal"
"Warteg Sutarno","5","3","4J2F+7F6","Kota Bandung","Jawa Barat","ID",,"","Warung tegal",,,,,,,,,"https://www.google.com/maps/search/?api=1&query=Warteg%20Sutarno&query_place_id=ChIJFxAf9kXnaC4Rs75xv-e1Cco","Warung tegal"
"Resto sunda",,,"Jl. Karang Tineung No.1a","Kota Bandung","Jawa Barat","ID",,"","Restoran Indonesia",,,,,,,,,"https://www.google.com/maps/search/?api=1&query=Resto%20sunda&query_place_id=ChIJfZs9GgDnaC4Rk6mJntXvNrs","Restoran Indonesia"
"Warteg Kj Kembar Jaya","4.8","4","Jl. Sekeloa No.2","Kota Bandung","Jawa Barat","ID",,"","Warung tegal","Rumah Makan",,,,,,,,"https://www.google.com/maps/search/?api=1&query=Warteg%20Kj%20Kembar%20Jaya&query_place_id=ChIJQVfjOFTmaC4RSP_L56JFwmE","Warung tegal"
"Padasuka Park C3-6, Pasirlayung, Cibeunying Kidul, Kota Bandung","5","4","4M46+W3G","Kota Bandung","Jawa Barat","ID",,"","Restoran Masakan Ayam",,,,,,,,,"https://www.google.com/maps/search/?api=1&query=Padasuka%20Park%20C3-6%2C%20Pasirlayung%2C%20Cibeunying%20Kidul%2C%20Kota%20Bandung&query_place_id=ChIJiZR5P0HnaC4RFttipmfq77s","Restoran Masakan Ayam"
"Warteg Bahari Bu Harti","5","10","Jl. Cibogo No.63b","Kota Bandung","Jawa Barat","ID",,"","Warung tegal",,,,,,,,,"https://www.google.com/maps/search/?api=1&query=Warteg%20Bahari%20Bu%20Harti&query_place_id=ChIJxZ8pS8LnaC4RCLCeLHXNnhU","Warung tegal"
"Warteg Kharisma Bahari Tubagus Ismail",,,"Jl. Tubagus Ismail No.2","Kota Bandung","Jawa Barat","ID",,"+62 877-8401-5551","Warung tegal",,,,,,,,,"https://www.google.com/maps/search/?api=1&query=Warteg%20Kharisma%20Bahari%20Tubagus%20Ismail&query_place_id=ChIJNTKvHwnnaC4RYpACJCe8tPs","Warung tegal"
"Tunas Mekar Gunung Batu Kota Bandung",,,"Jl. Gn. Batu No.62 D","Kota Bandung","Jawa Barat","ID","https://www.instagram.com/tunasmekar_gnbatu","+62 812-8915-0875","Toko Peralatan dan Bahan Kue",,,,,,,,,"https://www.google.com/maps/search/?api=1&query=Tunas%20Mekar%20Gunung%20Batu%20Kota%20Bandung&query_place_id=ChIJd0WPPXHlaC4RzBcvNPfmKfw","Toko Peralatan dan Bahan Kue"
"Warung Makan Sunda Sejati","4.5","2","Jl. Dagopojok No.29","Kota Bandung","Jawa Barat","ID",,"","Restoran Indonesia",,,,,,,,,"https://www.google.com/maps/search/?api=1&query=Warung%20Makan%20Sunda%20Sejati&query_place_id=ChIJ4WpT9KHnaC4R4tTiErD4cFA","Restoran Indonesia"
"Warteg aura bahari","4","6","Jl. Sirnamanah No.12-4","Kota Bandung","Jawa Barat","ID",,"","Warung tegal",,,,,,,,,"https://www.google.com/maps/search/?api=1&query=Warteg%20aura%20bahari&query_place_id=ChIJGbUZ5SXnaC4R2OsAzl1vADE","Warung tegal"
"Warteg Azzah","3.4","5","Jl. Cihampelas No.207","Kota Bandung","Jawa Barat","ID",,"","Warung tegal","Rumah Makan","Restoran Jawa",,,,,,,"https://www.google.com/maps/search/?api=1&query=Warteg%20Azzah&query_place_id=ChIJM_AMqlzmaC4R0-3kmvaGuco","Warung tegal"
"SARI WANGI Makanan Lembur Sunda Asli",,,"4JG3+4XJ, Jl. Ciumbuleuit","Kota Bandung","Jawa Barat","ID",,"+62 822-5986-733","Restoran Sunda",,,,,,,,,"https://www.google.com/maps/search/?api=1&query=SARI%20WANGI%20Makanan%20Lembur%20Sunda%20Asli&query_place_id=ChIJR44h-U7naC4RceYHZrQh5fA","Restoran Sunda"
"Dumuk Bareto","4.5","1629","Jl. Sukawangi No.1A","Kota Bandung","Jawa Barat","ID",,"","Restoran Sunda","Restoran",,,,,,,,"https://www.google.com/maps/search/?api=1&query=Dumuk%20Bareto&query_place_id=ChIJL7UpQmfnaC4Ry-ylRJBtwdg","Restoran Sunda"
"Saung Baraya","5","2","Jl. Cihampelas No.147","Kota Bandung","Jawa Barat","ID",,"+62 22 2038957","Restoran Sunda",,,,,,,,,"https://www.google.com/maps/search/?api=1&query=Saung%20Baraya&query_place_id=ChIJmQz6i1vmaC4Rdb1Lcsij1WU","Restoran Sunda"
"Lalapan Ikan Laut & Ayam Goreng","4","610","Jl. Gn. Batu","Kota Bandung","Jawa Barat","ID",,"+62 812-2246-4785","Restoran Sunda",,,,,,,,,"https://www.google.com/maps/search/?api=1&query=Lalapan%20Ikan%20Laut%20%26%20Ayam%20Goreng&query_place_id=ChIJpSfq8M3laC4RC1Yo5DoYD64","Restoran Sunda"
"Roti Sri-Kaya SKJ Bandung","3.2","9","Jl. H. Hasan No.19","Kota Bandung","Jawa Barat","ID","https://instagram.com/rotisrikayaskj.bandung?utm_medium=copy_link","","Toko Roti",,,,,,,,,"https://www.google.com/maps/search/?api=1&query=Roti%20Sri-Kaya%20SKJ%20Bandung&query_place_id=ChIJ-70mB9_naC4RofAGLrKjTj0","Toko Roti"
"Kantin Tamansari 21","4.5","1192","Jl. Tamansari No.21","Kota Bandung","Jawa Barat","ID",,"+62 22 4219080","Restoran Sunda",,,,,,,,,"https://www.google.com/maps/search/?api=1&query=Kantin%20Tamansari%2021&query_place_id=ChIJf132j0XmaC4RNdYFpEfhQEQ","Restoran Sunda"
"Rumah Makan Sunda Asep Jaja","3.8","4","Jl. Cemara Selatan No.19, RT.1/Rw2","Kota Bandung","Jawa Barat","ID",,"","Restoran Sunda",,,,,,,,,"https://www.google.com/maps/search/?api=1&query=Rumah%20Makan%20Sunda%20Asep%20Jaja&query_place_id=ChIJ05RPcWjnaC4Riw7Xt3gJhNE","Restoran Sunda"
"Warteg Sahabat","3","4","Jl. Cikondang No.29","Kota Bandung","Jawa Barat","ID",,"+62 857-4264-1486","Warung tegal","Rumah Makan","Restoran Jawa",,,,,,,"https://www.google.com/maps/search/?api=1&query=Warteg%20Sahabat&query_place_id=ChIJuZmgIannaC4R8Vd9swySY1U","Warung tegal"
"Gepuk Ny Yong","4.5","580","Jl. Dr. Setiabudi No.144","Kota Bandung","Jawa Barat","ID",,"+62 22 2035036","Restoran Sunda","Makanan dan Minuman",,,,,,,,"https://www.google.com/maps/search/?api=1&query=Gepuk%20Ny%20Yong&query_place_id=ChIJl0mFH5PmaC4RFqOTzSaKzXk","Restoran Sunda"
"Punclut","4.7","784","No.180m, Jl. Bukit Raya Atas No.180","Kota Bandung","Jawa Barat","ID",,"","Restoran Sunda",,,,,,,,,"https://www.google.com/maps/search/?api=1&query=Punclut&query_place_id=ChIJzXTHFGPnaC4RUdd1bD-3RyQ","Restoran Sunda"
"Cemilan Keto | Kue Gluten Free, Sugar Free, Snack Sehat Halal","5","7","Jl. Cipaku Indah II No.kavling 14","Kota Bandung","Jawa Barat","ID","http://www.cemilanketo.com/","+62 852-2040-5800","Toko Roti",,,,,,,,,"https://www.google.com/maps/search/?api=1&query=Cemilan%20Keto%20%7C%20Kue%20Gluten%20Free%2C%20Sugar%20Free%2C%20Snack%20Sehat%20Halal&query_place_id=ChIJY26XbDvnaC4R4l1mV3hNIhw","Toko Roti"
"PD. Djitu","3.3","3","Balubur Town Square, Jl. Tamansari No.3 Lt.D2 O-19","Kota Bandung","Jawa Barat","ID",,"+62 815-6070-866","Toko Peralatan Hiasan Kue","Minimarket",,,,,,,,"https://www.google.com/maps/search/?api=1&query=PD.%20Djitu&query_place_id=ChIJ5QkWFUXmaC4RucQ9QRW6NFk","Toko Peralatan Hiasan Kue"
"Cute Cake Bandung","5","1",,"Kota Bandung","Jawa Barat","ID",,"","Toko",,,,,,,,,"https://www.google.com/maps/search/?api=1&query=Cute%20Cake%20Bandung&query_place_id=ChIJd4hUvPvnaC4RUF7HAIg93dQ","Toko"
"Waroeng Sunda","4.6","5","Jl. Gagak No.5","Kota Bandung","Jawa Barat","ID",,"+62 22 61561308","Restoran Sunda","Rumah Makan",,,,,,,,"https://www.google.com/maps/search/?api=1&query=Waroeng%20Sunda&query_place_id=ChIJJ_g25bLnaC4RgHIIY0OW88U","Restoran Sunda"
"Aneka Kue Basah & Kue Kering, Setia Rasa, Bandung",,,"Jl. Gegerkalong Tengah No.71","Kota Bandung","Jawa Barat","ID",,"+62 812-2226-6357","Toko Kue",,,,,,,,,"https://www.google.com/maps/search/?api=1&query=Aneka%20Kue%20Basah%20%26%20Kue%20Kering%2C%20Setia%20Rasa%2C%20Bandung&query_place_id=ChIJ7261RG3naC4RR3H9JKZA3Eo","Toko Kue"
"Eulis cake","5","3","Jl. Kiputih Dalam No.30, RT.04/RW.5","Kota Bandung","Jawa Barat","ID",,"+62 877-2858-4598","Toko Kue",,,,,,,,,"https://www.google.com/maps/search/?api=1&query=Eulis%20cake&query_place_id=ChIJUylOAz3naC4Rqiw0CJwwZRM","Toko Kue"
"Puding Aroma","3.8","5","3JX3+77H, Jl. Dr. Hatta","Kota Bandung","Jawa Barat","ID",,"+62 817-736-600","Toko Kue",,,,,,,,,"https://www.google.com/maps/search/?api=1&query=Puding%20Aroma&query_place_id=ChIJHQNu8UPmaC4RPdk4LOeSHAk","Toko Kue"
"Warteg Amalia","5","3","Jl. Gegerkalong Girang No.39","Kota Bandung","Jawa Barat","ID",,"","Warung tegal","Restoran Jawa",,,,,,,,"https://www.google.com/maps/search/?api=1&query=Warteg%20Amalia&query_place_id=ChIJlzfu1o7naC4R2E-JAdZSp7U","Warung tegal"
"Ibu Haji Ciganea","4.2","288","Jl. Dr. Djunjunan No.84","Kota Bandung","Jawa Barat","ID",,"","Restoran",,,,,,,,,"https://www.google.com/maps/search/?api=1&query=Ibu%20Haji%20Ciganea&query_place_id=ChIJp4HNhunnaC4RbV1k7ih3pRA","Restoran"
"Pandan Wangi oleh2 bandung","4.9","7","Jl. Gegerkalong Girang No.57","Kota Bandung","Jawa Barat","ID",,"+62 813-9905-3808","Toko Suvenir","Toko Kue",,,,,,,,"https://www.google.com/maps/search/?api=1&query=Pandan%20Wangi%20oleh2%20bandung&query_place_id=ChIJdcL1N7zmaC4RROL_Em1nDqU","Toko Suvenir"
"Warteg Podomoro","3.8","4","Jl. Dagopojok No.7","Kota Bandung","Jawa Barat","ID",,"+62 895-3103-7614","Warung tegal","Rumah Makan",,,,,,,,"https://www.google.com/maps/search/?api=1&query=Warteg%20Podomoro&query_place_id=ChIJW7ZJFMznaC4R_JRoolgzjfI","Warung tegal"
"Warteg Mulya Jaya",,,"Jl. Sarimanah No.78, RW.01","Kota Bandung","Jawa Barat","ID",,"","Warung tegal",,,,,,,,,"https://www.google.com/maps/search/?api=1&query=Warteg%20Mulya%20Jaya&query_place_id=ChIJOyXFxJzmaC4REr1JqfSTSgc","Warung tegal"
"Ditacakesandcookies","5","3","Jl. Cipaku Indah II No.8","Kota Bandung","Jawa Barat","ID",,"+62 811-2223-927","Toko Roti",,,,,,,,,"https://www.google.com/maps/search/?api=1&query=Ditacakesandcookies&query_place_id=ChIJ1WEa8urnaC4RN-o3KTKgZeE","Toko Roti"
"Delici's Cake Bakery & Cookies Baltos",,,"Balubur Town Square, Jl. Tamansari No.3 Lt.D2 O-25","Kota Bandung","Jawa Barat","ID",,"+62 812-2147-2222","Toko Kue",,,,,,,,,"https://www.google.com/maps/search/?api=1&query=Delici's%20Cake%20Bakery%20%26%20Cookies%20Baltos&query_place_id=ChIJ69cCakXmaC4Rs4QYxp957PY","Toko Kue"
"Kantin AA - Sekeloa","4.5","1740","Jl. Sekeloa Sel. I No.14","Kota Bandung","Jawa Barat","ID",,"+62 821-1706-4545","Restoran","Restoran Sunda",,,,,,,,"https://www.google.com/maps/search/?api=1&query=Kantin%20AA%20-%20Sekeloa&query_place_id=ChIJNT5DTFTmaC4RFjgDCQxVGqg","Restoran"
"Warung Urang Sunda Bpk. Endi/Ibu Dewi","5","5","Jl. Sekeloa Tengah kel No.135/152 c, RT.03/RW.04","Kota Bandung","Jawa Barat","ID",,"+62 812-1448-5328","Restoran Sunda",,,,,,,,,"https://www.google.com/maps/search/?api=1&query=Warung%20Urang%20Sunda%20Bpk.%20Endi%2FIbu%20Dewi&query_place_id=ChIJw1zYrhLnaC4RDJPiwyYsOqE","Restoran Sunda"
"Warung Sunda Pak Cepi","5","2","Jl. Sukamaju No.46","Kota Bandung","Jawa Barat","ID",,"","Restoran Sunda",,,,,,,,,"https://www.google.com/maps/search/?api=1&query=Warung%20Sunda%20Pak%20Cepi&query_place_id=ChIJTf-Sy1_maC4RsLdkOA7UxRc","Restoran Sunda"
"Rumah Makan Ohana","5","4","Jl. Sersan Sodik No.38","Kabupaten Bandung Barat","Jawa Barat","ID",,"","Restoran Sunda","Restoran Indonesia",,,,,,,,"https://www.google.com/maps/search/?api=1&query=Rumah%20Makan%20Ohana&query_place_id=ChIJ6-C8GDbhaC4RfU5ZpD-GxAg","Restoran Sunda"
"Mille Crepes by Cute Cake Bandung",,,"Jl. Sukamantri I","Kota Bandung","Jawa Barat","ID",,"","Toko Kue",,,,,,,,,"https://www.google.com/maps/search/?api=1&query=Mille%20Crepes%20by%20Cute%20Cake%20Bandung&query_place_id=ChIJnyqbV7PnaC4Rjxd8nWNFOs8","Toko Kue"
"WARTEG RESTU IBU PENGKOLAN","5","1","Jl. Tubagus Ismail Bawah No.2","Kota Bandung","Jawa Barat","ID",,"","Warung tegal",,,,,,,,,"https://www.google.com/maps/search/?api=1&query=WARTEG%20RESTU%20IBU%20PENGKOLAN&query_place_id=ChIJv5N2WgDnaC4R_De0Ii_lWKw","Warung tegal"
"Warteg dan Cafe eNZet","3","3","Jl. Gegerkalong Girang No.1","Kota Bandung","Jawa Barat","ID",,"","Warung tegal",,,,,,,,,"https://www.google.com/maps/search/?api=1&query=Warteg%20dan%20Cafe%20eNZet&query_place_id=ChIJVRBiWb7maC4RfGv9BzgviKY","Warung tegal"
"Ping Ping Cake","4.6","38","Jl. Tamansari No.66","Kota Bandung","Jawa Barat","ID",,"","Toko Kue",,,,,,,,,"https://www.google.com/maps/search/?api=1&query=Ping%20Ping%20Cake&query_place_id=ChIJXR2eLADnaC4RZGT4kP2wcms","Toko Kue"
"Rumah Makan Dapur Kuring","4.5","17","Jl. Gegerkalong Girang No.20","Kota Bandung","Jawa Barat","ID",,"+62 812-2002-994","Restoran Sunda","Rumah Makan",,,,,,,,"https://www.google.com/maps/search/?api=1&query=Rumah%20Makan%20Dapur%20Kuring&query_place_id=ChIJ-USGOrzmaC4Rl49mBns3_J8","Restoran Sunda"
"786 Warteg Bahari","4.2","5","Jalan Babakan Cianjur No.31, Sukaraja, Cicendo","Kota Bandung","Jawa Barat","ID",,"+62 819-3138-3442","Warung tegal","Rumah Makan",,,,,,,,"https://www.google.com/maps/search/?api=1&query=786%20Warteg%20Bahari&query_place_id=ChIJs-I1LtLlaC4RRNr03zFfqXY","Warung tegal"
"Dapoer Ngeboel Bu Ai","4.5","327","Jl. Ciumbuleuit No.115 165B","Kota Bandung","Jawa Barat","ID",,"+62 22 2042766","Restoran Prasmanan","Rumah Makan",,,,,,,,"https://www.google.com/maps/search/?api=1&query=Dapoer%20Ngeboel%20Bu%20Ai&query_place_id=ChIJJ_BjtcPmaC4Rtkv4nub7_UQ","Restoran Prasmanan"
"Warung Sunda Teh Eneng","5","5","4JC6+F89","Kota Bandung","Jawa Barat","ID",,"","Kedai Sarapan & Makan Siang",,,,,,,,,"https://www.google.com/maps/search/?api=1&query=Warung%20Sunda%20Teh%20Eneng&query_place_id=ChIJCcPs21bnaC4RaEf4Ebnm-Sg","Kedai Sarapan & Makan Siang"
"Warteg Sami Asih","3.8","13","Jl. Kebon Bibit No.1","Kota Bandung","Jawa Barat","ID",,"+62 856-2420-8995","Warung tegal","Restoran Jawa",,,,,,,,"https://www.google.com/maps/search/?api=1&query=Warteg%20Sami%20Asih&query_place_id=ChIJKcbzqFrmaC4R9sajvZHah3o","Warung tegal"
"Warteg Sri Rejeki","4.4","7","Jl. Dr. Setiabudi No.139","Kota Bandung","Jawa Barat","ID",,"+62 815-4819-4501","Warung tegal","Rumah Makan","Restoran Jawa",,,,,,,"https://www.google.com/maps/search/?api=1&query=Warteg%20Sri%20Rejeki&query_place_id=ChIJVZv-NZTmaC4ROY3ySecMSXw","Warung tegal"
"Tbk Dago Baking Center","4.5","11","Jl. Bukit Dago Utara No.20","Kota Bandung","Jawa Barat","ID",,"","Toko Peralatan dan Bahan Kue",,,,,,,,,"https://www.google.com/maps/search/?api=1&query=Tbk%20Dago%20Baking%20Center&query_place_id=ChIJM2lgdyXdaC4Ruw9bTKnUqWo","Toko Peralatan dan Bahan Kue"
"Warteg ""Cempaka""","4.5","4","Jl. Gegerkalong Hilir No.46","Kota Bandung","Jawa Barat","ID",,"","Warung tegal",,,,,,,,,"https://www.google.com/maps/search/?api=1&query=Warteg%20%22Cempaka%22&query_place_id=ChIJlw_xV5bmaC4RGDhRF-8JkcQ","Warung tegal"
"Warteg Bahari","3","6","Jl. Lamping No.18","Kota Bandung","Jawa Barat","ID",,"","Warung tegal","Restoran Jawa",,,,,,,,"https://www.google.com/maps/search/?api=1&query=Warteg%20Bahari&query_place_id=ChIJb5H0gfXmaC4RCayW1mFvBcY","Warung tegal"
"Warteg RAWON","4.7","11","Jl. Ciumbuleuit No.dekat","Kota Bandung","Jawa Barat","ID",,"+62 859-4767-6428","Restoran","Warung tegal",,,,,,,,"https://www.google.com/maps/search/?api=1&query=Warteg%20RAWON&query_place_id=ChIJRYgBhd_naC4RTFovL-ZkzcU","Restoran"
"Warteg d'cepot","4.9","9","Jl. Ir. H. Juanda No.448","Kota Bandung","Jawa Barat","ID",,"","Warung tegal",,,,,,,,,"https://www.google.com/maps/search/?api=1&query=Warteg%20d'cepot&query_place_id=ChIJSUTlXHbnaC4RLb2bOil_sHA","Warung tegal"
"Sunda Kawangi","3","2","4J35+4CM","Kota Bandung","Jawa Barat","ID",,"+62 812-2457-4613","Kedai Sarapan & Makan Siang",,,,,,,,,"https://www.google.com/maps/search/?api=1&query=Sunda%20Kawangi&query_place_id=ChIJNVF1oHHnaC4RAsDMkc-73DQ","Kedai Sarapan & Makan Siang"
"Batagor Hanjuang","4.6","98","4H7M+J6V, Jl. Terusan Babakan Jeruk 1","Kota Bandung","Jawa Barat","ID",,"+62 813-9568-9564","Restoran Sunda",,,,,,,,,"https://www.google.com/maps/search/?api=1&query=Batagor%20Hanjuang&query_place_id=ChIJ1aRBB4fmaC4RFqoNMO1vRVw","Restoran Sunda"
"Warteg Sami Asih","4.8","6","4J2J+C9P, Jl. Surapati","Kota Bandung","Jawa Barat","ID",,"","Warung tegal","Restoran Jawa",,,,,,,,"https://www.google.com/maps/search/?api=1&query=Warteg%20Sami%20Asih&query_place_id=ChIJaUX2VrDnaC4R94GaP0VmJkg","Warung tegal"
"Warteg Marga Jaya","4.8","4","Jl. Tamansari No.15","Kota Bandung","Jawa Barat","ID",,"","Warung tegal","Rumah Makan","Restoran Jawa",,,,,,,"https://www.google.com/maps/search/?api=1&query=Warteg%20Marga%20Jaya&query_place_id=ChIJHZrqQEbmaC4RDrmVx6XFfkE","Warung tegal"
"Warteg Poci","5","3","Jl. Terusan Babakan Jeruk 1 No.10","Kota Bandung","Jawa Barat","ID",,"","Warung tegal","Rumah Makan","Restoran Jawa",,,,,,,"https://www.google.com/maps/search/?api=1&query=Warteg%20Poci&query_place_id=ChIJC6qG4obmaC4RUrnOUcDMuYM","Warung tegal"
"Warteg sumber jaya","4.5","6","Jl. Raya Cimindi No.196","Kota Bandung","Jawa Barat","ID",,"","Warung tegal","Rumah Makan","Restoran Jawa",,,,,,,"https://www.google.com/maps/search/?api=1&query=Warteg%20sumber%20jaya&query_place_id=ChIJ2YI-Y87laC4R-KQ_x1IUvSs","Warung tegal"
"Batagor Arsya","5","2","Jl. Arcamanik No.36","Kota Bandung","Jawa Barat","ID",,"+62 898-0717-141","Restoran Sunda","Rumah Makan",,,,,,,,"https://www.google.com/maps/search/?api=1&query=Batagor%20Arsya&query_place_id=ChIJi8_EAmbdaC4Rz9T-Q-cKbqU","Restoran Sunda"
"Warteg 64","4.8","11","Jl. Padasuka No.64","Kota Bandung","Jawa Barat","ID",,"+62 856-2001-002","Rumah Makan",,,,,,,,,"https://www.google.com/maps/search/?api=1&query=Warteg%2064&query_place_id=ChIJu_mnU5DnaC4RPVu3sqoETMI","Rumah Makan"
"WARUNG NASI MASAKAN SUNDA IBU DEDEH","5","1","3JXG+JPJ","Kota Bandung","Jawa Barat","ID",,"+62 821-2860-0690","Restoran Sunda","Warung nasi",,,,,,,,"https://www.google.com/maps/search/?api=1&query=WARUNG%20NASI%20MASAKAN%20SUNDA%20IBU%20DEDEH&query_place_id=ChIJH6vWTQznaC4RtHmWWNLw6GU","Restoran Sunda"
"Zainal","4.1","33","Jl. Cihampelas No.144","Kota Bandung","Jawa Barat","ID",,"","Restoran Sunda",,,,,,,,,"https://www.google.com/maps/search/?api=1&query=Zainal&query_place_id=ChIJAdH5YFvmaC4RoyDdHPtpPiA","Restoran Sunda"
"Rumah Makan Rasa Utama","3.2","13","4M23+MPH","Kota Bandung","Jawa Barat","ID",,"+62 812-2399-4050","Restoran",,,,,,,,,"https://www.google.com/maps/search/?api=1&query=Rumah%20Makan%20Rasa%20Utama&query_place_id=ChIJLZ7XBOPnaC4RoqjLs2Jb9gA","Restoran"
"Kedai Mie Dago","4.4","696","Jl. Ir. H. Juanda No.209","Kota Bandung","Jawa Barat","ID",,"+62 22 2509327","Restoran Mie","Restoran Bakso","Restoran Sunda",,,,,,,"https://www.google.com/maps/search/?api=1&query=Kedai%20Mie%20Dago&query_place_id=ChIJG9hl6k7maC4RJ9PoYxTFeI4","Restoran Mie"
"Pemancingan Saung Kemangi","4.5","550","Jl. Cipaku Indah X No.2, RW.4","Kota Bandung","Jawa Barat","ID","http://www.saungkemangi.com/","+62 821-7000-2720","Kolam Memancing","Tempat acara","Restoran Keluarga","Restoran Indonesia","Restoran Sunda",,,,,"https://www.google.com/maps/search/?api=1&query=Pemancingan%20Saung%20Kemangi&query_place_id=ChIJeVcrUsbmaC4Rp_Y9LiLoBzg","Kolam Memancing"
"Bunda Rumah Makan",,,"Jl. Kb. Bibit Sel. No.25","Kota Bandung","Jawa Barat","ID",,"+62 251 610323","Restoran Sunda",,,,,,,,,"https://www.google.com/maps/search/?api=1&query=Bunda%20Rumah%20Makan&query_place_id=ChIJNWRq5ETmaC4RM7h1oZSIzzQ","Restoran Sunda"
"Kiosk Foodmarket","4.2","861","Jl. Dr. Setiabudi No.46","Kota Bandung","Jawa Barat","ID","http://thekioskfoodmarket.blogspot.com/","+62 821-2871-7513","Pujasera","Kedai Sarapan","Restoran Indonesia","Restoran","Restoran Sunda",,,,,"https://www.google.com/maps/search/?api=1&query=Kiosk%20Foodmarket&query_place_id=ChIJuwuqgPTmaC4RypnEwlWsANk","Pujasera"
"Rumah Makan Pa Yana","4.5","60","Jl. Suparmin No.6","Kota Bandung","Jawa Barat","ID",,"+62 813-9497-0059","Restoran Keluarga",,,,,,,,,"https://www.google.com/maps/search/?api=1&query=Rumah%20Makan%20Pa%20Yana&query_place_id=ChIJccwMLHDmaC4RhNkI--EorzM","Restoran Keluarga"
"Dapoer Pandan Wangi - DAGO","4.4","976","Jl. Dago No.356","Kota Bandung","Jawa Barat","ID",,"+62 22 32095012","Restoran",,,,,,,,,"https://www.google.com/maps/search/?api=1&query=Dapoer%20Pandan%20Wangi%20-%20DAGO&query_place_id=ChIJoVtamGPnaC4R3toCT5BDdnM","Restoran"
"Warteg Marga Jaya","4.2","9","Jl. Sekeloa No.21","Kota Bandung","Jawa Barat","ID",,"+62 819-0275-0372","Warung tegal","Restoran Jawa",,,,,,,,"https://www.google.com/maps/search/?api=1&query=Warteg%20Marga%20Jaya&query_place_id=ChIJrVBEqFXmaC4RdA73dRdDNNI","Warung tegal"
"Sam's Strawberry Corner","4.4","1421","Jl. Ir. H. Juanda No.112","Kota Bandung","Jawa Barat","ID","https://www.instagram.com/samsstrawberrycorner/","","Restoran Mie","Kafe","Restoran Sunda","Restoran Masakan Barat",,,,,,"https://www.google.com/maps/search/?api=1&query=Sam's%20Strawberry%20Corner&query_place_id=ChIJe7U3z_zmaC4RZu77cTS0zh0","Restoran Mie"
"Rumah Makan Mbah Yogyo","3","5","Jl. Rancabentang No.20","Kota Bandung","Jawa Barat","ID",,"+62 22 6037286","Restoran Sunda","Restoran Keluarga",,,,,,,,"https://www.google.com/maps/search/?api=1&query=Rumah%20Makan%20Mbah%20Yogyo&query_place_id=ChIJX9K5Ue7maC4RxCCv1M_Rl8o","Restoran Sunda"
"NgaBotram","4.9","24","Jl. Badak Singa No.6","Kota Bandung","Jawa Barat","ID",,"+62 815-6088-441","Restoran",,,,,,,,,"https://www.google.com/maps/search/?api=1&query=NgaBotram&query_place_id=ChIJy_ydEBXnaC4RS3R7Z4nPXog","Restoran"
"Bandung City View 2 Blok E29","4","2","Bandung City View 2 Blok E29","Kota Bandung","Jawa Barat","ID",,"","Restoran",,,,,,,,,"https://www.google.com/maps/search/?api=1&query=Bandung%20City%20View%202%20Blok%20E29&query_place_id=ChIJ35-iw7ndaC4RVTov6qaD2mQ","Restoran"
"Warteg Satria","4.6","19","Jl. Singa Perbangsa No.103a","Kota Bandung","Jawa Barat","ID",,"","Warung tegal",,,,,,,,,"https://www.google.com/maps/search/?api=1&query=Warteg%20Satria&query_place_id=ChIJoSh4e2fnaC4R26ATddxxYPw","Warung tegal"
"Nyouppang Bandung",,,"Jl. Atput II No.13","Kota Bandung","Jawa Barat","ID",,"+62 811-1632-604","Restoran",,,,,,,,,"https://www.google.com/maps/search/?api=1&query=Nyouppang%20Bandung&query_place_id=ChIJCcbDLMDnaC4RLh5MRzYoYvY","Restoran"
"Pesta Pizza (Bandung Era Sentra Talenta. PT)",,,"Surapati Core, Graha DFI, JL. Penghulu Haji Hasan Mustopa Grand No.39 2nd Floor","Kota Bandung","Jawa Barat","ID",,"+62 898-9088-881","Restoran Pizza",,,,,,,,,"https://www.google.com/maps/search/?api=1&query=Pesta%20Pizza%20(Bandung%20Era%20Sentra%20Talenta.%20PT)&query_place_id=ChIJIT9U3ZPnaC4RO1rFSTkEy1Q","Restoran Pizza"
"CV. SIMAS NGASEL GROUP (Cabang Ujung Berung) Bandung",,,"Jl. Cigiringsing, RT.06/RW.04","Kota Bandung","Jawa Barat","ID",,"+62 857-9730-8627","Kedai Bakpao",,,,,,,,,"https://www.google.com/maps/search/?api=1&query=CV.%20SIMAS%20NGASEL%20GROUP%20(Cabang%20Ujung%20Berung)%20Bandung&query_place_id=ChIJA8MRTk3daC4RmdKLzOV4xys","Kedai Bakpao"
"Warteg Brebes 21","4.5","4","Jl. Sersan Bajuri No.29","Kota Bandung","Jawa Barat","ID",,"","Warung tegal",,,,,,,,,"https://www.google.com/maps/search/?api=1&query=Warteg%20Brebes%2021&query_place_id=ChIJtR31TrfmaC4RZhDblbypWN4","Warung tegal"
"Warteg Cahaya","4.5","27","Jl. Gegerkalong Tengah No.79","Kota Bandung","Jawa Barat","ID",,"+62 878-2461-1653","Kedai Sarapan & Makan Siang","Kedai Sarapan","Warung tegal",,,,,,,"https://www.google.com/maps/search/?api=1&query=Warteg%20Cahaya&query_place_id=ChIJ8Vdqey3naC4RiWVUdvlyIjs","Kedai Sarapan & Makan Siang"
"Warteg Bahari","5","2","Jl. Prof. drg. Soeria Soemantri No.71","Kota Bandung","Jawa Barat","ID",,"+62 856-4257-2850","Warung tegal","Rumah Makan","Restoran Jawa",,,,,,,"https://www.google.com/maps/search/?api=1&query=Warteg%20Bahari&query_place_id=ChIJZ5LOPYfmaC4Rk4uT7mHeo1g","Warung tegal"
"Warung Nasi Tegal",,,"Jl. Gegerkalong Hilir No.168","Kota Bandung","Jawa Barat","ID",,"","Restoran",,,,,,,,,"https://www.google.com/maps/search/?api=1&query=Warung%20Nasi%20Tegal&query_place_id=ChIJ81lOpJjmaC4RbupCxEgkAUI","Restoran"
"Warteg Sederhana","4.3","36","4HRW+52C, Jl. Dr. Setiabudi","Kota Bandung","Jawa Barat","ID",,"","Warung tegal","Rumah Makan","Restoran Jawa","Restoran Padang",,,,,,"https://www.google.com/maps/search/?api=1&query=Warteg%20Sederhana&query_place_id=ChIJVa0U_rjmaC4RJ2wg-Vxf4KQ","Warung tegal"
"Warteg Podomoro","4.7","50","Jl. Ciheulang No.233","Kota Bandung","Jawa Barat","ID",,"","Warung tegal","Restoran Jawa",,,,,,,,"https://www.google.com/maps/search/?api=1&query=Warteg%20Podomoro&query_place_id=ChIJAzISZVXmaC4RIFZ0qKSERrc","Warung tegal"
"Pepes panaragan nasi tim padasuka","4.9","8","Jl. Jatihandap No.27","Kota Bandung","Jawa Barat","ID",,"+62 857-7332-2904","Restoran Sunda",,,,,,,,,"https://www.google.com/maps/search/?api=1&query=Pepes%20panaragan%20nasi%20tim%20padasuka&query_place_id=ChIJU3pTB47naC4R6ukAC1zJZ9M","Restoran Sunda"
"Warteg Tenda Biru","4.7","6","4J25+2F7, Gg. Panca Indra","Kota Bandung","Jawa Barat","ID",,"","Warung tegal","Rumah Makan","Restoran Jawa",,,,,,,"https://www.google.com/maps/search/?api=1&query=Warteg%20Tenda%20Biru&query_place_id=ChIJobiLnUXmaC4RA7BNaxhUheQ","Warung tegal"
"Roti Bakar Panjo, Teuku Umar","4.8","573","PKL Teuku Umar, Jl. Teuku Umar","Kota Bandung","Jawa Barat","ID",,"+62 895-7082-55800","Restoran roti bakar","Toko Roti","Restoran Martabak",,,,,,,"https://www.google.com/maps/search/?api=1&query=Roti%20Bakar%20Panjo%2C%20Teuku%20Umar&query_place_id=ChIJl7tw6RDnaC4RgVEYxCfkXZc","Restoran roti bakar"
"Rumah Makan Khas Sunda Saung Krisna","4","1","4H9G+3G4, Jl. Sariwangi","Kota Bandung","Jawa Barat","ID",,"","Restoran Sunda",,,,,,,,,"https://www.google.com/maps/search/?api=1&query=Rumah%20Makan%20Khas%20Sunda%20Saung%20Krisna&query_place_id=ChIJO8GKOoLmaC4RZAsYrCDPD9c","Restoran Sunda"
"Warteg Maju Jaya","4.2","18","4J6G+C8W, Jl. Sadang Serang","Kota Bandung","Jawa Barat","ID",,"","Warung tegal","Rumah Makan","Restoran Jawa",,,,,,,"https://www.google.com/maps/search/?api=1&query=Warteg%20Maju%20Jaya&query_place_id=ChIJeyW5SqrnaC4RYUPEqrPKflo","Warung tegal"
"Warteg","4.9","7","Jl. Babakan Jeruk 1 No.72","Kota Bandung","Jawa Barat","ID",,"+62 812-9102-1869","Warung tegal","Rumah Makan",,,,,,,,"https://www.google.com/maps/search/?api=1&query=Warteg&query_place_id=ChIJpfxynX3maC4RVF-ljXh1JSU","Warung tegal"
"Warteg Bagja","4.7","11","Jl. Gegerkalong Wetan No.42","Kota Bandung","Jawa Barat","ID",,"+62 859-5627-2660","Warung tegal","Restoran Jawa",,,,,,,,"https://www.google.com/maps/search/?api=1&query=Warteg%20Bagja&query_place_id=ChIJFR93wKPmaC4RJX83LsFpMS4","Warung tegal"
"Warteg Sami Asih Dua","5","2","4HJR+4FH, Jl. Gegerkalong Tengah","Kota Bandung","Jawa Barat","ID",,"+62 857-2341-8765","Warung tegal","Restoran Jawa",,,,,,,,"https://www.google.com/maps/search/?api=1&query=Warteg%20Sami%20Asih%20Dua&query_place_id=ChIJN5QEfZbmaC4Re7EwoIZMdCk","Warung tegal"
"Warteg Tegal Bahari","4.4","8","Jl. Cibogo No.84","Kota Bandung","Jawa Barat","ID",,"+62 819-0243-5270","Restoran Jawa Tengah","Warung tegal",,,,,,,,"https://www.google.com/maps/search/?api=1&query=Warteg%20Tegal%20Bahari&query_place_id=ChIJ-XzrGIHmaC4RSQ1C-VgpBUw","Restoran Jawa Tengah"
"Rumah Makan Khas Sunda",,,,"Kota Bandung","Jawa Barat","ID",,"","Restoran Sunda",,,,,,,,,"https://www.google.com/maps/search/?api=1&query=Rumah%20Makan%20Khas%20Sunda&query_place_id=ChIJ8yGNs7nmaC4RnoE1TCpbpms","Restoran Sunda"
"Warteg Makmur Jaya Gegerkalong","4.6","10","Jl. Gegerkalong Girang No.47","Kota Bandung","Jawa Barat","ID",,"+62 857-2019-7910","Warung tegal","Rumah Makan","Restoran Jawa",,,,,,,"https://www.google.com/maps/search/?api=1&query=Warteg%20Makmur%20Jaya%20Gegerkalong&query_place_id=ChIJSZkDLrzmaC4R3M6BhFBhBM4","Warung tegal"
"Sate Kambing Muda Khas Tegal Hj Muthmainnah","4.4","338","Jl. Dr. Djunjunan No.150","Kota Bandung","Jawa Barat","ID",,"+62 22 2011441","Restoran Sate",,,,,,,,,"https://www.google.com/maps/search/?api=1&query=Sate%20Kambing%20Muda%20Khas%20Tegal%20Hj%20Muthmainnah&query_place_id=ChIJL1XQZ3zmaC4RVpcjEQzlAzg","Restoran Sate"
"Warteg Ibu Umi Bahari","4.7","44","4H8G+9V4, Jl. Cibogo kel, RT.02/RW.03","Kota Bandung","Jawa Barat","ID",,"","Warung tegal","Restoran Jawa",,,,,,,,"https://www.google.com/maps/search/?api=1&query=Warteg%20Ibu%20Umi%20Bahari&query_place_id=ChIJC4kpg8PnaC4ROkQp37h86oU","Warung tegal"
"Fat Phó • Ranggamalela","4.7","1360","Jl. Ranggamalela No.15","Kota Bandung","Jawa Barat","ID","https://www.instagram.com/fat.pho/","+62 878-2100-2001","Restoran","Restoran Asia",,,,,,,,"https://www.google.com/maps/search/?api=1&query=Fat%20Ph%C3%B3%20%E2%80%A2%20Ranggamalela&query_place_id=ChIJT84uj4fnaC4RJU-OsYI3KBo","Restoran"
"Warteg Mega Jaya Bahari","4.5","19","Jl. Budi No.5, RT.03/RW.3","Kota Bandung","Jawa Barat","ID",,"+62 22 6652733","Warung tegal","Rumah Makan","Restoran Jawa",,,,,,,"https://www.google.com/maps/search/?api=1&query=Warteg%20Mega%20Jaya%20Bahari&query_place_id=ChIJGwlxXMzlaC4RaU15QYwNrxI","Warung tegal"
"Warteg BAHARI teh Dini","5","1","Jl. Prof. drg. Soeria Soemantri No.44","Kota Bandung","Jawa Barat","ID",,"","Warung tegal","Rumah Makan",,,,,,,,"https://www.google.com/maps/search/?api=1&query=Warteg%20BAHARI%20teh%20Dini&query_place_id=ChIJzSJi_O7naC4RoB4iuBtFvaw","Warung tegal"
"Warung Hayam Kuring",,,"Jl. Dr. Setiabudi Unpas Setiabudhi No.193","Kota Bandung","Jawa Barat","ID",,"+62 878-2574-4483","Restoran Sunda","Rumah Makan",,,,,,,,"https://www.google.com/maps/search/?api=1&query=Warung%20Hayam%20Kuring&query_place_id=ChIJfez-CL7maC4R-hNCR-7Ro98","Restoran Sunda"
"toko kue risola",,,"3PX6+H5F","Kota Bandung","Jawa Barat","ID",,"+62 817-0205-703","Konsultan Kesehatan",,,,,,,,,"https://www.google.com/maps/search/?api=1&query=toko%20kue%20risola&query_place_id=ChIJA8Yf1R7daC4RbGMifKU7bhg","Konsultan Kesehatan"
"Agaw pastry",,,"Komplek giri mande B1 no. 9","Kota Bandung","Jawa Barat","ID",,"+62 877-3096-3203","Toko Kue",,,,,,,,,"https://www.google.com/maps/search/?api=1&query=Agaw%20pastry&query_place_id=ChIJCW5uUEHdaC4Rt0zu48c2t0I","Toko Kue"
"Warteg Budi Asih 2","4.1","51","Jl. Dr. Setiabudi No.103 B","Kota Bandung","Jawa Barat","ID",,"+62 857-9414-8962","Warung tegal","Restoran Jawa",,,,,,,,"https://www.google.com/maps/search/?api=1&query=Warteg%20Budi%20Asih%202&query_place_id=ChIJ1_avcZTmaC4RWN4FZtX849Y","Warung tegal"
"Ayam Goreng Suharti Cipaganti","4.4","2302","Jl. Cipaganti No.171","Kota Bandung","Jawa Barat","ID","http://ayamgorengsuharti.com/","+62 22 2038677","Restoran Masakan Ayam","Restoran Indonesia","Restoran Jawa","Restoran Sunda",,,,,,"https://www.google.com/maps/search/?api=1&query=Ayam%20Goreng%20Suharti%20Cipaganti&query_place_id=ChIJw8fPU_TmaC4RdcA8l-HBVdc","Restoran Masakan Ayam"
"Risols acan","5","2","Gg. Kancah Nangkub 1 No.48","Kota Bandung","Jawa Barat","ID",,"+62 857-2352-0323","Produsen makanan","Toko Kue",,,,,,,,"https://www.google.com/maps/search/?api=1&query=Risols%20acan&query_place_id=ChIJWW6Zn4bnaC4R_pn_F483K4A","Produsen makanan"
"Warteg linggamas","4.9","8","Jl. Ciheulang No.231","Kota Bandung","Jawa Barat","ID",,"+62 895-3581-93950","Warung tegal","Rumah Makan",,,,,,,,"https://www.google.com/maps/search/?api=1&query=Warteg%20linggamas&query_place_id=ChIJF-FqX17naC4RYlnry2T8DuE","Warung tegal"
"TOKO KUE BASAH BUNGA GANGGA",,,"Jl. Jatihandap No.40, RT.03/RW.05 kelurahan mandalajati","Kota Bandung","Jawa Barat","ID",,"+62 878-8812-5955","Toko Makanan",,,,,,,,,"https://www.google.com/maps/search/?api=1&query=TOKO%20KUE%20BASAH%20BUNGA%20GANGGA&query_place_id=ChIJx-qHERDnaC4R6AK-LSgIZ_4","Toko Makanan"
"Daifuku_Mocchii","5","1","komplek BANDUNG City View, Jl. Pasir Impun pertigaan No.1","Kota Bandung","Jawa Barat","ID",,"+62 882-3303-4663","Toko Kue",,,,,,,,,"https://www.google.com/maps/search/?api=1&query=Daifuku_Mocchii&query_place_id=ChIJ_W2AZtjdaC4RiUcnsMoh9M8","Toko Kue"
"Happy Kitchen Bandung",,,"Jl. Tugu Asri No.40192 III no C1","Kota Bandung","Jawa Barat","ID",,"+62 817-6030-328","Toko Kue",,,,,,,,,"https://www.google.com/maps/search/?api=1&query=Happy%20Kitchen%20Bandung&query_place_id=ChIJY0xJa5rnaC4R4eIWHdnu5E8","Toko Kue"
"Allsnackbandung","4.9","18","Jl. Ciparumpung","Kota Bandung","Jawa Barat","ID",,"+62 895-3338-08604","Toko","Toko Cokelat","Toko makanan beku",,,,,,,"https://www.google.com/maps/search/?api=1&query=Allsnackbandung&query_place_id=ChIJ6_iNGZXnaC4Rd6ICahRi518","Toko"
"Warteg Bahari","4.8","6","4H9G+3HF, Jl. Sariwangi","Kota Bandung","Jawa Barat","ID",,"+62 896-8883-3096","Warung tegal","Rumah Makan","Restoran Jawa",,,,,,,"https://www.google.com/maps/search/?api=1&query=Warteg%20Bahari&query_place_id=ChIJybzXXh7kaC4RglzL_4SBx8E","Warung tegal"
"Goldie Kookie - Custom Korean Cake , Birthday Cake , Basque Burnt Cheesecake, Fudgy Brownies, Soft Baked Cookies","5","2","Jalan pasirturi 22a, sukaluyu","Kota Bandung","Jawa Barat","ID","https://www.instagram.com/bakedbygoldie_?igsh=aGVjbWFubzM1NHNh&utm_source=qr","+62 888-2256-317","Toko Roti","Toko Kue",,,,,,,,"https://www.google.com/maps/search/?api=1&query=Goldie%20Kookie%20-%20Custom%20Korean%20Cake%20%2C%20Birthday%20Cake%20%2C%20Basque%20Burnt%20Cheesecake%2C%20Fudgy%20Brownies%2C%20Soft%20Baked%20Cookies&query_place_id=ChIJ370xOADnaC4RiXBy048fLDA","Toko Roti"
"Aneka kue basah Sari Rasa","5","3","Jl. Sekebunar","Kota Bandung","Jawa Barat","ID","https://wa.me/6282319855530","+62 895-2053-2206","Toko Roti",,,,,,,,,"https://www.google.com/maps/search/?api=1&query=Aneka%20kue%20basah%20Sari%20Rasa&query_place_id=ChIJobdoNQDdaC4Rcn6N8i4X1SY","Toko Roti"
"Pillow Cake Dago","3.9","60","Jl. Ir. H. Juanda No.81","Kota Bandung","Jawa Barat","ID",,"+62 821-2101-5131","Toko Roti",,,,,,,,,"https://www.google.com/maps/search/?api=1&query=Pillow%20Cake%20Dago&query_place_id=ChIJYZhjLMDnaC4RAlSuGfhdQLY","Toko Roti"
"Toko Tengah","2.5","13","Jl. Ir. H. Juanda No.130c 130c","Kota Bandung","Jawa Barat","ID",,"+62 812-2146-9849","Toko Peralatan dan Bahan Kue","Toko Kue",,,,,,,,"https://www.google.com/maps/search/?api=1&query=Toko%20Tengah&query_place_id=ChIJ96z8I_nmaC4RyMtjzAA9NiU","Toko Peralatan dan Bahan Kue"
"Toko Kue Klinik Lapar","3.6","17","Gg. Kubang Selatan 1 No.6","Kota Bandung","Jawa Barat","ID",,"+62 878-7908-2295","Toko Kue",,,,,,,,,"https://www.google.com/maps/search/?api=1&query=Toko%20Kue%20Klinik%20Lapar&query_place_id=ChIJsT87OFTmaC4RNfOEdQh5xqI","Toko Kue"
"Rumah Makan Basuo Juo","4.2","6","Jl. Gegerkalong Girang No.95","Kota Bandung","Jawa Barat","ID",,"+62 822-1888-4807","Restoran Sunda","Rumah Makan",,,,,,,,"https://www.google.com/maps/search/?api=1&query=Rumah%20Makan%20Basuo%20Juo&query_place_id=ChIJE05-i7zmaC4RYTPnoRDjVYA","Restoran Sunda"
"Toko Kue Asri Rasa || Aneka Kue, Jajanan Pasar, Snack Box","5","8","Jl. Cigadung Raya Barat No.33","Kota Bandung","Jawa Barat","ID",,"+62 878-4847-0105","Toko Kue",,,,,,,,,"https://www.google.com/maps/search/?api=1&query=Toko%20Kue%20Asri%20Rasa%20%7C%7C%20Aneka%20Kue%2C%20Jajanan%20Pasar%2C%20Snack%20Box&query_place_id=ChIJIaMOYgTnaC4RQYcpN4MPwYc","Toko Kue"
"KOPAKA BRIDAL & CAKE","4.6","89","Jl. Maulana Yusuf No.17","Kota Bandung","Jawa Barat","ID",,"+62 22 4262536","Perencana Pernikahan",,,,,,,,,"https://www.google.com/maps/search/?api=1&query=KOPAKA%20BRIDAL%20%26%20CAKE&query_place_id=ChIJvXNh3U7maC4RKBh0K0H77ms","Perencana Pernikahan"
"Angkringan Sunda","4.5","13","Jl. Tubagus Ismail No.79","Kota Bandung","Jawa Barat","ID",,"+62 812-1466-5328","Restoran Sunda","Rumah Makan",,,,,,,,"https://www.google.com/maps/search/?api=1&query=Angkringan%20Sunda&query_place_id=ChIJv_RmL6znaC4RxbTbESRL-3k","Restoran Sunda"
"Cupcake 4d Bandung","5","1","4H6V+P2H","Kota Cimahi","Jawa Barat","ID",,"+62 831-3821-6376","Toko Kue",,,,,,,,,"https://www.google.com/maps/search/?api=1&query=Cupcake%204d%20Bandung&query_place_id=ChIJSwScnrvlaC4Rg1L-K6IHH-g","Toko Kue"
"Harum Manis","4.7","18","4H3W+HRX, JLSukajadi","Kota Bandung","Jawa Barat","ID",,"+62 813-2208-5467","Toko Roti",,,,,,,,,"https://www.google.com/maps/search/?api=1&query=Harum%20Manis&query_place_id=ChIJf-zfj2fmaC4RPwanPFr6sOY","Toko Roti"
"Crispyku Padasuka Bandung","5","1","Jl. Padasuka No.89","Kota Bandung","Jawa Barat","ID",,"+62 857-2305-4194","Restoran takeaway ayam goreng",,,,,,,,,"https://www.google.com/maps/search/?api=1&query=Crispyku%20Padasuka%20Bandung&query_place_id=ChIJ-XAetZrnaC4REGlqvaPQkcE","Restoran takeaway ayam goreng"
"Brownies Bandung","4.8","4","Jl. Dr. Setiabudi No.1031","Kota Bandung","Jawa Barat","ID",,"+62 22 2042231","Toko Kue",,,,,,,,,"https://www.google.com/maps/search/?api=1&query=Brownies%20Bandung&query_place_id=ChIJrRiTa5TmaC4REMhFvlx-3Jw","Toko Kue"
"BATAGOR ANDIN Gerbang Kompleks Taman Melati, RT.1 /RW.14, Desa Cikadut, Cimeunyan","4.5","19","komplek taman melati rt","Kabupaten Bandung","Jawa Barat","ID",,"+62 818-0269-8782","Restoran Sunda",,,,,,,,,"https://www.google.com/maps/search/?api=1&query=BATAGOR%20ANDIN%20Gerbang%20Kompleks%20Taman%20Melati%2C%20RT.1%20%2FRW.14%2C%20Desa%20Cikadut%2C%20Cimeunyan&query_place_id=ChIJcywuh-DdaC4R9ttSxAXy1e0","Restoran Sunda"
"Pepes Tasik","4.2","33","Jl. Pasir Impun No.3","Kota Bandung","Jawa Barat","ID",,"+62 813-2263-8506","Restoran Sunda","Restoran Indonesia",,,,,,,,"https://www.google.com/maps/search/?api=1&query=Pepes%20Tasik&query_place_id=ChIJBQfA7WTdaC4RLahH--_Xrqg","Restoran Sunda"
"WARUNG BU NYAI MASAKAN SUNDA & AYAM GORENG",,,"Jl. Sukawarna No.12","Kota Bandung","Jawa Barat","ID",,"","Restoran cepat saji","Restoran takeaway ayam goreng","Restoran Sunda",,,,,,,"https://www.google.com/maps/search/?api=1&query=WARUNG%20BU%20NYAI%20MASAKAN%20SUNDA%20%26%20AYAM%20GORENG&query_place_id=ChIJ2RLl3qLnaC4Rs2s71qL4nCo","Restoran cepat saji"
"Warteg Berkah","5","4","4HRW+GJJ, Jl. Sersan Surip No.148/169","Kota Bandung","Jawa Barat","ID",,"+62 812-1636-8059","Warung tegal","Rumah Makan","Restoran Jawa",,,,,,,"https://www.google.com/maps/search/?api=1&query=Warteg%20Berkah&query_place_id=ChIJXc3bZ7jmaC4RfN9AYD79Oy8","Warung tegal"
"Bronice",,,"Komp.bandung city view No.16","Kota Bandung","Jawa Barat","ID",,"+62 814-1024-4037","Toko Kue",,,,,,,,,"https://www.google.com/maps/search/?api=1&query=Bronice&query_place_id=ChIJXS5PWmzdaC4RpIMwknioaEg","Toko Kue"
"Warteg Bahari (Ibu Tati) Cilandak","4.2","34","4HFJ+74Q, Jl. Sariasih","Kota Bandung","Jawa Barat","ID",,"","Warung tegal","Restoran Jawa",,,,,,,,"https://www.google.com/maps/search/?api=1&query=Warteg%20Bahari%20(Ibu%20Tati)%20Cilandak&query_place_id=ChIJu4FLWZvmaC4R26n15ym4Uro","Warung tegal"
"Warteg Maju Jaya","4.8","26","Jl. Sekeloa Tengah No.3","Kota Bandung","Jawa Barat","ID",,"+62 895-6017-49935","Warung tegal",,,,,,,,,"https://www.google.com/maps/search/?api=1&query=Warteg%20Maju%20Jaya&query_place_id=ChIJn1zBpDnnaC4R1lKgPTxoBfY","Warung tegal"
"Warteg Pengkolan","4.7","11","Jl. Gagak No.95","Kota Bandung","Jawa Barat","ID",,"+62 877-4995-7278","Warung tegal","Restoran Jawa",,,,,,,,"https://www.google.com/maps/search/?api=1&query=Warteg%20Pengkolan&query_place_id=ChIJd-IcPLLnaC4ROcfEdmg5fFs","Warung tegal"
"Warteg Bahari","4.2","12","Jl. Dr. Djunjunan No.150","Kota Bandung","Jawa Barat","ID",,"+62 857-2135-8321","Warung tegal","Rumah Makan","Restoran Jawa",,,,,,,"https://www.google.com/maps/search/?api=1&query=Warteg%20Bahari&query_place_id=ChIJEyrGb3zmaC4RtxqDA4IDjl4","Warung tegal"
"Warteg Nurjannah","4.5","22","Jl. Gegerkalong Hilir No.168A","Kota Bandung","Jawa Barat","ID",,"+62 895-3128-9044","Warung tegal","Rumah Makan",,,,,,,,"https://www.google.com/maps/search/?api=1&query=Warteg%20Nurjannah&query_place_id=ChIJn0FMpJjmaC4RuqBtHHo6cSU","Warung tegal"
"Warteg Maju Jaya 2","4.3","74","Jl. Tubagus Ismail Dalam No.20","Kota Bandung","Jawa Barat","ID",,"+62 895-6017-49935","Warung tegal","Restoran Jawa",,,,,,,,"https://www.google.com/maps/search/?api=1&query=Warteg%20Maju%20Jaya%202&query_place_id=ChIJScwL-FXmaC4RckQ5uE6rnE0","Warung tegal"
"Warung Nasi Tegal Usus Sami Asih","4.7","6","Jl. Pelesiran No.54","Kota Bandung","Jawa Barat","ID",,"+62 857-2057-6031","Warung nasi","Rumah Makan",,,,,,,,"https://www.google.com/maps/search/?api=1&query=Warung%20Nasi%20Tegal%20Usus%20Sami%20Asih&query_place_id=ChIJnV8jllDmaC4RfdkVaTXmfhQ","Warung nasi"
"Toko Kue Alakita","4","2","Jl. Sukajadi No.9C","Kota Bandung","Jawa Barat","ID",,"+62 852-2264-5300","Toko Kue",,,,,,,,,"https://www.google.com/maps/search/?api=1&query=Toko%20Kue%20Alakita&query_place_id=ChIJkYJShWfmaC4R0aEGhagGoUM","Toko Kue"
"Warung Nasi Tegal *A-J","5","1","Jl. Cikutra Barat No.140","Kota Bandung","Jawa Barat","ID",,"+62 858-6305-0621","Warung nasi","Rumah Makan",,,,,,,,"https://www.google.com/maps/search/?api=1&query=Warung%20Nasi%20Tegal%20*A-J&query_place_id=ChIJQXGyAaznaC4RX-dmgF06KUs","Warung nasi"
"WARTEG SIMPANG DAGO","4.2","72","Jl. Ir. H. Juanda No.172","Kota Bandung","Jawa Barat","ID",,"","Warung tegal",,,,,,,,,"https://www.google.com/maps/search/?api=1&query=WARTEG%20SIMPANG%20DAGO&query_place_id=ChIJl27P6qvnaC4RDdUa9_MZiwc","Warung tegal"
"Warteg Sederhana","4.5","60","Gg. Gagak V","Kota Bandung","Jawa Barat","ID",,"+62 821-1547-4242","Warung tegal","Restoran Jawa",,,,,,,,"https://www.google.com/maps/search/?api=1&query=Warteg%20Sederhana&query_place_id=ChIJi_08ALPnaC4RhpywR5FD3kI","Warung tegal"
"Warteg Bj","4.6","21","4HPQ+GWC, Jl. Gegerkalong Girang","Kota Bandung","Jawa Barat","ID",,"+62 878-2309-5061","Warung tegal","Restoran Jawa",,,,,,,,"https://www.google.com/maps/search/?api=1&query=Warteg%20Bj&query_place_id=ChIJDWPPWrzmaC4RXtg8CK9EG9I","Warung tegal"
"Cake & Bakery Shop","4","3","The Jayakarta Bandung Suite Hotel & Spa, JL. Ir. H. Juanda No. 381A, Dago, 40135 Jawa Barat, Indonesia","Kota Bandung","Jawa Barat","ID",,"","Toko Roti",,,,,,,,,"https://www.google.com/maps/search/?api=1&query=Cake%20%26%20Bakery%20Shop&query_place_id=ChIJBSFZieHmaC4R6EddQs66Oc0","Toko Roti"
"Bagelen Imut Olives",,,"Jl. Ph. Hasan Mustapa, Komplek Surapati Core Blok J3-J5","Kota Bandung","Jawa Barat","ID",,"+62 22 70924842","Toko Kue",,,,,,,,,"https://www.google.com/maps/search/?api=1&query=Bagelen%20Imut%20Olives&query_place_id=ChIJ393nlZcEEQURMSwhna1N_1o","Toko Kue"
"Warung Nasi Tegal Putri Jaya","5","3","Jl. Dakota I No.9","Kota Bandung","Jawa Barat","ID",,"","Warung tegal",,,,,,,,,"https://www.google.com/maps/search/?api=1&query=Warung%20Nasi%20Tegal%20Putri%20Jaya&query_place_id=ChIJSyU3vgjlaC4RgTycanRHU7U","Warung tegal"
"Pabrik Dimsum Bandung by Yumm Dimsum","4.7","472","Gg. Irit No.4","Kota Bandung","Jawa Barat","ID","https://yummdimsum.id/","+62 811-2362-220","Toko makanan beku","Restoran Dim Sum","Produsen makanan",,,,,,,"https://www.google.com/maps/search/?api=1&query=Pabrik%20Dimsum%20Bandung%20by%20Yumm%20Dimsum&query_place_id=ChIJVyL-Og3naC4RY-faQnFYQvA","Toko makanan beku"
"Warung Nasi - Ibu Ojoh","4.7","31","4M43+5X7, Jl. Ciparumpung","Kabupaten Bandung","Jawa Barat","ID",,"","Restoran Sunda","Rumah Makan","Warung nasi",,,,,,,"https://www.google.com/maps/search/?api=1&query=Warung%20Nasi%20-%20Ibu%20Ojoh&query_place_id=ChIJ-QoWkprnaC4RQFahWg3yR9k","Restoran Sunda"
"HARUM MANIS Roti Dan Kue Padasuka Pasirlayung","4.4","9","Jl. Padasuka No.113","Kabupaten Bandung","Jawa Barat","ID",,"","Toko Roti",,,,,,,,,"https://www.google.com/maps/search/?api=1&query=HARUM%20MANIS%20Roti%20Dan%20Kue%20Padasuka%20Pasirlayung&query_place_id=ChIJp_5XbQDnaC4Rlu7727V5jbM","Toko Roti"
"Mie Tarik Lanzhou Lamian","4.8","127","Jl. Surapati Core Jl. Anggrek Boulevard Blok K3","Kota Bandung","Jawa Barat","ID",,"+62 813-9283-3020","Restoran China","Restoran Halal",,,,,,,,"https://www.google.com/maps/search/?api=1&query=Mie%20Tarik%20Lanzhou%20Lamian&query_place_id=ChIJU3Z3gs3naC4RBBkj-xmpTEY","Restoran China"
"Kue Kering cemilanes","5","2","3MXF+9G7, Jl. Kertasari Desa Condong Jamanis Jl. Pasir Impun Barat, RT.3/RW.7","Kota Bandung","Jawa Barat","ID",,"+62 852-9472-7835","Toko Kue Kering",,,,,,,,,"https://www.google.com/maps/search/?api=1&query=Kue%20Kering%20cemilanes&query_place_id=ChIJ8Xavk5vdaC4RCBpxkPRpywo","Toko Kue Kering"
"Berrydeliz | Toko Kue, Snack Box, Dan Aneka Pastry",,,"Komplek Suci Residence Ruko A-12","Kota Bandung","Jawa Barat","ID",,"+62 822-4656-7700","Toko Kue",,,,,,,,,"https://www.google.com/maps/search/?api=1&query=Berrydeliz%20%7C%20Toko%20Kue%2C%20Snack%20Box%2C%20Dan%20Aneka%20Pastry&query_place_id=ChIJXzKycJPnaC4RNEl_kh1QMBA","Toko Kue"
"Kursus In Roti Bandung","5","3","Gang Rojali No.96, RT.02/RW.11","Kota Bandung","Jawa Barat","ID","https://instagram.com/kursus.inroti?igshid=YmMyMTA2M2Y=","+62 857-9383-8977","Toko Roti",,,,,,,,,"https://www.google.com/maps/search/?api=1&query=Kursus%20In%20Roti%20Bandung&query_place_id=ChIJY0yN78DdaC4RxXRvii1JpeI","Toko Roti"
"Thio Cookies","4.5","2","Jl. Atput II No.13","Kota Bandung","Jawa Barat","ID","https://m.tokopedia.com/thiocookies","+62 813-2457-2278","Toko Kue",,,,,,,,,"https://www.google.com/maps/search/?api=1&query=Thio%20Cookies&query_place_id=ChIJ18pqPoznaC4Rigvz-POEHvE","Toko Kue"
"Kodai Plastik","4.9","17","Jl. Sukagalih No.77","Kota Bandung","Jawa Barat","ID",,"+62 821-6902-7220","Toko Peralatan dan Bahan Kue",,,,,,,,,"https://www.google.com/maps/search/?api=1&query=Kodai%20Plastik&query_place_id=ChIJV4dSm7DnaC4RFwWpu98F_2I","Toko Peralatan dan Bahan Kue"
"CHA kue",,,"Jl. H. Umar No.49","Kota Bandung","Jawa Barat","ID",,"+62 858-1048-0354","Toko Roti",,,,,,,,,"https://www.google.com/maps/search/?api=1&query=CHA%20kue&query_place_id=ChIJhfMQ8JzdaC4RiqH0HSy-uhg","Toko Roti"
"Donat Mentari","4.2","473","09, Jl. Gn. Batu No.20","Kota Bandung","Jawa Barat","ID",,"+62 857-2112-8766","Toko Donat",,,,,,,,,"https://www.google.com/maps/search/?api=1&query=Donat%20Mentari&query_place_id=ChIJO9tng9LlaC4RtnspbO5To9M","Toko Donat"
"New Raniah","5","1","Jl. Bukit Raya Tengah No.213","Kota Bandung","Jawa Barat","ID",,"+62 878-8236-6888","Toko Kue","Toko Makanan",,,,,,,,"https://www.google.com/maps/search/?api=1&query=New%20Raniah&query_place_id=ChIJJY20fmjoaC4RymW11Dc5N_A","Toko Kue"
"Kue Balok Brownies Khas Bandung","4.9","33","Jl. Dr. Djunjunan No.64","Kota Bandung","Jawa Barat","ID",,"+62 857-0304-5610","Toko Roti",,,,,,,,,"https://www.google.com/maps/search/?api=1&query=Kue%20Balok%20Brownies%20Khas%20Bandung&query_place_id=ChIJdRYX4F_naC4R7xpDG15DiTg","Toko Roti"
"Kyut Cupcakes","4.5","11","Jl. Cigadung Raya Tengah Gg. Mesjid No.57/86","Kota Bandung","Jawa Barat","ID",,"+62 815-7385-4853","Toko Roti",,,,,,,,,"https://www.google.com/maps/search/?api=1&query=Kyut%20Cupcakes&query_place_id=ChIJBfYVtAbnaC4R-R75pibiqY4","Toko Roti"
"Warteg Budi Asih","4.3","114","Jl. Sindang Sirna No.33","Kota Bandung","Jawa Barat","ID",,"+62 857-2014-4803","Warung tegal","Restoran Jawa",,,,,,,,"https://www.google.com/maps/search/?api=1&query=Warteg%20Budi%20Asih&query_place_id=ChIJo7JOBo7maC4R3P8WuD1x_no","Warung tegal"
"Annisa Cake Bandung","4","1","Blk. 7 Jl. Sarimanah No.49","Kota Bandung","Jawa Barat","ID",,"","Toko Kue",,,,,,,,,"https://www.google.com/maps/search/?api=1&query=Annisa%20Cake%20Bandung&query_place_id=ChIJxYcL2JzmaC4RhnHDoB4bRzU","Toko Kue"
"Toko 17 Dago","4.4","17","Jl. Ir. H. Juanda No.220","Kota Bandung","Jawa Barat","ID",,"+62 821-2011-3689","Toko Peralatan dan Bahan Kue",,,,,,,,,"https://www.google.com/maps/search/?api=1&query=Toko%2017%20Dago&query_place_id=ChIJ7xt5IPnmaC4R7ytsMvTuZ4g","Toko Peralatan dan Bahan Kue"
"Toko Rossy Collection ( Aneka Snack-Kue Basah- Frozen-Barnik)","4.4","7","Jl. Jatihandap No.37","Kota Bandung","Jawa Barat","ID",,"+62 898-7806-261","Toko",,,,,,,,,"https://www.google.com/maps/search/?api=1&query=Toko%20Rossy%20Collection%20(%20Aneka%20Snack-Kue%20Basah-%20Frozen-Barnik)&query_place_id=ChIJDZrcewDnaC4RUW6gN2wMB5w","Toko"
"Warteg PituLas 17","2.9","47","Jl. Sariasih No.17","Kota Bandung","Jawa Barat","ID",,"+62 878-2420-2666","Warung tegal","Restoran Jawa",,,,,,,,"https://www.google.com/maps/search/?api=1&query=Warteg%20PituLas%2017&query_place_id=ChIJj53u7JzmaC4Rl0e2gMs1rDU","Warung tegal"
"Sultana Special By Dita Cake","4.6","16","Jl. Cipaku Indah II No.8","Kota Bandung","Jawa Barat","ID",,"","Toko Roti",,,,,,,,,"https://www.google.com/maps/search/?api=1&query=Sultana%20Special%20By%20Dita%20Cake&query_place_id=ChIJjxR7ocDmaC4RqppF5jwf0ok","Toko Roti"
"Goela Semoet (Gula Semut)","4.4","228","Jl. Sukamulya Indah 5 No.7","Kota Bandung","Jawa Barat","ID","http://www.goelasemoet.com/","+62 878-2203-4245","Toko Roti","Toko Kue","Toko Biskuit","Kedai Hidangan Penutup",,,,,,"https://www.google.com/maps/search/?api=1&query=Goela%20Semoet%20(Gula%20Semut)&query_place_id=ChIJgfXyQYjmaC4RmCA8jvcTrF0","Toko Roti"
"Setiabudhi Supermarket","4.5","4807","Jl. Dr. Setiabudi No.42 & 46, RT.01/RW.04","Kota Bandung","Jawa Barat","ID","https://setiabudhi-supermarket.co.id/","+62 22 2035000","Pusat Perbelanjaan","Toko Kelontong Asia","ATM","Supermarket Diskon","Pasar Makanan Segar","Layanan Pengiriman Barang Kelontong","Restoran","Toko Swalayan",,"https://www.google.com/maps/search/?api=1&query=Setiabudhi%20Supermarket&query_place_id=ChIJ09tzfvTmaC4R6IRPD9n3lJI","Pusat Perbelanjaan"
"Kantin Tegal Abadi","4.4","8","Jl. Ir. H. Juanda No.344 Blok A","Kota Bandung","Jawa Barat","ID",,"","Restoran",,,,,,,,,"https://www.google.com/maps/search/?api=1&query=Kantin%20Tegal%20Abadi&query_place_id=ChIJa60MMnnnaC4R1GB0Vkxl_KQ","Restoran"
"DR. QuE","4.3","72","Jl. Gegerkalong Girang No.63","Kota Bandung","Jawa Barat","ID",,"+62 813-2250-9598","Toko Kue",,,,,,,,,"https://www.google.com/maps/search/?api=1&query=DR.%20QuE&query_place_id=ChIJUaDGR7zmaC4RnpIvXhLta34","Toko Kue"
"Ansye Cake","5","30","Jl. DR. Ehrlich No.3 A","Kota Bandung","Jawa Barat","ID",,"+62 22 4210070","Toko Roti",,,,,,,,,"https://www.google.com/maps/search/?api=1&query=Ansye%20Cake&query_place_id=ChIJxaujQ0LmaC4RUiUSsaqiYEo","Toko Roti"
"Aroma Bandung Oleh - Oleh","4.4","12","Jl. Sukajadi No.246A","Kota Bandung","Jawa Barat","ID",,"+62 817-5067-506","Toko Roti",,,,,,,,,"https://www.google.com/maps/search/?api=1&query=Aroma%20Bandung%20Oleh%20-%20Oleh&query_place_id=ChIJJ6Ag5PnnaC4RvIli3KxG3Nc","Toko Roti"
"Papaya Fresh Gallery Bandung","4.6","3770","Jl. Sukaasih No.1","Kota Bandung","Jawa Barat","ID","https://linktr.ee/papayabandung?utm_source=linktree_profile_share&ltsid=87abe2b0-c0e7-47ed-b324-28d5ac48f525","+62 22 2038878","Toko Kelontong Jepang",,,,,,,,,"https://www.google.com/maps/search/?api=1&query=Papaya%20Fresh%20Gallery%20Bandung&query_place_id=ChIJ_6VTjbXnaC4R2nOkEN7E1mo","Toko Kelontong Jepang"
"Warung Nasi Sunda","3.3","3","Jl. Jatihandap No.7","Kota Bandung","Jawa Barat","ID",,"+62 22 91691878","Restoran Sunda","Warung nasi",,,,,,,,"https://www.google.com/maps/search/?api=1&query=Warung%20Nasi%20Sunda&query_place_id=ChIJyets8Y3naC4RSZCeAj4Q6So","Restoran Sunda"
"Warung Sunda Bumi Sadayana Supratman","4.7","935","Jl. Supratman No.37","Kota Bandung","Jawa Barat","ID","https://www.instagram.com/warungsadayana?igsh=cmo5aWxlNDc3M3Fv","+62 852-1147-4499","Restoran Sunda","Rumah Makan","Warung nasi",,,,,,,"https://www.google.com/maps/search/?api=1&query=Warung%20Sunda%20Bumi%20Sadayana%20Supratman&query_place_id=ChIJBQoBZmHnaC4RVmQW60caK8c","Restoran Sunda"
"Rumah makan Purwakarta","4.6","239","Jl. Lodaya No.29","Kota Bandung","Jawa Barat","ID",,"+62 22 7314291","Restoran Sunda",,,,,,,,,"https://www.google.com/maps/search/?api=1&query=Rumah%20makan%20Purwakarta&query_place_id=ChIJ9f9QU0npaC4RB6-zXLnrUsg","Restoran Sunda"
"Warteg Makmur","4.5","14","Jl. Cibogo Atas No.98","Kota Bandung","Jawa Barat","ID",,"+62 857-4153-9727","Warung tegal","Rumah Makan","Restoran Jawa",,,,,,,"https://www.google.com/maps/search/?api=1&query=Warteg%20Makmur&query_place_id=ChIJHxWcEIHmaC4ROKz7Xa7XVK0","Warung tegal"
"Dapoer Pandan Wangi - PATUHA","4.5","9496","Jl. Patuha No.38","Kota Bandung","Jawa Barat","ID","http://www.dapoerpandanwangi.com/","","Restoran Sunda","Restoran Indonesia","Restoran",,,,,,,"https://www.google.com/maps/search/?api=1&query=Dapoer%20Pandan%20Wangi%20-%20PATUHA&query_place_id=ChIJFZUEotXnaC4RVqJjQT4HIVk","Restoran Sunda"
"Warung Nasi Tegal","3.5","2","Jl. Gegerkalong Girang No.42","Kota Bandung","Jawa Barat","ID",,"+62 877-4985-2197","Warung nasi","Rumah Makan",,,,,,,,"https://www.google.com/maps/search/?api=1&query=Warung%20Nasi%20Tegal&query_place_id=ChIJdYq0XLzmaC4Rnz412nM93Tg","Warung nasi"
"Warung Nasi Alam Sunda Otista","4.4","6267","Jl. Otto Iskandar Dinata No.267","Kota Bandung","Jawa Barat","ID","https://alamsunda.com/","+62 819-4433-2003","Restoran Sunda","Warung nasi",,,,,,,,"https://www.google.com/maps/search/?api=1&query=Warung%20Nasi%20Alam%20Sunda%20Otista&query_place_id=ChIJj_WirSbmaC4RL3fjq6BtT18","Restoran Sunda"
"Paviliun Sunda","4.4","5200","Jl. L. L. R.E. Martadinata No.97","Kota Bandung","Jawa Barat","ID","http://www.instagram.com/paviliunsundabdg/","+62 22 4267700","Restoran Sunda",,,,,,,,,"https://www.google.com/maps/search/?api=1&query=Paviliun%20Sunda&query_place_id=ChIJXzqQwUrmaC4RJlZIdEnuJH8","Restoran Sunda"
"Pesona Kampung Sunda","4.6","1414","Jl. Cisangkuy No.56","Kota Bandung","Jawa Barat","ID","http://www.pesonakampungsunda.com/","+62 821-3456-9800","Restoran Sunda","Restoran Indonesia","Restoran",,,,,,,"https://www.google.com/maps/search/?api=1&query=Pesona%20Kampung%20Sunda&query_place_id=ChIJkaAgeXPnaC4R6Kr_ugTm3Bg","Restoran Sunda"
"Raja Sunda Restoran","4.4","6425","Jl. Dr. Djunjunan No.63","Kota Bandung","Jawa Barat","ID","https://s.id/rajasundapasteurbandung","+62 22 6037688","Restoran Sunda",,,,,,,,,"https://www.google.com/maps/search/?api=1&query=Raja%20Sunda%20Restoran&query_place_id=ChIJz394wWXmaC4Rm4S6t_7kyso","Restoran Sunda"
"Rumah Makan Boemi Mitoha","4.6","8686","Jl. Ciliwung No.15","Kota Bandung","Jawa Barat","ID","https://boemimitoha.com/","+62 22 7279176","Restoran Sunda","Restoran Indonesia",,,,,,,,"https://www.google.com/maps/search/?api=1&query=Rumah%20Makan%20Boemi%20Mitoha&query_place_id=ChIJu0lIwbXnaC4RZizxUG1F0cc","Restoran Sunda"
"Warteg Bahari","5","38","Jl. Rereongan Sarupi","Kota Bandung","Jawa Barat","ID",,"+62 857-9442-0783","Warung tegal","Rumah Makan","Restoran Jawa",,,,,,,"https://www.google.com/maps/search/?api=1&query=Warteg%20Bahari&query_place_id=ChIJhfq0ycPmaC4RhhYPKoU6mvY","Warung tegal"
"Pabrik Roti Bandung","4.4","22","Komplek Girimande 2 Blok C3 no 31","Kota Bandung","Jawa Barat","ID",,"","Kantor Perusahaan",,,,,,,,,"https://www.google.com/maps/search/?api=1&query=Pabrik%20Roti%20Bandung&query_place_id=ChIJS77Mz-_daC4R_FdChi_fcNw","Kantor Perusahaan"
"CENIK Wellness Cafe Bandung | Solusi Bugar dan Melangsing Bersama (MESRA)","5","28","Jl. Jatihandap No.99","Kota Bandung","Jawa Barat","ID","https://linktr.ee/ojan.uje","+62 896-9609-9866","Pusat Kebugaran","Salon Kecantikan","Konsultan Kesehatan","Pelatih Pribadi","Pusat Perawatan Ibu Hamil","Layanan Penurunan Berat Badan",,,,"https://www.google.com/maps/search/?api=1&query=CENIK%20Wellness%20Cafe%20Bandung%20%7C%20Solusi%20Bugar%20dan%20Melangsing%20Bersama%20(MESRA)&query_place_id=ChIJ_-CopIXnaC4RnQEawlZKitc","Pusat Kebugaran"
"Cukupi Coffee","5","6","Jl. Cinangka No.127-91","Kota Bandung","Jawa Barat","ID",,"+62 822-1514-3455","Kafe",,,,,,,,,"https://www.google.com/maps/search/?api=1&query=Cukupi%20Coffee&query_place_id=ChIJrTOPesPdaC4RD87mWqWQC2k","Kafe"
"Distributor Kopi SH Juwara Cafe - Ustadz Sobri Bandung","5","4","Jl. Cicabe Gg. H. Durahim No.003, RT.005","Kota Bandung","Jawa Barat","ID","https://porossolusi.biz.id/Kopi-SH-Juwara","+62 877-4793-8722","Toko kopi",,,,,,,,,"https://www.google.com/maps/search/?api=1&query=Distributor%20Kopi%20SH%20Juwara%20Cafe%20-%20Ustadz%20Sobri%20Bandung&query_place_id=ChIJb7uVzp3naC4R2j4wpRzxw6U","Toko kopi"
"Warteg Daffa","4.4","20","Jl. Dr. Djunjunan No.88F","Kota Bandung","Jawa Barat","ID",,"","Warung tegal","Restoran Jawa",,,,,,,,"https://www.google.com/maps/search/?api=1&query=Warteg%20Daffa&query_place_id=ChIJJVvj3WXmaC4RHgCcUcgkwOY","Warung tegal"
"Ayam Dadar Bandung Cigiringsing","5","2","3MXR+R62, Jl. Simpang Cigiringsing","Kota Bandung","Jawa Barat","ID","http://www.ayamdadarbandung.com/","+62 821-2656-6591","Restoran Masakan Ayam",,,,,,,,,"https://www.google.com/maps/search/?api=1&query=Ayam%20Dadar%20Bandung%20Cigiringsing&query_place_id=ChIJt0VSz3rdaC4RSEIJK7-U4QE","Restoran Masakan Ayam"
"Merlin Cake & Bakery","5","3","Jl. Mandala I Jl. Jatihandap No.7","Kabupaten Bandung","Jawa Barat","ID",,"+62 813-2002-6161","Toko Kue Pernikahan",,,,,,,,,"https://www.google.com/maps/search/?api=1&query=Merlin%20Cake%20%26%20Bakery&query_place_id=ChIJFYNL2bDnaC4R1M9e1HJVGHA","Toko Kue Pernikahan"
"Toko Bolu Siliwangi","4.5","15","4M44+RWP, Jl. Padasuka","Kota Bandung","Jawa Barat","ID",,"+62 822-6013-6807","Toko Roti",,,,,,,,,"https://www.google.com/maps/search/?api=1&query=Toko%20Bolu%20Siliwangi&query_place_id=ChIJ1x5VolbnaC4R4L68IbXEk8Y","Toko Roti"
"Dapur citra _kue bandung","5","1","Gg. IV Bp.Munadi No.140a, RT.04 rw04","Kota Bandung","Jawa Barat","ID",,"+62 813-1344-0483","Toko Kue",,,,,,,,,"https://www.google.com/maps/search/?api=1&query=Dapur%20citra%20_kue%20bandung&query_place_id=ChIJLZYbGY7naC4RqTuXMg8KIXk","Toko Kue"
"Snack Box Bandung","4.8","20","Komp. City Garden Reseidence B3","Kota Bandung","Jawa Barat","ID","https://snackboxbandung.id/","+62 821-1836-8267","Toko Kue",,,,,,,,,"https://www.google.com/maps/search/?api=1&query=Snack%20Box%20Bandung&query_place_id=ChIJ3d7kNMfnaC4RGsim7mx_TrM","Toko Kue"
"Olives Bakery and Pastry","4.8","29","Jalan PH.H. Mustofa No.39 Pasirlayung Cibeunying Kidul Surapati core Blok J3-J5","Kota Bandung","Jawa Barat","ID","http://olivesbakery.com/","+62 817-214-461","Toko Kue Kering",,,,,,,,,"https://www.google.com/maps/search/?api=1&query=Olives%20Bakery%20and%20Pastry&query_place_id=ChIJfxTcZ5HnaC4RYt5yjKVOjHg","Toko Kue Kering"
"Aneka Buana Kue","4.7","3","Borma Toserba Djuanda, Jl. Ir. H. Juanda No.348","Kota Bandung","Jawa Barat","ID",,"+62 857-4378-6136","Toko Kue",,,,,,,,,"https://www.google.com/maps/search/?api=1&query=Aneka%20Buana%20Kue&query_place_id=ChIJPYg40PzmaC4RqTI2vxZ_4Gw","Toko Kue"
"Kaede Patisserie","5","63","Jl. Prof. Dr. Sutami No.58","Kota Bandung","Jawa Barat","ID","http://kaedepatisserie.id/","+62 821-1901-0040","Kedai Hidangan Penutup","Toko Kue","Kedai Kopi","Toko Es Krim",,,,,,"https://www.google.com/maps/search/?api=1&query=Kaede%20Patisserie&query_place_id=ChIJVYL836bnaC4RI-oAGV_WNT4","Kedai Hidangan Penutup"
"The Skrt/ Cakery","4.9","9","Jl. Maulana Yusuf No.17","Kota Bandung","Jawa Barat","ID",,"+62 818-1898-9800","Toko Kue",,,,,,,,,"https://www.google.com/maps/search/?api=1&query=The%20Skrt%2F%20Cakery&query_place_id=ChIJo34bSvPnaC4REF_fL3f28cE","Toko Kue"
"MAU-MAU Aneka Kue Jajanan Pasar","5","26","BALTOS, Jl. Kebon Bibit","Kota Bandung","Jawa Barat","ID",,"+62 857-2288-7727","Toko Roti",,,,,,,,,"https://www.google.com/maps/search/?api=1&query=MAU-MAU%20Aneka%20Kue%20Jajanan%20Pasar&query_place_id=ChIJp1ilkYXnaC4RFA9oX_OfKXk","Toko Roti"
"Nasi tumpeng bandung","4.1","94","Jl. Jamaras I","Kota Bandung","Jawa Barat","ID","https://jasminetumpengbandung.com/","+62 822-1854-4811","Restoran",,,,,,,,,"https://www.google.com/maps/search/?api=1&query=Nasi%20tumpeng%20bandung&query_place_id=ChIJgxu8Y73naC4Rs_zp10tQ0ls","Restoran"
"Kedai roti ibu saya","3.5","1165","Jl. Tamansari No.66","Kota Bandung","Jawa Barat","ID",,"+62 813-1597-1723","Restoran","Toko Roti","Toko Roti Grosir",,,,,,,"https://www.google.com/maps/search/?api=1&query=Kedai%20roti%20ibu%20saya&query_place_id=ChIJA0C-59vnaC4R8FRrdFrUy1A","Restoran"
"The Deli Bakes Cafe (Eyckman)","4.6","815","Jl. Prof. Eyckman No.26","Kota Bandung","Jawa Barat","ID","https://www.instagram.com/thedelibakes","+62 889-0504-0633","Kedai Hidangan Penutup","Kafe",,,,,,,,"https://www.google.com/maps/search/?api=1&query=The%20Deli%20Bakes%20Cafe%20(Eyckman)&query_place_id=ChIJyyCcJvfnaC4RW9GfxU4sPnE","Kedai Hidangan Penutup"
"Cahaya Cake's 02","3.8","18","Jl. Gegerkalong Hilir No.7a, RW.01","Kota Bandung","Jawa Barat","ID",,"+62 812-1452-2279","Toko Kue","Toko Cupcake",,,,,,,,"https://www.google.com/maps/search/?api=1&query=Cahaya%20Cake's%2002&query_place_id=ChIJqScKMrzmaC4R5VhfptdhWdE","Toko Kue"
"Aneka Kue Basah Ica Sari",,,"Jl. Jatihandap No.33","Kota Bandung","Jawa Barat","ID",,"+62 813-9590-2135","Toko Kue",,,,,,,,,"https://www.google.com/maps/search/?api=1&query=Aneka%20Kue%20Basah%20Ica%20Sari&query_place_id=ChIJmUucfIbnaC4RZwr45cDRV4o","Toko Kue"
"Destiny Cake Bandung","5","13","Gg. H Said No.30, RT.003/005","Kota Bandung","Jawa Barat","ID",,"","Toko Kue",,,,,,,,,"https://www.google.com/maps/search/?api=1&query=Destiny%20Cake%20Bandung&query_place_id=ChIJOefnh1flaC4RngOF2fl1YvE","Toko Kue"
"Karma Oleh Oleh Bandung","4.9","1254","Jl. Dr. Setiabudi No.353","Kota Bandung","Jawa Barat","ID",,"+62 811-2226-0333","Toko Kaos","Toko Tas","Toko Pakaian Pantai","Toko Kue","Toko Pakaian Anak","Toko Pakaian","Kedai Kopi","Toko Kerajinan Tangan","Toko Suvenir","https://www.google.com/maps/search/?api=1&query=Karma%20Oleh%20Oleh%20Bandung&query_place_id=ChIJswQB6YvhaC4RjMafls9C5i4","Toko Kaos"
"First Love Patisserie Paris Van Java","4.6","50","Paris Van Java, Lantai GL, depan Gramedia (sebelah Boost & Gamchi, Jl. Sukajadi No.131-139 Lt.G","Kota Bandung","Jawa Barat","ID","http://www.firstlovepatisserie.com/","+62 22 82064151","Toko Kue","Kafe",,,,,,,,"https://www.google.com/maps/search/?api=1&query=First%20Love%20Patisserie%20Paris%20Van%20Java&query_place_id=ChIJ7z2BZGDmaC4Ruy_UyMDHN1E","Toko Kue"
"Toko Kue Bantal","4.8","6","Jl. Sulanjana No.19","Kota Bandung","Jawa Barat","ID",,"","Toko Roti",,,,,,,,,"https://www.google.com/maps/search/?api=1&query=Toko%20Kue%20Bantal&query_place_id=ChIJpQxAVQDnaC4RsVTXN3a5R0Y","Toko Roti"
"Coffee Love Story","5","8","4M3H+JR7","Kota Bandung","Jawa Barat","ID",,"+62 812-1063-5022","Kedai Kopi",,,,,,,,,"https://www.google.com/maps/search/?api=1&query=Coffee%20Love%20Story&query_place_id=ChIJ9SoAh5XdaC4R5Rau13orqdU","Kedai Kopi"
"Toko Kue Sarilegit",,,"3MX3+CCV, Jl. Padasuka","Kota Bandung","Jawa Barat","ID",,"+62 22 7236337","Toko Kue",,,,,,,,,"https://www.google.com/maps/search/?api=1&query=Toko%20Kue%20Sarilegit&query_place_id=ChIJM8XL0ZPnaC4RVAL5SXDddy4","Toko Kue"
"Arsid Cake","5","5","Komplek Griya Winaya Blok D6 No.19","Kota Bandung","Jawa Barat","ID",,"+62 812-2057-5343","Toko Kue",,,,,,,,,"https://www.google.com/maps/search/?api=1&query=Arsid%20Cake&query_place_id=ChIJscvSYQ_daC4Rx_HK9ABjLPE","Toko Kue"
"Ipicake","4.8","5","Jl. Bsj Raya No.2","Kota Bandung","Jawa Barat","ID",,"+62 895-3378-19075","Toko Kue",,,,,,,,,"https://www.google.com/maps/search/?api=1&query=Ipicake&query_place_id=ChIJ8d8bx2LdaC4RBkSEldNPrwA","Toko Kue"
"Sanobella Cake And Bakery","4.8","6","4J92+5FR","Kota Bandung","Jawa Barat","ID",,"","Toko Roti",,,,,,,,,"https://www.google.com/maps/search/?api=1&query=Sanobella%20Cake%20And%20Bakery&query_place_id=ChIJB5uDRO_naC4Rl6pkQ2mn3Po","Toko Roti"
"Warung Nasi Ibu Imas","4.5","25548","Jl. Balonggede No.69 / 48 / 93","Kota Bandung","Jawa Barat","ID","http://paxelmarket.co/","+62 812-5888-0440","Restoran Sunda","Kedai Sarapan","Restoran Jawa","Warung nasi","Restoran",,,,,"https://www.google.com/maps/search/?api=1&query=Warung%20Nasi%20Ibu%20Imas&query_place_id=ChIJH4mXnCfmaC4RIKqGcbSFF0Q","Restoran Sunda"
"Dila's Cake N Bakery","5","6",,"Kota Bandung","Jawa Barat","ID",,"+62 895-3448-68425","Toko Kue",,,,,,,,,"https://www.google.com/maps/search/?api=1&query=Dila's%20Cake%20N%20Bakery&query_place_id=ChIJWUvgj2bdaC4RqpNLKdOy5pg","Toko Kue"
"RmH Snack Cake & Cookies","5","2","Jl. Kosar","Kota Bandung","Jawa Barat","ID",,"+62 812-2226-7967","Toko Kue","Toko Kue Kering",,,,,,,,"https://www.google.com/maps/search/?api=1&query=RmH%20Snack%20Cake%20%26%20Cookies&query_place_id=ChIJP3FcjJXdaC4RK_lBPLZ9X_U","Toko Kue"
"Toko Bolu Zuana Rasa","3.3","3","Jl. Padasuka No.134 A","Kota Bandung","Jawa Barat","ID",,"+62 821-6754-1164","Toko Kue",,,,,,,,,"https://www.google.com/maps/search/?api=1&query=Toko%20Bolu%20Zuana%20Rasa&query_place_id=ChIJ12aiyZrnaC4R6XWI5-F4Vds","Toko Kue"
"Pusat Kue Ulang Tahun Cijambe","4.6","177","Jl. Cijambe No.16","Kota Bandung","Jawa Barat","ID",,"+62 822-1111-0265","Toko Roti",,,,,,,,,"https://www.google.com/maps/search/?api=1&query=Pusat%20Kue%20Ulang%20Tahun%20Cijambe&query_place_id=ChIJh2uf9-LdaC4RDqhc7rwJhUI","Toko Roti"
"Rumah Makan Khas Sunda Cibiuk","4.5","7511","Jl. Soekarno-Hatta No.508","Kota Bandung","Jawa Barat","ID","https://www.instagram.com/cibiukresto","+62 821-1875-0081","Restoran Sunda","Restoran Keluarga","Restoran Indonesia",,,,,,,"https://www.google.com/maps/search/?api=1&query=Rumah%20Makan%20Khas%20Sunda%20Cibiuk&query_place_id=ChIJN22KmV3oaC4RhMtv9IkMMEw","Restoran Sunda"
"Jajanan Pasar Ayee","4.9","13","Komp. Bukit Padjajaran, Depan Indomaret","Kota Bandung","Jawa Barat","ID",,"+62 895-4218-18730","Toko Kue",,,,,,,,,"https://www.google.com/maps/search/?api=1&query=Jajanan%20Pasar%20Ayee&query_place_id=ChIJPYkJNtPdaC4RaEqUCMknLKM","Toko Kue"
"Prima Rasa Bakery & Pastry","4.6","5403","Jl. Kemuning No.20","Kota Bandung","Jawa Barat","ID","http://www.primarasabakery.co.id/","","Toko Roti Grosir","Toko Kue Kering",,,,,,,,"https://www.google.com/maps/search/?api=1&query=Prima%20Rasa%20Bakery%20%26%20Pastry&query_place_id=ChIJ3_vZDM7naC4RA8TKJybNImY","Toko Roti Grosir"
"Dapur Cokelat - Delivery Point Tikukur","4.7","86","Jl. Tikukur No.1","Kota Bandung","Jawa Barat","ID","http://shop.dapurcokelat.com/","+62 811-1920-9900","Toko Kue","Toko Cokelat",,,,,,,,"https://www.google.com/maps/search/?api=1&query=Dapur%20Cokelat%20-%20Delivery%20Point%20Tikukur&query_place_id=ChIJZe7ek9rnaC4R_RsbvZAUiB0","Toko Kue"
"Miss Bluder Bandung","4.9","9","Jl Pasir Impun 95 RT/RW 03/012 Kelurahan","Kota Bandung","Jawa Barat","ID",,"+62 811-5455-540","Toko Roti","Toko Kue",,,,,,,,"https://www.google.com/maps/search/?api=1&query=Miss%20Bluder%20Bandung&query_place_id=ChIJCVzP48LdaC4RwMkkd5_RBIs","Toko Roti"
"Toko Kue Bagelen","4.4","10","Jl. Gegerkalong Tengah No.25","Kota Bandung","Jawa Barat","ID",,"+62 813-2030-7730","Toko Kue",,,,,,,,,"https://www.google.com/maps/search/?api=1&query=Toko%20Kue%20Bagelen&query_place_id=ChIJUR32cZbmaC4RSHw8QCpiF7g","Toko Kue"
"Warteg Mitra 2 Sukagalih","4.9","7",,"Kota Bandung","Jawa Barat","ID",,"+62 819-1157-7102","Warung tegal",,,,,,,,,"https://www.google.com/maps/search/?api=1&query=Warteg%20Mitra%202%20Sukagalih&query_place_id=ChIJ9yjyZnzmaC4R2YF7CeiW6As","Warung tegal"
"WARTEG Citra Bahari Sukaraja ll","5","16","Jl. Sukaraja II No.192","Kota Bandung","Jawa Barat","ID",,"+62 857-6967-0000","Warung tegal",,,,,,,,,"https://www.google.com/maps/search/?api=1&query=WARTEG%20Citra%20Bahari%20Sukaraja%20ll&query_place_id=ChIJH06hEgDlaC4RlXKWyuKs4cA","Warung tegal"
"Swatt Lasagna - Classic Taste","4.7","38","Jl. Jurang No.103","Kota Bandung","Jawa Barat","ID",,"+62 812-2399-699","Toko Kue","Kafe",,,,,,,,"https://www.google.com/maps/search/?api=1&query=Swatt%20Lasagna%20-%20Classic%20Taste&query_place_id=ChIJTQEPVfTmaC4R3qvv0HbYWhM","Toko Kue"
"Warung makan tegal bahari","5","4","Jl. Teuku Umar No.4","Kota Bandung","Jawa Barat","ID",,"+62 899-8178-799","Restoran",,,,,,,,,"https://www.google.com/maps/search/?api=1&query=Warung%20makan%20tegal%20bahari&query_place_id=ChIJIwa-XH_naC4RqntWO7cXMR4","Restoran"
"Warteg Tegal Abadi Murni - Sadang Serang","4.5","121","4J2F+VH4, Jl. Gagak","Kota Bandung","Jawa Barat","ID",,"+62 823-2444-2666","Warung tegal","Restoran Jawa",,,,,,,,"https://www.google.com/maps/search/?api=1&query=Warteg%20Tegal%20Abadi%20Murni%20-%20Sadang%20Serang&query_place_id=ChIJUTrzjLLnaC4RPnafDYk9G0I","Warung tegal"
"Tous Les Jours - Paris Van Java","4.3","154","Paris Van Java, Lt.P5 CGV, Jl. Sukajadi No.137","Kota Bandung","Jawa Barat","ID",,"+62 22 82063630","Toko Roti","Kafe",,,,,,,,"https://www.google.com/maps/search/?api=1&query=Tous%20Les%20Jours%20-%20Paris%20Van%20Java&query_place_id=ChIJ94owO2DmaC4R6Hi0-ojSYPw","Toko Roti"
"Shabu Kojo Bandung","4.8","6477","Jl. Progo No.20","Kota Bandung","Jawa Barat","ID","http://linktr.ee/shabukojo","+62 821-2268-8844","Restoran Jepang","Restoran Prasmanan","Restoran Shabu-shabu","Restoran Yakiniku",,,,,,"https://www.google.com/maps/search/?api=1&query=Shabu%20Kojo%20Bandung&query_place_id=ChIJcyzy_0rmaC4R6_K3_Ny113I","Restoran Jepang"
"Atmosphere Resort Café","4.5","8184","Jl. Lengkong Besar No.97","Kota Bandung","Jawa Barat","ID","https://www.instagram.com/atmospherecafe?igsh=MTFxNnNyZDA4MXJkOQ==","+62 22 4262815","Restoran Indonesia",,,,,,,,,"https://www.google.com/maps/search/?api=1&query=Atmosphere%20Resort%20Caf%C3%A9&query_place_id=ChIJ6xjQYILoaC4R0dKCUDv_bhw","Restoran Indonesia"
"Kampoeng Roti Sarijadi","4.3","473","Blok 9 No.Kav 16, Jl. Sarirasa","Kota Bandung","Jawa Barat","ID",,"+62 813-2260-9090","Toko Roti",,,,,,,,,"https://www.google.com/maps/search/?api=1&query=Kampoeng%20Roti%20Sarijadi&query_place_id=ChIJt-YCRYPmaC4RxBif_0aCXlM","Toko Roti"
"Bijan Restoran Nusantara","4.9","2184","Jl. Jawa No.54","Kota Bandung","Jawa Barat","ID",,"+62 22 45720107","Restoran",,,,,,,,,"https://www.google.com/maps/search/?api=1&query=Bijan%20Restoran%20Nusantara&query_place_id=ChIJy41e57PnaC4R394zNERkNOc","Restoran"
"Chabi cake & cookies","5","5","4M57+637","Kota Bandung","Jawa Barat","ID",,"+62 838-0642-2544","Toko Kue",,,,,,,,,"https://www.google.com/maps/search/?api=1&query=Chabi%20cake%20%26%20cookies&query_place_id=ChIJF_KxUxygoYYRRxIuCCRXkaQ","Toko Kue"
"Battye's Cheesecakes & Desserts Bandung","4.1","36","Jl. Ir. H. Juanda No.416","Kota Bandung","Jawa Barat","ID",,"+62 812-1499-2395","Toko Kue",,,,,,,,,"https://www.google.com/maps/search/?api=1&query=Battye's%20Cheesecakes%20%26%20Desserts%20Bandung&query_place_id=ChIJ1S2OESDnaC4RMZpwW0ucASs","Toko Kue"
"Sari Sari - Aneka Kue Jajan Pasar","4.7","130","Jl. Sukaresmi No.5","Kota Bandung","Jawa Barat","ID",,"+62 22 82045784","Toko Kue",,,,,,,,,"https://www.google.com/maps/search/?api=1&query=Sari%20Sari%20-%20Aneka%20Kue%20Jajan%20Pasar&query_place_id=ChIJBaV0BObnaC4Rwt5sOAnnng0","Toko Kue"
"Cafe Orange Cigiringsing","4.5","44","Jl. Cigiringsing Gg. Inpres","Kabupaten Bandung","Jawa Barat","ID",,"+62 882-1464-7271","Kafe",,,,,,,,,"https://www.google.com/maps/search/?api=1&query=Cafe%20Orange%20Cigiringsing&query_place_id=ChIJZULuVqLdaC4R3NpBiWhDGuM","Kafe"
"Kaneela Crust Pie","4.9","281","Jl. Kadipaten I No.55","Kota Bandung","Jawa Barat","ID",,"+62 821-3014-7516","Toko Kue","Toko Suvenir","Toko Pie","Restoran",,,,,,"https://www.google.com/maps/search/?api=1&query=Kaneela%20Crust%20Pie&query_place_id=ChIJxa1qyfrnaC4R4I_xA9PVgpw","Toko Kue"
"Nanamie Cake & Pastry","4.5","20","Gg. Cisitu Lama VII No.4","Kota Bandung","Jawa Barat","ID",,"+62 898-4254-129","Toko Kue","Toko Roti",,,,,,,,"https://www.google.com/maps/search/?api=1&query=Nanamie%20Cake%20%26%20Pastry&query_place_id=ChIJKR-BNPzmaC4RKMRHdl5mLI0","Toko Kue"
"Eclair Cookies","4.5","32","Jl. Bukit Dago Selatan No.4A","Kota Bandung","Jawa Barat","ID",,"+62 22 2505310","Toko Biskuit",,,,,,,,,"https://www.google.com/maps/search/?api=1&query=Eclair%20Cookies&query_place_id=ChIJuwTLmOHmaC4R_QgU8B4OknE","Toko Biskuit"
"Bandung Cheesecuit Dago","4.4","856","Jl. Ir. H. Juanda No.91A","Kota Bandung","Jawa Barat","ID","https://instagram.com/bandungcheesecuit","+62 851-3807-9841","Toko Kue",,,,,,,,,"https://www.google.com/maps/search/?api=1&query=Bandung%20Cheesecuit%20Dago&query_place_id=ChIJD2H0hJTnaC4RYIsQjJtz5U8","Toko Kue"
"Q'day 69 | Aneka jajanan pasar dan cake Bandung","4.5","4","Jl. Gegerkalong Tengah Gg. 3 No.69","Kota Bandung","Jawa Barat","ID",,"+62 838-3593-7990","Toko Kue","Toko Kue Kering","Toko Kue Pernikahan",,,,,,,"https://www.google.com/maps/search/?api=1&query=Q'day%2069%20%7C%20Aneka%20jajanan%20pasar%20dan%20cake%20Bandung&query_place_id=ChIJb7BSwBDDaC4RrHD5H9TPrTA","Toko Kue"
"Bandung Cheesecuit Setiabudi","4.5","114","Jl. Dr. Setiabudi No.170C","Kota Bandung","Jawa Barat","ID","https://www.bandungcheesecuit.com/","+62 851-3807-9841","Toko Kue",,,,,,,,,"https://www.google.com/maps/search/?api=1&query=Bandung%20Cheesecuit%20Setiabudi&query_place_id=ChIJC5C8SQTnaC4RuuxdfjtOw5A","Toko Kue"
"Tabulla Rasa","4.8","4860","Jl. Soekarno-Hatta No.88","Kota Bandung","Jawa Barat","ID",,"+62 812-2222-8760","Restoran Sunda","Rumah Makan",,,,,,,,"https://www.google.com/maps/search/?api=1&query=Tabulla%20Rasa&query_place_id=ChIJ8Y-G1ZLnaC4RAaY5N8FGTuc","Restoran Sunda"
"Fleur and Bites","4.7","170","Jl. Dago No.169","Kota Bandung","Jawa Barat","ID","https://www.instagram.com/fleurandbites/","+62 857-2099-9770","Toko Roti",,,,,,,,,"https://www.google.com/maps/search/?api=1&query=Fleur%20and%20Bites&query_place_id=ChIJHZwZ2TPlaC4RgI_4vkRApEk","Toko Roti"
"MAKO BAKERY & CAKE Cihampelas Walk","4","193","Cihampelas Walk, Jl. Cihampelas No.160","Kota Bandung","Jawa Barat","ID","http://www.breadtalk.co.id/","+62 22 2061096","Toko Roti","Toko Kue",,,,,,,,"https://www.google.com/maps/search/?api=1&query=MAKO%20BAKERY%20%26%20CAKE%20Cihampelas%20Walk&query_place_id=ChIJwTT2c1vmaC4R_FoOPALm3Kc","Toko Roti"
"Hanan Roti Bandung","4.6","309","Jl. Cigending No.9","Kota Bandung","Jawa Barat","ID","https://sociabuzz.com/rotihananbandung","+62 857-9520-0595","Toko Roti Grosir",,,,,,,,,"https://www.google.com/maps/search/?api=1&query=Hanan%20Roti%20Bandung&query_place_id=ChIJC0LYDZ3daC4RuUEPSXsePeM","Toko Roti Grosir"
"Lapak Kue Bu Riri","4.9","15","4M2G+XHP","Kota Bandung","Jawa Barat","ID",,"+62 851-7160-8260","Toko Kue",,,,,,,,,"https://www.google.com/maps/search/?api=1&query=Lapak%20Kue%20Bu%20Riri&query_place_id=ChIJoS0vGgDdaC4RSVmRY9OCbV8","Toko Kue"
"Vitasari Bakery","4.3","197","Jl. Surapati No.55A","Kota Bandung","Jawa Barat","ID",,"+62 22 2531637","Toko Kue",,,,,,,,,"https://www.google.com/maps/search/?api=1&query=Vitasari%20Bakery&query_place_id=ChIJL1OBIk3maC4RAEkZhKCLzPk","Toko Kue"
"Sucré Pâtissier and Chocolatier - Teuku Umar","4.9","164","Jl. Teuku Umar No.5","Kota Bandung","Jawa Barat","ID","http://www.sucrepatissier.co.id/","+62 22 4267277","Toko Kue","Toko Roti","Toko Kue Kering",,,,,,,"https://www.google.com/maps/search/?api=1&query=Sucr%C3%A9%20P%C3%A2tissier%20and%20Chocolatier%20-%20Teuku%20Umar&query_place_id=ChIJ1Z5bmXrnaC4RWgk6IAQLaA4","Toko Kue"
"Delchi Patisserie","4.9","368",,"Kota Bandung","Jawa Barat","ID","http://www.delchipatisserie.com/","+62 813-8040-1815","Toko Kue",,,,,,,,,"https://www.google.com/maps/search/?api=1&query=Delchi%20Patisserie&query_place_id=ChIJKZNwqU_daC4R2RVQLSAtlr4","Toko Kue"
"Sakura Cake","4.5","17","Jl. Sindang Sirna Elok No.12","Kota Bandung","Jawa Barat","ID",,"+62 22 2011627","Toko Kue",,,,,,,,,"https://www.google.com/maps/search/?api=1&query=Sakura%20Cake&query_place_id=ChIJ86_lzI_maC4Rud8dpYnwxlA","Toko Kue"
"Layung Coffee Roastery","4.8","1371","Jl. Golf Raya No.A3","Kota Bandung","Jawa Barat","ID","https://www.instagram.com/layungcoffee/","+62 851-7211-9469","Kedai Kopi","Toko Kue Kering",,,,,,,,"https://www.google.com/maps/search/?api=1&query=Layung%20Coffee%20Roastery&query_place_id=ChIJ-d-LbDPdaC4RHrj7NWt6uvU","Kedai Kopi"
"Coger Bandung head quarter","4.8","116","Jl. Pasir Impun No.98","Kota Bandung","Jawa Barat","ID",,"+62 22 63735161","Kafe",,,,,,,,,"https://www.google.com/maps/search/?api=1&query=Coger%20Bandung%20head%20quarter&query_place_id=ChIJkWzkBm3daC4R4GhdEnwEoxw","Kafe"
"LUANG Cafe dan KARANA Guest House Bandung","4.9","249","Jl. AH. Nasution No.111","Kota Bandung","Jawa Barat","ID",,"+62 811-209-184","Kafe","Hotel",,,,,,,,"https://www.google.com/maps/search/?api=1&query=LUANG%20Cafe%20dan%20KARANA%20Guest%20House%20Bandung&query_place_id=ChIJY-a_HmbdaC4RIYIsAnOlCzc","Kafe"
"Warteg Berkah Jaya","4.7","12","Jl. Cibogo Atas No.128","Kota Bandung","Jawa Barat","ID",,"+62 877-2244-8630","Warung tegal","Restoran Jawa",,,,,,,,"https://www.google.com/maps/search/?api=1&query=Warteg%20Berkah%20Jaya&query_place_id=ChIJiWgAnoHmaC4RCHIfOccpK30","Warung tegal"
"Angel Heart","4.6","30",,"Kota Bandung","Jawa Barat","ID",,"+62 813-2230-0797","Toko Kue",,,,,,,,,"https://www.google.com/maps/search/?api=1&query=Angel%20Heart&query_place_id=ChIJiQemm5TmaC4RlD-lXVP72xg","Toko Kue"
"Manglao Coffee & Roastery","4.8","107","Jl. Pasir Kunci No.6","Kota Bandung","Jawa Barat","ID",,"","Kafe","Kedai Kopi",,,,,,,,"https://www.google.com/maps/search/?api=1&query=Manglao%20Coffee%20%26%20Roastery&query_place_id=ChIJBaMhsB_daC4RA1DfQWvNBAY","Kafe"
"Bingkai Coffee","4.7","190","Jl. Arcamanik No.47","Kota Bandung","Jawa Barat","ID",,"+62 818-209-195","Kedai Kopi",,,,,,,,,"https://www.google.com/maps/search/?api=1&query=Bingkai%20Coffee&query_place_id=ChIJGd7p0mfdaC4RuZSmrxGdUUg","Kedai Kopi"
"Toko kue Cahaya Cakes sukajadi","4","38","Jl. Jurang No.11","Kota Bandung","Jawa Barat","ID",,"+62 821-2049-3222","Toko Kue",,,,,,,,,"https://www.google.com/maps/search/?api=1&query=Toko%20kue%20Cahaya%20Cakes%20sukajadi&query_place_id=ChIJ1bTmsV_maC4Rlc5ESRO_Cdc","Toko Kue"
"Warteg 99","4","117","Jl. Gn. Batu No.50 A","Kota Bandung","Jawa Barat","ID",,"+62 857-7718-9993","Warung tegal","Restoran Jawa",,,,,,,,"https://www.google.com/maps/search/?api=1&query=Warteg%2099&query_place_id=ChIJ4VQxCM7laC4RmLFqCCs9XRk","Warung tegal"
"Warung Tegal Berkah Bahari","3","3","Jl. Ciumbuleuit No.36","Kota Bandung","Jawa Barat","ID",,"","Restoran Indonesia",,,,,,,,,"https://www.google.com/maps/search/?api=1&query=Warung%20Tegal%20Berkah%20Bahari&query_place_id=ChIJ5bk2WwDnaC4RE4-wQA_tOMc","Restoran Indonesia"
"Warteg Wisata jaya","4.7","50","Jl. Prof. Eyckman No.2a","Kota Bandung","Jawa Barat","ID",,"+62 838-7222-2121","Warung tegal","Restoran Jawa",,,,,,,,"https://www.google.com/maps/search/?api=1&query=Warteg%20Wisata%20jaya&query_place_id=ChIJaz6e2iXmaC4R3BFa8Y1KpJM","Warung tegal"
"Warteg Cihampelas Jaya","4.6","86","Jl. Cihampelas No.49-55","Kota Bandung","Jawa Barat","ID",,"+62 878-0452-2224","Warung tegal","Restoran Jawa",,,,,,,,"https://www.google.com/maps/search/?api=1&query=Warteg%20Cihampelas%20Jaya&query_place_id=ChIJQ-exqUbmaC4R76HtOn-D89Y","Warung tegal"
"Warteg Aero","4.4","543","Jl. Tubagus Ismail No.2 C","Kota Bandung","Jawa Barat","ID",,"+62 818-0806-8998","Warung tegal","Restoran Indonesia","Restoran Jawa",,,,,,,"https://www.google.com/maps/search/?api=1&query=Warteg%20Aero&query_place_id=ChIJm5NFJvnmaC4R4M6uUPCzao8","Warung tegal"
"WarTeg","4.7","18","Jl. Lamping No.2","Kota Bandung","Jawa Barat","ID",,"","Warung tegal","Restoran Jawa",,,,,,,,"https://www.google.com/maps/search/?api=1&query=WarTeg&query_place_id=ChIJc5YVrVjmaC4R_ehoZ5k0OY8","Warung tegal"
"Rumah Makan Tegal","4.4","18","Jl. Gegerkalong Hilir No.84","Kota Bandung","Jawa Barat","ID",,"+62 877-7584-2968","Restoran Sate","Rumah Makan",,,,,,,,"https://www.google.com/maps/search/?api=1&query=Rumah%20Makan%20Tegal&query_place_id=ChIJ6VkKWJbmaC4RZ2YTHhco3oc","Restoran Sate"
"Raita Coffee & Eatery","4.5","157","Jl. Padasuka No.133","Kota Bandung","Jawa Barat","ID","http://raitacoffee.com/","+62 821-1650-5183","Kafe",,,,,,,,,"https://www.google.com/maps/search/?api=1&query=Raita%20Coffee%20%26%20Eatery&query_place_id=ChIJn_hh0FnnaC4RVlGJJpzLzOY","Kafe"
"RUMAH MAKAN (WARUNG TEGAL) Cempaka","4.6","5","Jl. Gegerkalong Hilir No.66","Kota Bandung","Jawa Barat","ID",,"","Restoran",,,,,,,,,"https://www.google.com/maps/search/?api=1&query=RUMAH%20MAKAN%20(WARUNG%20TEGAL)%20Cempaka&query_place_id=ChIJ6f_6V5bmaC4RGNuI5GvnDbQ","Restoran"
"Toko Bahan Kue Tunas Mekar","4.2","230","Jl. Jend. H. Amir Machmud No.192","Kota Bandung","Jawa Barat","ID","http://unitunasmekar.blogspot.co.id/?m=1","+62 815-7379-4021","Toko Peralatan dan Bahan Kue","Perlengkapan Membuat Roti","Toko Peralatan Hiasan Kue","Toko makanan beku","Toko Alat Dapur","Pemasok Produk Plastik",,,,"https://www.google.com/maps/search/?api=1&query=Toko%20Bahan%20Kue%20Tunas%20Mekar&query_place_id=ChIJU1GPY87laC4Rj_chhreAjjw","Toko Peralatan dan Bahan Kue"
"Bolu susu lembang Sindangjaya","4.5","35","Jl. Moch Syahri No.59A, RT.04/RW.01","Kota Bandung","Jawa Barat","ID","https://shopee.co.id/universal-link/now-food/shop/20149969?deep_and_deferred=1&share","+62 895-0200-7307","Toko Roti",,,,,,,,,"https://www.google.com/maps/search/?api=1&query=Bolu%20susu%20lembang%20Sindangjaya&query_place_id=ChIJ3c45jrjdaC4RFZEUVGQDHj0","Toko Roti"
"Warung Nasi Tegal","5","1","Trs, Jl. Dr. Djunjunan No.124 C","Kota Bandung","Jawa Barat","ID",,"","Warung nasi","Rumah Makan",,,,,,,,"https://www.google.com/maps/search/?api=1&query=Warung%20Nasi%20Tegal&query_place_id=ChIJQ-8d-WTmaC4RtFZoLbDJjhs","Warung nasi"
"Warteg Warung Nasi Tegal","5","2","4H8X+G64, Jl. Cemara","Kota Bandung","Jawa Barat","ID",,"+62 857-9365-7426","Restoran Sunda","Restoran Jawa","Warung nasi","Warung tegal",,,,,,"https://www.google.com/maps/search/?api=1&query=Warteg%20Warung%20Nasi%20Tegal&query_place_id=ChIJ5-layvTmaC4RRCtH-Z4qaeo","Restoran Sunda"
"Laneo Cafe & Eatery Bandung","4.7","1944","Jl. Jawa No.46/48","Kota Bandung","Jawa Barat","ID",,"+62 823-1234-5919","Restoran",,,,,,,,,"https://www.google.com/maps/search/?api=1&query=Laneo%20Cafe%20%26%20Eatery%20Bandung&query_place_id=ChIJoRPw0sPnaC4Rj6nv4B0q-Nw","Restoran"
"Warteg Kantin Tegal Abadi","4.6","21","Jl. Siliwangi No.61","Kota Bandung","Jawa Barat","ID",,"","Warung tegal","Restoran Jawa",,,,,,,,"https://www.google.com/maps/search/?api=1&query=Warteg%20Kantin%20Tegal%20Abadi&query_place_id=ChIJF2Oi7vbmaC4RmfwolSI5Wvw","Warung tegal"
"Warung Nasi Tegal","4.4","16","Jl. Babakan Jeruk 1 No.121","Kota Bandung","Jawa Barat","ID",,"","Warung nasi","Rumah Makan",,,,,,,,"https://www.google.com/maps/search/?api=1&query=Warung%20Nasi%20Tegal&query_place_id=ChIJIdBI4IbmaC4RHooqvGWKL5U","Warung nasi"
"Warteg Barokah Warung Nasi Tegal","4.7","41","Jl. Wastukencana No.51","Kota Bandung","Jawa Barat","ID",,"","Restoran","Warung nasi","Warung tegal",,,,,,,"https://www.google.com/maps/search/?api=1&query=Warteg%20Barokah%20Warung%20Nasi%20Tegal&query_place_id=ChIJy4F8h0fmaC4RutjzaavQS_w","Restoran"
"Larissa Cake Bakery dan Kue Basah","4.4","1092","Jl. Terusan Jakarta No.77I","Kota Bandung","Jawa Barat","ID","https://instagram.com/larissabakery98?igshid=MTI1ZDU5ODQ3Yw==","+62 22 7210628","Toko Roti","Toko Kue","Toko Kue Kering","Toko Roti Grosir",,,,,,"https://www.google.com/maps/search/?api=1&query=Larissa%20Cake%20Bakery%20dan%20Kue%20Basah&query_place_id=ChIJxe859fznaC4Rd6KG23WpGls","Toko Roti"
"Azza","4.8","101","Jl. Sadang Serang GG melati ll No.26 blok8","Kota Bandung","Jawa Barat","ID","https://www.instagram.com/p/DJ4GVI9S4ZA/?igsh=MXdrd3M2Nmlld2k4dg==","+62 878-2245-5902","Toko Kue",,,,,,,,,"https://www.google.com/maps/search/?api=1&query=Azza&query_place_id=ChIJmZRUd0nnaC4R-2plUm_vSvk","Toko Kue"
"Seroja Ernestine","4.7","1375","Jl. Ganesha No.4","Kota Bandung","Jawa Barat","ID","https://www.instagram.com/serojabake/?hl=en","+62 821-1871-3924","Toko Roti",,,,,,,,,"https://www.google.com/maps/search/?api=1&query=Seroja%20Ernestine&query_place_id=ChIJaSNrBt7naC4RtPrc49e6QZI","Toko Roti"
"Zulfa Cake Shop & Bakery","4.5","359","Jl. Cikutra Barat No.75","Kota Bandung","Jawa Barat","ID","https://instagram.com/zulfataste?igshid=YmMyMTA2M2Y=","+62 22 2500616","Toko Roti",,,,,,,,,"https://www.google.com/maps/search/?api=1&query=Zulfa%20Cake%20Shop%20%26%20Bakery&query_place_id=ChIJY8bM473naC4R43diaEbqvxg","Toko Roti"
"Dhars Golden Patisserie","5","40","Jl. Sukaasih Atas I No.241, RT.01/RW.06","Kota Bandung","Jawa Barat","ID","https://instagram.com/dharsgoldenp?lgshid=3hb1x2lmtdjg","+62 812-2419-9217","Toko Kue",,,,,,,,,"https://www.google.com/maps/search/?api=1&query=Dhars%20Golden%20Patisserie&query_place_id=ChIJafmATZPdaC4RYwwUjKIUpKs","Toko Kue"
"Mayasari BTC - Bakery Oleh Oleh Khas Bandung","5","294","BTC Fashion Mall Lt.LGF Blok A4 No.7, Jl. Dr. Djunjunan No.143-149","Kota Bandung","Jawa Barat","ID","http://www.mayasaribakery.com/","+62 878-3200-7778","Toko Roti","Toko Kue","Toko Suvenir","Toko Kue Kering",,,,,,"https://www.google.com/maps/search/?api=1&query=Mayasari%20BTC%20-%20Bakery%20Oleh%20Oleh%20Khas%20Bandung&query_place_id=ChIJOc62X3vmaC4Rzo9zNaf5tRA","Toko Roti"
"Sarae Bakery Dago - Halal Gandum Vegan","4.9","2447","Jl. Ir. H. Juanda No.70","Kota Bandung","Jawa Barat","ID","http://saraebakes.com/","+62 858-4644-1907","Toko Roti",,,,,,,,,"https://www.google.com/maps/search/?api=1&query=Sarae%20Bakery%20Dago%20-%20Halal%20Gandum%20Vegan&query_place_id=ChIJjQPhSbHnaC4RIlsNa5lW-bw","Toko Roti"
"Holand bakery","4.2","233","Jl. Dr. Setiabudi No.119A","Kota Bandung","Jawa Barat","ID","https://www.hollandbakery.co.id/","+62 813-1438-601","Toko Kue",,,,,,,,,"https://www.google.com/maps/search/?api=1&query=Holand%20bakery&query_place_id=ChIJYTbEa3PnaC4Rc53ZvNcbYE8","Toko Kue"
"Bolu Susu Lembang Cihampelas - Oleh oleh khas Bandung","4.9","993","Jl. Cihampelas No.153-159","Kota Bandung","Jawa Barat","ID","https://bolulembang.co.id/","+62 811-1500-146","Toko Kue",,,,,,,,,"https://www.google.com/maps/search/?api=1&query=Bolu%20Susu%20Lembang%20Cihampelas%20-%20Oleh%20oleh%20khas%20Bandung&query_place_id=ChIJv1aZ2_TnaC4RnzFQoOB-nfQ","Toko Kue"
"Taralle Bakehouse","4.7","184","Jl. Pasir Kaliki No.219","Kota Bandung","Jawa Barat","ID",,"+62 853-1458-7136","Toko Roti",,,,,,,,,"https://www.google.com/maps/search/?api=1&query=Taralle%20Bakehouse&query_place_id=ChIJ8SSUXVjnaC4RYSlrwFfTiZo","Toko Roti"
"Bariton Bakery","4.7","132","Jl. Ciumbuleuit No.101","Kota Bandung","Jawa Barat","ID",,"+62 22 2034702","Toko Roti","Toko Kue",,,,,,,,"https://www.google.com/maps/search/?api=1&query=Bariton%20Bakery&query_place_id=ChIJfbLmLPLmaC4RyOaveYr2fYQ","Toko Roti"
"Spatola Cake","4.9","30","Jl. Cipaganti No.134","Kota Bandung","Jawa Barat","ID",,"+62 811-2007-728","Toko Kue",,,,,,,,,"https://www.google.com/maps/search/?api=1&query=Spatola%20Cake&query_place_id=ChIJtaEy5OTnaC4RxTXbsN7rd_8","Toko Kue"
"WADICI","4.8","45","Jl. Giri Pratama","Kota Bandung","Jawa Barat","ID",,"+62 822-6225-1754","Kedai Kopi",,,,,,,,,"https://www.google.com/maps/search/?api=1&query=WADICI&query_place_id=ChIJH-T-gfLdaC4RK9AJh0ZT_SM","Kedai Kopi"
"Braga Permai Bandung","4.6","7983","Jl. Braga No.58","Kota Bandung","Jawa Barat","ID","http://www.bragapermai.com/","","Restoran Eropa","Restoran Belanda","Restoran",,,,,,,"https://www.google.com/maps/search/?api=1&query=Braga%20Permai%20Bandung&query_place_id=ChIJS07xqDrmaC4RzZQFjNhp928","Restoran Eropa"
"Prima Rasa Pasirkaliki","4.6","4100","Jl. Pasir Kaliki No.163","Kota Bandung","Jawa Barat","ID",,"+62 22 6120177","Toko Roti","Toko Kue",,,,,,,,"https://www.google.com/maps/search/?api=1&query=Prima%20Rasa%20Pasirkaliki&query_place_id=ChIJERJvPmnmaC4RrJrgIKxEsrA","Toko Roti"
"Hummingbird Eatery & Space","4.7","12683","Jl. Progo No.16","Kota Bandung","Jawa Barat","ID","https://www.instagram.com/hummingbirdeateryandspace/","","Restoran","Kedai Sarapan","Kafe",,,,,,,"https://www.google.com/maps/search/?api=1&query=Hummingbird%20Eatery%20%26%20Space&query_place_id=ChIJaa4yq0vmaC4Rlp_TQ2P0LHY","Restoran"
"Bisou Patisserie","4.7","991","Jl. Hegarmanah No.19","Kota Bandung","Jawa Barat","ID","http://bisou.co.id/","+62 22 2032213","Toko Kue Kering","Toko Roti","Kafe",,,,,,,"https://www.google.com/maps/search/?api=1&query=Bisou%20Patisserie&query_place_id=ChIJnXQyBe3maC4RZTsJHuJEJf0","Toko Kue Kering"
"Kartika Sari Dago","4.6","4059","Jl. Ir. H. Juanda No.85-87","Kota Bandung","Jawa Barat","ID","https://www.kartikasari.com/","+62 22 2509500","Toko Roti","Toko Kue","Toko Es Krim",,,,,,,"https://www.google.com/maps/search/?api=1&query=Kartika%20Sari%20Dago&query_place_id=ChIJs7QT1E_maC4Rmnjl5hbFtOA","Toko Roti"
"Jardin Cafe","4.6","6629","Jl. Cimanuk No.1A","Kota Bandung","Jawa Barat","ID","https://www.instagram.com/jardinbdg/?hl=id","+62 22 4267711","Kafe","Restoran",,,,,,,,"https://www.google.com/maps/search/?api=1&query=Jardin%20Cafe&query_place_id=ChIJA2F6mDXnaC4RIouw3Gi3Xhs","Kafe"
