"title","totalScore","reviewsCount","street","city","state","countryCode","website","phone","categories/0","categories/1","categories/2","categories/3","categories/4","categories/5","categories/6","categories/7","categories/8","categories/9","url","categoryName"
"Bengkel Motor Dmn KRW MOTOR","3.3","3","Jl. Khp Hasan Mustopa No.152","Kota Bandung","Jawa Barat","ID",,"+62 856-2431-1713","Bengkel Motor Skuter",,,,,,,,,,"https://www.google.com/maps/search/?api=1&query=Bengkel%20Motor%20Dmn%20KRW%20MOTOR&query_place_id=ChIJq0wX4JXnaC4RmOHzfHZtp-Q","Bengkel Motor Skuter"
"BENGKEL MOTOR USEP",,,"Jl. Jamaras III Jl. Jatihandap No.117, RT.04/RW.02","Kabupaten Bandung","Jawa Barat","ID",,"+62 896-0442-5908","Bengkel Sepeda Motor",,,,,,,,,,"https://www.google.com/maps/search/?api=1&query=BENGKEL%20MOTOR%20USEP&query_place_id=ChIJLWP_airnaC4RtZAvVuAYUEQ","Bengkel Sepeda Motor"
"Bengkel motor nanda puspita . Kampungci hanja",,,,,,,,"",,,,,,,,,,,"https://www.google.com/maps/search/?api=1&query=Bengkel%20motor%20nanda%20puspita%20.%20Kampungci%20hanja&query_place_id=ChIJye0veQDnaC4R7HMvEWUo08o",
"Bengkel motor ljm2",,,"4M4C+GG7, Jl. Giri Raya","Kota Bandung","Jawa Barat","ID",,"","Bengkel Sepeda Motor",,,,,,,,,,"https://www.google.com/maps/search/?api=1&query=Bengkel%20motor%20ljm2&query_place_id=ChIJAeHheADdaC4ROuiq9PqL7lc","Bengkel Sepeda Motor"
"Bengkel motor",,,"4J4W+G5X DS cintamulya, Dsn Cibungur Gg.Persib, RT.15/RW.5","Kota Bandung","Jawa Barat","ID",,"+62 896-3004-4845","Bengkel Sepeda Motor",,,,,,,,,,"https://www.google.com/maps/search/?api=1&query=Bengkel%20motor&query_place_id=ChIJ5XjYDwDnaC4RdrwOmJMOwHY","Bengkel Sepeda Motor"
"Bengkel motor I.M.S",,,"Jl. Negla pojok No.51Isola","Kota Bandung","Jawa Barat","ID",,"+62 838-4140-7929","Bengkel Sepeda Motor",,,,,,,,,,"https://www.google.com/maps/search/?api=1&query=Bengkel%20motor%20I.M.S&query_place_id=ChIJoSDFGQDnaC4RmVvg3pVe7JY","Bengkel Sepeda Motor"
"Bengkel Motor DMT",,,"Jl. Jurang No.31-37","Kota Bandung","Jawa Barat","ID",,"","Kantor Perusahaan",,,,,,,,,,"https://www.google.com/maps/search/?api=1&query=Bengkel%20Motor%20DMT&query_place_id=ChIJYZcZnF_maC4R5b92xM0EBEQ","Kantor Perusahaan"
"Bengkel Vespa MSRT","5","3","Jl. Sukahaji","Kota Bandung","Jawa Barat","ID",,"+62 856-2464-6895","Bengkel Motor Skuter",,,,,,,,,,"https://www.google.com/maps/search/?api=1&query=Bengkel%20Vespa%20MSRT&query_place_id=ChIJH_8bVrLnaC4RcCCD3Z9yHu8","Bengkel Motor Skuter"
"bengkel motor mamang",,,"Jl. Sadang Serang No.29","Kota Bandung","Jawa Barat","ID",,"","Bengkel Sepeda Motor",,,,,,,,,,"https://www.google.com/maps/search/?api=1&query=bengkel%20motor%20mamang&query_place_id=ChIJE4wiPgDnaC4RjslsUzEyXus","Bengkel Sepeda Motor"
"DISINIADASETANG (Jasa Roll Pipa & Bengkel Motor Custom )","5","5","Jl. Khp Hasan Mustopa No.46","Kota Bandung","Jawa Barat","ID",,"+62 895-6330-77543","Bengkel Sepeda Motor",,,,,,,,,,"https://www.google.com/maps/search/?api=1&query=DISINIADASETANG%20(Jasa%20Roll%20Pipa%20%26%20Bengkel%20Motor%20Custom%20)&query_place_id=ChIJBUEqHgDnaC4RXovIASM4DYQ","Bengkel Sepeda Motor"
"Bengkel motor trail mang Cece",,,"4J5G+C46","Kota Bandung","Jawa Barat","ID",,"","Bengkel Sepeda Motor",,,,,,,,,,"https://www.google.com/maps/search/?api=1&query=Bengkel%20motor%20trail%20mang%20Cece&query_place_id=ChIJMax_PwDnaC4RPT_loG2Uz2s","Bengkel Sepeda Motor"
"TAMBAL BAN TUBLES & BENGKEL MOTOR 24 JAM",,,"4J2P+MCF","Kota Bandung","Jawa Barat","ID",,"+62 831-3390-3669","Bengkel tambal ban",,,,,,,,,,"https://www.google.com/maps/search/?api=1&query=TAMBAL%20BAN%20TUBLES%20%26%20BENGKEL%20MOTOR%2024%20JAM&query_place_id=ChIJsU5IAgDnaC4R0s4KzgciN3Q","Bengkel tambal ban"
"Bengkel Motor Service Motor",,,"4M4C+436, Jl. Cikadut","Kota Bandung","Jawa Barat","ID",,"","Bengkel Mobil",,,,,,,,,,"https://www.google.com/maps/search/?api=1&query=Bengkel%20Motor%20Service%20Motor&query_place_id=ChIJYVR9SX3daC4RzMqpJ3qUJsI","Bengkel Mobil"
"Helen Motor","4.2","12","Jl. Terusan Pak Gatot Raya No.13","Kota Bandung","Jawa Barat","ID",,"+62 821-1607-6099","Bengkel Sepeda Motor",,,,,,,,,,"https://www.google.com/maps/search/?api=1&query=Helen%20Motor&query_place_id=ChIJmdzW7LzmaC4RqWqq7mYcVWo","Bengkel Sepeda Motor"
"Bengkel Motor Mandiri","5","6","Jl. Cihampelas No.93B","Kota Bandung","Jawa Barat","ID",,"","Bengkel Sepeda Motor",,,,,,,,,,"https://www.google.com/maps/search/?api=1&query=Bengkel%20Motor%20Mandiri&query_place_id=ChIJKTovnETmaC4RGs01jhDQJeY","Bengkel Sepeda Motor"
"Toko Aki Priangan Battery III","4.9","137","Jl. Cemara No.7","Kota Bandung","Jawa Barat","ID",,"+62 851-4774-8474","Toko Aki Mobil",,,,,,,,,,"https://www.google.com/maps/search/?api=1&query=Toko%20Aki%20Priangan%20Battery%20III&query_place_id=ChIJsSJ--fTmaC4RLxaC8D7ESWQ","Toko Aki Mobil"
"Bengkel motor dani","5","2","Jl. Sukagalih II No.46","Kota Bandung","Jawa Barat","ID",,"+62 831-9539-2479","Bengkel Sepeda Motor",,,,,,,,,,"https://www.google.com/maps/search/?api=1&query=Bengkel%20motor%20dani&query_place_id=ChIJdZY8H7_naC4RjDmGyYjS49c","Bengkel Sepeda Motor"
"Bengkel Motor A Agus",,,"Jl. Rereongan Sarupi No.91","Kota Bandung","Jawa Barat","ID",,"+62 831-7710-5099","Bengkel Sepeda Motor",,,,,,,,,,"https://www.google.com/maps/search/?api=1&query=Bengkel%20Motor%20A%20Agus&query_place_id=ChIJe8gFDADnaC4RXgFvc3YSfqE","Bengkel Sepeda Motor"
"Bengkel Motor Tune Up","4.3","3","Jl. Kiputih No 12.Dalam RT 07/05","Kota Bandung","Jawa Barat","ID",,"+62 858-8453-3679","Bengkel Tune Up",,,,,,,,,,"https://www.google.com/maps/search/?api=1&query=Bengkel%20Motor%20Tune%20Up&query_place_id=ChIJxQ9W6efmaC4Rs0gkmu1wF38","Bengkel Tune Up"
"Yonk Jaya Motor","4.4","1021","Jl. A. Yani No.358","Kota Bandung","Jawa Barat","ID","https://wa.me/+6282219909925","+62 822-1990-9925","Toko Suku Cadang Motor",,,,,,,,,,"https://www.google.com/maps/search/?api=1&query=Yonk%20Jaya%20Motor&query_place_id=ChIJtQjYpJTnaC4RPfOiDKpLUeU","Toko Suku Cadang Motor"
"RK motor Bengkel Motor","4.9","18","Jl. Kawaluyaan","Kota Bandung","Jawa Barat","ID",,"+62 882-2432-6779","Bengkel Sepeda Motor",,,,,,,,,,"https://www.google.com/maps/search/?api=1&query=RK%20motor%20Bengkel%20Motor&query_place_id=ChIJoSgt6HTpaC4RPb5bpo2IxFo","Bengkel Sepeda Motor"
"Bengkel motor putra mandiri","3","10","Jl. Terusan Pak Gatot Raya No.29","Kota Bandung","Jawa Barat","ID",,"","Bengkel Sepeda Motor",,,,,,,,,,"https://www.google.com/maps/search/?api=1&query=Bengkel%20motor%20putra%20mandiri&query_place_id=ChIJR19yOQDnaC4ROgsQbZY7Sqs","Bengkel Sepeda Motor"
"Press Body Dyan Motor","4.9","273",,"Kota Bandung","Jawa Barat","ID",,"+62 817-2314-115","Bengkel Sepeda Motor","Bengkel Ketok Magic",,,,,,,,,"https://www.google.com/maps/search/?api=1&query=Press%20Body%20Dyan%20Motor&query_place_id=ChIJB_qlCKbCaC4RFB-6c7tnNqY","Bengkel Sepeda Motor"
"Semesta Artha Motor","5","311","Ruko Kota Kembang Permai, Jl. Jakarta No.20-22 Kav 37","Kota Bandung","Jawa Barat","ID","https://www.tokopedia.com/semestaarthamotor","+62 812-2200-2909","Bengkel Sepeda Motor","Toko Ban",,,,,,,,,"https://www.google.com/maps/search/?api=1&query=Semesta%20Artha%20Motor&query_place_id=ChIJFdtskE7naC4RrUtIPjNfXYU","Bengkel Sepeda Motor"
"Yr jaya motor","4.7","49","Jl. PSM","Kota Bandung","Jawa Barat","ID",,"+62 822-1939-3221","Bengkel Sepeda Motor",,,,,,,,,,"https://www.google.com/maps/search/?api=1&query=Yr%20jaya%20motor&query_place_id=ChIJT3RxqAvoaC4RpBH6SToaZs8","Bengkel Sepeda Motor"
"Bengkel motor Iwan sutisna",,,"Jl. Negla pojok No.51","Kota Bandung","Jawa Barat","ID",,"+62 838-4140-7929","Bengkel Sepeda Motor",,,,,,,,,,"https://www.google.com/maps/search/?api=1&query=Bengkel%20motor%20Iwan%20sutisna&query_place_id=ChIJUQ8MWQDnaC4RJtP-sCsOW58","Bengkel Sepeda Motor"
"Cijagra Motor","4.2","152","Jl. Cijagra No.31","Kota Bandung","Jawa Barat","ID",,"+62 22 7305772","Bengkel Sepeda Motor",,,,,,,,,,"https://www.google.com/maps/search/?api=1&query=Cijagra%20Motor&query_place_id=ChIJAShFLmHoaC4R47KOAaekNs8","Bengkel Sepeda Motor"
"Akhtar motor 24 jam","4.4","59","Jalan veteran 105, Jl. Veteran No.105","Kota Bandung","Jawa Barat","ID",,"+62 822-1879-7468","Bengkel Sepeda Motor",,,,,,,,,,"https://www.google.com/maps/search/?api=1&query=Akhtar%20motor%2024%20jam&query_place_id=ChIJ5QbWGN3naC4Ra8GBwuo7SWI","Bengkel Sepeda Motor"
"Berkah Jaya Motor","4.7","53","Gg. Nangkasuni No.17","Kota Bandung","Jawa Barat","ID","https://m.youtube.com/channel/UCL7GEytjg8hckCnUdSV_06A","+62 812-2107-6772","Bengkel Sepeda Motor",,,,,,,,,,"https://www.google.com/maps/search/?api=1&query=Berkah%20Jaya%20Motor&query_place_id=ChIJl6OPDHjnaC4Rs80IfqOPn5U","Bengkel Sepeda Motor"
"Yong's Motor","4.6","160","Jl. Lengkong Besar No.65","Kota Bandung","Jawa Barat","ID","https://instagram.com/mgerry28?utm_medium=copy_link","+62 812-2032-828","Bengkel Sepeda Motor","Bengkel Tune Up","Bengkel Mesin",,,,,,,,"https://www.google.com/maps/search/?api=1&query=Yong's%20Motor&query_place_id=ChIJs2kUTinmaC4RhbueGrAC2aE","Bengkel Sepeda Motor"
"Bengkel motor cjr bandung (offline)","3.8","84","Jl. Gatot Subroto No.204","Kota Bandung","Jawa Barat","ID",,"+62 896-6942-6565","Bengkel Sepeda Motor",,,,,,,,,,"https://www.google.com/maps/search/?api=1&query=Bengkel%20motor%20cjr%20bandung%20(offline)&query_place_id=ChIJf8Y69G_paC4R90KZrW0YX_o","Bengkel Sepeda Motor"
"Bengkel Motor Saung Pajajaran dan press body motor","4.5","121","Jl. Pajajaran No.80 C","Kota Bandung","Jawa Barat","ID",,"+62 812-2040-8901","Bengkel Sepeda Motor",,,,,,,,,,"https://www.google.com/maps/search/?api=1&query=Bengkel%20Motor%20Saung%20Pajajaran%20dan%20press%20body%20motor&query_place_id=ChIJTRH7HWvmaC4RJTcq6Tfz6z0","Bengkel Sepeda Motor"
"Bengkel Aa Motor","4.8","172","Jl. BKR No.36","Kota Bandung","Jawa Barat","ID",,"+62 881-0235-77091","Bengkel Sepeda Motor",,,,,,,,,,"https://www.google.com/maps/search/?api=1&query=Bengkel%20Aa%20Motor&query_place_id=ChIJn6PH4IfoaC4RE6icEQL1ZdY","Bengkel Sepeda Motor"
"Toko King Motor (bengkel motor) jalan pagarsih no 200","4.2","795","Jl. Pagarsih No.200","Kota Bandung","Jawa Barat","ID",,"+62 895-3223-27762","Toko Suku Cadang Motor","Bengkel Motor Skuter","Bengkel Sepeda Motor","Toko Sepeda Motor",,,,,,,"https://www.google.com/maps/search/?api=1&query=Toko%20King%20Motor%20(bengkel%20motor)%20jalan%20pagarsih%20no%20200&query_place_id=ChIJNz-5YBnmaC4Rsjr5qdIQp4o","Toko Suku Cadang Motor"
"Sunda Motor","4.7","589","Jl. Sunda No.26","Kota Bandung","Jawa Barat","ID",,"+62 22 4235616","Bengkel Ganti Oli",,,,,,,,,,"https://www.google.com/maps/search/?api=1&query=Sunda%20Motor&query_place_id=ChIJWzt3UCzmaC4RWr606oRirbc","Bengkel Ganti Oli"
"RUMAH LAMMY BANDUNG",,,"Jl. Tubagus Ismail VIII No.56","Kota Bandung","Jawa Barat","ID",,"+62 811-1112-1999","Bengkel Motor Skuter",,,,,,,,,,"https://www.google.com/maps/search/?api=1&query=RUMAH%20LAMMY%20BANDUNG&query_place_id=ChIJKXQq2zLnaC4RyePRjVDyI28","Bengkel Motor Skuter"
"Bengkel Gudang Jaya Motor","4.8","41","Jl. Gatot Subroto","Kota Bandung","Jawa Barat","ID",,"+62 812-2033-3939","Bengkel Sepeda Motor",,,,,,,,,,"https://www.google.com/maps/search/?api=1&query=Bengkel%20Gudang%20Jaya%20Motor&query_place_id=ChIJxyVXI1_paC4R-n3D7n-L2r0","Bengkel Sepeda Motor"
"DANISH MOTOR WORKSHOP ( Bengkel khusus panggilan )","5","559","Jl. Denki","Kota Bandung","Jawa Barat","ID","http://wa.me/62881022140519","+62 881-0221-40519","Bengkel Sepeda Motor",,,,,,,,,,"https://www.google.com/maps/search/?api=1&query=DANISH%20MOTOR%20WORKSHOP%20(%20Bengkel%20khusus%20panggilan%20)&query_place_id=ChIJd59g12TpaC4Rr6Ov6EVZSH4","Bengkel Sepeda Motor"
"Bengkel Motor DMS Man's Speed Bandung","4.4","11","Jl. H. Bardan Raya","Kota Bandung","Jawa Barat","ID",,"+62 896-2702-2502","Bengkel Sepeda Motor",,,,,,,,,,"https://www.google.com/maps/search/?api=1&query=Bengkel%20Motor%20DMS%20Man's%20Speed%20Bandung&query_place_id=ChIJ0UltPIHpaC4RRjyU4EpzKb4","Bengkel Sepeda Motor"
"Oscar Bandung Motor","4.6","135","Jl. Soekarno-Hatta No.567","Kota Bandung","Jawa Barat","ID",,"+62 857-0341-4189","Bengkel Sepeda Motor",,,,,,,,,,"https://www.google.com/maps/search/?api=1&query=Oscar%20Bandung%20Motor&query_place_id=ChIJFYw3hbfnaC4Rgs9-UVj4bnQ","Bengkel Sepeda Motor"
"BENGKEL MOTOR KKRC (DOGLO CREW)","5","1","Pinggir paud darussholihin, Jl. Rancabentang Dalam, RT./rw/RW.03/06","Kota Bandung","Jawa Barat","ID",,"+62 831-7677-5919","Bengkel Sepeda Motor",,,,,,,,,,"https://www.google.com/maps/search/?api=1&query=BENGKEL%20MOTOR%20KKRC%20(DOGLO%20CREW)&query_place_id=ChIJpRLvSwDdaC4RgPYxN4j8rjs","Bengkel Sepeda Motor"
"Bengkel.motor FERI",,,"4H5R+39H warung aang, RT.21/RW.12 gang","Kota Bandung","Jawa Barat","ID",,"+62 821-2545-5510","Bengkel Sepeda Motor",,,,,,,,,,"https://www.google.com/maps/search/?api=1&query=Bengkel.motor%20FERI&query_place_id=ChIJ-ev4HgDnaC4RWq98d9ASHIo","Bengkel Sepeda Motor"
"Doktor Motor TUTUP PERMANENT","4.6","193","2JX2+W8J, Jl. Mekar Wangi","Kota Bandung","Jawa Barat","ID",,"+62 819-3996-4714","Bengkel Sepeda Motor",,,,,,,,,,"https://www.google.com/maps/search/?api=1&query=Doktor%20Motor%20TUTUP%20PERMANENT&query_place_id=ChIJ3xz-pE7naC4RlKQ0ofKLhOU","Bengkel Sepeda Motor"
"Yonk Jaya Motor Bandung 640 - Cicaheum","4.9","3260","Jl. A. Yani No.640","Kota Bandung","Jawa Barat","ID","https://taplink.cc/six40","+62 851-7437-2096","Bengkel Sepeda Motor","Bengkel Per Mobil","Agensi penjenamaan","Layanan Distribusi","Bengkel Motor Skuter","Dealer Kendaraan Bermotor","Dealer Sepeda Motor","Toko Suku Cadang Motor","Toko Sepeda Motor","Layanan ban","https://www.google.com/maps/search/?api=1&query=Yonk%20Jaya%20Motor%20Bandung%20640%20-%20Cicaheum&query_place_id=ChIJTYB1YB7naC4RHdmLkKlxN64","Bengkel Sepeda Motor"
"bengkel motor faisaldipoera","5","2",,,,,,"",,,,,,,,,,,"https://www.google.com/maps/search/?api=1&query=bengkel%20motor%20faisaldipoera&query_place_id=ChIJS_msdrbnaC4RooMeQxtmtbs",
"Bengkel motor/mobil",,,"JlN. Mekar II,pasirlayung RT 02 RW 01 Padasuka","Kota Bandung","Jawa Barat","ID",,"","Bengkel Sepeda Motor",,,,,,,,,,"https://www.google.com/maps/search/?api=1&query=Bengkel%20motor%2Fmobil&query_place_id=ChIJXzexGQDnaC4R0C_aDn0Ip5Y","Bengkel Sepeda Motor"
"Jasa Prima Rental Motor Dan Mobil Bandung","3.1","200","Jl. Dr. Djunjunan No.103","Kota Bandung","Jawa Barat","ID","https://jasaprimarental.com/","+62 818-0207-1733","Penyewaan Sepeda Motor",,,,,,,,,,"https://www.google.com/maps/search/?api=1&query=Jasa%20Prima%20Rental%20Motor%20Dan%20Mobil%20Bandung&query_place_id=ChIJMY7NPmjmaC4RHVN-iZu-8gc","Penyewaan Sepeda Motor"
"Srijaya Motor Mandiri BENGKEL 24 JAM","2.8","36","Depan Pasar Induk, Jl Soekarno Hatta No. 22A Pas Perempatan Lampu Merah, Jl. Caringin","Kota Bandung","Jawa Barat","ID",,"+62 821-1835-5221","Bengkel Sepeda Motor",,,,,,,,,,"https://www.google.com/maps/search/?api=1&query=Srijaya%20Motor%20Mandiri%20BENGKEL%2024%20JAM&query_place_id=ChIJ-a6mzPTpaC4RO-P-Hv7lBuI","Bengkel Sepeda Motor"
"Riung Bandung Motor","3.8","118","Jl. Raya Cipamokolan No.40","Kota Bandung","Jawa Barat","ID","https://www.instagram.com/bengkel_riung_bandung_motor?igsh=azZuYnN5YTYyMGp5","+62 812-2429-7444","Bengkel Mobil",,,,,,,,,,"https://www.google.com/maps/search/?api=1&query=Riung%20Bandung%20Motor&query_place_id=ChIJxfzmh6PCaC4RycAwpFyo9q8","Bengkel Mobil"
"'BENGKEL GADUN GARAGE TEKNO'","5","4","Jl. Babakan Baru","Kota Bandung","Jawa Barat","ID","https://instagram.com/kali500_?igshid=MzNlNGNkZWQ4Mg==","+62 831-6024-9124","Bengkel Motor Skuter","Bengkel Bongkar Pasang Mesin","Bengkel Sepeda Motor","Bengkel Ganti Oli",,,,,,,"https://www.google.com/maps/search/?api=1&query='BENGKEL%20GADUN%20GARAGE%20TEKNO'&query_place_id=ChIJ96Lxl2bnaC4RCtUPx2tDEGc","Bengkel Motor Skuter"
"Kiaracondong Motor","4.3","143","Jl. Kiara Condong No.273","Kota Bandung","Jawa Barat","ID",,"","Bengkel Sepeda Motor",,,,,,,,,,"https://www.google.com/maps/search/?api=1&query=Kiaracondong%20Motor&query_place_id=ChIJORtNJXXoaC4RAn7KS-ntpZY","Bengkel Sepeda Motor"
"A.Z.R bengkel motor","5","1","Jl. Bukit Raya Atas","Kota Bandung","Jawa Barat","ID",,"+62 838-7493-4274","Bengkel Sepeda Motor",,,,,,,,,,"https://www.google.com/maps/search/?api=1&query=A.Z.R%20bengkel%20motor&query_place_id=ChIJj_wKLwDnaC4RRJdu_8JN09Q","Bengkel Sepeda Motor"
"Sutanto Motor","4.1","506","Jl. AH. Nasution No.161","Kota Bandung","Jawa Barat","ID",,"+62 22 7101698","Bengkel Sepeda Motor",,,,,,,,,,"https://www.google.com/maps/search/?api=1&query=Sutanto%20Motor&query_place_id=ChIJRTwme2fdaC4RY9UL-hdcEmw","Bengkel Sepeda Motor"
"Bengkel Motor Panggilan 24 Jam Aden Mechanic","5","6","Blok.A2 23, Jl. Raya Derwati Perumahan Demarrakesh No.23","Kota Bandung","Jawa Barat","ID",,"+62 813-1340-0417","Bengkel Sepeda Motor",,,,,,,,,,"https://www.google.com/maps/search/?api=1&query=Bengkel%20Motor%20Panggilan%2024%20Jam%20Aden%20Mechanic&query_place_id=ChIJf6nYKgDDaC4Rgbt5eE_8n-8","Bengkel Sepeda Motor"
"Nusantara Motor","4.2","437","Jl. A. Yani No.332","Kota Bandung","Jawa Barat","ID",,"+62 812-2288-8397","Bengkel Sepeda Motor",,,,,,,,,,"https://www.google.com/maps/search/?api=1&query=Nusantara%20Motor&query_place_id=ChIJbcOm2sXnaC4RqX3w0s3YyZc","Bengkel Sepeda Motor"
"Bengkel Laksana Motor","4.1","28","3HCR+7GM, Jl. Babakan Irigasi","Kota Bandung","Jawa Barat","ID","https://wa.link/c3mnpy","+62 823-2823-1223","Bengkel Sepeda Motor",,,,,,,,,,"https://www.google.com/maps/search/?api=1&query=Bengkel%20Laksana%20Motor&query_place_id=ChIJ70n0L73paC4RHxCNuK0otPo","Bengkel Sepeda Motor"
"Bengkel motor","5","2","Jl. Rancabolang No.54","Kota Bandung","Jawa Barat","ID",,"+62 859-3480-8628","Bengkel Sepeda Motor",,,,,,,,,,"https://www.google.com/maps/search/?api=1&query=Bengkel%20motor&query_place_id=ChIJcaNjInfpaC4R4_oveKg2mpY","Bengkel Sepeda Motor"
"Bengkel Motor dan Las Abah Surip","4.8","65","Jl. Maleer Utara No.97","Kota Bandung","Jawa Barat","ID",,"+62 881-0227-14755","Montir","Jasa Pernikahan",,,,,,,,,"https://www.google.com/maps/search/?api=1&query=Bengkel%20Motor%20dan%20Las%20Abah%20Surip&query_place_id=ChIJVT97VqPnaC4RIrUoEOAvNGo","Montir"
"Jabar Motor","4.2","75","Jl. Gatot Subroto No.15","Kota Bandung","Jawa Barat","ID",,"+62 22 7301964","Bengkel Sepeda Motor",,,,,,,,,,"https://www.google.com/maps/search/?api=1&query=Jabar%20Motor&query_place_id=ChIJeZ87hyzmaC4RMlm9R52XJtA","Bengkel Sepeda Motor"
"Bengkel motor AMS (Adly motor sport)","5","1","4M32+27X, Jl. Terusan Cimuncang","Kota Bandung","Jawa Barat","ID",,"+62 857-9360-3008","Bengkel Sepeda Motor",,,,,,,,,,"https://www.google.com/maps/search/?api=1&query=Bengkel%20motor%20AMS%20(Adly%20motor%20sport)&query_place_id=ChIJh95SMZfnaC4RlXDuxYhxDMU","Bengkel Sepeda Motor"
"GP Motor bengkel CBR dan remap Ecu honda","5","98","Jl. Gatot Subroto No.205","Kota Bandung","Jawa Barat","ID",,"+62 851-0610-1918","Bengkel Sepeda Motor","Toko Suku Cadang Motor",,,,,,,,,"https://www.google.com/maps/search/?api=1&query=GP%20Motor%20bengkel%20CBR%20dan%20remap%20Ecu%20honda&query_place_id=ChIJAWe1qtfnaC4Ro030wlrb13A","Bengkel Sepeda Motor"
"Kiki Jaya Motor","4.2","343","Jl. Ciwastra No.52","Kota Bandung","Jawa Barat","ID",,"+62 812-2155-5444","Bengkel Mobil","Toko Suku Cadang Motor","Bengkel Sepeda Motor",,,,,,,,"https://www.google.com/maps/search/?api=1&query=Kiki%20Jaya%20Motor&query_place_id=ChIJPcNqrzroaC4RuA1pGGVk6MY","Bengkel Mobil"
"Dit'z Motor Sport","4.6","36","Jl. Otto Iskandar Dinata No.439","Kota Bandung","Jawa Barat","ID",,"+62 851-7543-1717","Bengkel Motor Elektrik",,,,,,,,,,"https://www.google.com/maps/search/?api=1&query=Dit'z%20Motor%20Sport&query_place_id=ChIJyyNMBp7oaC4RwlnV-o-dWno","Bengkel Motor Elektrik"
"Shakila Rental Motor","4.2","548","Jl. Gagak No.9","Kota Bandung","Jawa Barat","ID","http://rentalsepedamotordibandung.blogspot.com/","+62 812-8970-6875","Penyewaan Sepeda Motor","Agen Sewa Mobil",,,,,,,,,"https://www.google.com/maps/search/?api=1&query=Shakila%20Rental%20Motor&query_place_id=ChIJQ6Rth63naC4RG8v9wLPHqDY","Penyewaan Sepeda Motor"
"Bengkel Motor Metic","4.4","35","Jl. Gatot Subroto No.421","Kota Bandung","Jawa Barat","ID",,"+62 22 91665253","Bengkel Mobil",,,,,,,,,,"https://www.google.com/maps/search/?api=1&query=Bengkel%20Motor%20Metic&query_place_id=ChIJq4fEYnToaC4RHK-l0U4Rt_k","Bengkel Mobil"
"RAY MOTOR","5","46","Jl. Pungkur No.44 a","Kota Bandung","Jawa Barat","ID",,"+62 822-4034-5993","Bengkel Sepeda Motor",,,,,,,,,,"https://www.google.com/maps/search/?api=1&query=RAY%20MOTOR&query_place_id=ChIJaRN68LjnaC4RhARRs7CvX_M","Bengkel Sepeda Motor"
"Bengkel Motor Yellow Speed 46",,,"Jl. Padasuka Atas No.113","Kabupaten Bandung","Jawa Barat","ID",,"+62 878-1772-3839","Bengkel Sepeda Motor",,,,,,,,,,"https://www.google.com/maps/search/?api=1&query=Bengkel%20Motor%20Yellow%20Speed%2046&query_place_id=ChIJD5a9iVjnaC4RZRkBSZxmIfs","Bengkel Sepeda Motor"
"BENGKEL MOTOR MUTBER","5","1","Jl. Kp Jl. Pasir Kaliki Barat No.27, RT.08/RW.15","Kota Bandung","Jawa Barat","ID","https://rachmathidaandara.blogspot.com/2024/12/bengkel-motor-lakoni-bengkel-motor.html","+62 896-7910-0402","Bengkel Sepeda Motor",,,,,,,,,,"https://www.google.com/maps/search/?api=1&query=BENGKEL%20MOTOR%20MUTBER&query_place_id=ChIJR0PGKQDnaC4R9YM_6A-VnQM","Bengkel Sepeda Motor"
"CAHAYA MOTOR RACING - ONE89 MOTOSHOP SPESIALIS CVT & BAN UPGRADE TANJAKAN TOP SPEED","4.6","483","Jl. Sindanglaya Jl. AH. Nasution No.189","Kota Bandung","Jawa Barat","ID",,"+62 22 7216312","Bengkel Sepeda Motor",,,,,,,,,,"https://www.google.com/maps/search/?api=1&query=CAHAYA%20MOTOR%20RACING%20-%20ONE89%20MOTOSHOP%20SPESIALIS%20CVT%20%26%20BAN%20UPGRADE%20TANJAKAN%20TOP%20SPEED&query_place_id=ChIJLfBriWfdaC4RTABDP7oEljo","Bengkel Sepeda Motor"
"Bengkel motor Aira 11","4.7","22","Melania, Jl. Melania No.7","Kota Bandung","Jawa Barat","ID",,"+62 855-5926-5559","Bengkel Sepeda Motor",,,,,,,,,,"https://www.google.com/maps/search/?api=1&query=Bengkel%20motor%20Aira%2011&query_place_id=ChIJb_c2exrnaC4ROXQzlGkBdmM","Bengkel Sepeda Motor"
"Tasik Motor bandung","4.6","24","Jl. Purwakarta No.139C","Kota Bandung","Jawa Barat","ID","https://bengkel.mobil.co.id/mobil-car-care-tasik-motor-oil-change-service-antapani-tengah-bandung-481751/Home?utm_source=locator&utm_medium=googleplaces","+62 821-1545-6368","Bengkel Ganti Oli","Layanan reparasi",,,,,,,,,"https://www.google.com/maps/search/?api=1&query=Tasik%20Motor%20bandung&query_place_id=ChIJ7xydlfrnaC4RA5PzrFFvy7Q","Bengkel Ganti Oli"
"BENGKEL MOTOR AWEEL-ATHEN",,,"Jl. Haji Yasin No.78","Kota Bandung","Jawa Barat","ID",,"","Bengkel Sepeda Motor",,,,,,,,,,"https://www.google.com/maps/search/?api=1&query=BENGKEL%20MOTOR%20AWEEL-ATHEN&query_place_id=ChIJX964BADnaC4R4gA4-0i7TZg","Bengkel Sepeda Motor"
"Bengkel Motor Laswi 74 Bandung","5","8","Jl. Laswi No.74","Kota Bandung","Jawa Barat","ID",,"","Bengkel Sepeda Motor",,,,,,,,,,"https://www.google.com/maps/search/?api=1&query=Bengkel%20Motor%20Laswi%2074%20Bandung&query_place_id=ChIJdbKtJQDnaC4RptMd8u54Wus","Bengkel Sepeda Motor"
"Jevan Motor","4.3","184","Jl. Suniaraja No.130 A","Kota Bandung","Jawa Barat","ID",,"+62 22 4202755","Bengkel Sepeda Motor",,,,,,,,,,"https://www.google.com/maps/search/?api=1&query=Jevan%20Motor&query_place_id=ChIJf_hNjzzmaC4Rx2cZo3jNvhw","Bengkel Sepeda Motor"
"YOONG MOTOR BANDUNG - SPD x AUTONETCARE x LUMENS","5","10","Jl. Kiara Sari Utama I Jl. Margacinta No.24A","Kota Bandung","Jawa Barat","ID","https://powerplus.id/","+62 813-1777-3044","Bengkel Mesin",,,,,,,,,,"https://www.google.com/maps/search/?api=1&query=YOONG%20MOTOR%20BANDUNG%20-%20SPD%20x%20AUTONETCARE%20x%20LUMENS&query_place_id=ChIJZfj_jJbpaC4R5ciS7IdapqY","Bengkel Mesin"
"Lingga Motor Sparepart & Service","3.7","451","Jl. Soekarno-Hatta No.761a","Kota Bandung","Jawa Barat","ID",,"+62 821-1784-2744","Bengkel Sepeda Motor",,,,,,,,,,"https://www.google.com/maps/search/?api=1&query=Lingga%20Motor%20Sparepart%20%26%20Service&query_place_id=ChIJQbskTtbDaC4RaEjaOWTwRa8","Bengkel Sepeda Motor"
"Bengkel Motor Pak Endang","5","6","Kp Cihanja, RT.02 RW10/RW.No.118","Kota Bandung","Jawa Barat","ID",,"+62 853-1783-0824","Bengkel Sepeda Motor","Montir",,,,,,,,,"https://www.google.com/maps/search/?api=1&query=Bengkel%20Motor%20Pak%20Endang&query_place_id=ChIJfYmzlNTnaC4R7A6RGue5Dho","Bengkel Sepeda Motor"
"Mekanik Motor panggilan","3.6","183","Jl. Ibrahim Adjie Jl. Binong Jati No.330","Kota Bandung","Jawa Barat","ID","http://www.mekanikmotorpanggilan.com/","+62 877-1577-7835","Bengkel Sepeda Motor","Montir",,,,,,,,,"https://www.google.com/maps/search/?api=1&query=Mekanik%20Motor%20panggilan&query_place_id=ChIJ1yVaBk7paC4Rh7-YY0_lKHU","Bengkel Sepeda Motor"
"Bengkel Motor & Aksesoris — Berkah Pit Station","4","5","Jl. Padasuka Atas No.123","Kota Bandung","Jawa Barat","ID",,"+62 811-8681-262","Toko Suku Cadang Motor",,,,,,,,,,"https://www.google.com/maps/search/?api=1&query=Bengkel%20Motor%20%26%20Aksesoris%20%E2%80%94%20Berkah%20Pit%20Station&query_place_id=ChIJZfEMpJrnaC4RE1izPU7Li9k","Toko Suku Cadang Motor"
"bengkel Motor",,,"4H7P+9XW, kp","Kota Bandung","Jawa Barat","ID",,"+62 853-2008-3433","Kantor Perusahaan",,,,,,,,,,"https://www.google.com/maps/search/?api=1&query=bengkel%20Motor&query_place_id=ChIJPcCllKfnaC4RVlQ_qaNV9MU","Kantor Perusahaan"
"TDR Yonk Jaya Pungkur","4.5","311","Jl. Pungkur","Kota Bandung","Jawa Barat","ID",,"+62 823-1547-0223","Toko Suku Cadang Motor",,,,,,,,,,"https://www.google.com/maps/search/?api=1&query=TDR%20Yonk%20Jaya%20Pungkur&query_place_id=ChIJZZ02R-bpaC4RUKuz_wHFeiU","Toko Suku Cadang Motor"
"Bandung Motor","4.4","229","no Jl. Gatot Subroto No.389","Kota Bandung","Jawa Barat","ID",,"+62 22 7312003","Toko Ban",,,,,,,,,,"https://www.google.com/maps/search/?api=1&query=Bandung%20Motor&query_place_id=ChIJMU8EaXToaC4RdCzQ9c23Khg","Toko Ban"
"Bengkel motor Banceuy auto","5","1","kios 5 dan, Jln lodaya no 20, Jl. Banceuy No.2","Kota Bandung","Jawa Barat","ID",,"+62 812-2352-1399","Bengkel Mobil",,,,,,,,,,"https://www.google.com/maps/search/?api=1&query=Bengkel%20motor%20Banceuy%20auto&query_place_id=ChIJ7YlAKeDnaC4RljBZ4Ggpo2E","Bengkel Mobil"
"DHY BENGKEL MOTOR","4.8","50","Jl. Mars Sel. VIII No.45 Blok O","Kota Bandung","Jawa Barat","ID",,"+62 819-0332-1771","Bengkel Sepeda Motor",,,,,,,,,,"https://www.google.com/maps/search/?api=1&query=DHY%20BENGKEL%20MOTOR&query_place_id=ChIJ1166NcbpaC4RUH9kQYzt8SE","Bengkel Sepeda Motor"
"Bengkel Diesel - AB Motor","4.5","154","Jl. Soekarno-Hatta No.427","Kota Bandung","Jawa Barat","ID",,"+62 822-1918-9000","Bengkel Mesin Diesel",,,,,,,,,,"https://www.google.com/maps/search/?api=1&query=Bengkel%20Diesel%20-%20AB%20Motor&query_place_id=ChIJTeQNT43oaC4RSUX96maOuow","Bengkel Mesin Diesel"
"Bengkel BHG Motor","4.4","65","Jl. Ranca Oray No.140","Kota Bandung","Jawa Barat","ID",,"+62 853-1431-1200","Bengkel Sepeda Motor",,,,,,,,,,"https://www.google.com/maps/search/?api=1&query=Bengkel%20BHG%20Motor&query_place_id=ChIJI2uV4oDCaC4RQFFpvIG9wr0","Bengkel Sepeda Motor"
"Sahabat Motor Bandung","3.9","18","Jl. Baladewa D No.4","Kota Bandung","Jawa Barat","ID",,"+62 877-2244-6696","Bengkel Sepeda Motor",,,,,,,,,,"https://www.google.com/maps/search/?api=1&query=Sahabat%20Motor%20Bandung&query_place_id=ChIJLWIFi2zmaC4Rok8NG1-wMnM","Bengkel Sepeda Motor"
"Planet Ban Padasuka","4.5","111","Jl. Padasuka No.59","Kota Bandung","Jawa Barat","ID","https://lokasi.planetban.com/planet-ban-jalan-padasuka-pasirlayung-motorcycle-repair-shop-kota-bandung-bandung-393987/Home?utm_source=locator&utm_medium=googleplaces","+62 817-0006-055","Bengkel Sepeda Motor","Bengkel Motor Skuter","Toko Suku Cadang Motor","Layanan ban","Toko Ban",,,,,,"https://www.google.com/maps/search/?api=1&query=Planet%20Ban%20Padasuka&query_place_id=ChIJoY_FYw7naC4RGeO8ca3rvug","Bengkel Sepeda Motor"
"bengkel motor Team Rusuh97","5","2","Jl. Cikutra Barat No.97, RT.06/RW.06","Kota Bandung","Jawa Barat","ID",,"+62 821-1646-9237","Bengkel Sepeda Motor",,,,,,,,,,"https://www.google.com/maps/search/?api=1&query=bengkel%20motor%20Team%20Rusuh97&query_place_id=ChIJ12NBda7naC4RGQ6ldEec4X0","Bengkel Sepeda Motor"
"Jok Motor (AG J_team)","4.9","129","Gg. Kubang Sari VII Gg. Flamboyan No.44","Kota Bandung","Jawa Barat","ID",,"+62 822-4477-4200","Toko Suku Cadang Motor",,,,,,,,,,"https://www.google.com/maps/search/?api=1&query=Jok%20Motor%20(AG%20J_team)&query_place_id=ChIJK2xFR1LmaC4RHb-1wGsmoDc","Toko Suku Cadang Motor"
"RJ_Line MX","4.8","81","Jl. Katapang Kaler No.17","Kota Bandung","Jawa Barat","ID",,"+62 895-2489-0248","Bengkel Sepeda Motor",,,,,,,,,,"https://www.google.com/maps/search/?api=1&query=RJ_Line%20MX&query_place_id=ChIJ3T5Zfu3naC4Rkkj8q_mtTQs","Bengkel Sepeda Motor"
"Service Shockbreaker Motor Bandung ( Buah batu )","5","4","Jl. Terusan Buah Batu No.153","Kota Bandung","Jawa Barat","ID",,"+62 858-6483-9750","Bengkel Sepeda Motor",,,,,,,,,,"https://www.google.com/maps/search/?api=1&query=Service%20Shockbreaker%20Motor%20Bandung%20(%20Buah%20batu%20)&query_place_id=ChIJvaezD3jpaC4R2-ZAnqChKs4","Bengkel Sepeda Motor"
"Maju Motor","4.1","335","Jl. Pungkur No.82D","Kota Bandung","Jawa Barat","ID",,"+62 899-7827-427","Toko Suku Cadang Motor",,,,,,,,,,"https://www.google.com/maps/search/?api=1&query=Maju%20Motor&query_place_id=ChIJKy-I-CfmaC4R-hgtNlMuh-E","Toko Suku Cadang Motor"
"Bengkel Motor 24Jam R.R.K.P","5","1","3HMR+QGP, Jl. Kb. Jati Gg. Minyak Tanah","Kota Bandung","Jawa Barat","ID",,"+62 812-2403-6234","Bengkel Sepeda Motor",,,,,,,,,,"https://www.google.com/maps/search/?api=1&query=Bengkel%20Motor%2024Jam%20R.R.K.P&query_place_id=ChIJd_kLVwDnaC4Rg2tqRI5gBdk","Bengkel Sepeda Motor"
"Logos Variasi Motor","2.2","286","Jl. Lengkong Besar No.20a","Kota Bandung","Jawa Barat","ID",,"+62 813-1221-3235","Bengkel Sepeda Motor",,,,,,,,,,"https://www.google.com/maps/search/?api=1&query=Logos%20Variasi%20Motor&query_place_id=ChIJMzhS8CjmaC4RR-ZKQ4u4oc0","Bengkel Sepeda Motor"
"Venus Motor Bandung","4.4","346","Jl. Lengkong Besar No.91","Kota Bandung","Jawa Barat","ID",,"+62 22 4232076","Toko Suku Cadang Motor",,,,,,,,,,"https://www.google.com/maps/search/?api=1&query=Venus%20Motor%20Bandung&query_place_id=ChIJJZ1csinmaC4REGeb7pKvCWA","Toko Suku Cadang Motor"
"Santoso Mandiri Motor","3.1","53","Jl. PSM No.37c","Kota Bandung","Jawa Barat","ID",,"+62 22 7332714","Bengkel Motor Skuter",,,,,,,,,,"https://www.google.com/maps/search/?api=1&query=Santoso%20Mandiri%20Motor&query_place_id=ChIJLRsqUnXoaC4R9EZVVB5rzwo","Bengkel Motor Skuter"
"Body Press LOMBOK MOTOR Bandung","4.7","935","Jl. Lombok No.11 S","Kota Bandung","Jawa Barat","ID","http://lombokmotor.com/","+62 822-1497-7125","Bengkel Sepeda Motor",,,,,,,,,,"https://www.google.com/maps/search/?api=1&query=Body%20Press%20LOMBOK%20MOTOR%20Bandung&query_place_id=ChIJx9fdWTTmaC4R2yAlS8S8qzU","Bengkel Sepeda Motor"
"Bengkel Motor Pahlawan BAM","2","1","Jl. Sidomukti No.99c","Kota Bandung","Jawa Barat","ID",,"+62 22 2514545","Bengkel Sepeda Motor",,,,,,,,,,"https://www.google.com/maps/search/?api=1&query=Bengkel%20Motor%20Pahlawan%20BAM&query_place_id=ChIJf8oHvqXnaC4RUcSbPRMmnCA","Bengkel Sepeda Motor"
"Bengkel Motor Sibatu","5","1","Jl. Khp Hasan Mustopa No.36","Kota Bandung","Jawa Barat","ID",,"+62 831-3379-1922","Bengkel Sepeda Motor",,,,,,,,,,"https://www.google.com/maps/search/?api=1&query=Bengkel%20Motor%20Sibatu&query_place_id=ChIJxyqM-uPnaC4R-yycqz_8qmg","Bengkel Sepeda Motor"
"zans motor bengkel motor panggilan","4.8","17","Jl. Arjuna","Kota Bandung","Jawa Barat","ID",,"+62 899-6068-693","Bengkel Sepeda Motor",,,,,,,,,,"https://www.google.com/maps/search/?api=1&query=zans%20motor%20bengkel%20motor%20panggilan&query_place_id=ChIJx3xM_kbnaC4RA6V19v6J5cU","Bengkel Sepeda Motor"
"DAVIN'S JAYA MOTOR DJM Bandung","3.8","28","Jl. Purwakarta J No.139","Kota Bandung","Jawa Barat","ID",,"+62 821-3065-7972","Bengkel Sepeda Motor",,,,,,,,,,"https://www.google.com/maps/search/?api=1&query=DAVIN'S%20JAYA%20MOTOR%20DJM%20Bandung&query_place_id=ChIJmydUFYDnaC4RfWRsBi08FSM","Bengkel Sepeda Motor"
"Bengkel Motor Mabez Garage","5","13","Jl. Muhamad No.320 B","Kota Bandung","Jawa Barat","ID",,"+62 857-0359-9250","Bengkel Sepeda Motor",,,,,,,,,,"https://www.google.com/maps/search/?api=1&query=Bengkel%20Motor%20Mabez%20Garage&query_place_id=ChIJh_obhvrnaC4Rw5kcNo9foL4","Bengkel Sepeda Motor"
"Jaya Motor Katapang","4.4","186","Jl. Katapang No.4","Kota Bandung","Jawa Barat","ID",,"+62 888-0236-8242","Toko Ban",,,,,,,,,,"https://www.google.com/maps/search/?api=1&query=Jaya%20Motor%20Katapang&query_place_id=ChIJ01nfmSzmaC4RNvsrRzXxv0A","Toko Ban"
"Budi Jaya Motor","4.3","91","Jl. Rancabolang No.112","Kota Bandung","Jawa Barat","ID",,"","Bengkel Sepeda Motor",,,,,,,,,,"https://www.google.com/maps/search/?api=1&query=Budi%20Jaya%20Motor&query_place_id=ChIJJevV0hjoaC4RbknY7H7jXOo","Bengkel Sepeda Motor"
"GARASI SKUTER BANDUNG","4.5","91","3H6X+RC5, Jl. Peta No.121","Kota Bandung","Jawa Barat","ID","https://linktr.ee/garasiskuterbdg","+62 811-2196-886","Bengkel Motor Skuter","Bengkel Sepeda Motor",,,,,,,,,"https://www.google.com/maps/search/?api=1&query=GARASI%20SKUTER%20BANDUNG&query_place_id=ChIJZdkc5aLoaC4RPUDPnDsToNc","Bengkel Motor Skuter"
"Service Shockbreaker Motor Bandung ( Ciwastra )","4.3","364","Jl. Ciwastra No.189 RT 06/08","Kota Bandung","Jawa Barat","ID",,"+62 815-7380-2105","Bengkel Sepeda Motor",,,,,,,,,,"https://www.google.com/maps/search/?api=1&query=Service%20Shockbreaker%20Motor%20Bandung%20(%20Ciwastra%20)&query_place_id=ChIJ_xhudyLpaC4RTwfffgjZfvs","Bengkel Sepeda Motor"
"Dealer & Bengkel Honda Netral Jaya Motor Bandung","4.9","3888","Jl. Pasir Kaliki No.100","Kota Bandung","Jawa Barat","ID","http://netraljayamotor.com/","+62 811-1255-5100","Dealer Honda","Toko Suku Cadang Motor","Bengkel Sepeda Motor",,,,,,,,"https://www.google.com/maps/search/?api=1&query=Dealer%20%26%20Bengkel%20Honda%20Netral%20Jaya%20Motor%20Bandung&query_place_id=ChIJbTb--2nmaC4RrGvnwlE5H8c","Dealer Honda"
"Bengkel motor/Iday Jasa Crom","5","4","Gg. Pancasila No.8","Kota Bandung","Jawa Barat","ID",,"+62 818-0429-6305","Akomodasi berlayanan",,,,,,,,,,"https://www.google.com/maps/search/?api=1&query=Bengkel%20motor%2FIday%20Jasa%20Crom&query_place_id=ChIJwRyzdIfnaC4R4zXlaUhqZe0","Akomodasi berlayanan"
"Service Motor","5","2","4H4M+GH7, Jl. Sukawarna","Kota Bandung","Jawa Barat","ID",,"","Bengkel Mobil",,,,,,,,,,"https://www.google.com/maps/search/?api=1&query=Service%20Motor&query_place_id=ChIJPRE_ZXvmaC4RSDrNCztzLVQ","Bengkel Mobil"
"Bintang Motor","4.8","64","Jl. Veteran","Kota Bandung","Jawa Barat","ID",,"+62 22 4240185","Bengkel Mobil",,,,,,,,,,"https://www.google.com/maps/search/?api=1&query=Bintang%20Motor&query_place_id=ChIJYbXMyi3maC4RO8xh-GVCXQA","Bengkel Mobil"
"Bengkel motor MR mamen racing concept","5","7","Jl. Terusan Pasirkoja No.237","Kota Bandung","Jawa Barat","ID",,"+62 812-2184-2040","Bengkel Sepeda Motor",,,,,,,,,,"https://www.google.com/maps/search/?api=1&query=Bengkel%20motor%20MR%20mamen%20racing%20concept&query_place_id=ChIJN1xwH93naC4Rxre2zJHIGOg","Bengkel Sepeda Motor"
"Ahass Ria Motor Rancabolang","4.6","911","Jl. Soekarno-Hatta Jl. Rancabolang No.620","Kota Bandung","Jawa Barat","ID",,"+62 895-3398-78568","Bengkel Sepeda Motor",,,,,,,,,,"https://www.google.com/maps/search/?api=1&query=Ahass%20Ria%20Motor%20Rancabolang&query_place_id=ChIJG3XrYxzoaC4RPuTBosfz7Y8","Bengkel Sepeda Motor"
"bengkel motor Cepi EMRT",,,"Jalan Batu Rengat No.rt 01","Kota Bandung","Jawa Barat","ID",,"+62 895-3290-72332","Bengkel Sepeda Motor",,,,,,,,,,"https://www.google.com/maps/search/?api=1&query=bengkel%20motor%20Cepi%20EMRT&query_place_id=ChIJNdCEIQDnaC4RHFH1WHAW5eo","Bengkel Sepeda Motor"
"Custom Part Motor Bandung","4.5","2","Jl. Citepus III No.2","Kota Bandung","Jawa Barat","ID",,"+62 851-7241-0437","Bengkel Sepeda Motor",,,,,,,,,,"https://www.google.com/maps/search/?api=1&query=Custom%20Part%20Motor%20Bandung&query_place_id=ChIJ4yDenQLnaC4RoZoJcdTAPI0","Bengkel Sepeda Motor"
"Spesialis satria fu karbu, fu injeksi, GSX bandung bengkel ARM wajib buat janjian","4.9","26",,"Kota Bandung","Jawa Barat","ID",,"+62 822-1562-3931","Bengkel Sepeda Motor",,,,,,,,,,"https://www.google.com/maps/search/?api=1&query=Spesialis%20satria%20fu%20karbu%2C%20fu%20injeksi%2C%20GSX%20bandung%20bengkel%20ARM%20wajib%20buat%20janjian&query_place_id=ChIJRR7Hs7npaC4R-rnxiyIVHUo","Bengkel Sepeda Motor"
"Agung Motor","3.8","100","Jl. Otto Iskandar Dinata No.506","Kota Bandung","Jawa Barat","ID",,"+62 818-0958-8828","Bengkel Sepeda Motor",,,,,,,,,,"https://www.google.com/maps/search/?api=1&query=Agung%20Motor&query_place_id=ChIJ1-_QhJ7oaC4RIQU_u8LU2k8","Bengkel Sepeda Motor"
"Gtr Racing Team","5","8","Gg. Pelesiran X No.100","Kota Bandung","Jawa Barat","ID","https://www.instagram.com/gtr_racingteam/","+62 896-3048-8858","Bengkel Motor Skuter",,,,,,,,,,"https://www.google.com/maps/search/?api=1&query=Gtr%20Racing%20Team&query_place_id=ChIJ60l5v83laC4RPuDO5jk0Sck","Bengkel Motor Skuter"
"Fajar Motor","5","1","Jl. Sadang Serang No.18","Kota Bandung","Jawa Barat","ID",,"+62 821-1506-0990","Bengkel Sepeda Motor",,,,,,,,,,"https://www.google.com/maps/search/?api=1&query=Fajar%20Motor&query_place_id=ChIJwSfzUarnaC4RdDeUeMNVbRE","Bengkel Sepeda Motor"
"Inti Motor","4.1","205","Jl. Cikawao No.24A","Kota Bandung","Jawa Barat","ID",,"+62 819-1039-4000","Bengkel Sepeda Motor",,,,,,,,,,"https://www.google.com/maps/search/?api=1&query=Inti%20Motor&query_place_id=ChIJK2tn3SnmaC4RjWGiey_3pNs","Bengkel Sepeda Motor"
"Bengkel Motor Kembar Solo Jon Zengak","3","1","Jl. Arjuna No.29","Kota Bandung","Jawa Barat","ID",,"","Bengkel Mobil",,,,,,,,,,"https://www.google.com/maps/search/?api=1&query=Bengkel%20Motor%20Kembar%20Solo%20Jon%20Zengak&query_place_id=ChIJPRbx0hPmaC4RLsOChj3dx3g","Bengkel Mobil"
"Planet Ban Jalan Cemara Pasteur","4.3","98","Jl. Cemara No.58 RT/RW 03/01","Kota Bandung","Jawa Barat","ID","https://lokasi.planetban.com/planet-ban-jalan-cemara-pasteur-motorcycle-repair-shop-sukajadi-bandung-393939/Home?utm_source=locator&utm_medium=googleplaces","+62 817-0006-055","Bengkel Sepeda Motor","Bengkel Motor Skuter","Toko Suku Cadang Motor","Layanan ban","Toko Ban",,,,,,"https://www.google.com/maps/search/?api=1&query=Planet%20Ban%20Jalan%20Cemara%20Pasteur&query_place_id=ChIJ13vAgIDnaC4Rm8lTto-7ZnE","Bengkel Sepeda Motor"
"Bengkel Honda Daya Motor Gedebage","4.2","226","Jl. Gedebage Selatan No.15-20","Kota Bandung","Jawa Barat","ID",,"+62 22 87528035","Bengkel Motor Elektrik",,,,,,,,,,"https://www.google.com/maps/search/?api=1&query=Bengkel%20Honda%20Daya%20Motor%20Gedebage&query_place_id=ChIJ7azYKIrCaC4RDSPkofITFug","Bengkel Motor Elektrik"
"Bengkel Bina Motor","4.2","104","Jl. Terusan Jakarta No.51","Kota Bandung","Jawa Barat","ID","http://www.instagram.com/binamotor51","+62 856-2443-6939","Bengkel Sepeda Motor","Toko Suku Cadang Motor","Toko Sepeda Motor",,,,,,,,"https://www.google.com/maps/search/?api=1&query=Bengkel%20Bina%20Motor&query_place_id=ChIJoa9QDOnnaC4Ri6__CfRiuA8","Bengkel Sepeda Motor"
"Family Motor Bengkel","5","3","Jl. Cimuncang No.43","Kota Bandung","Jawa Barat","ID",,"+62 852-9500-1777","Bengkel Mobil",,,,,,,,,,"https://www.google.com/maps/search/?api=1&query=Family%20Motor%20Bengkel&query_place_id=ChIJH-1KoZbnaC4REdlVXdBQmQE","Bengkel Mobil"
"Suzuki Setiabudi Bandung PT Nusantara Jaya Sentosa","4.9","327","Jl. Dr. Setiabudi No.78","Kota Bandung","Jawa Barat","ID","https://suzukinjs.co.id/setiabudi","+62 821-2221-4360","Dealer mobil","Bengkel Mobil","Dealer Suzuki",,,,,,,,"https://www.google.com/maps/search/?api=1&query=Suzuki%20Setiabudi%20Bandung%20PT%20Nusantara%20Jaya%20Sentosa&query_place_id=ChIJBVZCEKTnaC4RUFj41Is2hFk","Dealer mobil"
"SHD Scooter Bandung","4.9","185","Jl. Sawah Kurung No.21B","Kota Bandung","Jawa Barat","ID",,"+62 812-9099-2222","Bengkel Motor Skuter",,,,,,,,,,"https://www.google.com/maps/search/?api=1&query=SHD%20Scooter%20Bandung&query_place_id=ChIJfQdFBn7oaC4RAfVjcQQjgMM","Bengkel Motor Skuter"
"Sona Motor Bandung","4.6","8","Jalan Terusan Saluyu Jl. Ciwastra No.344","Kota Bandung","Jawa Barat","ID",,"","Bengkel Sepeda Motor",,,,,,,,,,"https://www.google.com/maps/search/?api=1&query=Sona%20Motor%20Bandung&query_place_id=ChIJbyrD4b3DaC4RBgmDp-EbIz8","Bengkel Sepeda Motor"
"AHASS Honda Bengkel Tunas Jaya Motor","4.8","801","Jl. Terusan Buah Batu No.289","Kota Bandung","Jawa Barat","ID",,"+62 831-7171-3253","Bengkel Sepeda Motor",,,,,,,,,,"https://www.google.com/maps/search/?api=1&query=AHASS%20Honda%20Bengkel%20Tunas%20Jaya%20Motor&query_place_id=ChIJuxiRGkzoaC4RLTCF4vyMkag","Bengkel Sepeda Motor"
"UWINFLY BANDUNG / BENGKEL MOTOR & SEPEDA LISTRIK","4.8","77","Jl. Ibu Inggit Garnasih No.70","Kota Bandung","Jawa Barat","ID",,"+62 822-1993-8869","Dealer kendaraan bermotor elektrik","Bengkel Motor Elektrik",,,,,,,,,"https://www.google.com/maps/search/?api=1&query=UWINFLY%20BANDUNG%20%2F%20BENGKEL%20MOTOR%20%26%20SEPEDA%20LISTRIK&query_place_id=ChIJ-3_IFknnaC4R0e_gwTydAgA","Dealer kendaraan bermotor elektrik"
"DK Motor Performance","5","2","Jl. Denki No.8 belakang, RW.53","Kota Bandung","Jawa Barat","ID",,"+62 838-2122-8828","Bengkel Sepeda Motor",,,,,,,,,,"https://www.google.com/maps/search/?api=1&query=DK%20Motor%20Performance&query_place_id=ChIJ1WAN45zpaC4RA8m3FUTSjLU","Bengkel Sepeda Motor"
"bengkel motor pak uu","4","3","4J99+MMF","Kota Bandung","Jawa Barat","ID",,"","Bengkel Motor Elektrik",,,,,,,,,,"https://www.google.com/maps/search/?api=1&query=bengkel%20motor%20pak%20uu&query_place_id=ChIJbe7Oz_3maC4RcqXkI3wbzIc","Bengkel Motor Elektrik"
"Budi bengkel motor","5","2","Gg. Pancasila No.14","Kota Bandung","Jawa Barat","ID",,"+62 831-1320-6684","Bengkel Sepeda Motor",,,,,,,,,,"https://www.google.com/maps/search/?api=1&query=Budi%20bengkel%20motor&query_place_id=ChIJgbqsJQDnaC4RYymVUtrjTiw","Bengkel Sepeda Motor"
"GOTZ 28 RACING BANDUNG","4.7","10","rancasawo GG h Mursidi 03/18 c43","Kota Bandung","Jawa Barat","ID",,"+62 898-7384-261","Bengkel Sepeda Motor",,,,,,,,,,"https://www.google.com/maps/search/?api=1&query=GOTZ%2028%20RACING%20BANDUNG&query_place_id=ChIJNwy3QczDaC4Ri2R9dj7R6s8","Bengkel Sepeda Motor"
"Amang Bengkel Motor","5","9","4J2W+HRG","Kota Bandung","Jawa Barat","ID",,"","Bengkel Sepeda Motor",,,,,,,,,,"https://www.google.com/maps/search/?api=1&query=Amang%20Bengkel%20Motor&query_place_id=ChIJZ9UMKZTnaC4RmnF6OVrWN0E","Bengkel Sepeda Motor"
"ENEOS Cahaya Motor Bandung (Eneos Cahaya Motor)","3.9","156","Jl. Purwakarta No.107","Kota Bandung","Jawa Barat","ID","http://www.tokopedia.com/eneoscahayamotor","+62 22 7206024","Toko Sepeda Motor",,,,,,,,,,"https://www.google.com/maps/search/?api=1&query=ENEOS%20Cahaya%20Motor%20Bandung%20(Eneos%20Cahaya%20Motor)&query_place_id=ChIJh_xGSKrnaC4ROYeYbshQhe0","Toko Sepeda Motor"
"Bengkel Motor Dinasty","1.3","9","Jl. Dr. Setiabudi No.22","Kota Bandung","Jawa Barat","ID",,"","Bengkel Sepeda Motor",,,,,,,,,,"https://www.google.com/maps/search/?api=1&query=Bengkel%20Motor%20Dinasty&query_place_id=ChIJEQmebpnnaC4RfuHq8J8ta7w","Bengkel Sepeda Motor"
"Modifikasi motor bandung","3","3","Jl. Pungkur No.120","Kota Bandung","Jawa Barat","ID",,"+62 878-0065-1333","Bengkel Sepeda Motor",,,,,,,,,,"https://www.google.com/maps/search/?api=1&query=Modifikasi%20motor%20bandung&query_place_id=ChIJT5YOdQjpaC4RrDPmi9WSru4","Bengkel Sepeda Motor"
"Bengkel Motor ""Pandawa Motor""","5","1","Jl. Singa Perbangsa No.103-1","Kota Bandung","Jawa Barat","ID",,"","Kantor Perusahaan",,,,,,,,,,"https://www.google.com/maps/search/?api=1&query=Bengkel%20Motor%20%22Pandawa%20Motor%22&query_place_id=ChIJvd0fRgXnaC4R3opHMIM_MKs","Kantor Perusahaan"
"BENGKEL MOTOR DS027GARAGE","5","60","Jl. Sirnagalih No.1 no.1","Kota Bandung","Jawa Barat","ID",,"","Bengkel Sepeda Motor",,,,,,,,,,"https://www.google.com/maps/search/?api=1&query=BENGKEL%20MOTOR%20DS027GARAGE&query_place_id=ChIJWyRR5dDnaC4RkjeIsc-zJcw","Bengkel Sepeda Motor"
"Irgi Motor Bandung ( Mekanik Motor Panggilan)","4","9","Jl. Cipaku I No.14","Kota Bandung","Jawa Barat","ID",,"+62 853-1409-7395","Bengkel Sepeda Motor",,,,,,,,,,"https://www.google.com/maps/search/?api=1&query=Irgi%20Motor%20Bandung%20(%20Mekanik%20Motor%20Panggilan)&query_place_id=ChIJ_17yWj3naC4RGvZxlcVNaA0","Bengkel Sepeda Motor"
"Bengkel Motor Anugrah (Malam hari Nasi Goreng dan Soto & Pecel)","4.7","3","Jl. Cibeunying Kolot No.21","Kota Bandung","Jawa Barat","ID",,"","Bengkel Motor Skuter",,,,,,,,,,"https://www.google.com/maps/search/?api=1&query=Bengkel%20Motor%20Anugrah%20(Malam%20hari%20Nasi%20Goreng%20dan%20Soto%20%26%20Pecel)&query_place_id=ChIJ8eYbEKnnaC4RQ1xq9lNIcJU","Bengkel Motor Skuter"
"Awank Motor","4.2","12","Jl. Cemara No.75","Kota Bandung","Jawa Barat","ID",,"+62 852-2134-9778","Bengkel Ganti Oli",,,,,,,,,,"https://www.google.com/maps/search/?api=1&query=Awank%20Motor&query_place_id=ChIJIyq8zfTmaC4RhhQrjM0ZjWg","Bengkel Ganti Oli"
"Yamaha Bandung Raya","4.2","481","Jl. Dr. Setiabudi No.157","Kota Bandung","Jawa Barat","ID","https://m.facebook.com/pages/yamaha-bandung-raya-motor/699902563370629?rf=573020116089827","+62 811-233-127","Dealer Sepeda Motor","Toko Suku Cadang Motor","Toko Sepeda Motor","Tempat Parkir Sepeda Motor",,,,,,,"https://www.google.com/maps/search/?api=1&query=Yamaha%20Bandung%20Raya&query_place_id=ChIJd1sryJXmaC4RS066OO6JBhY","Dealer Sepeda Motor"
"Bengkel motor racing","5","3","Jl. Wastukencana No.1533","Kota Bandung","Jawa Barat","ID",,"","Bengkel Sepeda Motor",,,,,,,,,,"https://www.google.com/maps/search/?api=1&query=Bengkel%20motor%20racing&query_place_id=ChIJFSXwfBrnaC4R3NsDoTzS1Qw","Bengkel Sepeda Motor"
"Bengkel mobil panggilan 24 jam Bandung BY RIYAN AUTO SERVICE","4.9","28","Jl. Moch. Toha No.98","Kota Bandung","Jawa Barat","ID",,"+62 822-4010-3536","Bengkel Mobil",,,,,,,,,,"https://www.google.com/maps/search/?api=1&query=Bengkel%20mobil%20panggilan%2024%20jam%20Bandung%20BY%20RIYAN%20AUTO%20SERVICE&query_place_id=ChIJhXB_zWXpaC4RjxVzYRAQ1pA","Bengkel Mobil"
"Motor klasik Bandung",,,"Jl. Cihampelas Gg. Margalaksana No.34, RT.03/RW.09","Kota Bandung","Jawa Barat","ID",,"+62 831-1314-0444","Bengkel Sepeda Motor",,,,,,,,,,"https://www.google.com/maps/search/?api=1&query=Motor%20klasik%20Bandung&query_place_id=ChIJMywAEwDnaC4RQcZZYoUrYDQ","Bengkel Sepeda Motor"
"Tunas Motor. PD","4.8","32","Jl. Suniaraja No.104","Kota Bandung","Jawa Barat","ID",,"+62 22 4203562","Bengkel Sepeda Motor",,,,,,,,,,"https://www.google.com/maps/search/?api=1&query=Tunas%20Motor.%20PD&query_place_id=ChIJk4CHNDvmaC4RRJbsqG_l9hE","Bengkel Sepeda Motor"
"Bengkel Motor Pa Asep","5","2","Jl. Cipedes Tengah","Kota Bandung","Jawa Barat","ID","https://www.tiktok.com/@bengkelpasep?_r=1&_t=ZS-9566j3VOAJs","+62 882-0018-17331","Bengkel Sepeda Motor",,,,,,,,,,"https://www.google.com/maps/search/?api=1&query=Bengkel%20Motor%20Pa%20Asep&query_place_id=ChIJJRuUxZ3naC4RyA8XauY8RVE","Bengkel Sepeda Motor"
"Planet Ban Cikutra Barat Sadang serang","4.5","365","Jl. Cikutra Barat, RT.006/RW.19, Kelurahan :, Coblong","Kota Bandung","Jawa Barat","ID","https://lokasi.planetban.com/planet-ban-cikutra-barat-sadang-serang-motorcycle-repair-shop-coblong-bandung-389640/Home?utm_source=locator&utm_medium=googleplaces","+62 817-0006-055","Bengkel Sepeda Motor","Bengkel Motor Skuter","Toko Suku Cadang Motor","Layanan ban","Toko Ban",,,,,,"https://www.google.com/maps/search/?api=1&query=Planet%20Ban%20Cikutra%20Barat%20Sadang%20serang&query_place_id=ChIJE5K1HpjnaC4RF6VH15Bq4kw","Bengkel Sepeda Motor"
"DU Motor","3.2","33","Jl. Dipati Ukur No.232","Kota Bandung","Jawa Barat","ID",,"+62 857-9512-7075","Bengkel Sepeda Motor",,,,,,,,,,"https://www.google.com/maps/search/?api=1&query=DU%20Motor&query_place_id=ChIJUxE1cVTmaC4RG3e6v6i3nBc","Bengkel Sepeda Motor"
"Bandung Aksesoris","4.4","292","Sebrang Masjid Besar Baitun Nur, Pas depan gerbang GUPUSPAL / GUPUSMU, Jl. Cikutra No.201","Kota Bandung","Jawa Barat","ID",,"+62 853-5196-3096","Toko Suku Cadang Motor","Bengkel Kelistrikan Mobil","Toko Reparasi Lampu","Toko Lampu","Toko Sepeda Motor","Toko Lampu Neon",,,,,"https://www.google.com/maps/search/?api=1&query=Bandung%20Aksesoris&query_place_id=ChIJGZTt3KLnaC4RIUg8oIFMJLY","Toko Suku Cadang Motor"
"Jawara Bengkel Motor / Cortex","4.5","15","Jl. Surapati No.86","Kota Bandung","Jawa Barat","ID",,"+62 811-2234-185","Bengkel Sepeda Motor",,,,,,,,,,"https://www.google.com/maps/search/?api=1&query=Jawara%20Bengkel%20Motor%20%2F%20Cortex&query_place_id=ChIJS-ge9IvnaC4RFAl9oGN7zdw","Bengkel Sepeda Motor"
"Bengkel motor mocin bandung","1","1","Jl. Gagak No.17, RT.04","Kota Bandung","Jawa Barat","ID",,"+62 821-2925-1474","Bengkel Motor Skuter",,,,,,,,,,"https://www.google.com/maps/search/?api=1&query=Bengkel%20motor%20mocin%20bandung&query_place_id=ChIJI89uKwvnaC4REOhC48OSO-Q","Bengkel Motor Skuter"
"Bengkel Motor Honda Ahass 06298 Tunas Cemara Motor","4.6","560","Jl. Moch. Toha No.347","Kota Bandung","Jawa Barat","ID",,"+62 821-8687-8383","Bengkel Sepeda Motor","Bengkel Ganti Oli",,,,,,,,,"https://www.google.com/maps/search/?api=1&query=Bengkel%20Motor%20Honda%20Ahass%2006298%20Tunas%20Cemara%20Motor&query_place_id=ChIJhXcFivHoaC4RxYbWkCf1si4","Bengkel Sepeda Motor"
"Samudra Motor","4.5","12","Jl. Cikutra No.233","Kota Bandung","Jawa Barat","ID",,"+62 22 7218253","Bengkel Sepeda Motor","Toko Suku Cadang Motor",,,,,,,,,"https://www.google.com/maps/search/?api=1&query=Samudra%20Motor&query_place_id=ChIJX3jUqqXnaC4RBRBgSPZtd2U","Bengkel Sepeda Motor"
"Fam Motor","4.5","88","Jl. Gegerkalong Hilir No.56","Kota Bandung","Jawa Barat","ID",,"+62 22 2015611","Bengkel Sepeda Motor",,,,,,,,,,"https://www.google.com/maps/search/?api=1&query=Fam%20Motor&query_place_id=ChIJF0l4r5fmaC4RSTFuQLwFvyQ","Bengkel Sepeda Motor"
"Bacip Moto Shop","4.8","772","Jl. Kebon Jati No.214/216","Kota Bandung","Jawa Barat","ID","https://www.instagram.com/bacipmotoshop/","+62 811-2002-773","Bengkel Sepeda Motor",,,,,,,,,,"https://www.google.com/maps/search/?api=1&query=Bacip%20Moto%20Shop&query_place_id=ChIJOZeXZLLoaC4RClZfJPajRxo","Bengkel Sepeda Motor"
"Habemotor","4.3","142","Jl. Raya Kopo No.378","Kota Bandung","Jawa Barat","ID","https://linktr.ee/habemotor","+62 878-2587-5461","Bengkel Sepeda Motor",,,,,,,,,,"https://www.google.com/maps/search/?api=1&query=Habemotor&query_place_id=ChIJKXcuWorpaC4R0YyGlP5lEtc","Bengkel Sepeda Motor"
"Bengkel Sukasari Motor","3.5","51","Jl. Suparmin Jl. Sukawarna No.36 a","Kota Bandung","Jawa Barat","ID",,"+62 856-2420-7790","Bengkel Sepeda Motor",,,,,,,,,,"https://www.google.com/maps/search/?api=1&query=Bengkel%20Sukasari%20Motor&query_place_id=ChIJ7fps8vznaC4RCLJv7HrTF6Q","Bengkel Sepeda Motor"
"Maisan jaya motor","3.8","4","Jl. Cihampelas No.292","Kota Bandung","Jawa Barat","ID",,"+62 898-7188-055","Bengkel Sepeda Motor",,,,,,,,,,"https://www.google.com/maps/search/?api=1&query=Maisan%20jaya%20motor&query_place_id=ChIJAVKeDvbmaC4RvKn11JSLXaE","Bengkel Sepeda Motor"
"WheelsLab - Bengkel Servis Repaint Repair Velg Mobil Motor Bandung","5","133","Jl. Aksan No.57","Kota Bandung","Jawa Barat","ID","https://instagram.com/wheelslab_/","+62 821-1501-5014","Toko Pelek","Pengecatan Mobil","Layanan reparasi",,,,,,,,"https://www.google.com/maps/search/?api=1&query=WheelsLab%20-%20Bengkel%20Servis%20Repaint%20Repair%20Velg%20Mobil%20Motor%20Bandung&query_place_id=ChIJ-x4ECS7naC4RSNVeq8_10aI","Toko Pelek"
"Bintang Sembilan Motor Nissan Datsun Bandung","4.7","130","Jl. Cidurian Utara No.1","Kota Bandung","Jawa Barat","ID",,"+62 811-8888-8580","Bengkel Mobil",,,,,,,,,,"https://www.google.com/maps/search/?api=1&query=Bintang%20Sembilan%20Motor%20Nissan%20Datsun%20Bandung&query_place_id=ChIJwzE0WtbpaC4RYkb6LvJBHJ0","Bengkel Mobil"
"Bengkel Motor Bandung MM","5","4","Jl. Parakan Saat No.27","Kota Bandung","Jawa Barat","ID",,"+62 821-1864-4182","Bengkel Sepeda Motor",,,,,,,,,,"https://www.google.com/maps/search/?api=1&query=Bengkel%20Motor%20Bandung%20MM&query_place_id=ChIJvQ54zc3DaC4RROQ3TAn8dgE","Bengkel Sepeda Motor"
"Willys Motor","4.5","550","Jl. Pungkur No.65","Kota Bandung","Jawa Barat","ID",,"+62 857-9444-4047","Toko Suku Cadang Motor","Dealer Honda","Bengkel Bubut","Toko Cat","Grosir",,,,,,"https://www.google.com/maps/search/?api=1&query=Willys%20Motor&query_place_id=ChIJNxLIcyfmaC4R4tOQ2FkzoEc","Toko Suku Cadang Motor"
"Honda Naga Mas Bandung","4.8","5190","Jl. Soekarno-Hatta No.529","Kota Bandung","Jawa Barat","ID","http://linktr.ee/Honda_Nagamas","+62 813-1220-6150","Dealer Sepeda Motor","Konsultan Teknik",,,,,,,,,"https://www.google.com/maps/search/?api=1&query=Honda%20Naga%20Mas%20Bandung&query_place_id=ChIJP2goA2voaC4RvEGWJ_gy3NU","Dealer Sepeda Motor"
"Karya Motor","4.4","13","Jl. Cikutra Barat No.6","Kota Bandung","Jawa Barat","ID","https://youtube.com/andriosamah","+62 852-3445-6428","Bengkel Sepeda Motor",,,,,,,,,,"https://www.google.com/maps/search/?api=1&query=Karya%20Motor&query_place_id=ChIJa8dW6qXnaC4Rd4TMJQPgxZA","Bengkel Sepeda Motor"
"Ahass Top Speed Motor","4.1","579","Jl. Gegerkalong Hilir No.30","Kota Bandung","Jawa Barat","ID",,"+62 851-3515-8278","Bengkel Sepeda Motor",,,,,,,,,,"https://www.google.com/maps/search/?api=1&query=Ahass%20Top%20Speed%20Motor&query_place_id=ChIJv-j_gJbmaC4R4yvxpHaNtys","Bengkel Sepeda Motor"
"Nurholis Motor 2","1.3","19","Jl. Cikutra No.232","Kota Bandung","Jawa Barat","ID",,"","Bengkel Motor Skuter",,,,,,,,,,"https://www.google.com/maps/search/?api=1&query=Nurholis%20Motor%202&query_place_id=ChIJJ84rxk_naC4RL8yqicJ-D-M","Bengkel Motor Skuter"
"Indo Sarana Bandung","4.4","230","Jl. Soekarno-Hatta No.773","Kota Bandung","Jawa Barat","ID",,"+62 851-2654-3372","Dealer Motor suzuki",,,,,,,,,,"https://www.google.com/maps/search/?api=1&query=Indo%20Sarana%20Bandung&query_place_id=ChIJy49KuqXCaC4R5i-auEKSbXw","Dealer Motor suzuki"
"Dealer Resmi Honda Setia Abadi Mitra Motor Bandung","4.9","1102","Jl. Margacinta No.216","Kota Bandung","Jawa Barat","ID","https://linktr.ee/hondasambandung","+62 898-0557-518","Dealer Sepeda Motor","Dealer Honda","Bengkel Sepeda Motor",,,,,,,,"https://www.google.com/maps/search/?api=1&query=Dealer%20Resmi%20Honda%20Setia%20Abadi%20Mitra%20Motor%20Bandung&query_place_id=ChIJl5CEATnoaC4RWiOJXZVXdTQ","Dealer Sepeda Motor"
"Cianjur Motor","2.8","92","Jl. Gatot Subroto No.178A","Kota Bandung","Jawa Barat","ID",,"+62 22 7310977","Toko Suku Cadang Mobil",,,,,,,,,,"https://www.google.com/maps/search/?api=1&query=Cianjur%20Motor&query_place_id=ChIJB09oe3boaC4RLQKltHLF7pc","Toko Suku Cadang Mobil"
"PADA JAYA MOTOR BANDUNG DISTRIBUTOR RESMI SPARE PART KHUSUS MOBIL ISUZU","4.8","198","Jl. Lengkong Besar No.111A","Kota Bandung","Jawa Barat","ID",,"","Toko Suku Cadang Mobil","Bengkel Perawatan Bodi Mobil",,,,,,,,,"https://www.google.com/maps/search/?api=1&query=PADA%20JAYA%20MOTOR%20BANDUNG%20DISTRIBUTOR%20RESMI%20SPARE%20PART%20KHUSUS%20MOBIL%20ISUZU&query_place_id=ChIJBbaQ1ynmaC4RGoO2hUGe3J8","Toko Suku Cadang Mobil"
"Bj Bengkel Motor",,,"Jl. Dr. Djunjunan No.24","Kota Bandung","Jawa Barat","ID",,"+62 813-2429-5767","Bengkel Mobil",,,,,,,,,,"https://www.google.com/maps/search/?api=1&query=Bj%20Bengkel%20Motor&query_place_id=ChIJzTS9-WTmaC4R0d8uhdWQsXU","Bengkel Mobil"
"Milan Motor","4.4","236","Jl. Pungkur No.109A","Kota Bandung","Jawa Barat","ID",,"+62 813-1237-9800","Toko Suku Cadang Mobil",,,,,,,,,,"https://www.google.com/maps/search/?api=1&query=Milan%20Motor&query_place_id=ChIJZYyeVJ3oaC4RmK3NFTF9Zug","Toko Suku Cadang Mobil"
"Bengkel Cipagalo Motor","4.6","24","Jl. Terusan Buah Batu No.187","Kota Bandung","Jawa Barat","ID",,"+62 882-0008-88903","Bengkel Sepeda Motor",,,,,,,,,,"https://www.google.com/maps/search/?api=1&query=Bengkel%20Cipagalo%20Motor&query_place_id=ChIJqU30rUjoaC4R0NssbgG55NY","Bengkel Sepeda Motor"
"Bengkel Motor BEMSSPEED","5","6","2JQM+9HW","Kota Bandung","Jawa Barat","ID",,"+62 895-8010-35757","Bengkel Sepeda Motor",,,,,,,,,,"https://www.google.com/maps/search/?api=1&query=Bengkel%20Motor%20BEMSSPEED&query_place_id=ChIJMbAoBlLpaC4RKvmN5kje3hI","Bengkel Sepeda Motor"
"Ahass Aceh 0503","4.5","380","Jl. Aceh No.25","Kota Bandung","Jawa Barat","ID",,"+62 823-1793-3708","Bengkel Sepeda Motor",,,,,,,,,,"https://www.google.com/maps/search/?api=1&query=Ahass%20Aceh%200503&query_place_id=ChIJpVJ2VTjmaC4RIvZAaaHLlxY","Bengkel Sepeda Motor"
"Panorama Motor","4.5","40","Jl. Dr. Setiabudi No.234","Kota Bandung","Jawa Barat","ID",,"","Bengkel Sepeda Motor",,,,,,,,,,"https://www.google.com/maps/search/?api=1&query=Panorama%20Motor&query_place_id=ChIJxSeE-L7maC4R66rKZool9ck","Bengkel Sepeda Motor"
"Bengkel mobil panggilan bandung 24 jam (RJ AUTO CAR)","4.8","74","Jl.djunjunan No.154","Kota Bandung","Jawa Barat","ID","https://maps.app.goo.gl/iJeGbrikSY9tmyor6?g_st=aw","+62 895-3958-64950","Bengkel Mobil",,,,,,,,,,"https://www.google.com/maps/search/?api=1&query=Bengkel%20mobil%20panggilan%20bandung%2024%20jam%20(RJ%20AUTO%20CAR)&query_place_id=ChIJtWtMRg3naC4RBWqL6nJ8Uec","Bengkel Mobil"
"Wuling Maju Motor Bandung","4.6","204","Jl. Dr. Setiabudi No.43","Kota Bandung","Jawa Barat","ID","https://wulingmajumotor.id/bandung/","+62 22 82045555","Dealer mobil",,,,,,,,,,"https://www.google.com/maps/search/?api=1&query=Wuling%20Maju%20Motor%20Bandung&query_place_id=ChIJSVbIMinnaC4Rv4a2T6kzhT8","Dealer mobil"
"2 putra Bengkel motor",,,"4JC5+HMQ, Jl. Sangkuriang","Kota Bandung","Jawa Barat","ID",,"","Bengkel Sepeda Motor",,,,,,,,,,"https://www.google.com/maps/search/?api=1&query=2%20putra%20Bengkel%20motor&query_place_id=ChIJtasfMADnaC4R97aKEP9J3Z4","Bengkel Sepeda Motor"
"Champion sederhana motor","2.8","30","Bengkel Sederhana Motor, Jl. Sederhana No.32","Kota Bandung","Jawa Barat","ID",,"+62 22 64404031","Bengkel Motor Skuter",,,,,,,,,,"https://www.google.com/maps/search/?api=1&query=Champion%20sederhana%20motor&query_place_id=ChIJAxOEfaXnaC4RyKIdO8SEovM","Bengkel Motor Skuter"
"ASIA MOTOR Mochammad Toha","2.8","34","Jl. Moch. Toha No.316","Kota Bandung","Jawa Barat","ID",,"+62 812-2068-9990","Bengkel Sepeda Motor",,,,,,,,,,"https://www.google.com/maps/search/?api=1&query=ASIA%20MOTOR%20Mochammad%20Toha&query_place_id=ChIJXxMhafLoaC4RPDiYekxadyI","Bengkel Sepeda Motor"
"Benz motorsport","5","29","Dago pojok tanggulan","Kota Bandung","Jawa Barat","ID",,"+62 821-2080-3771","Bengkel Sepeda Motor",,,,,,,,,,"https://www.google.com/maps/search/?api=1&query=Benz%20motorsport&query_place_id=ChIJhRdA2-XnaC4RHCsyELEJjNA","Bengkel Sepeda Motor"
"Bengkel Motor Arif All","4.1","24","Dekat Masjid Al-Hidayah, Jalan Kebon Kembang Gang Panca indra No.222 Tamansari","Kota Bandung","Jawa Barat","ID",,"+62 858-2611-2739","Bengkel Sepeda Motor",,,,,,,,,,"https://www.google.com/maps/search/?api=1&query=Bengkel%20Motor%20Arif%20All&query_place_id=ChIJbVmHc0XmaC4R6CI6ybtaIH8","Bengkel Sepeda Motor"
"Cahaya Motor","4.6","5","4J69+FWX, Jl. Tubagus Ismail Dalam","Kota Bandung","Jawa Barat","ID",,"+62 857-1055-7424","Bengkel Sepeda Motor",,,,,,,,,,"https://www.google.com/maps/search/?api=1&query=Cahaya%20Motor&query_place_id=ChIJjRgCGVXmaC4RzxyQc3k5OzQ","Bengkel Sepeda Motor"
"dnf motorworks","4.6","25","Jl. Siliwangi No.31 A","Kota Bandung","Jawa Barat","ID",,"","Bengkel Sepeda Motor",,,,,,,,,,"https://www.google.com/maps/search/?api=1&query=dnf%20motorworks&query_place_id=ChIJ--mVCSvnaC4REHLnkv28YtQ","Bengkel Sepeda Motor"
"Fas Motor","4.1","35","Jl. Terusan Pak Gatot Raya No.7","Kota Bandung","Jawa Barat","ID",,"+62 857-2287-7822","Bengkel Sepeda Motor",,,,,,,,,,"https://www.google.com/maps/search/?api=1&query=Fas%20Motor&query_place_id=ChIJY-n94LzmaC4RqLGgnEKkywk","Bengkel Sepeda Motor"
"Bengkel Motor UngProject","5","1","4M35+M84, Jl. Jatihandap","Kota Bandung","Jawa Barat","ID","https://www.tiktok.com/@ungproject_?_r=1&_t=ZS-91XOhLEdYe8","+62 812-8757-8681","Bengkel Sepeda Motor",,,,,,,,,,"https://www.google.com/maps/search/?api=1&query=Bengkel%20Motor%20UngProject&query_place_id=ChIJgZX4XQDnaC4RxBjdeZULXVw","Bengkel Sepeda Motor"
"Sentosa.Auto (Jasa Restorasi Motor Bandung)","5","7","Jl. H. Sumarni Dalam II No.2","Kota Bandung","Jawa Barat","ID",,"+62 812-2217-8932","Bengkel Sepeda Motor",,,,,,,,,,"https://www.google.com/maps/search/?api=1&query=Sentosa.Auto%20(Jasa%20Restorasi%20Motor%20Bandung)&query_place_id=ChIJC7BCCADpaC4RUCyFlU3df_c","Bengkel Sepeda Motor"
"Bengkel Panggilan Bandung","4.6","9","Jl. Cikutra Barat.97A, Cikutra, Kec. Cibeunying Kaler","Kota Bandung","Jawa Barat","ID",,"+62 821-1844-5814","Bengkel Sepeda Motor",,,,,,,,,,"https://www.google.com/maps/search/?api=1&query=Bengkel%20Panggilan%20Bandung&query_place_id=ChIJGQ5UulHnaC4R0y7BTu6g1Ts","Bengkel Sepeda Motor"
"Bengkel Motor CHAMPION Bandung","3.7","3","Jl. A. Yani No.384","Kota Bandung","Jawa Barat","ID",,"","Bengkel Motor Skuter",,,,,,,,,,"https://www.google.com/maps/search/?api=1&query=Bengkel%20Motor%20CHAMPION%20Bandung&query_place_id=ChIJRZIiBADnaC4Rb7_eBpQVNF8","Bengkel Motor Skuter"
"Hasian Motor Bandung","2.8","54",,"Kota Bandung","Jawa Barat","ID",,"","Bengkel Sepeda Motor",,,,,,,,,,"https://www.google.com/maps/search/?api=1&query=Hasian%20Motor%20Bandung&query_place_id=ChIJWybp0R7oaC4RUbBntukPozg","Bengkel Sepeda Motor"
"Deartofmine & Co.","5","6","Jl. Ir. H. Juanda No.273a","Kota Bandung","Jawa Barat","ID","http://instagram.com/deartofmine","+62 813-2440-0954","Bengkel Sepeda Motor",,,,,,,,,,"https://www.google.com/maps/search/?api=1&query=Deartofmine%20%26%20Co.&query_place_id=ChIJW_JfcfzmaC4RHiFhSNogrHA","Bengkel Sepeda Motor"
"Bengkel spesialis komstir motor","4.7","35","Jl. Bojong Koneng No.28","Kota Bandung","Jawa Barat","ID",,"+62 822-9890-3680","Bengkel Sepeda Motor",,,,,,,,,,"https://www.google.com/maps/search/?api=1&query=Bengkel%20spesialis%20komstir%20motor&query_place_id=ChIJf4TQBwDnaC4RC0BqEcUYtGw","Bengkel Sepeda Motor"
"Bengkel Damai Motor 95","5","35","Jl. Sukarajin I No.3 RT 08/13","Kota Bandung","Jawa Barat","ID","https://www.google.com/localservices/preprofile?spp=Cg0vZy8xMXNndmh0NHA4GhQSEgkHKE4mqOdoLhEAQI1NzwulATp8V2hzUUFCQUJFQUlpRTJKbGJtZHJaV3dnWkdGdFlXa2diVzkwYjNLcUFUd1FBU29YSWhOaVpXNW5hMlZzSUdSaGJXRnBJRzF2ZEc5eUtDWXlIeEFCSWh0Rmw1S0xDdnpRVXNwSHdFV2pTS2pmMldobGNlVVVTSzJsUTdJPQ%3D%3D&scp=ChtnY2lkOm1vdG9yY3ljbGVfcmVwYWlyX3Nob3ASFBISCQcoTiao52guEQBAjU3PC6UBGhNiZW5na2VsIGRhbWFpIG1vdG9yIhNiZW5na2VsIGRhbWFpIG1vdG9yKhNiZW5na2VsIGRhbWFpIG1vdG9y&q=bengkel%20damai%20motor&gfved=2ahUKEwip952w8eT9AhURpo4KHX5kB1IQm68HegQIABAa&ved=2ahUKEwip952w8eT9AhURpo4KHX5kB1IQhIwIKAF6BAgAEBk&vet=12ahUKEwip952w8eT9AhURpo4KHX5kB1IQhIwIKAF6BAgAEBk..i&hl=id-ID&gl=id&g2lbs=ALIxsqqQwE_dVvzwN9C1tVYi5llZgyahPkrz6UVanVbOu2yZh-NbLIlL1keYYNtH634Z1rLU62ZScZ1XVWajQmXlBcF9JyEd6FnSXfbiWmbMY8Der24bs1uZeQ5x2","+62 882-1817-4560","Bengkel Sepeda Motor",,,,,,,,,,"https://www.google.com/maps/search/?api=1&query=Bengkel%20Damai%20Motor%2095&query_place_id=ChIJ8Vh0SuXnaC4R0mVhP7gtLyI","Bengkel Sepeda Motor"
"GarageTechSpeed","4.8","36","Jl. Cisitu Lama gang 4 No.57","Kota Bandung","Jawa Barat","ID",,"+62 898-8688-192","Bengkel Sepeda Motor",,,,,,,,,,"https://www.google.com/maps/search/?api=1&query=GarageTechSpeed&query_place_id=ChIJuytcMfrmaC4RWwz4tj8aERw","Bengkel Sepeda Motor"
"Hadi Motor Bandung","4.4","152","Jl. Khp Hasan Mustopa No.153","Kota Bandung","Jawa Barat","ID",,"+62 22 7200108 ext. 7232403","Bengkel Mobil","Bengkel Mobil Antik","Bengkel Rem","Toko Aki Mobil","Layanan reparasi","Toko Ban",,,,,"https://www.google.com/maps/search/?api=1&query=Hadi%20Motor%20Bandung&query_place_id=ChIJTcpN7pPnaC4RpvkiDwQnfik","Bengkel Mobil"
"Gumz Customz Motorcycle,bengkel custom bandung","4.7","79","Jl. Propelat Tim. I komp.permata rancasawo No.B1","Kota Bandung","Jawa Barat","ID",,"","Bengkel Sepeda Motor",,,,,,,,,,"https://www.google.com/maps/search/?api=1&query=Gumz%20Customz%20Motorcycle%2Cbengkel%20custom%20bandung&query_place_id=ChIJWeJ1R53CaC4RZxjXryGZWLQ","Bengkel Sepeda Motor"
"Bengkel Motor","3","3","Jl. Soekarno-Hatta No.574","Kota Bandung","Jawa Barat","ID",,"","Bengkel Mobil",,,,,,,,,,"https://www.google.com/maps/search/?api=1&query=Bengkel%20Motor&query_place_id=ChIJxWQszRboaC4RxjZbFFuNm3Q","Bengkel Mobil"
"Montir Mobil Panggilan 24 Jam Bandung Pramudana Motor","4.9","54","Jl. Dr. Setiabudi No.254","Kota Bandung","Jawa Barat","ID","http://www.montirmobilpanggilan22.web.id/","+62 896-6821-6861","Montir",,,,,,,,,,"https://www.google.com/maps/search/?api=1&query=Montir%20Mobil%20Panggilan%2024%20Jam%20Bandung%20Pramudana%20Motor&query_place_id=ChIJJXmG9XzlaC4RxjRe0TZPNcw","Montir"
"RAJA BAN BANDUNG Gateway Cicadas | Maxxis, FDR, Corsa, Zeneos, Mizzle","5","227","Jl. A. Yani No.640","Kota Bandung","Jawa Barat","ID","https://taplink.cc/rajaban","+62 851-7997-6092","Toko Ban","Bengkel Motor Skuter","Toko Ban Bekas",,,,,,,,"https://www.google.com/maps/search/?api=1&query=RAJA%20BAN%20BANDUNG%20Gateway%20Cicadas%20%7C%20Maxxis%2C%20FDR%2C%20Corsa%2C%20Zeneos%2C%20Mizzle&query_place_id=ChIJbTgPjbLnaC4RK-a5d0XQrGA","Toko Ban"
"JOKER Variasi + Modifikasi motor Bandung. Rek BCA: . . . . 0176. a/n. Andre Wiguna (selain nama ini palsu).","4.2","321","Jl. Sukamaju No.45","Kota Bandung","Jawa Barat","ID",,"+62 813-2030-8008","Bengkel Sepeda Motor",,,,,,,,,,"https://www.google.com/maps/search/?api=1&query=JOKER%20Variasi%20%2B%20Modifikasi%20motor%20Bandung.%20Rek%20BCA%3A%20.%20.%20.%20.%200176.%20a%2Fn.%20Andre%20Wiguna%20(selain%20nama%20ini%20palsu).&query_place_id=ChIJXSmEs1_maC4R2ld7SxZ8fck","Bengkel Sepeda Motor"
"Fen Motor 52","4.5","34","Jl. Pelesiran No.52","Kota Bandung","Jawa Barat","ID",,"+62 813-2279-7767","Bengkel Sepeda Motor",,,,,,,,,,"https://www.google.com/maps/search/?api=1&query=Fen%20Motor%2052&query_place_id=ChIJGz8FHVvmaC4R-3biWAQyHdE","Bengkel Sepeda Motor"
"Sinar Motor","4","74","Jalan TBS. Ismail No.1 A","Kota Bandung","Jawa Barat","ID",,"+62 882-1838-8499","Bengkel Sepeda Motor",,,,,,,,,,"https://www.google.com/maps/search/?api=1&query=Sinar%20Motor&query_place_id=ChIJBedu86rnaC4R9ymwGzNOnvM","Bengkel Sepeda Motor"
"Sriwijaya Motor","4.4","204","Jl. Sriwijaya No.110C","Kota Bandung","Jawa Barat","ID",,"+62 898-6465-899","Bengkel Sepeda Motor",,,,,,,,,,"https://www.google.com/maps/search/?api=1&query=Sriwijaya%20Motor&query_place_id=ChIJ5UgfNozoaC4ReaixOInwPj4","Bengkel Sepeda Motor"
"Bengkel CTS","4.6","103","4J69+FHJ, Jl. Sekeloa Sel. I No.1","Kota Bandung","Jawa Barat","ID","http://shopee.co.id/bengkelcts","+62 821-1921-8286","Bengkel Sepeda Motor","Tempat Ibadah",,,,,,,,,"https://www.google.com/maps/search/?api=1&query=Bengkel%20CTS&query_place_id=ChIJTeGEBlXmaC4R-bhUU0hGLcI","Bengkel Sepeda Motor"
"Bengkel motor","2.3","3","4J44+V8G, Jl. Kebun Binatang","Kota Bandung","Jawa Barat","ID",,"","Bengkel Sepeda Motor",,,,,,,,,,"https://www.google.com/maps/search/?api=1&query=Bengkel%20motor&query_place_id=ChIJJ9I1P47naC4RBBTzGTJzQmY","Bengkel Sepeda Motor"
"Bengkel panggilan mobil dan motor kota bandung jawa barat","4.9","192","jln","Kota Bandung","Jawa Barat","ID","http://www.montirmotordanmobil24jam.com/","+62 895-2688-3592","Montir",,,,,,,,,,"https://www.google.com/maps/search/?api=1&query=Bengkel%20panggilan%20mobil%20dan%20motor%20kota%20bandung%20jawa%20barat&query_place_id=ChIJ9_EW3A7naC4Rc77C96DdQ6Y","Montir"
"Planet Ban Jalan Leuwipanjang Situsaeur","4.4","580","Jl. Leuwi Panjang No.99","Kota Bandung","Jawa Barat","ID","https://lokasi.planetban.com/planet-ban-jalan-leuwipanjang-situsaeur-motorcycle-repair-shop-situsaeur-bandung-389623/Home?utm_source=locator&utm_medium=googleplaces","+62 817-0006-055","Bengkel Sepeda Motor","Bengkel Motor Skuter","Toko Suku Cadang Motor","Layanan ban","Toko Ban",,,,,,"https://www.google.com/maps/search/?api=1&query=Planet%20Ban%20Jalan%20Leuwipanjang%20Situsaeur&query_place_id=ChIJJ21dvaLoaC4RF_piX3pbtf4","Bengkel Sepeda Motor"
"BHAYANGKARA MOTOR (bengkel motor)","5","10","Jl. Terusan Sindang Barang No.90","Kota Bandung","Jawa Barat","ID",,"+62 889-2700-378","Bengkel Bongkar Pasang Mesin",,,,,,,,,,"https://www.google.com/maps/search/?api=1&query=BHAYANGKARA%20MOTOR%20(bengkel%20motor)&query_place_id=ChIJc1npSzbnaC4RPrGi2UFeDyA","Bengkel Bongkar Pasang Mesin"
"Bengkel motor online DOC","4.9","25","Gg. Neglasari V","Kota Bandung","Jawa Barat","ID",,"+62 896-4654-0325","Bengkel Sepeda Motor",,,,,,,,,,"https://www.google.com/maps/search/?api=1&query=Bengkel%20motor%20online%20DOC&query_place_id=ChIJnebecgDnaC4RoMQneQlj9ZU","Bengkel Sepeda Motor"
"Bengkel Motor Antara","4.8","5","Jl. Pratista Tim. I Jl. Jajaway No.Timur, RW.24","Kota Bandung","Jawa Barat","ID",,"+62 852-2222-4575","Bengkel Sepeda Motor",,,,,,,,,,"https://www.google.com/maps/search/?api=1&query=Bengkel%20Motor%20Antara&query_place_id=ChIJq1sLxgDoaC4RC1bdz_re3cI","Bengkel Sepeda Motor"
"BBMotor18 Bengkel Motor","5","2","Jl. Inhoftank No.33","Kota Bandung","Jawa Barat","ID",,"+62 821-2612-3711","Bengkel Mobil",,,,,,,,,,"https://www.google.com/maps/search/?api=1&query=BBMotor18%20Bengkel%20Motor&query_place_id=ChIJvY96oHTpaC4RNmytqinc614","Bengkel Mobil"
"OKI Motor","4.8","27","Jl. Tubagus Ismail Dalam No.46","Kota Bandung","Jawa Barat","ID",,"+62 823-1834-8781","Bengkel Sepeda Motor",,,,,,,,,,"https://www.google.com/maps/search/?api=1&query=OKI%20Motor&query_place_id=ChIJIVVgwlXmaC4RbKLscUOvqj4","Bengkel Sepeda Motor"
"Bengkel MS Motor","3.9","22","Jl. Cipagalo Girang, RT/RW. 02/06","Kota Bandung","Jawa Barat","ID",,"+62 821-1969-5767","Bengkel Motor Skuter",,,,,,,,,,"https://www.google.com/maps/search/?api=1&query=Bengkel%20MS%20Motor&query_place_id=ChIJi59G6wXpaC4RAI8IlZJptvw","Bengkel Motor Skuter"
"Cat mobil , cat motor , Cat mobil bandung , cat motor bandung , poles mobil , salon mobil , melayani panggilan bandung","5","35",,"Kota Bandung","Jawa Barat","ID","https://www.tiktok.com/@bcar1263?_t=8joXvsotApe&_r=1","+62 887-0632-8190","Bengkel Mobil",,,,,,,,,,"https://www.google.com/maps/search/?api=1&query=Cat%20mobil%20%2C%20cat%20motor%20%2C%20Cat%20mobil%20bandung%20%2C%20cat%20motor%20bandung%20%2C%20poles%20mobil%20%2C%20salon%20mobil%20%2C%20melayani%20panggilan%20bandung&query_place_id=ChIJ-To_S8vpaC4RS-_x1O77dgQ","Bengkel Mobil"
"NS Motor Bandung","4.3","11","Sebelah pom mini pangkalan ojeg logam, Jl. Marga Indah I No.2","Kota Bandung","Jawa Barat","ID",,"+62 853-1512-6553","Bengkel Sepeda Motor",,,,,,,,,,"https://www.google.com/maps/search/?api=1&query=NS%20Motor%20Bandung&query_place_id=ChIJc4luPtzpaC4RJP68lK3IOds","Bengkel Sepeda Motor"
"Bengkel motor trimasketir","5","18","2MVM+H4G","Kota Bandung","Jawa Barat","ID",,"+62 878-4397-7063","Bengkel Sepeda Motor",,,,,,,,,,"https://www.google.com/maps/search/?api=1&query=Bengkel%20motor%20trimasketir&query_place_id=ChIJa0RpaHfDaC4R2Yc_qKCPL-Y","Bengkel Sepeda Motor"
"BENGKEL MOTOR","1","1",,"Kota Bandung","Jawa Barat","ID",,"","Bengkel Mobil",,,,,,,,,,"https://www.google.com/maps/search/?api=1&query=BENGKEL%20MOTOR&query_place_id=ChIJ7Zk_Xx7maC4ROCkt8bEfZ4E","Bengkel Mobil"
"Bengkel Motor","5","1","3J3P+69M, No., Jl. Batu Api IV","Kota Bandung","Jawa Barat","ID",,"","Bengkel Sepeda Motor",,,,,,,,,,"https://www.google.com/maps/search/?api=1&query=Bengkel%20Motor&query_place_id=ChIJhdJaMWjoaC4RRxixkbOVR-k","Bengkel Sepeda Motor"
"YANK MOTOR","3.1","282","Jl. Cikutra No.158-138","Kota Bandung","Jawa Barat","ID",,"","Toko",,,,,,,,,,"https://www.google.com/maps/search/?api=1&query=YANK%20MOTOR&query_place_id=ChIJ-8jR7J7naC4RCMoGxpdKb5c","Toko"
"Dewa Motor Indonesia - Cikutra Barat, Bandung","5","9","Jl. Cikutra Barat No.123","Kota Bandung","Jawa Barat","ID","https://dewamotor.com/","","Bengkel Sepeda Motor",,,,,,,,,,"https://www.google.com/maps/search/?api=1&query=Dewa%20Motor%20Indonesia%20-%20Cikutra%20Barat%2C%20Bandung&query_place_id=ChIJncxpbgDnaC4R2aEdmaGofSo","Bengkel Sepeda Motor"
"YAMAHA JG BANDUNG OFFICIAL","4.6","664","Jalan BKR No.5 Lingkar Selatan Cijagra","Kota Bandung","Jawa Barat","ID","http://www.jgmotor.co.id/","+62 22 7318755","Dealer Sepeda Motor",,,,,,,,,,"https://www.google.com/maps/search/?api=1&query=YAMAHA%20JG%20BANDUNG%20OFFICIAL&query_place_id=ChIJucTV2J_paC4RlPZUgmyuGeE","Dealer Sepeda Motor"
"Bengkel Motor Scooter Ide","4.7","15","BENGKEL MOTOR SCOOTER IDE, Jl. Raya Derwati No.29","Kota Bandung","Jawa Barat","ID",,"+62 838-6944-5036","Bengkel Sepeda Motor",,,,,,,,,,"https://www.google.com/maps/search/?api=1&query=Bengkel%20Motor%20Scooter%20Ide&query_place_id=ChIJvdrJg07DaC4RKNg5X6Ien24","Bengkel Sepeda Motor"
"Jatihandap Motor","4.1","8","Jl. H. Saodah No.147, RT.2/RW.08","Kota Bandung","Jawa Barat","ID",,"+62 852-2093-2222","Bengkel Sepeda Motor","Toko Suku Cadang Motor",,,,,,,,,"https://www.google.com/maps/search/?api=1&query=Jatihandap%20Motor&query_place_id=ChIJbVSujI_naC4Rpmlq9PSZwO4","Bengkel Sepeda Motor"
"Surapati Motor","3.9","102","Jl. Surapati No.153","Kota Bandung","Jawa Barat","ID",,"","Bengkel Sepeda Motor",,,,,,,,,,"https://www.google.com/maps/search/?api=1&query=Surapati%20Motor&query_place_id=ChIJZVLUDLHnaC4RCqevjsDn4XI","Bengkel Sepeda Motor"
"Nur Cholis Motor","4.1","212","Jl. Cikutra No.256","Kota Bandung","Jawa Barat","ID",,"+62 878-7768-9445","Bengkel Sepeda Motor",,,,,,,,,,"https://www.google.com/maps/search/?api=1&query=Nur%20Cholis%20Motor&query_place_id=ChIJR4HnxKLnaC4RGWZaKZsKzJY","Bengkel Sepeda Motor"
"Bengkel Motor","5","2","Jl. Khp Hasan Mustopa No.129","Kota Bandung","Jawa Barat","ID",,"","Bengkel Bongkar Pasang Mesin",,,,,,,,,,"https://www.google.com/maps/search/?api=1&query=Bengkel%20Motor&query_place_id=ChIJpaIeLpTnaC4R3Hw_xD-wsEE","Bengkel Bongkar Pasang Mesin"
"SRB.MOTOR (bengkel yusup)","4.9","48","4J2Q+2RQ, Gg. Suka Bersih","Kota Bandung","Jawa Barat","ID",,"+62 851-7314-6130","Bengkel Sepeda Motor",,,,,,,,,,"https://www.google.com/maps/search/?api=1&query=SRB.MOTOR%20(bengkel%20yusup)&query_place_id=ChIJF8Ukl9XnaC4Rv6urAdc5FJc","Bengkel Sepeda Motor"
"Dipoera87 Motor Sport","4.5","63","Jl. Sadang Saip No.88","Kota Bandung","Jawa Barat","ID",,"+62 857-7077-8092","Bengkel Sepeda Motor",,,,,,,,,,"https://www.google.com/maps/search/?api=1&query=Dipoera87%20Motor%20Sport&query_place_id=ChIJGz2F2qznaC4RqBKN3uRu850","Bengkel Sepeda Motor"
"Mulia Agung Motor","3.5","79","Jl. Terusan Jakarta No.10F, RW.07","Kota Bandung","Jawa Barat","ID",,"+62 22 7279558","Bengkel Sepeda Motor","Toko Sepeda Motor","Toko Motorsport",,,,,,,,"https://www.google.com/maps/search/?api=1&query=Mulia%20Agung%20Motor&query_place_id=ChIJRS9CyennaC4RYW4Dh7AhCJ0","Bengkel Sepeda Motor"
"Naga bengkel motor","4.8","22","Samping SMPK Kalam Kudus, Jl. Mekar Puspita No.57D","Kota Bandung","Jawa Barat","ID",,"+62 877-1909-3038","Bengkel Sepeda Motor",,,,,,,,,,"https://www.google.com/maps/search/?api=1&query=Naga%20bengkel%20motor&query_place_id=ChIJccXiZh_paC4RVUGJde-AtDo","Bengkel Sepeda Motor"
"Gins motor","4.9","38","Jl. Gama No.88m, RT.03/RW.05","Kota Bandung","Jawa Barat","ID",,"+62 882-1462-3207","Bengkel Sepeda Motor",,,,,,,,,,"https://www.google.com/maps/search/?api=1&query=Gins%20motor&query_place_id=ChIJ3TwoBADnaC4RjZJg6jm-H9Q","Bengkel Sepeda Motor"
"Bengkel motor Sabila jaya","4.7","160","sebelah hotel moscato, Jl. Raya Lembang","Kota Bandung","Jawa Barat","ID",,"+62 857-2421-7992","Bengkel Sepeda Motor",,,,,,,,,,"https://www.google.com/maps/search/?api=1&query=Bengkel%20motor%20Sabila%20jaya&query_place_id=ChIJ_6oFUNThaC4RTkA0eQWOa9g","Bengkel Sepeda Motor"
"Bengkel Honda AHASS 06541 Sampurna Motor Bandung","4.9","1118","Jl. Surapati No.185","Kota Bandung","Jawa Barat","ID",,"+62 22 2504675","Bengkel Sepeda Motor",,,,,,,,,,"https://www.google.com/maps/search/?api=1&query=Bengkel%20Honda%20AHASS%2006541%20Sampurna%20Motor%20Bandung&query_place_id=ChIJZRgGT1HnaC4RmCQw-6aQX4I","Bengkel Sepeda Motor"
"Championship Motor","3.6","278","4J77+MW6, Jl. Tubagus Ismail","Kota Bandung","Jawa Barat","ID","http://www.pinkclips.com/","+62 22 2504233","Bengkel Sepeda Motor","Toko",,,,,,,,,"https://www.google.com/maps/search/?api=1&query=Championship%20Motor&query_place_id=ChIJUbiUuPjmaC4RT_JT00OIcrM","Bengkel Sepeda Motor"
"TJ MOTOR","5","15","3JXV+XF6, Jl. Khp Hasan Mustopa","Kota Bandung","Jawa Barat","ID",,"+62 831-3137-3532","Bengkel Sepeda Motor",,,,,,,,,,"https://www.google.com/maps/search/?api=1&query=TJ%20MOTOR&query_place_id=ChIJtQYbddnnaC4RxMOpVFXJ68Y","Bengkel Sepeda Motor"
"9Autoworks","4","167","Jl. Kembar II No.9","Kota Bandung","Jawa Barat","ID","http://www.instagram.com/","+62 899-7972-048","Bengkel Perbaikan Bodi Mobil",,,,,,,,,,"https://www.google.com/maps/search/?api=1&query=9Autoworks&query_place_id=ChIJW3SAGZLoaC4RUMtWXZ94Atk","Bengkel Perbaikan Bodi Mobil"
"Ledeng Motor Bandung","4.5","2139","Jl. Dr. Setiabudi No.237","Kota Bandung","Jawa Barat","ID","http://ledengmotor.com/","+62 878-8555-5071","Bengkel Sepeda Motor","Toko Suku Cadang Mobil","Bengkel Motor Skuter",,,,,,,,"https://www.google.com/maps/search/?api=1&query=Ledeng%20Motor%20Bandung&query_place_id=ChIJX7_Lq7nmaC4RouKBCOYm7ak","Bengkel Sepeda Motor"
"Bengkel Motor Abila Pratama / Abila Pratama Motor","5","35","Jl. Gagak No.55","Kota Bandung","Jawa Barat","ID",,"+62 898-7819-270","Bengkel Sepeda Motor",,,,,,,,,,"https://www.google.com/maps/search/?api=1&query=Bengkel%20Motor%20Abila%20Pratama%20%2F%20Abila%20Pratama%20Motor&query_place_id=ChIJoSjm_vDnaC4RTZHEvQKloRU","Bengkel Sepeda Motor"
"YSS D-Aiz Motor","4.7","222","Jl. Sukaraja No.194, RT.02/RW.06","Kota Bandung","Jawa Barat","ID",,"+62 851-0808-1912","Bengkel Sepeda Motor",,,,,,,,,,"https://www.google.com/maps/search/?api=1&query=YSS%20D-Aiz%20Motor&query_place_id=ChIJ1yi_B9blaC4RVMNbP4XicgA","Bengkel Sepeda Motor"
"Bengkel Motor Om Ijan","4.9","212","Jl. Gegerkalong Hilir No.203","Kota Bandung","Jawa Barat","ID","https://instagram.com/bengkel_omijan?igshid=1vaknmjl3kl67","+62 812-8802-3835","Bengkel Sepeda Motor",,,,,,,,,,"https://www.google.com/maps/search/?api=1&query=Bengkel%20Motor%20Om%20Ijan&query_place_id=ChIJvwaN3o_naC4RZJGg-XZUAU0","Bengkel Sepeda Motor"
"WIRA MOTOR","4","15","Jl. Sadakeling No.2","Kota Bandung","Jawa Barat","ID",,"+62 813-2277-7708","Bengkel Mobil",,,,,,,,,,"https://www.google.com/maps/search/?api=1&query=WIRA%20MOTOR&query_place_id=ChIJB5aawYHoaC4R1ZvgoADQi8U","Bengkel Mobil"
"Cikutra Motor","3.9","26","Jl. Cikutra No.201","Kota Bandung","Jawa Barat","ID",,"+62 22 61469395","Bengkel Mobil",,,,,,,,,,"https://www.google.com/maps/search/?api=1&query=Cikutra%20Motor&query_place_id=ChIJ7YbHD6PnaC4R6V4A2JcBLOo","Bengkel Mobil"
"Yamaha Flagship Shop Bandung Official","4.8","3352","Jl. Soekarno-Hatta No.474a","Kota Bandung","Jawa Barat","ID","https://www.yamaha-motor.co.id/consultation/?city=KOTA%20BANDUNG&dealer=8D0025F&LOCK=","+62 812-2275-555","Dealer Sepeda Motor","Toko Suku Cadang Motor","Bengkel Sepeda Motor",,,,,,,,"https://www.google.com/maps/search/?api=1&query=Yamaha%20Flagship%20Shop%20Bandung%20Official&query_place_id=ChIJv-q7mufpaC4RJQTqmyJVNq8","Dealer Sepeda Motor"
"BENGKEL OHS MOTOR BARU","3.4","50","Jl. Gegerkalong Hilir No.23a","Kota Bandung","Jawa Barat","ID","https://www.tiktok.com/@ohsmotorbdg?_t=8eX3vupQqGo&_r=1","+62 877-1731-1884","Bengkel Sepeda Motor",,,,,,,,,,"https://www.google.com/maps/search/?api=1&query=BENGKEL%20OHS%20MOTOR%20BARU&query_place_id=ChIJrWw5ORnnaC4RbuwAfXuYH7Y","Bengkel Sepeda Motor"
"MTeg Speed Matic","4.8","45","Jl. Hajah Juariah No.27, RT.04/RW.01","Kota Bandung","Jawa Barat","ID",,"+62 813-2203-3455","Bengkel Sepeda Motor",,,,,,,,,,"https://www.google.com/maps/search/?api=1&query=MTeg%20Speed%20Matic&query_place_id=ChIJB0BWcs7laC4RUpFG9_UGdNg","Bengkel Sepeda Motor"
"Bengkel Motor","5","1",,"Kota Bandung","Jawa Barat","ID",,"+62 813-1297-7884","Bengkel Mobil",,,,,,,,,,"https://www.google.com/maps/search/?api=1&query=Bengkel%20Motor&query_place_id=ChIJ_3N-1sToaC4R_1GmmiuMU8w","Bengkel Mobil"
"Hegar Motor: Wash & Service Station","4.8","154","Jl. Abadi Raya No.04","Kota Bandung","Jawa Barat","ID",,"+62 858-7163-3844","Tempat cuci motor","Bengkel Ganti Oli","Toko",,,,,,,,"https://www.google.com/maps/search/?api=1&query=Hegar%20Motor%3A%20Wash%20%26%20Service%20Station&query_place_id=ChIJwXbeJXPnaC4RmrN5FR2Uvr8","Tempat cuci motor"
"Yobel Autolight","4.7","258","Jl. Moch. Toha No.153","Kota Bandung","Jawa Barat","ID","https://www.tokopedia.com/yobelautolight","+62 878-2509-5717","Toko Reparasi Lampu","Bengkel Mobil",,,,,,,,,"https://www.google.com/maps/search/?api=1&query=Yobel%20Autolight&query_place_id=ChIJbXIMswbpaC4RwfyHs4DmvVY","Toko Reparasi Lampu"
"Brinka Speed Work","4.8","6","Jl. Terusan Mulyasari","Kota Bandung","Jawa Barat","ID",,"+62 812-1401-1596","Bengkel Motor Skuter",,,,,,,,,,"https://www.google.com/maps/search/?api=1&query=Brinka%20Speed%20Work&query_place_id=ChIJXWGU0oPnaC4RPHnnnlW2TPM","Bengkel Motor Skuter"
"Pusat Aki Bandung","4.9","138","Jl. Cikutra Barat No.54","Kota Bandung","Jawa Barat","ID","https://wa.me/628121490069","+62 812-1490-069","Toko Aki Mobil",,,,,,,,,,"https://www.google.com/maps/search/?api=1&query=Pusat%20Aki%20Bandung&query_place_id=ChIJ_U7JI0HnaC4RiPmE8L_zdbY","Toko Aki Mobil"
"Planet Ban Jalan Cijagra Lengkong","4.3","185","Jl. Cijagra No.59, RT.006/RW.03","Kota Bandung","Jawa Barat","ID","https://lokasi.planetban.com/planet-ban-jalan-cijagra-lengkong-motorcycle-repair-shop-lengkong-bandung-389637/Home?utm_source=locator&utm_medium=googleplaces","+62 817-0006-055","Bengkel Sepeda Motor","Bengkel Motor Skuter","Toko Suku Cadang Motor","Layanan ban","Toko Ban",,,,,,"https://www.google.com/maps/search/?api=1&query=Planet%20Ban%20Jalan%20Cijagra%20Lengkong&query_place_id=ChIJkxdGM2npaC4RgwLOu7N1Fyc","Bengkel Sepeda Motor"
"Makmur Jaya Motor","5","27","Jl. PHH Mustofa No129 B, Cibeunying Kaler","Kota Bandung","Jawa Barat","ID",,"+62 878-2132-1479","Bengkel Sepeda Motor",,,,,,,,,,"https://www.google.com/maps/search/?api=1&query=Makmur%20Jaya%20Motor&query_place_id=ChIJ_SVF0ZXnaC4RT9ecJ93weGc","Bengkel Sepeda Motor"
"BENGKEL MOTOR PRATAMA","5","9","Jl. Khp Hasan Mustopa No.5","Kota Bandung","Jawa Barat","ID",,"+62 895-4117-39990","Bengkel Sepeda Motor",,,,,,,,,,"https://www.google.com/maps/search/?api=1&query=BENGKEL%20MOTOR%20PRATAMA&query_place_id=ChIJrWz0xdvnaC4RU5WXp1-hQYs","Bengkel Sepeda Motor"
"Bengkel tambal ban motor dan jasa las listrik",,,"JLSUKAJADI, Jl. Cibarengkok No.581/182A","Kota Bandung","Jawa Barat","ID",,"+62 857-2145-7033","Bengkel Sepeda Motor",,,,,,,,,,"https://www.google.com/maps/search/?api=1&query=Bengkel%20tambal%20ban%20motor%20dan%20jasa%20las%20listrik&query_place_id=ChIJzeVvkdLnaC4RmH7zB8vbvQ4","Bengkel Sepeda Motor"
"LUXAS Auto Detailing | Salon Mobil Bandung | Poles Mobil Bandung | Salon Mobil Panggilan | Detailing Mobil Bandung","4.9","28","Jl. Sekeloa Tengah No.29.A","Kota Bandung","Jawa Barat","ID","https://luxas.id/","+62 852-6315-1572","Bengkel Mobil","Dealer mobil","Tempat Pencucian Mobil",,,,,,,,"https://www.google.com/maps/search/?api=1&query=LUXAS%20Auto%20Detailing%20%7C%20Salon%20Mobil%20Bandung%20%7C%20Poles%20Mobil%20Bandung%20%7C%20Salon%20Mobil%20Panggilan%20%7C%20Detailing%20Mobil%20Bandung&query_place_id=ChIJjYo0l8HnaC4RNN03GnPbY0U","Bengkel Mobil"
"SRJD7_106","4.9","34","Jl. Sarijadi Raya No.106","Kota Bandung","Jawa Barat","ID",,"","Bengkel Sepeda Motor",,,,,,,,,,"https://www.google.com/maps/search/?api=1&query=SRJD7_106&query_place_id=ChIJR4_QgIrnaC4Rw-IXK7EOjhI","Bengkel Sepeda Motor"
"Modifikasi Garasi 81","4.9","17","Jl. Cikutra Barat No.81","Kota Bandung","Jawa Barat","ID",,"+62 888-9117-202","Bengkel Sepeda Motor",,,,,,,,,,"https://www.google.com/maps/search/?api=1&query=Modifikasi%20Garasi%2081&query_place_id=ChIJYRwe2q7naC4ROaE3RlgB0Cc","Bengkel Sepeda Motor"
"Sentral Motor","4.7","70","Jl. Cikondang No.1 A","Kota Bandung","Jawa Barat","ID",,"+62 22 2500489","Bengkel Sepeda Motor",,,,,,,,,,"https://www.google.com/maps/search/?api=1&query=Sentral%20Motor&query_place_id=ChIJqYPmKK_naC4RnBWDT_Pumvo","Bengkel Sepeda Motor"
"Planet Ban Sarijadi Raya Sukasari","4","44","Jl. Sarijadi Raya No.12, RT./RW/RW.003/02","Kota Bandung","Jawa Barat","ID","https://lokasi.planetban.com/planet-ban-sarijadi-raya-sukasari-motorcycle-repair-shop-sukasari-bandung-389665/Home?utm_source=locator&utm_medium=googleplaces","+62 817-0006-055","Bengkel Sepeda Motor","Bengkel Motor Skuter","Toko Suku Cadang Motor","Layanan ban","Toko Ban",,,,,,"https://www.google.com/maps/search/?api=1&query=Planet%20Ban%20Sarijadi%20Raya%20Sukasari&query_place_id=ChIJQ8eI4K_naC4R97BcYF70c6k","Bengkel Sepeda Motor"
"Chibenk Motor","4.6","119","Jl. Cikutra Barat No.46","Kota Bandung","Jawa Barat","ID",,"","Bengkel Sepeda Motor","Toko Suku Cadang Motor","Layanan reparasi",,,,,,,,"https://www.google.com/maps/search/?api=1&query=Chibenk%20Motor&query_place_id=ChIJYRzYRa_naC4RJH5NjJlLiEM","Bengkel Sepeda Motor"
"Palem Motor Bandung","4.9","15","Jl. Sadang Serang","Kota Bandung","Jawa Barat","ID",,"","Bengkel Sepeda Motor",,,,,,,,,,"https://www.google.com/maps/search/?api=1&query=Palem%20Motor%20Bandung&query_place_id=ChIJzxi4S6rnaC4RU4Vq02Rz7Dg","Bengkel Sepeda Motor"
"Planet Ban Jalan Sukagalih Sukabungah","3.6","51","Jl. Sukagalih No.79, RT./RW/RW.004/03","Kota Bandung","Jawa Barat","ID","https://lokasi.planetban.com/planet-ban-jalan-sukagalih-sukabungah-motorcycle-repair-shop-sukajadi-bandung-389621/Home?utm_source=locator&utm_medium=googleplaces","+62 817-0006-055","Bengkel Sepeda Motor","Bengkel Motor Skuter","Toko Suku Cadang Motor","Layanan ban","Toko Ban",,,,,,"https://www.google.com/maps/search/?api=1&query=Planet%20Ban%20Jalan%20Sukagalih%20Sukabungah&query_place_id=ChIJjVtpITDnaC4RtWSVrifC8oA","Bengkel Sepeda Motor"
"Peralatan Bengkel Shop","4.5","19","RT 03/11 No. 56","Kota Bandung","Jawa Barat","ID","https://shopee.co.id/pbs_official","+62 896-5495-7845","Toko","Bengkel Peralatan",,,,,,,,,"https://www.google.com/maps/search/?api=1&query=Peralatan%20Bengkel%20Shop&query_place_id=ChIJMROKzX3naC4R3xMDpG6bXLw","Toko"
"Panggilan Darurat MOBIL MOTOR 24 Jam BANDUNG",,,"Jl. PDAM No.18B","Kota Bandung","Jawa Barat","ID",,"+62 856-4028-0848","Bengkel Mobil",,,,,,,,,,"https://www.google.com/maps/search/?api=1&query=Panggilan%20Darurat%20MOBIL%20MOTOR%2024%20Jam%20BANDUNG&query_place_id=ChIJya6SeGXnaC4RgV241NtLgEM","Bengkel Mobil"
"Scooter Ebelz Garage","5","2","4JMF+94P, Unnamed Road","Kota Bandung","Jawa Barat","ID",,"+62 889-7125-8714","Bengkel Motor Skuter",,,,,,,,,,"https://www.google.com/maps/search/?api=1&query=Scooter%20Ebelz%20Garage&query_place_id=ChIJBc8Qkb3naC4R-Itfy6z4j5M","Bengkel Motor Skuter"
"IMS Kalagondang Industries","5","19","Jl. Setrasari V No.23/2b","Kota Bandung","Jawa Barat","ID",,"+62 819-0241-0441","Bengkel Sepeda Motor",,,,,,,,,,"https://www.google.com/maps/search/?api=1&query=IMS%20Kalagondang%20Industries&query_place_id=ChIJ3_ho8C3naC4REKBlbKVZc9Y","Bengkel Sepeda Motor"
"Bengkel Vespa Dan Ganti Oli All Motor","5","2","4JMF+93R","Kota Bandung","Jawa Barat","ID",,"","Bengkel Motor Skuter",,,,,,,,,,"https://www.google.com/maps/search/?api=1&query=Bengkel%20Vespa%20Dan%20Ganti%20Oli%20All%20Motor&query_place_id=ChIJz4Y_sK7naC4RlQHfSll6ClA","Bengkel Motor Skuter"
"Helen Motor dan Helen Taylor","5","10","Jl. Sarirasa Blok 5 No.17","Kota Bandung","Jawa Barat","ID",,"+62 823-1834-7116","Layanan B2B",,,,,,,,,,"https://www.google.com/maps/search/?api=1&query=Helen%20Motor%20dan%20Helen%20Taylor&query_place_id=ChIJIX8DmRznaC4Rd8Wt-TsTDNA","Layanan B2B"
"Honda cihampelas bandung","4.5","2","Jl. Cihampelas","Kota Bandung","Jawa Barat","ID",,"+62 857-2203-7878","Dealer Sepeda Motor",,,,,,,,,,"https://www.google.com/maps/search/?api=1&query=Honda%20cihampelas%20bandung&query_place_id=ChIJS8mi6uHnaC4RraihIddBgX4","Dealer Sepeda Motor"
"Yamaha Arista","3.7","3","4J95+4R8, Jl. Sangkuriang","Kota Bandung","Jawa Barat","ID","https://yamaha.arista-group.co.id/","","Bengkel Motor Elektrik",,,,,,,,,,"https://www.google.com/maps/search/?api=1&query=Yamaha%20Arista&query_place_id=ChIJGfPYVffmaC4RSTHo6S4gSTY","Bengkel Motor Elektrik"
"Bengkel Sae Motor","4","1","Jl Babakan Jeruk l No, Jl. Babakan Jeruk 1 No.154B","Kota Bandung","Jawa Barat","ID",,"+62 857-9591-3333","Bengkel Motor Skuter",,,,,,,,,,"https://www.google.com/maps/search/?api=1&query=Bengkel%20Sae%20Motor&query_place_id=ChIJORamoofmaC4R0wUDiIu6fG4","Bengkel Motor Skuter"
"Honda Mitra Jaya","4.7","1113","Jl. Khp Hasan Mustopa No.27","Kota Bandung","Jawa Barat","ID","https://linktr.ee/hondamitrajayabandung","+62 812-3553-3749","Dealer Sepeda Motor","Bengkel Sepeda Motor",,,,,,,,,"https://www.google.com/maps/search/?api=1&query=Honda%20Mitra%20Jaya&query_place_id=ChIJ5dEEG7vnaC4R29uEeuARcOE","Dealer Sepeda Motor"
"BMW Motorrad DC Motorindo Bandung","5","35","Jl. Sukajadi No.151","Kota Bandung","Jawa Barat","ID",,"+62 819-1511-5100","Dealer Sepeda Motor BMW",,,,,,,,,,"https://www.google.com/maps/search/?api=1&query=BMW%20Motorrad%20DC%20Motorindo%20Bandung&query_place_id=ChIJab6TjyfnaC4RKwTUemmwPPU","Dealer Sepeda Motor BMW"
"Bengkel motor Honda Nsr","5","4","4J4C+H2W","Kota Bandung","Jawa Barat","ID",,"","Bengkel Sepeda Motor",,,,,,,,,,"https://www.google.com/maps/search/?api=1&query=Bengkel%20motor%20Honda%20Nsr&query_place_id=ChIJgXD_MwDnaC4ROyWLHzC1lec","Bengkel Sepeda Motor"
"Dewa Motor Indonesia - Gunung Batu","4.8","105","Jl. Gn. Batu No.89","Kota Bandung","Jawa Barat","ID",,"","Bengkel Sepeda Motor",,,,,,,,,,"https://www.google.com/maps/search/?api=1&query=Dewa%20Motor%20Indonesia%20-%20Gunung%20Batu&query_place_id=ChIJO-9cEwjlaC4RD-GDus7s8AI","Bengkel Sepeda Motor"
"Rifqi Jaya Motor","4.8","42","Jl. Sindang Sirna","Kota Bandung","Jawa Barat","ID",,"+62 881-0235-12722","Bengkel Sepeda Motor",,,,,,,,,,"https://www.google.com/maps/search/?api=1&query=Rifqi%20Jaya%20Motor&query_place_id=ChIJlwXcko3maC4Rj-IhPEI1UqY","Bengkel Sepeda Motor"
"ROI MOTOR","4.1","213","Jl. Riung Bandung Raya No.4","Kota Bandung","Jawa Barat","ID",,"","Bengkel Sepeda Motor",,,,,,,,,,"https://www.google.com/maps/search/?api=1&query=ROI%20MOTOR&query_place_id=ChIJizHCI5fCaC4RZi3YM4l8UnQ","Bengkel Sepeda Motor"
"Lingga Motor","3.4","460","Jl. AH. Nasution No.100","Kota Bandung","Jawa Barat","ID",,"+62 22 7803197","Bengkel Sepeda Motor",,,,,,,,,,"https://www.google.com/maps/search/?api=1&query=Lingga%20Motor&query_place_id=ChIJk8lY3ifDaC4RhuV4HTEx-2A","Bengkel Sepeda Motor"
"Bengkel yamaha","4.7","14","Gg. 1 Blok 1","Kota Bandung","Jawa Barat","ID",,"","Bengkel Ganti Oli",,,,,,,,,,"https://www.google.com/maps/search/?api=1&query=Bengkel%20yamaha&query_place_id=ChIJI98L38TnaC4RR4dKG9g8vL0","Bengkel Ganti Oli"
"BENGKEL SPESIALIS KAWASAKI BANDUNG TERDEKAT SiJoeclass Racing ( Sparepart & Service )","5","2373","Jalan Sukaraja no 1A Ruko Sebelah Jembatan pertigaan Pasteur Bandung Rt 05/06 Kav. A gunung batu. Kel. Sukaraja","Kota Bandung","Jawa Barat","ID",,"+62 858-9970-3703","Toko Suku Cadang Motor","Tukang Garasi","Dealer Sepeda Motor","Bengkel Sepeda Motor","Toko Sepeda Motor","Toko Motorsport","Bengkel Mesin","Toko",,,"https://www.google.com/maps/search/?api=1&query=BENGKEL%20SPESIALIS%20KAWASAKI%20BANDUNG%20TERDEKAT%20SiJoeclass%20Racing%20(%20Sparepart%20%26%20Service%20)&query_place_id=ChIJ23ErPSrBaC4RJw39vyWfWHQ","Toko Suku Cadang Motor"
"Garuda Motor Cat Oven & Service","4.7","49","Jl. Terusan Sutami","Kota Bandung","Jawa Barat","ID","https://www.instagram.com/garudamotor.bdg/?hl=id","+62 851-8332-7985","Bengkel Perawatan Bodi Mobil",,,,,,,,,,"https://www.google.com/maps/search/?api=1&query=Garuda%20Motor%20Cat%20Oven%20%26%20Service&query_place_id=ChIJFVBHAIXmaC4RRT5H8h28jx0","Bengkel Perawatan Bodi Mobil"
"dm Dadung Motor","4.3","6","Jl. Kebun Binatang No.6","Kota Bandung","Jawa Barat","ID",,"+62 838-4548-5363","Bengkel Sepeda Motor",,,,,,,,,,"https://www.google.com/maps/search/?api=1&query=dm%20Dadung%20Motor&query_place_id=ChIJMXG8S2HnaC4RCsAvYWQsAEk","Bengkel Sepeda Motor"
"Bengkel Motor & Tambal Ban 030T","5","12","Buka 24 jam, Jl. Peta No.222","Kota Bandung","Jawa Barat","ID",,"+62 821-2925-4650","Bengkel Sepeda Motor",,,,,,,,,,"https://www.google.com/maps/search/?api=1&query=Bengkel%20Motor%20%26%20Tambal%20Ban%20030T&query_place_id=ChIJ6THoJYzpaC4R-2hpMl_7zdk","Bengkel Sepeda Motor"
"HJM Hurip Jaya Motor","3.5","47","Jl. Tubagus Ismail No.29","Kota Bandung","Jawa Barat","ID",,"+62 22 2506225","Bengkel Sepeda Motor",,,,,,,,,,"https://www.google.com/maps/search/?api=1&query=HJM%20Hurip%20Jaya%20Motor&query_place_id=ChIJDcMzD__maC4Rz3SmTr7pXHw","Bengkel Sepeda Motor"
"Berkah Motor","4.6","70","Jl. Setra Indah No.30-40","Kota Bandung","Jawa Barat","ID",,"+62 821-1794-5253","Bengkel Mobil",,,,,,,,,,"https://www.google.com/maps/search/?api=1&query=Berkah%20Motor&query_place_id=ChIJ3d8k0ojmaC4RNQKfEYEF_h8","Bengkel Mobil"
"Bengkel Jati motor 252","5","14","Jl. Sukasari II No.252","Kota Bandung","Jawa Barat","ID",,"+62 896-9336-8476","Bengkel Sepeda Motor",,,,,,,,,,"https://www.google.com/maps/search/?api=1&query=Bengkel%20Jati%20motor%20252&query_place_id=ChIJSTprNwDnaC4RzAMNvU1Bc8w","Bengkel Sepeda Motor"
"Setiabudi Lestari Motor","4.3","235","Jl. Dr. Setiabudi No.18-20","Kota Bandung","Jawa Barat","ID","https://www.chevrolet.co.id/","+62 22 2030567","Dealer mobil","Bengkel Mobil","Jasa pengiriman mobil","Dealer Chevrolet",,,,,,,"https://www.google.com/maps/search/?api=1&query=Setiabudi%20Lestari%20Motor&query_place_id=ChIJtxsSIPTmaC4RK2jV5TTSjYU","Dealer mobil"
"Bengkel Sakang Motor 1","3.5","22","Jl. Sukagalih No.143","Kota Bandung","Jawa Barat","ID",,"+62 878-2225-2221","Bengkel Motor Skuter",,,,,,,,,,"https://www.google.com/maps/search/?api=1&query=Bengkel%20Sakang%20Motor%201&query_place_id=ChIJ5UOBv-TnaC4Rlecyim-xeUw","Bengkel Motor Skuter"
"Yamaha Star Sarijadi","4.8","1178","Jl. Sarijadi Raya No.54","Kota Bandung","Jawa Barat","ID",,"+62 878-2588-2114","Bengkel Sepeda Motor","Dealer Sepeda Motor",,,,,,,,,"https://www.google.com/maps/search/?api=1&query=Yamaha%20Star%20Sarijadi&query_place_id=ChIJcZ5a-ZvmaC4R6-oj57io54w","Bengkel Sepeda Motor"
"JTA motorwork","3.9","19","Jl. Cihampelas No.193 A","Kota Bandung","Jawa Barat","ID",,"+62 813-2127-1299","Bengkel Sepeda Motor","Bengkel Bubut",,,,,,,,,"https://www.google.com/maps/search/?api=1&query=JTA%20motorwork&query_place_id=ChIJZ362sljmaC4RwIqBJW-dMw0","Bengkel Sepeda Motor"
"Bengkel Makmur Jaya Motor","4.7","16","3M8H+2J6","Kota Bandung","Jawa Barat","ID",,"","Bengkel Sepeda Motor",,,,,,,,,,"https://www.google.com/maps/search/?api=1&query=Bengkel%20Makmur%20Jaya%20Motor&query_place_id=ChIJsRQxsdXDaC4RGG85mdu6TZs","Bengkel Sepeda Motor"
"Dr.CVT performance Spesialis CVT Racing & Harian","5","106","Jl. A. Yani No.640","Kota Bandung","Jawa Barat","ID","https://wa.me/6285174372096","+62 851-7437-2096","Bengkel Sepeda Motor","Toko Motor Elektrik","Bengkel Bubut","Bengkel Motor Skuter","Dealer Sepeda Motor","Toko Suku Cadang Motor","Toko Motorsport","Grosir",,,"https://www.google.com/maps/search/?api=1&query=Dr.CVT%20performance%20Spesialis%20CVT%20Racing%20%26%20Harian&query_place_id=ChIJSaDCTAPnaC4R4eqDfOPQ3Kk","Bengkel Sepeda Motor"
"Champion Jaya Motor","3.6","83","Jl. Ciumbuleuit No.39","Kota Bandung","Jawa Barat","ID",,"+62 22 2039018","Bengkel Sepeda Motor",,,,,,,,,,"https://www.google.com/maps/search/?api=1&query=Champion%20Jaya%20Motor&query_place_id=ChIJzYHSr_bmaC4RnsW3WIsLw0M","Bengkel Sepeda Motor"
"AS Variasi & Sparepart Motor","4.2","38","Jl. Komud Supadio Bandung No.11","Kota Bandung","Jawa Barat","ID",,"","Bengkel Sepeda Motor","Toko Suku Cadang Motor",,,,,,,,,"https://www.google.com/maps/search/?api=1&query=AS%20Variasi%20%26%20Sparepart%20Motor&query_place_id=ChIJlfy59BLmaC4RX199YEEqXGk","Bengkel Sepeda Motor"
"RED 'N BLACK Cuci Steam Motor Dan Mobil","3.9","53","Jl. Cikutra Barat No.43","Kota Bandung","Jawa Barat","ID",,"","Tempat Pencucian Mobil",,,,,,,,,,"https://www.google.com/maps/search/?api=1&query=RED%20'N%20BLACK%20Cuci%20Steam%20Motor%20Dan%20Mobil&query_place_id=ChIJfeBAOa_naC4RcXVJsZ6C-K0","Tempat Pencucian Mobil"
"Jaya Abadi Motor","4.5","56","Jl. AH. Nasution No.123A","Kota Bandung","Jawa Barat","ID",,"","Bengkel Sepeda Motor",,,,,,,,,,"https://www.google.com/maps/search/?api=1&query=Jaya%20Abadi%20Motor&query_place_id=ChIJ_eSv6DndaC4Ru0Fdvxk_RNY","Bengkel Sepeda Motor"
"Bengkel motor family 18","3.4","5","depan indomaret pas pangkalan ojeg, Jl. Bojong Koneng","Kota Bandung","Jawa Barat","ID",,"+62 896-3634-3448","Bengkel Sepeda Motor",,,,,,,,,,"https://www.google.com/maps/search/?api=1&query=Bengkel%20motor%20family%2018&query_place_id=ChIJ1dfxWQDnaC4RA_5Qr_Ljst8","Bengkel Sepeda Motor"
"Bengkel Motor Kang Dadi","4.3","7","Jl. Raya Cipadung No.457","Kota Bandung","Jawa Barat","ID",,"","Bengkel Sepeda Motor",,,,,,,,,,"https://www.google.com/maps/search/?api=1&query=Bengkel%20Motor%20Kang%20Dadi&query_place_id=ChIJNaVlSw_DaC4R47INUJUbwAA","Bengkel Sepeda Motor"
"Asem Reges","4.5","97","Jl. Sukagalih II No.5","Kota Bandung","Jawa Barat","ID",,"+62 22 2038344","Bengkel Mobil",,,,,,,,,,"https://www.google.com/maps/search/?api=1&query=Asem%20Reges&query_place_id=ChIJVX1mJ2HmaC4R3vTChmqrmqQ","Bengkel Mobil"
"Ims-71","4.1","75","Jl. Sukagalih No.71","Kota Bandung","Jawa Barat","ID",,"","Bengkel Sepeda Motor",,,,,,,,,,"https://www.google.com/maps/search/?api=1&query=Ims-71&query_place_id=ChIJeWBXNGHmaC4R9_ajmZ7u5_M","Bengkel Sepeda Motor"
"Yamaha Bintang Jaya Motor","4","290","Jl. Cikutra Barat No.123","Kota Bandung","Jawa Barat","ID",,"+62 22 2531797","Dealer Sepeda Motor","Bengkel Sepeda Motor",,,,,,,,,"https://www.google.com/maps/search/?api=1&query=Yamaha%20Bintang%20Jaya%20Motor&query_place_id=ChIJQ5USHaznaC4RPeOT0IhyCDc","Dealer Sepeda Motor"
"Bengkel Setia Motor","5","1","Jl. Tubagus Ismail No.11","Kota Bandung","Jawa Barat","ID",,"+62 22 70025239","Bengkel Sepeda Motor",,,,,,,,,,"https://www.google.com/maps/search/?api=1&query=Bengkel%20Setia%20Motor&query_place_id=ChIJtaVTdQDnaC4RGGfuR-uxPJ4","Bengkel Sepeda Motor"
"Gagak Motor","4.4","46","Jl. Gagak No.11","Kota Bandung","Jawa Barat","ID",,"","Bengkel Sepeda Motor",,,,,,,,,,"https://www.google.com/maps/search/?api=1&query=Gagak%20Motor&query_place_id=ChIJdzRQjLLnaC4RoGhpKD9VFUs","Bengkel Sepeda Motor"
"Manunggal Motor Bandung","5","24","Jl. Manunggal No.2","Kota Bandung","Jawa Barat","ID",,"+62 813-1272-2531","Bengkel Mobil","Toko Aksesori Mobil","Kantor Inspeksi Mobil",,,,,,,,"https://www.google.com/maps/search/?api=1&query=Manunggal%20Motor%20Bandung&query_place_id=ChIJFd3SUpHnaC4RUAxxbmg_Fk4","Bengkel Mobil"
"Kursus Mekanik Motor LPK Indonesia Produktif","4.7","31","Jl. Gegerkalong Hilir No.165","Kota Bandung","Jawa Barat","ID","https://kursusmekanikmotorbandung.com/","+62 812-2254-9078","Kursus","Montir","Insinyur Teknik",,,,,,,,"https://www.google.com/maps/search/?api=1&query=Kursus%20Mekanik%20Motor%20LPK%20Indonesia%20Produktif&query_place_id=ChIJa8jDpJjmaC4RCCdHZlL-39s","Kursus"
"Yamaha Antapani Motor","3.8","242","Jl. Purwakarta No.113","Kota Bandung","Jawa Barat","ID",,"","Bengkel Sepeda Motor",,,,,,,,,,"https://www.google.com/maps/search/?api=1&query=Yamaha%20Antapani%20Motor&query_place_id=ChIJTxCEtfrnaC4RoQayY4FioU8","Bengkel Sepeda Motor"
"Planet Ban Jalan Cikutra Neglasari","4.8","19","Jl. Cikutra No.308 A, RT./RW/RW.003/002","Kota Bandung","Jawa Barat","ID","https://lokasi.planetban.com/planet-ban-jalan-cikutra-neglasari-motorcycle-repair-shop-cibeunying-kaler-bandung-389673/Home?utm_source=locator&utm_medium=googleplaces","+62 817-0006-055","Bengkel Sepeda Motor","Bengkel Motor Skuter","Toko Suku Cadang Motor","Layanan ban","Toko Ban",,,,,,"https://www.google.com/maps/search/?api=1&query=Planet%20Ban%20Jalan%20Cikutra%20Neglasari&query_place_id=ChIJSyh5lh_naC4Rr898tkE68cU","Bengkel Sepeda Motor"
"Salma Motor Bandung est 2014","4.9","41","Blok L No.6a, Jl. Satria Raya","Kota Bandung","Jawa Barat","ID",,"+62 895-2872-9649","Bengkel Sepeda Motor",,,,,,,,,,"https://www.google.com/maps/search/?api=1&query=Salma%20Motor%20Bandung%20est%202014&query_place_id=ChIJ6-WD4t3vaC4RFlEx9t2ngMc","Bengkel Sepeda Motor"
"K-Bengkel (By Fauzi)","4.9","1351","Jl. Soekarno-Hatta No.38","Kota Bandung","Jawa Barat","ID",,"","Bengkel Sepeda Motor",,,,,,,,,,"https://www.google.com/maps/search/?api=1&query=K-Bengkel%20(By%20Fauzi)&query_place_id=ChIJU-BkvHXvaC4RZ66vFIxJbnM","Bengkel Sepeda Motor"
"Astra Motor Bandung","4.7","69","Jl. Sudirman","Kota Bandung","Jawa Barat","ID","http://www.astramotor.co.id/","+62 897-9772-485","Bengkel Sepeda Motor",,,,,,,,,,"https://www.google.com/maps/search/?api=1&query=Astra%20Motor%20Bandung&query_place_id=ChIJAWzq4jbnaC4RrauhPu2YatY","Bengkel Sepeda Motor"
"Hade Motor Bengkel Mobil Hyundai, KIA, Honda, Daihatsu, Suzuki, dan Toyota","4.7","47","Jl. Dr. Djunjunan","Kota Bandung","Jawa Barat","ID",,"+62 811-2230-720","Bengkel Mobil",,,,,,,,,,"https://www.google.com/maps/search/?api=1&query=Hade%20Motor%20Bengkel%20Mobil%20Hyundai%2C%20KIA%2C%20Honda%2C%20Daihatsu%2C%20Suzuki%2C%20dan%20Toyota&query_place_id=ChIJ2UXqZHzmaC4RZ_jBRifXKEs","Bengkel Mobil"
"Bengkel Sen Motor","4.4","15","Jl Mulyasari No 14 A,Kel.Sugalih,Kec.Sukajadi.Kotamadya Bandung 40163 Prop","Kota Bandung","Jawa Barat","ID",,"+62 896-2188-3333","Bengkel Mobil",,,,,,,,,,"https://www.google.com/maps/search/?api=1&query=Bengkel%20Sen%20Motor&query_place_id=ChIJ3_RNe2LmaC4R7Jod5lVdDzo","Bengkel Mobil"
"Han's Jaya Motor Variasi","3.5","2","Jl. Gegerkalong Hilir No.154","Kota Bandung","Jawa Barat","ID",,"+62 812-2008-6689","Bengkel Sepeda Motor","Bengkel Mobil",,,,,,,,,"https://www.google.com/maps/search/?api=1&query=Han's%20Jaya%20Motor%20Variasi&query_place_id=ChIJq4xwppjmaC4RJPZXNhUPbLA","Bengkel Sepeda Motor"
"Top Jaya Motor","4.1","32","Jl. Ir. H. Juanda No.413","Kota Bandung","Jawa Barat","ID",,"+62 878-2193-0646","Bengkel Motor Elektrik",,,,,,,,,,"https://www.google.com/maps/search/?api=1&query=Top%20Jaya%20Motor&query_place_id=ChIJsZGMO-DmaC4RvHyC1dMCrDA","Bengkel Motor Elektrik"
"Bengkel sepeda dan motor listrik",,,"Jl. Sukaraja No.269","Kota Bandung","Jawa Barat","ID",,"+62 812-2395-425","Bengkel Motor Elektrik",,,,,,,,,,"https://www.google.com/maps/search/?api=1&query=Bengkel%20sepeda%20dan%20motor%20listrik&query_place_id=ChIJr8ezo5fnaC4R-3L5APxnLik","Bengkel Motor Elektrik"
"Brazil Garage","5","9","Gg. Pak Elas IX No.114","Kota Bandung","Jawa Barat","ID",,"+62 895-3434-85354","Bengkel Sepeda Motor",,,,,,,,,,"https://www.google.com/maps/search/?api=1&query=Brazil%20Garage&query_place_id=ChIJux7gzYnnaC4R8FfjYQ1KDUw","Bengkel Sepeda Motor"
"Star Jaya Motor","2.3","51","Jl. Cikutra Barat No.75","Kota Bandung","Jawa Barat","ID",,"+62 22 91151771","Bengkel Sepeda Motor",,,,,,,,,,"https://www.google.com/maps/search/?api=1&query=Star%20Jaya%20Motor&query_place_id=ChIJmbl32K7naC4RygwCn2I6B-w","Bengkel Sepeda Motor"
"Belajar Custom","4.8","22","Jl. Abadi I No.7","Kota Bandung","Jawa Barat","ID",,"","Bengkel Sepeda Motor",,,,,,,,,,"https://www.google.com/maps/search/?api=1&query=Belajar%20Custom&query_place_id=ChIJwSdy6bTnaC4RafAb32g8j-U","Bengkel Sepeda Motor"
"Mulia Motor","4.4","75","Jl. Sukajadi No.221","Kota Bandung","Jawa Barat","ID",,"+62 22 2034856","Bengkel Mobil",,,,,,,,,,"https://www.google.com/maps/search/?api=1&query=Mulia%20Motor&query_place_id=ChIJWcApmpLmaC4RqhkMk2SHpZQ","Bengkel Mobil"
"Shop & Bike - Ciwastra, Bandung","4.9","131","Jl. Margacinta No.5","Kota Bandung","Jawa Barat","ID","https://www.shopandbike.co.id/?category=Ban","+62 811-1115-8263","Bengkel Sepeda Motor","Toko Suku Cadang Motor","Bengkel Ganti Oli","Layanan ban","Toko Ban",,,,,,"https://www.google.com/maps/search/?api=1&query=Shop%20%26%20Bike%20-%20Ciwastra%2C%20Bandung&query_place_id=ChIJI7UiBC7paC4Rf8ufHPpx9_0","Bengkel Sepeda Motor"
"BENGKEL MOTOR DIVZ GARAGE","1","1","Jln cipamokolan kolot, Jl. Cipamokolan Kolot Jln","Kota Bandung","Jawa Barat","ID",,"+62 882-2236-4758","Bengkel Sepeda Motor",,,,,,,,,,"https://www.google.com/maps/search/?api=1&query=BENGKEL%20MOTOR%20DIVZ%20GARAGE&query_place_id=ChIJ4zwZDT7daC4R9sKAJ4zHQgM","Bengkel Sepeda Motor"
"Bengkel motor amanah mas bowo","4.9","10","Jl. Adi Gladiol Komplek bumi adipura 1 No.8","Kota Bandung","Jawa Barat","ID",,"+62 821-1500-188","Bengkel Sepeda Motor",,,,,,,,,,"https://www.google.com/maps/search/?api=1&query=Bengkel%20motor%20amanah%20mas%20bowo&query_place_id=ChIJrbbsBoPDaC4Rz2PoJY_8MUI","Bengkel Sepeda Motor"
"Motorcustom.bdg (dealer & workshop)","4.8","98","3PP7+3FF, jl puri asih","Kota Bandung","Jawa Barat","ID",,"+62 896-6242-3355","Bengkel Sepeda Motor",,,,,,,,,,"https://www.google.com/maps/search/?api=1&query=Motorcustom.bdg%20(dealer%20%26%20workshop)&query_place_id=ChIJwam473_daC4RE3aEDu6fPpQ","Bengkel Sepeda Motor"
"Garage Team Satelit Bandung","5","1","Jl. Babakan Cilandak No.33","Kota Bandung","Jawa Barat","ID",,"+62 838-2199-8800","Bengkel Motor Elektrik",,,,,,,,,,"https://www.google.com/maps/search/?api=1&query=Garage%20Team%20Satelit%20Bandung&query_place_id=ChIJ2dazUJvmaC4RrhgMtMOvMPY","Bengkel Motor Elektrik"
"Bengkel motor mas marno","4.9","19","4HFV+RQ5, Jl. Babakan Sukajadi","Kota Bandung","Jawa Barat","ID",,"+62 823-1223-89632","Bengkel Mobil",,,,,,,,,,"https://www.google.com/maps/search/?api=1&query=Bengkel%20motor%20mas%20marno&query_place_id=ChIJZ9uqkannaC4Rx5Hf6RutIxw","Bengkel Mobil"
"Eddi Motor","4.7","545","Jl. Ciwastra No.243","Kota Bandung","Jawa Barat","ID","https://www.astra-honda.com/","+62 22 7564726","Bengkel Sepeda Motor",,,,,,,,,,"https://www.google.com/maps/search/?api=1&query=Eddi%20Motor&query_place_id=ChIJx6sL1y7oaC4RYvKSGZEnAtA","Bengkel Sepeda Motor"
"BENGKEL MOTOR 211","4.8","5","3M4F+M69","Kota Bandung","Jawa Barat","ID",,"+62 831-3566-2275","Bengkel Sepeda Motor",,,,,,,,,,"https://www.google.com/maps/search/?api=1&query=BENGKEL%20MOTOR%20211&query_place_id=ChIJNf8mXTjDaC4R8SjIt7weq80","Bengkel Sepeda Motor"
"Autojaya75","5","16","Jl. Ciumbuleuit No.75","Kota Bandung","Jawa Barat","ID",,"+62 812-1411-4435","Bengkel Sepeda Motor",,,,,,,,,,"https://www.google.com/maps/search/?api=1&query=Autojaya75&query_place_id=ChIJJTi3Em7naC4RR0HGmnydvPc","Bengkel Sepeda Motor"
"HONDA RPM MOTOR CIHAMPELAS","4.7","1293","Jl. Cihampelas No.159A","Kota Bandung","Jawa Barat","ID","http://www.rejekigroup.com/","+62 851-6981-0776","Dealer Honda","Bengkel Sepeda Motor",,,,,,,,,"https://www.google.com/maps/search/?api=1&query=HONDA%20RPM%20MOTOR%20CIHAMPELAS&query_place_id=ChIJa8Xx_VvmaC4RPTLzKHo5igQ","Dealer Honda"
"Bengkel Motor Si Mas","4.6","18","2MVH+XVW","Kota Bandung","Jawa Barat","ID",,"","Bengkel Sepeda Motor",,,,,,,,,,"https://www.google.com/maps/search/?api=1&query=Bengkel%20Motor%20Si%20Mas&query_place_id=ChIJ3WFnlprCaC4R5Y5SLyDg42Q","Bengkel Sepeda Motor"
"Bengkel Praweda racing","4.8","19","Jl. Saturnus Ujung III, No.3 ,blok S.153","Kota Bandung","Jawa Barat","ID",,"","Bengkel Sepeda Motor",,,,,,,,,,"https://www.google.com/maps/search/?api=1&query=Bengkel%20Praweda%20racing&query_place_id=ChIJARLakyLoaC4RQwaoxHVbkpc","Bengkel Sepeda Motor"
"Yamaha Star Motor 1","4.8","852","Jl. Melong Asih No.27","Kota Bandung","Jawa Barat","ID",,"+62 878-2577-8518","Bengkel Sepeda Motor",,,,,,,,,,"https://www.google.com/maps/search/?api=1&query=Yamaha%20Star%20Motor%201&query_place_id=ChIJKxzLrOTlaC4Rcy0uUDyQExg","Bengkel Sepeda Motor"
"Bengkel Mobil 24 Jam Bandung","5","3","Jl. Cikutra Barat Gg. Bukit Reuma I No.52","Kota Bandung","Jawa Barat","ID",,"+62 818-1887-6557","Bengkel Mobil",,,,,,,,,,"https://www.google.com/maps/search/?api=1&query=Bengkel%20Mobil%2024%20Jam%20Bandung&query_place_id=ChIJ8fbxR7nnaC4RRydlwq8oTHU","Bengkel Mobil"
"Motor Pelan","5","1","4HHR+H85, Jl. Cipedes Atas","Kota Bandung","Jawa Barat","ID",,"","Bengkel Motor Skuter",,,,,,,,,,"https://www.google.com/maps/search/?api=1&query=Motor%20Pelan&query_place_id=ChIJM9u9Xr3naC4R3-v5YaT5wYs","Bengkel Motor Skuter"
"Pojok Bengkel Motor","4.9","8","Jl. Kb. Gedang III","Kota Bandung","Jawa Barat","ID",,"+62 895-3026-8990","Bengkel Sepeda Motor",,,,,,,,,,"https://www.google.com/maps/search/?api=1&query=Pojok%20Bengkel%20Motor&query_place_id=ChIJe6eTiGHnaC4Rn3447W6EKNU","Bengkel Sepeda Motor"
"Yasashii Garage (Motorcycle Custom)","4.9","13","Jl. Sribentang No.33, RT./RW/RW.03/02","Kota Bandung","Jawa Barat","ID","https://shope.ee/5KoZaKWFcJ","+62 815-6263-217","Bengkel Sepeda Motor",,,,,,,,,,"https://www.google.com/maps/search/?api=1&query=Yasashii%20Garage%20(Motorcycle%20Custom)&query_place_id=ChIJ7TNlOIbpaC4R-ERh0Bav_iA","Bengkel Sepeda Motor"
"Mandiri Motor Pasteur","3.2","38","Jl. Dr. Djunjunan No.150","Kota Bandung","Jawa Barat","ID",,"+62 22 2001405","Bengkel Sepeda Motor",,,,,,,,,,"https://www.google.com/maps/search/?api=1&query=Mandiri%20Motor%20Pasteur&query_place_id=ChIJb8Kd5dHnaC4Rax9egY7gqGM","Bengkel Sepeda Motor"
"Bengkel sepeda motor",,,"Jl. Babakan Sumedang, RT.8/RW.15","Kota Bandung","Jawa Barat","ID",,"+62 895-2052-6929","Bengkel Sepeda Motor",,,,,,,,,,"https://www.google.com/maps/search/?api=1&query=Bengkel%20sepeda%20motor&query_place_id=ChIJ3w81pwLnaC4RkYatkqz-ois","Bengkel Sepeda Motor"
"Diky jaya motor panggilan (Home service Bmw Bandung)","4.9","99","samping baso ojo dumeh, Jl. Cibeunying Kolot","Kota Bandung","Jawa Barat","ID",,"+62 852-2228-2144","Bengkel Mobil",,,,,,,,,,"https://www.google.com/maps/search/?api=1&query=Diky%20jaya%20motor%20panggilan%20(Home%20service%20Bmw%20Bandung)&query_place_id=ChIJHw4QjOTnaC4RLGpxUw348DU","Bengkel Mobil"
"Sinar Mulia Motor","4.5","92","Jl. Ir. H. Juanda No.331 A","Kota Bandung","Jawa Barat","ID",,"+62 22 2534024","Bengkel Mobil",,,,,,,,,,"https://www.google.com/maps/search/?api=1&query=Sinar%20Mulia%20Motor&query_place_id=ChIJKdlSKePmaC4Rf50g_eC--so","Bengkel Mobil"
"Bengkel Motor & Bubut KJM Tech","4.8","13","2JPQ+RCV","Kota Bandung","Jawa Barat","ID",,"+62 822-1897-2703","Bengkel Sepeda Motor",,,,,,,,,,"https://www.google.com/maps/search/?api=1&query=Bengkel%20Motor%20%26%20Bubut%20KJM%20Tech&query_place_id=ChIJDT_9cJ9Bby4RdvXb8N2YNBw","Bengkel Sepeda Motor"
"MK Motor","4.3","139","Jl. AH. Nasution No.188","Kota Bandung","Jawa Barat","ID",,"+62 899-7812-124","Bengkel Mobil","Tempat Pencucian Mobil",,,,,,,,,"https://www.google.com/maps/search/?api=1&query=MK%20Motor&query_place_id=ChIJ1x7czC_daC4RA8PpFiynmhg","Bengkel Mobil"
"AHASS Sejahtera motor sadang serang","4.9","1619","Jl. Sadang Serang No.41","Kota Bandung","Jawa Barat","ID","https://wa.me/6285624028257","+62 856-2402-8257","Bengkel Sepeda Motor",,,,,,,,,,"https://www.google.com/maps/search/?api=1&query=AHASS%20Sejahtera%20motor%20sadang%20serang&query_place_id=ChIJKR1XwW_naC4RsUrTAu2mpuk","Bengkel Sepeda Motor"
"Bengkel Motor Aditama Bore up Remap ECU Servis & Sparepart","5","3","Sma Al Islam, Jl. Cilengkrang 1 Jl. Cigagak Cipadung, RT.04/RW.06","Kota Bandung","Jawa Barat","ID",,"+62 851-6125-7290","Bengkel Sepeda Motor",,,,,,,,,,"https://www.google.com/maps/search/?api=1&query=Bengkel%20Motor%20Aditama%20Bore%20up%20Remap%20ECU%20Servis%20%26%20Sparepart&query_place_id=ChIJ2ebVXdTdaC4R-se-g0AgKVw","Bengkel Sepeda Motor"
"DOKTER SUSPENSION CICAHEUM","4.8","241","Jl. A. Yani No.640","Kota Bandung","Jawa Barat","ID","https://doktersuspension.taplink.bio/","+62 851-7441-1640","Bengkel Sepeda Motor",,,,,,,,,,"https://www.google.com/maps/search/?api=1&query=DOKTER%20SUSPENSION%20CICAHEUM&query_place_id=ChIJc0InWnXnaC4RbEufJjJ8_2o","Bengkel Sepeda Motor"
"Gm 07 (home garage)bengkel motor","4.9","59","Jl. Mukti","Kota Bandung","Jawa Barat","ID",,"+62 815-5935-535","Bengkel Sepeda Motor",,,,,,,,,,"https://www.google.com/maps/search/?api=1&query=Gm%2007%20(home%20garage)bengkel%20motor&query_place_id=ChIJG4wHGYTnaC4RgqmckjycLu4","Bengkel Sepeda Motor"
"""Mutiara Motor"" Bengkel Motor Antapani, Bandung","4.3","7","Jl. Terusan Jakarta No.245","Kota Bandung","Jawa Barat","ID",,"+62 22 7206368","Bengkel Sepeda Motor","Toko Suku Cadang Motor",,,,,,,,,"https://www.google.com/maps/search/?api=1&query=%22Mutiara%20Motor%22%20Bengkel%20Motor%20Antapani%2C%20Bandung&query_place_id=ChIJefUMzfDnaC4RK8HaFRktRks","Bengkel Sepeda Motor"
"Dealer Honda Daya Motor Soekarno Hatta Bandung","4.8","3782","Jl. Soekarno-Hatta No.518","Kota Bandung","Jawa Barat","ID","http://www.daya-motor.com/","+62 811-2289-0518","Dealer Sepeda Motor","Dealer Honda",,,,,,,,,"https://www.google.com/maps/search/?api=1&query=Dealer%20Honda%20Daya%20Motor%20Soekarno%20Hatta%20Bandung&query_place_id=ChIJ_efeDafEaC4RhIFGcUI3YIE","Dealer Sepeda Motor"
"BONE MOTOR","3.7","3","Jl. Cibeunying Kolot No.68","Kota Bandung","Jawa Barat","ID",,"","Bengkel Sepeda Motor",,,,,,,,,,"https://www.google.com/maps/search/?api=1&query=BONE%20MOTOR&query_place_id=ChIJk0gN26rnaC4RnZLqMzr5hQI","Bengkel Sepeda Motor"
"Sinar Lucky Motor","4.4","124","Jl. Ciwastra No.203","Kota Bandung","Jawa Barat","ID",,"+62 22 7563107","Bengkel Sepeda Motor",,,,,,,,,,"https://www.google.com/maps/search/?api=1&query=Sinar%20Lucky%20Motor&query_place_id=ChIJI4EOli_oaC4R-n7c8iS-RaY","Bengkel Sepeda Motor"
"Yamaha D-Aiz Motor","4.5","79","Jl. Padasuka Atas No.113","Kabupaten Bandung","Jawa Barat","ID",,"+62 22 7212515","Bengkel Sepeda Motor",,,,,,,,,,"https://www.google.com/maps/search/?api=1&query=Yamaha%20D-Aiz%20Motor&query_place_id=ChIJDTZqzprnaC4R6Di5it4oQ6s","Bengkel Sepeda Motor"
"Caringin Motor AHASS 02506","4.8","1620","Jl. Caringin No.237","Kota Bandung","Jawa Barat","ID",,"+62 22 87776143","Bengkel Sepeda Motor",,,,,,,,,,"https://www.google.com/maps/search/?api=1&query=Caringin%20Motor%20AHASS%2002506&query_place_id=ChIJu63q_EzvaC4RupakNogv7Vo","Bengkel Sepeda Motor"
"Andi Bengkel Motor",,,"Gg. Remaja V No.84","Kota Bandung","Jawa Barat","ID",,"","Bengkel Sepeda Motor",,,,,,,,,,"https://www.google.com/maps/search/?api=1&query=Andi%20Bengkel%20Motor&query_place_id=ChIJX8tJFBznaC4R0CW7Si0I2zU","Bengkel Sepeda Motor"
"Bengkel T-ras custom tanto","4.9","21","Jl. Babakan Sari No.211a","Kota Bandung","Jawa Barat","ID",,"+62 812-2232-2284","Bengkel Sepeda Motor",,,,,,,,,,"https://www.google.com/maps/search/?api=1&query=Bengkel%20T-ras%20custom%20tanto&query_place_id=ChIJD3tlsPnnaC4RyGdwPzG2DFQ","Bengkel Sepeda Motor"
"DR motor Bandung ( part mobil baru dan bekas)","4.3","30","Jl. Cicendo","Kota Bandung","Jawa Barat","ID",,"+62 812-2243-7763","Toko Suku Cadang Mobil",,,,,,,,,,"https://www.google.com/maps/search/?api=1&query=DR%20motor%20Bandung%20(%20part%20mobil%20baru%20dan%20bekas)&query_place_id=ChIJB84c2f7naC4Rmkmii2Ex6bk","Toko Suku Cadang Mobil"
"Bengkel Motor Suzuki MAKMUR","4.9","17","Jl. Ciparay No.27b","Kota Bandung","Jawa Barat","ID",,"+62 896-5623-1419","Bengkel Sepeda Motor",,,,,,,,,,"https://www.google.com/maps/search/?api=1&query=Bengkel%20Motor%20Suzuki%20MAKMUR&query_place_id=ChIJ06wAATvpaC4RepTq7fcqZh8","Bengkel Sepeda Motor"
"Ford Bandung - PT Saluyu Gatsu Motor","4.4","262","Ford Bandung Pt., Jl. Gatot Subroto No.162","Kota Bandung","Jawa Barat","ID",,"+62 22 7317181","Dealer Ford",,,,,,,,,,"https://www.google.com/maps/search/?api=1&query=Ford%20Bandung%20-%20PT%20Saluyu%20Gatsu%20Motor&query_place_id=ChIJGRbbzXfoaC4RIGIRkClYUig","Dealer Ford"
"Bengkel Putra Mandiri Motor","4.6","13","Jl. Cipedes Tengah No.164","Kota Bandung","Jawa Barat","ID",,"+62 857-9541-4825","Bengkel Mobil",,,,,,,,,,"https://www.google.com/maps/search/?api=1&query=Bengkel%20Putra%20Mandiri%20Motor&query_place_id=ChIJKwW7ErXnaC4RuJ7SRFMk_qM","Bengkel Mobil"
"AHASS SUKSES GROUP CIHAMPELAS","4.5","361","Jl. Cihampelas No.306","Kota Bandung","Jawa Barat","ID",,"+62 823-2009-9075","Bengkel Sepeda Motor",,,,,,,,,,"https://www.google.com/maps/search/?api=1&query=AHASS%20SUKSES%20GROUP%20CIHAMPELAS&query_place_id=ChIJr6AScvbmaC4RP78M-IsQdQ8","Bengkel Sepeda Motor"
"Icksand Alarm Motor Bandung","5","41","Gg. H. Ibrahim No.53","Kota Bandung","Jawa Barat","ID",,"+62 823-2075-9188","Bengkel Elektronik",,,,,,,,,,"https://www.google.com/maps/search/?api=1&query=Icksand%20Alarm%20Motor%20Bandung&query_place_id=ChIJ7-e5H6bpaC4RbtAIlzSmIbI","Bengkel Elektronik"
"planet variasi motor","4.3","75","Jl. Gatot Subroto","Kota Bandung","Jawa Barat","ID",,"+62 877-9480-5994","Toko",,,,,,,,,,"https://www.google.com/maps/search/?api=1&query=planet%20variasi%20motor&query_place_id=ChIJQR2TKH_paC4RDK7bdOUUIoU","Toko"
"Prima Motor","4.5","46","Jl. Cibodas Raya No.25","Kota Bandung","Jawa Barat","ID",,"+62 896-0399-2575","Bengkel Sepeda Motor",,,,,,,,,,"https://www.google.com/maps/search/?api=1&query=Prima%20Motor&query_place_id=ChIJ5TroWfnnaC4RzYb7l4KaiFY","Bengkel Sepeda Motor"
"BIG ROAD 43 Bengkel Modifikasi Moge SM V16 250cc","5","4","Jl. Raya Derwati No.43a","Kota Bandung","Jawa Barat","ID",,"+62 812-8954-2999","Bengkel Motor Elektrik",,,,,,,,,,"https://www.google.com/maps/search/?api=1&query=BIG%20ROAD%2043%20Bengkel%20Modifikasi%20Moge%20SM%20V16%20250cc&query_place_id=ChIJkfX6uanDaC4RlCvgwREUAJI","Bengkel Motor Elektrik"
"Bengkel Honda Ahass Putra Jaya","4.8","3453","Jl. Ir. H. Juanda No.333","Kota Bandung","Jawa Barat","ID","https://m.facebook.com/ahassputra.jayamotor","+62 895-0450-7251","Bengkel Sepeda Motor",,,,,,,,,,"https://www.google.com/maps/search/?api=1&query=Bengkel%20Honda%20Ahass%20Putra%20Jaya&query_place_id=ChIJfXGXKOPmaC4Rsn8PSdH7efE","Bengkel Sepeda Motor"
"OJM(Oman jaya motor),bengkel sepeda","5","1","Jl. Cikuda No.87","Kota Bandung","Jawa Barat","ID",,"+62 831-9279-1118","Bengkel Sepeda Motor",,,,,,,,,,"https://www.google.com/maps/search/?api=1&query=OJM(Oman%20jaya%20motor)%2Cbengkel%20sepeda&query_place_id=ChIJSZFWOgDdaC4RXgrC3Vuxzy0","Bengkel Sepeda Motor"
"Aang bengkel motor","5","18",,"Kota Bandung","Jawa Barat","ID",,"+62 895-3444-80118","Kantor Perusahaan",,,,,,,,,,"https://www.google.com/maps/search/?api=1&query=Aang%20bengkel%20motor&query_place_id=ChIJZaOzgCTpaC4R68txGikp2ls","Kantor Perusahaan"
"Planet Ban Jalan Astana Anyar Cibadak","4.6","100","Jl. Astana Anyar No.58, RT.011/RW.002","Kota Bandung","Jawa Barat","ID","https://lokasi.planetban.com/planet-ban-jalan-astana-anyar-cibadak-motorcycle-repair-shop-cibadak-bandung-393930/Home?utm_source=locator&utm_medium=googleplaces","+62 817-0006-055","Bengkel Sepeda Motor","Bengkel Motor Skuter","Toko Suku Cadang Motor","Layanan ban","Toko Ban",,,,,,"https://www.google.com/maps/search/?api=1&query=Planet%20Ban%20Jalan%20Astana%20Anyar%20Cibadak&query_place_id=ChIJC6hnCCjnaC4Rl5EtApUbyS0","Bengkel Sepeda Motor"
"batara motor","4.9","37","Jalan gagak 45, Jl. Gagak No.45","Kota Bandung","Jawa Barat","ID",,"","Bengkel Sepeda Motor",,,,,,,,,,"https://www.google.com/maps/search/?api=1&query=batara%20motor&query_place_id=ChIJU_-DIo7naC4R5XfC-q-xdhc","Bengkel Sepeda Motor"
"Bengkel Motor The Goodfellas Garage","4.9","14","Jalan Rancasawo, Jl. Ciwastra No.74","Kota Bandung","Jawa Barat","ID",,"+62 858-9031-3990","Bengkel Sepeda Motor",,,,,,,,,,"https://www.google.com/maps/search/?api=1&query=Bengkel%20Motor%20The%20Goodfellas%20Garage&query_place_id=ChIJ-eYfPinoaC4R1L1ci9dosUo","Bengkel Sepeda Motor"
"Bengkel Motor C-52 Piston Project","5","5","Jl. Caringin No.52","Kota Bandung","Jawa Barat","ID",,"+62 821-3010-2860","Bengkel Sepeda Motor",,,,,,,,,,"https://www.google.com/maps/search/?api=1&query=Bengkel%20Motor%20C-52%20Piston%20Project&query_place_id=ChIJnfvz6jbpaC4RG-8WkDF12Ak","Bengkel Sepeda Motor"
"SRN Motor (Bengkel Motor)","4.1","104","Jl. Babakan Sari No.138A","Kota Bandung","Jawa Barat","ID","https://srnmotor.com/","+62 821-3063-6986","Bengkel Sepeda Motor",,,,,,,,,,"https://www.google.com/maps/search/?api=1&query=SRN%20Motor%20(Bengkel%20Motor)&query_place_id=ChIJdVx24T_naC4REovRgSW6zqc","Bengkel Sepeda Motor"
"PJM(bengkel motor)","4.1","33","Jalan Cemara No.33 Pasteur Kecamatan Sukajadi Sebelah Timur, Jl. Cemara Selatan","Kota Bandung","Jawa Barat","ID",,"+62 813-2031-7898","Bengkel Sepeda Motor",,,,,,,,,,"https://www.google.com/maps/search/?api=1&query=PJM(bengkel%20motor)&query_place_id=ChIJt8mZ2bbnaC4Rfr9b1vXxN0Q","Bengkel Sepeda Motor"
"OZZIE MOTOR","4.7","335","Jl. Sukaraja II No.283","Kota Bandung","Jawa Barat","ID","https://shopee.co.id/ozziemotor?entryPoint=ShopBySearch&searchKeyword=ozzie%20motor%20official","+62 813-9510-9908","Bengkel Sepeda Motor","Bengkel Motor Skuter","Toko Motorsport","Toko Ban","Bengkel Trailer",,,,,,"https://www.google.com/maps/search/?api=1&query=OZZIE%20MOTOR&query_place_id=ChIJ2-XfoWvlaC4RYz00ybRkv20","Bengkel Sepeda Motor"
"Dian Motor","3.8","41","Jl. Sukagalih samping No.22","Kota Bandung","Jawa Barat","ID",,"+62 882-0017-12229","Bengkel Sepeda Motor",,,,,,,,,,"https://www.google.com/maps/search/?api=1&query=Dian%20Motor&query_place_id=ChIJKSK61WDmaC4R0hyETHoe3fA","Bengkel Sepeda Motor"
"Auto Jaya Motor","4.8","148","Jl. Cikutra Barat No.27","Kota Bandung","Jawa Barat","ID",,"+62 822-1323-1000","Bengkel Sepeda Motor",,,,,,,,,,"https://www.google.com/maps/search/?api=1&query=Auto%20Jaya%20Motor&query_place_id=ChIJgUt5XK_naC4Rk1z_mzD-unE","Bengkel Sepeda Motor"
"Bengkel Upi Motor","2.9","10","Jl. Cigadung Raya Timur No.42","Kota Bandung","Jawa Barat","ID",,"+62 813-2058-1612","Bengkel Motor Skuter",,,,,,,,,,"https://www.google.com/maps/search/?api=1&query=Bengkel%20Upi%20Motor&query_place_id=ChIJa_MI4ajnaC4RwIzrtHuBevI","Bengkel Motor Skuter"
"OTO-BEN'S service . Bengkel motor & mobil (ac,power window,central lock) Bandung","4.2","31","Jl. Soekarno-Hatta No.431","Kota Bandung","Jawa Barat","ID","https://maps.app.goo.gl/RHjLx4ryEP7hL844A","+62 857-9755-6898","Bengkel Sepeda Motor","Bengkel AC","Bengkel Mobil","Toko Suku Cadang Motor",,,,,,,"https://www.google.com/maps/search/?api=1&query=OTO-BEN'S%20service%20.%20Bengkel%20motor%20%26%20mobil%20(ac%2Cpower%20window%2Ccentral%20lock)%20Bandung&query_place_id=ChIJL3x4nJ_paC4RL0LY4RKY7l8","Bengkel Sepeda Motor"
"FST MOTOR SERVICE MOTOR PANGGILAN","4.9","147","pinggir jln husen, Jl. Bojong Koneng, RT.4/RW.6","Kota Bandung","Jawa Barat","ID",,"+62 895-2640-9207","Bengkel Sepeda Motor",,,,,,,,,,"https://www.google.com/maps/search/?api=1&query=FST%20MOTOR%20SERVICE%20MOTOR%20PANGGILAN&query_place_id=ChIJb5LYzZtTaC4RYyj6Nb_Wxl0","Bengkel Sepeda Motor"
"Bengkel mobil panggilan Bandung","5","25","Jl. Sukajadi","Kota Bandung","Jawa Barat","ID",,"+62 822-1780-8333","Bengkel Mobil",,,,,,,,,,"https://www.google.com/maps/search/?api=1&query=Bengkel%20mobil%20panggilan%20Bandung&query_place_id=ChIJrQfTzavnaC4RIx8a3qHcj8g","Bengkel Mobil"
"Ganesha Wash & Detailing","4.3","6","Jl. Siliwangi Dalam 3 No.49/155B","Kota Bandung","Jawa Barat","ID",,"","Bengkel Sepeda Motor",,,,,,,,,,"https://www.google.com/maps/search/?api=1&query=Ganesha%20Wash%20%26%20Detailing&query_place_id=ChIJuYnsk9LnaC4RSUJZiaULD_0","Bengkel Sepeda Motor"
"Poels Motor","5","6","Jl. Pendidikan No.42","Kota Bandung","Jawa Barat","ID",,"+62 811-220-247","Bengkel Sepeda Motor",,,,,,,,,,"https://www.google.com/maps/search/?api=1&query=Poels%20Motor&query_place_id=ChIJecl85xjDaC4Ru6_BSuTbGAI","Bengkel Sepeda Motor"
"Pusat Ban RVN","4.3","162","Jl. Cikutra Barat No.98","Kota Bandung","Jawa Barat","ID",,"+62 812-2282-0242","Toko Ban",,,,,,,,,,"https://www.google.com/maps/search/?api=1&query=Pusat%20Ban%20RVN&query_place_id=ChIJA-eJzq7naC4RHx_LxvHTs4w","Toko Ban"
"Ionk Motor bdg#49","4.7","20","Jl. Golf Raya No.2","Kota Bandung","Jawa Barat","ID",,"+62 857-9862-0684","Bengkel Sepeda Motor",,,,,,,,,,"https://www.google.com/maps/search/?api=1&query=Ionk%20Motor%20bdg%2349&query_place_id=ChIJRVKBT0vdaC4Rr7GwmPWgL9c","Bengkel Sepeda Motor"
"Ibenk Motor Vespa Dipatiukur","4.1","14","Jl. Dipati Ukur No.248","Kota Bandung","Jawa Barat","ID",,"+62 822-1784-1994","Bengkel Sepeda Motor","Bengkel Skuter",,,,,,,,,"https://www.google.com/maps/search/?api=1&query=Ibenk%20Motor%20Vespa%20Dipatiukur&query_place_id=ChIJKcxUcVTmaC4R9QKoaTD9CqU","Bengkel Sepeda Motor"
"KEY motor","4.6","9","4JC7+63R, Jl. Cisitu Lama VIII","Kota Bandung","Jawa Barat","ID",,"+62 812-2466-3664","Bengkel Sepeda Motor",,,,,,,,,,"https://www.google.com/maps/search/?api=1&query=KEY%20motor&query_place_id=ChIJqZs8sGDnaC4RLG5IlVHZceQ","Bengkel Sepeda Motor"
"Alfarizi Jaya Motor","4.5","10","3M6M+X9V, Jl. Soekarno-Hatta","Kota Bandung","Jawa Barat","ID",,"+62 857-7710-0988","Bengkel Sepeda Motor",,,,,,,,,,"https://www.google.com/maps/search/?api=1&query=Alfarizi%20Jaya%20Motor&query_place_id=ChIJjVC9Er3DaC4R5ahUsXqLVp8","Bengkel Sepeda Motor"
"BENGKEL A2S MOTOR","5","2","4H6Q+PXM, Jl. Terusan Mulyasari","Kota Bandung","Jawa Barat","ID",,"+62 821-2732-2471","Bengkel Sepeda Motor",,,,,,,,,,"https://www.google.com/maps/search/?api=1&query=BENGKEL%20A2S%20MOTOR&query_place_id=ChIJnddtNRvnaC4R3ZW3eJ_o63M","Bengkel Sepeda Motor"
"MyScoot Bengkel Vespa Bandung","4.7","48","Jl. AH. Nasution No.108","Kota Bandung","Jawa Barat","ID",,"+62 821-2140-1244","Bengkel Sepeda Motor",,,,,,,,,,"https://www.google.com/maps/search/?api=1&query=MyScoot%20Bengkel%20Vespa%20Bandung&query_place_id=ChIJwUCk9r3naC4R5Zh2tBXlAKk","Bengkel Sepeda Motor"
"OBIL PRESS BODY MOTOR","4.9","184","Jl. Surapati No.77","Kota Bandung","Jawa Barat","ID",,"+62 821-8448-1248","Bengkel Sepeda Motor",,,,,,,,,,"https://www.google.com/maps/search/?api=1&query=OBIL%20PRESS%20BODY%20MOTOR&query_place_id=ChIJCUqEjl_BaC4Rcqt3mOL4R-Q","Bengkel Sepeda Motor"
"Bengkel Motor Panggilan Agm",,,"Jln Derwati Sapan Gedebage, Margacinta Cijawura Cijaura Jln Riung Bandung Manjahlega No.komplek","Kota Bandung","Jawa Barat","ID",,"+62 896-0305-6144","Bengkel Sepeda Motor",,,,,,,,,,"https://www.google.com/maps/search/?api=1&query=Bengkel%20Motor%20Panggilan%20Agm&query_place_id=ChIJ7acV7PjDaC4RXPX8AkLA-q8","Bengkel Sepeda Motor"
"Moscow Bdg","4.8","100","Jl. Cikutra Barat No.1","Kota Bandung","Jawa Barat","ID",,"+62 812-2464-4756","Bengkel Sepeda Motor",,,,,,,,,,"https://www.google.com/maps/search/?api=1&query=Moscow%20Bdg&query_place_id=ChIJXTUTlaXnaC4RjlgosfykFhY","Bengkel Sepeda Motor"
"Yank Motor II","4.2","370","3MM5+428, Jl. Purwakarta","Kota Bandung","Jawa Barat","ID",,"+62 22 91520492","Bengkel Sepeda Motor",,,,,,,,,,"https://www.google.com/maps/search/?api=1&query=Yank%20Motor%20II&query_place_id=ChIJT2kAt_rnaC4RZZ4QRmezJ8A","Bengkel Sepeda Motor"
"Honda Astra Motor Bandung","4.8","2128","Jl. Sudirman","Kota Bandung","Jawa Barat","ID","https://www.astramotor.co.id/","+62 812-2083-5438","Bengkel Sepeda Motor","Dealer Sepeda Motor",,,,,,,,,"https://www.google.com/maps/search/?api=1&query=Honda%20Astra%20Motor%20Bandung&query_place_id=ChIJt4O5B0vnaC4Rpsebw3rCAMg","Bengkel Sepeda Motor"
"Hero Motor Bengkel AC Mobil","4.8","92","Jl. Kalipah Apo No.14","Kota Bandung","Jawa Barat","ID",,"","Layanan pendingin udara mobil",,,,,,,,,,"https://www.google.com/maps/search/?api=1&query=Hero%20Motor%20Bengkel%20AC%20Mobil&query_place_id=ChIJFwxQfiHmaC4R6dEKzRG28fQ","Layanan pendingin udara mobil"
"Service motor dan mobil panggilan Bandung Jawa barat","5","9","Jl. DR. Djunjunan Dalam","Kota Bandung","Jawa Barat","ID",,"+62 895-1545-8357","Montir",,,,,,,,,,"https://www.google.com/maps/search/?api=1&query=Service%20motor%20dan%20mobil%20panggilan%20Bandung%20Jawa%20barat&query_place_id=ChIJjeRx6yznaC4R2a_4KNAIoFc","Montir"
"IDOY BENGKEL","4.8","33","Jl. Dr. Djunjunan No.180","Kota Bandung","Jawa Barat","ID",,"+62 882-0028-34541","Bengkel Mobil","Bengkel Perbaikan Bodi Mobil",,,,,,,,,"https://www.google.com/maps/search/?api=1&query=IDOY%20BENGKEL&query_place_id=ChIJSXYaTGfnaC4Ro5kZPFDEVIA","Bengkel Mobil"
