"title","totalScore","reviewsCount","street","city","state","countryCode","website","phone","categories/0","categories/1","categories/2","categories/3","categories/4","categories/5","categories/6","categories/7","categories/8","categories/9","url","categoryName"
"Sawargi Salon Mobil panggilan Bandung","5","10","Jl. Jatihandap, RT.03/RW.06","Kota Bandung","Jawa Barat","ID",,"+62 822-9506-5206","Bengkel Mobil",,,,,,,,,,"https://www.google.com/maps/search/?api=1&query=Sawargi%20Salon%20Mobil%20panggilan%20Bandung&query_place_id=ChIJYWm_i8vnaC4RYd-_Og79ihs","Bengkel Mobil"
"Auto Service","3","1","Jl. KH. Wahid Hasyim No.448","Kota Bandung","Jawa Barat","ID",,"+62 22 78196610","Bengkel Mobil",,,,,,,,,,"https://www.google.com/maps/search/?api=1&query=Auto%20Service&query_place_id=ChIJZ_UK98foaC4ROZO1UdHC67Y","Bengkel Mobil"
"Gito Motor Jatihandap","4.4","14","4M46+73X, Jl. Jatihandap","Kota Bandung","Jawa Barat","ID",,"+62 22 7236020","Bengkel Sepeda Motor",,,,,,,,,,"https://www.google.com/maps/search/?api=1&query=Gito%20Motor%20Jatihandap&query_place_id=ChIJs2wHn4XnaC4RO3k8niyO56Y","Bengkel Sepeda Motor"
"Bengkel Custom",,,"3PX3+WV6, Jl. Cinangka","Kota Bandung","Jawa Barat","ID",,"+62 813-9399-9385","Bengkel Ketok Magic",,,,,,,,,,"https://www.google.com/maps/search/?api=1&query=Bengkel%20Custom&query_place_id=ChIJfd1VpcvdaC4RFX_FzhqPZYI","Bengkel Ketok Magic"
"Pool Bus Harum Group","4","1","Jl. Padasuka No.29","Kota Bandung","Jawa Barat","ID",,"","Bengkel Mesin Diesel",,,,,,,,,,"https://www.google.com/maps/search/?api=1&query=Pool%20Bus%20Harum%20Group&query_place_id=ChIJA8bL25PnaC4Ro7x9NZ1lWZU","Bengkel Mesin Diesel"
"Bengkel Piper Pirodo","5","13","Jl. Cicabe","Kota Bandung","Jawa Barat","ID",,"+62 818-0940-9481","Bengkel Sepeda Motor","Bengkel Rem",,,,,,,,,"https://www.google.com/maps/search/?api=1&query=Bengkel%20Piper%20Pirodo&query_place_id=ChIJJWX3oDznaC4Ro6XSHn3HEGI","Bengkel Sepeda Motor"
"Fick Autocar","4","4","Jl. Padasuka No.17","Kota Bandung","Jawa Barat","ID",,"+62 822-4072-2302","Bengkel Jok Kursi Mobil",,,,,,,,,,"https://www.google.com/maps/search/?api=1&query=Fick%20Autocar&query_place_id=ChIJ620DeKDnaC4RGQAfu5ITM7U","Bengkel Jok Kursi Mobil"
"HS 69 Bengkel Mobil Motor",,,"Jl. Cinangka No.155","Kota Bandung","Jawa Barat","ID",,"","Bengkel Mobil",,,,,,,,,,"https://www.google.com/maps/search/?api=1&query=HS%2069%20Bengkel%20Mobil%20Motor&query_place_id=ChIJve0YBQDdaC4RTANWGxfidGI","Bengkel Mobil"
"ROCKRACK OVERLAND (SPESIALIS ROOFTENT)","5","8","Jl. Tanjakan Panjang No.12","Kota Bandung","Jawa Barat","ID","https://drive.google.com/file/d/1HNlGaLxT9ezxMYjx9BuzncQzQYVq5NuN/view?usp=sharing","+62 812-2300-655","Bengkel Mobil",,,,,,,,,,"https://www.google.com/maps/search/?api=1&query=ROCKRACK%20OVERLAND%20(SPESIALIS%20ROOFTENT)&query_place_id=ChIJo0U8HN_daC4RgNMVQx7-GZ0","Bengkel Mobil"
"Bengkel vespa Haji Kobur ttaj","5","1","Jl. Jamaras I Gg. Jamaras No.1","Kota Bandung","Jawa Barat","ID",,"+62 878-3111-1685","Bengkel Bongkar Pasang Mesin",,,,,,,,,,"https://www.google.com/maps/search/?api=1&query=Bengkel%20vespa%20Haji%20Kobur%20ttaj&query_place_id=ChIJ7cWvaZvnaC4R8w0Pc6C8CW0","Bengkel Bongkar Pasang Mesin"
"Towing ""Bandung Sekajadi""","5","6","Jl. Jamaras I No.182A, RT.04/RW.16","Kota Bandung","Jawa Barat","ID","https://towingbandung.start.page/","+62 821-1800-794","Jasa Derek Mobil","Jasa pengiriman mobil",,,,,,,,,"https://www.google.com/maps/search/?api=1&query=Towing%20%22Bandung%20Sekajadi%22&query_place_id=ChIJzYEVIYTnaC4RbsOqQg1KLWI","Jasa Derek Mobil"
"Neon Box Bandung King advertisement","5","1","Jl. Sirnagalih No.47","Kota Bandung","Jawa Barat","ID",,"+62 878-1975-4820","Bengkel Mobil",,,,,,,,,,"https://www.google.com/maps/search/?api=1&query=Neon%20Box%20Bandung%20King%20advertisement&query_place_id=ChIJh088grPnaC4RfIPbANpBuwU","Bengkel Mobil"
"Rif-Q Motor","4.2","13","Jl. Jatihandap No.23","Kota Bandung","Jawa Barat","ID",,"+62 22 7216383","Bengkel Sepeda Motor",,,,,,,,,,"https://www.google.com/maps/search/?api=1&query=Rif-Q%20Motor&query_place_id=ChIJnc5L_I3naC4RJ7Uql6-k9t0","Bengkel Sepeda Motor"
"4M3J+3P7 Sindang Jaya, Kota Bandung, Jawa Barat","5","1","4M3J+3MG, Jl. Arcamanik","Kota Bandung","Jawa Barat","ID",,"","Toko Aki Mobil",,,,,,,,,,"https://www.google.com/maps/search/?api=1&query=4M3J%2B3P7%20Sindang%20Jaya%2C%20Kota%20Bandung%2C%20Jawa%20Barat&query_place_id=ChIJ5wlMHADdaC4RVuxeU84SGYY","Toko Aki Mobil"
"Indra Autoservice panggilan bisa di tempat","5","18","Jl. Cikadut No.18","Kota Bandung","Jawa Barat","ID",,"","Bengkel Mobil",,,,,,,,,,"https://www.google.com/maps/search/?api=1&query=Indra%20Autoservice%20panggilan%20bisa%20di%20tempat&query_place_id=ChIJhXmokcrnaC4R0rm5dY_00ok","Bengkel Mobil"
"BENGKEL MOBIL","5","3","KOMPLEK GRIYA JATIPUTRA 42","Kota Bandung","Jawa Barat","ID",,"","Bengkel Mobil",,,,,,,,,,"https://www.google.com/maps/search/?api=1&query=BENGKEL%20MOBIL&query_place_id=ChIJwWpGNQLdaC4Rjcsjt5JzLNw","Bengkel Mobil"
"Bengkel dinamo mobil (Auto24)","5","15","Jl. Cikadut, RT.5/RW.3","Kota Bandung","Jawa Barat","ID","https://sites.google.com/view/auto24jasaservice/halaman-muka","+62 851-4160-1519","Bengkel Mobil",,,,,,,,,,"https://www.google.com/maps/search/?api=1&query=Bengkel%20dinamo%20mobil%20(Auto24)&query_place_id=ChIJkav8fQDdaC4Ru4SLs97if4Q","Bengkel Mobil"
"Bengkel Mobil EL-HAMID MOTOR","5","4","Jl. Jatihandap No.25, RT.04/RW.09","Kota Bandung","Jawa Barat","ID",,"","Bengkel Mobil",,,,,,,,,,"https://www.google.com/maps/search/?api=1&query=Bengkel%20Mobil%20EL-HAMID%20MOTOR&query_place_id=ChIJy51hf43naC4ROnEWWgv--Ho","Bengkel Mobil"
"bengkel mobil indra auto servis area bandung kota","5","1","Jl. Cikadut No.18","Kota Bandung","Jawa Barat","ID",,"+62 856-9477-5184","Toko perawatan otomotif",,,,,,,,,,"https://www.google.com/maps/search/?api=1&query=bengkel%20mobil%20indra%20auto%20servis%20area%20bandung%20kota&query_place_id=ChIJpXXMHgDnaC4Rbc_MOB9AbO4","Toko perawatan otomotif"
"Bengkel Cat Mobil mang Engkos Bandung","5","4","Gg. Bukatanah I No.27","Kota Bandung","Jawa Barat","ID",,"+62 895-0801-3080","Bengkel Mobil",,,,,,,,,,"https://www.google.com/maps/search/?api=1&query=Bengkel%20Cat%20Mobil%20mang%20Engkos%20Bandung&query_place_id=ChIJDfxUA4TdaC4RaMhxn4cgkKU","Bengkel Mobil"
"Distributor Alat Bengkel","5","2","Komp Griya, Asri F Lima No.20","Kota Bandung","Jawa Barat","ID","https://www.wattpad.com/user/peralatanbengkel","+62 821-1917-5481","Toko Mesin Mobil",,,,,,,,,,"https://www.google.com/maps/search/?api=1&query=Distributor%20Alat%20Bengkel&query_place_id=ChIJyTimj2bnaC4RyAkCU3iytAs","Toko Mesin Mobil"
"Bengkel motor ljm2",,,"4M4C+GG7, Jl. Giri Raya","Kota Bandung","Jawa Barat","ID",,"","Bengkel Sepeda Motor",,,,,,,,,,"https://www.google.com/maps/search/?api=1&query=Bengkel%20motor%20ljm2&query_place_id=ChIJAeHheADdaC4ROuiq9PqL7lc","Bengkel Sepeda Motor"
"Zheboo Motor","5","1","Jl. Palintang No.105","Kota Bandung","Jawa Barat","ID",,"","Bengkel Mobil",,,,,,,,,,"https://www.google.com/maps/search/?api=1&query=Zheboo%20Motor&query_place_id=ChIJ85sswRndaC4RXi66sLXPWDw","Bengkel Mobil"
"Bengkel Motor Service Motor",,,"4M4C+436, Jl. Cikadut","Kota Bandung","Jawa Barat","ID",,"","Bengkel Mobil",,,,,,,,,,"https://www.google.com/maps/search/?api=1&query=Bengkel%20Motor%20Service%20Motor&query_place_id=ChIJYVR9SX3daC4RzMqpJ3qUJsI","Bengkel Mobil"
"Bengkel motor/mobil",,,"JlN. Mekar II,pasirlayung RT 02 RW 01 Padasuka","Kota Bandung","Jawa Barat","ID",,"","Bengkel Sepeda Motor",,,,,,,,,,"https://www.google.com/maps/search/?api=1&query=Bengkel%20motor%2Fmobil&query_place_id=ChIJXzexGQDnaC4R0C_aDn0Ip5Y","Bengkel Sepeda Motor"
"Tanjakan panjang","4.8","4","4P46+J2F","Kota Bandung","Jawa Barat","ID",,"","Bengkel Mobil",,,,,,,,,,"https://www.google.com/maps/search/?api=1&query=Tanjakan%20panjang&query_place_id=ChIJodC4kirdaC4RfbLfUq7Wwfs","Bengkel Mobil"
"Bengkel Cat Mobil & Las Mobil Bandung","4.7","18","Jl. Pawenang II No.3","Kota Bandung","Jawa Barat","ID","https://bengkelcatlasmobilbdg.blogspot.com/","+62 895-3740-75521","Bengkel Mobil",,,,,,,,,,"https://www.google.com/maps/search/?api=1&query=Bengkel%20Cat%20Mobil%20%26%20Las%20Mobil%20Bandung&query_place_id=ChIJx6QZCy3daC4RiInUNQUwU-4","Bengkel Mobil"
"SANDI MOTOR FACTORY","5","5",,"Kota Bandung","Jawa Barat","ID",,"+62 821-1778-3533","Bengkel Sepeda Motor",,,,,,,,,,"https://www.google.com/maps/search/?api=1&query=SANDI%20MOTOR%20FACTORY&query_place_id=ChIJSWoMm5fdaC4RmiHu9YUKico","Bengkel Sepeda Motor"
"Service radiator dan bengkel mobil","5","1","bengkel, Jl ah nasution, Jl. Arcamanik Jl. Malabar No.303, RT.01/RW.11 kelurahan","Kota Bandung","Jawa Barat","ID",,"+62 877-3404-0953","Jasa pengiriman mobil",,,,,,,,,,"https://www.google.com/maps/search/?api=1&query=Service%20radiator%20dan%20bengkel%20mobil&query_place_id=ChIJ9Tgs_NvdaC4Rtphr0h3pwWE","Jasa pengiriman mobil"
"Bengkel Mobil Anugrah","5","2","Jl. Golf Selatan I Blk. V No.27","Kota Bandung","Jawa Barat","ID",,"+62 822-1443-4432","Bengkel Mobil",,,,,,,,,,"https://www.google.com/maps/search/?api=1&query=Bengkel%20Mobil%20Anugrah&query_place_id=ChIJjY-D__7daC4RO2MOimFlYfQ","Bengkel Mobil"
"Automaster Bengkel Antapani","4.3","1326","Jl. Terusan Jakarta No.118","Kota Bandung","Jawa Barat","ID","http://www.automasterbengkel.id/","+62 22 71520001","Bengkel Mobil","Tempat Pencucian Mobil",,,,,,,,,"https://www.google.com/maps/search/?api=1&query=Automaster%20Bengkel%20Antapani&query_place_id=ChIJTzZ8Ou7naC4RXDR4IkFM8rc","Bengkel Mobil"
"BENGKEL MOTOR USEP",,,"Jl. Jamaras III Jl. Jatihandap No.117, RT.04/RW.02","Kabupaten Bandung","Jawa Barat","ID",,"+62 896-0442-5908","Bengkel Sepeda Motor",,,,,,,,,,"https://www.google.com/maps/search/?api=1&query=BENGKEL%20MOTOR%20USEP&query_place_id=ChIJLWP_airnaC4RtZAvVuAYUEQ","Bengkel Sepeda Motor"
"BENGKEL MOBIL 24 JAM BANDUNG DAHLAN MONTIR","4.6","66","stone garden resident cisaranten kulon no 11, RT.07/RW.05","Kota Bandung","Jawa Barat","ID","https://5e8311b45cca9.site123.me/","+62 821-2683-4003","Bengkel Mobil","Jasa pengiriman mobil",,,,,,,,,"https://www.google.com/maps/search/?api=1&query=BENGKEL%20MOBIL%2024%20JAM%20BANDUNG%20DAHLAN%20MONTIR&query_place_id=ChIJ-86z3DrFaC4RJ8fMtUIMNsE","Bengkel Mobil"
"Bud_Vaporblasting","5","2","50m sebelum kolam renang sawarga, Jl. Arcamanik, RT.03/RW.06","Kota Bandung","Jawa Barat","ID",,"+62 895-3422-86532","Bengkel Sepeda Motor",,,,,,,,,,"https://www.google.com/maps/search/?api=1&query=Bud_Vaporblasting&query_place_id=ChIJl1agA5XdaC4RZ5w5JMZFUJM","Bengkel Sepeda Motor"
"Bengkel Spesialis Mobil Toyota & Daihatsu Bandung","4.9","327","Jl. Terusan Sindang Barang No.18","Kota Bandung","Jawa Barat","ID",,"+62 856-2424-2481","Bengkel Mobil",,,,,,,,,,"https://www.google.com/maps/search/?api=1&query=Bengkel%20Spesialis%20Mobil%20Toyota%20%26%20Daihatsu%20Bandung&query_place_id=ChIJ7xkKLCfnaC4RFcRRuck8zyo","Bengkel Mobil"
"Bengkel mobil 24 jam area bandung kota",,,"Jl. Cikadut No.18","Kota Bandung","Jawa Barat","ID",,"+62 877-3975-7791","Bengkel Mobil",,,,,,,,,,"https://www.google.com/maps/search/?api=1&query=Bengkel%20mobil%2024%20jam%20area%20bandung%20kota&query_place_id=ChIJSSmy5jHnaC4RM6grq3z_JlY","Bengkel Mobil"
"Bengkel Mustika Motor","3.7","3","Jl. Jatihandap Timur No.115","Kota Bandung","Jawa Barat","ID",,"","Bengkel Motor Skuter",,,,,,,,,,"https://www.google.com/maps/search/?api=1&query=Bengkel%20Mustika%20Motor&query_place_id=ChIJ2x5ni4_naC4R2PvsdpnbBgQ","Bengkel Motor Skuter"
"Bengkel Motor Porocot Kepet","4.2","5","Jl. Jatihandap No.153","Kota Bandung","Jawa Barat","ID",,"","Bengkel Sepeda Motor",,,,,,,,,,"https://www.google.com/maps/search/?api=1&query=Bengkel%20Motor%20Porocot%20Kepet&query_place_id=ChIJvUS8A_LnaC4R-69NdAfMCd0","Bengkel Sepeda Motor"
"Ahass Delima Jaya","4.8","1363","Jl. Padasuka","Kota Bandung","Jawa Barat","ID",,"+62 856-4000-0000","Dealer Honda",,,,,,,,,,"https://www.google.com/maps/search/?api=1&query=Ahass%20Delima%20Jaya&query_place_id=ChIJW7-ErpHnaC4RIkm6aJXR65s","Dealer Honda"
"Salon Mobil Panggilan Bandung","4.8","11",,"Kota Bandung","Jawa Barat","ID","http://sukma24.wordpress.com/","+62 819-1020-6244","Bengkel Perbaikan Bodi Mobil",,,,,,,,,,"https://www.google.com/maps/search/?api=1&query=Salon%20Mobil%20Panggilan%20Bandung&query_place_id=ChIJ7YDojGrdaC4RZ7rmNBBJbfE","Bengkel Perbaikan Bodi Mobil"
"Bengkel mobil 24jam bandung","4","42","Jl. Cikutra No.203","Kota Bandung","Jawa Barat","ID","https://nalaktak-injection.com/","+62 821-3011-1207","Bengkel Mobil",,,,,,,,,,"https://www.google.com/maps/search/?api=1&query=Bengkel%20mobil%2024jam%20bandung&query_place_id=ChIJ8xFyNaLnaC4RnCe51Hvz2_I","Bengkel Mobil"
"Bengkel Mobil Nonx Auto Bandung","4.8","45","Jl. Atput II no.8 cicaheum","Kota Bandung","Jawa Barat","ID",,"+62 859-4752-3262","Bengkel Mobil",,,,,,,,,,"https://www.google.com/maps/search/?api=1&query=Bengkel%20Mobil%20Nonx%20Auto%20Bandung&query_place_id=ChIJwe7FJWLnaC4RcrXKXu7ih4g","Bengkel Mobil"
"Aldy Motor","3.3","18","Jl. Padasuka No.34","Kota Bandung","Jawa Barat","ID",,"+62 22 7104522","Bengkel Sepeda Motor","Bengkel Mobil","Toko Suku Cadang Motor","Bengkel Ganti Oli",,,,,,,"https://www.google.com/maps/search/?api=1&query=Aldy%20Motor&query_place_id=ChIJBZrToZHnaC4Rmb1oYNgKyKo","Bengkel Sepeda Motor"
"Bengkel Motor Yellow Speed 46",,,"Jl. Padasuka Atas No.113","Kabupaten Bandung","Jawa Barat","ID",,"+62 878-1772-3839","Bengkel Sepeda Motor",,,,,,,,,,"https://www.google.com/maps/search/?api=1&query=Bengkel%20Motor%20Yellow%20Speed%2046&query_place_id=ChIJD5a9iVjnaC4RZRkBSZxmIfs","Bengkel Sepeda Motor"
"Rahma Motor","3","2","Jl. Jatihandap No.71","Kabupaten Bandung","Jawa Barat","ID",,"+62 856-2489-1498","Bengkel Motor Skuter",,,,,,,,,,"https://www.google.com/maps/search/?api=1&query=Rahma%20Motor&query_place_id=ChIJC3yVuWXnaC4RWEb7pywNpoU","Bengkel Motor Skuter"
"BENGKEL 114 SOLUTION","5","9","Jl. Cikadut No.6A","Kota Bandung","Jawa Barat","ID","https://www.instagram.com/114solution?igsh=cjlkNjR0OHNyb256","+62 822-4029-6991","Bengkel Sepeda Motor","Bengkel Motor Skuter",,,,,,,,,"https://www.google.com/maps/search/?api=1&query=BENGKEL%20114%20SOLUTION&query_place_id=ChIJg2Piq3znaC4RNLs4JBfo1M8","Bengkel Sepeda Motor"
"Ate Bengkel","4.5","4","Jl. Padasuka No.54, RW.07","Kota Bandung","Jawa Barat","ID",,"","Bengkel Motor Elektrik",,,,,,,,,,"https://www.google.com/maps/search/?api=1&query=Ate%20Bengkel&query_place_id=ChIJvZTv0CHnaC4RyrAvXs6wEbc","Bengkel Motor Elektrik"
"KYX VARIASI Aksesoris Motor Trail & Supermoto","4.7","74","Jl. Jatihandap Timur No.108, RT.04/RW.07","Kota Bandung","Jawa Barat","ID",,"+62 812-1014-1001","Toko Suku Cadang Motor","Bengkel Sepeda Motor",,,,,,,,,"https://www.google.com/maps/search/?api=1&query=KYX%20VARIASI%20Aksesoris%20Motor%20Trail%20%26%20Supermoto&query_place_id=ChIJGXK3CJXnaC4RGevzwtO9stg","Toko Suku Cadang Motor"
"Bengkel Motor & Aksesoris — Berkah Pit Station","4","5","Jl. Padasuka Atas No.123","Kota Bandung","Jawa Barat","ID",,"+62 811-8681-262","Toko Suku Cadang Motor",,,,,,,,,,"https://www.google.com/maps/search/?api=1&query=Bengkel%20Motor%20%26%20Aksesoris%20%E2%80%94%20Berkah%20Pit%20Station&query_place_id=ChIJZfEMpJrnaC4RE1izPU7Li9k","Toko Suku Cadang Motor"
"TRIXXIE Motor","4.9","26","Jl. Cikadut No.93/4, RT.01/RW.03","Kota Bandung","Jawa Barat","ID",,"+62 815-7252-7903","Bengkel Sepeda Motor",,,,,,,,,,"https://www.google.com/maps/search/?api=1&query=TRIXXIE%20Motor&query_place_id=ChIJIUlz5InnaC4RRl-5s_HSkWc","Bengkel Sepeda Motor"
"Yamaha D-Aiz Motor","4.5","79","Jl. Padasuka Atas No.113","Kabupaten Bandung","Jawa Barat","ID",,"+62 22 7212515","Bengkel Sepeda Motor",,,,,,,,,,"https://www.google.com/maps/search/?api=1&query=Yamaha%20D-Aiz%20Motor&query_place_id=ChIJDTZqzprnaC4R6Di5it4oQ6s","Bengkel Sepeda Motor"
"Jatihandap Motor","4.1","8","Jl. H. Saodah No.147, RT.2/RW.08","Kota Bandung","Jawa Barat","ID",,"+62 852-2093-2222","Bengkel Sepeda Motor","Toko Suku Cadang Motor",,,,,,,,,"https://www.google.com/maps/search/?api=1&query=Jatihandap%20Motor&query_place_id=ChIJbVSujI_naC4Rpmlq9PSZwO4","Bengkel Sepeda Motor"
"BENGKEL MOBIL PANGGILAN 24JAM (TENDI)","5","98","Jl. Cijambe Jl. Pasirjati Endah","Kabupaten Bandung","Jawa Barat","ID",,"+62 813-1418-9312","Bengkel Mobil",,,,,,,,,,"https://www.google.com/maps/search/?api=1&query=BENGKEL%20MOBIL%20PANGGILAN%2024JAM%20(TENDI)&query_place_id=ChIJL51fOj7daC4RIz5MRXPS47M","Bengkel Mobil"
"H2COSTUME ( SI RAJA PROMO ) REPAINT / CAT VELG / CARBON & REPAIR","4.6","87","Jl. Cikadut No.1","Kota Bandung","Jawa Barat","ID",,"+62 819-2888-3650","Bengkel Sepeda Motor",,,,,,,,,,"https://www.google.com/maps/search/?api=1&query=H2COSTUME%20(%20SI%20RAJA%20PROMO%20)%20REPAINT%20%2F%20CAT%20VELG%20%2F%20CARBON%20%26%20REPAIR&query_place_id=ChIJufuWFp7daC4RVFtFIlgISjs","Bengkel Sepeda Motor"
"BENGKEL MINERVA SERVICE BANDUNG","5","3","Jl. Giri Jati No.2","Kota Bandung","Jawa Barat","ID",,"+62 817-7022-2233","Toko Suku Cadang Motor",,,,,,,,,,"https://www.google.com/maps/search/?api=1&query=BENGKEL%20MINERVA%20SERVICE%20BANDUNG&query_place_id=ChIJTRXbQC3daC4RmvvXjp9lUS4","Toko Suku Cadang Motor"
"Palasari Motor","4.3","7","Jl. Pasir Impun No.46","Kota Bandung","Jawa Barat","ID",,"","Bengkel Mobil",,,,,,,,,,"https://www.google.com/maps/search/?api=1&query=Palasari%20Motor&query_place_id=ChIJWbhE7WTdaC4RqCy1hIAH6g4","Bengkel Mobil"
"Bengkel Motor JhonoConcept","4.5","13","Unnamed Road","Kota Bandung","Jawa Barat","ID",,"+62 813-2016-0220","Bengkel Sepeda Motor",,,,,,,,,,"https://www.google.com/maps/search/?api=1&query=Bengkel%20Motor%20JhonoConcept&query_place_id=ChIJW3SXv6TdaC4Ryrraw0Bb-Mo","Bengkel Sepeda Motor"
"Bengkel Honda Ahass Mitra Mandiri Motor","4.9","563","Jl. AH. Nasution, Raya Sindanglaya No. 62","Kota Bandung","Jawa Barat","ID",,"+62 812-5507-8998","Bengkel Sepeda Motor",,,,,,,,,,"https://www.google.com/maps/search/?api=1&query=Bengkel%20Honda%20Ahass%20Mitra%20Mandiri%20Motor&query_place_id=ChIJzzoobsLdaC4RhHUWefbw3X8","Bengkel Sepeda Motor"
"Planet Ban Padasuka","4.5","111","Jl. Padasuka No.59","Kota Bandung","Jawa Barat","ID","https://lokasi.planetban.com/planet-ban-jalan-padasuka-pasirlayung-motorcycle-repair-shop-kota-bandung-bandung-393987/Home?utm_source=locator&utm_medium=googleplaces","+62 817-0006-055","Bengkel Sepeda Motor","Bengkel Motor Skuter","Toko Suku Cadang Motor","Layanan ban","Toko Ban",,,,,,"https://www.google.com/maps/search/?api=1&query=Planet%20Ban%20Padasuka&query_place_id=ChIJoY_FYw7naC4RGeO8ca3rvug","Bengkel Sepeda Motor"
"Ato Jaya Motor","4.5","13","Jl. Jatihandap No.16","Kota Bandung","Jawa Barat","ID",,"+62 22 7236035","Bengkel Mobil",,,,,,,,,,"https://www.google.com/maps/search/?api=1&query=Ato%20Jaya%20Motor&query_place_id=ChIJ900fJY7naC4R4D2IITHwKFk","Bengkel Mobil"
"AH Tech Garage","5","11",,"Kota Bandung","Jawa Barat","ID",,"+62 812-2485-948","Bengkel Sepeda Motor",,,,,,,,,,"https://www.google.com/maps/search/?api=1&query=AH%20Tech%20Garage&query_place_id=ChIJMcu4V3XdaC4RGUq0CNmQeqg","Bengkel Sepeda Motor"
"ASEP KNALPOT ( AK EXHAUST SYSTEM )","4.4","103","Jl. Moch Syahri No.1","Kota Bandung","Jawa Barat","ID",,"+62 821-1557-0278","Bengkel Mesin",,,,,,,,,,"https://www.google.com/maps/search/?api=1&query=ASEP%20KNALPOT%20(%20AK%20EXHAUST%20SYSTEM%20)&query_place_id=ChIJjSe0g4LdaC4RglrRlSDV6ZA","Bengkel Mesin"
"Letooy Garage","4.8","6","Jl. Sukaasih Raya Atas No.258","Kota Bandung","Jawa Barat","ID",,"+62 896-3303-3835","Bengkel Sepeda Motor",,,,,,,,,,"https://www.google.com/maps/search/?api=1&query=Letooy%20Garage&query_place_id=ChIJefK8zG7daC4R7L2Hvrp67RM","Bengkel Sepeda Motor"
"AHASS BAROKAH MOTOR Sukamiskin","4.2","643","Jl. AH. Nasution No.111","Kota Bandung","Jawa Barat","ID",,"+62 22 7234347","Bengkel Sepeda Motor",,,,,,,,,,"https://www.google.com/maps/search/?api=1&query=AHASS%20BAROKAH%20MOTOR%20Sukamiskin&query_place_id=ChIJMycCsmDdaC4R725TqZP_nto","Bengkel Sepeda Motor"
"ART RACING TEAM","5","7","3PX7+FFR","Kota Bandung","Jawa Barat","ID",,"+62 859-1384-39160","Bengkel Motor Skuter",,,,,,,,,,"https://www.google.com/maps/search/?api=1&query=ART%20RACING%20TEAM&query_place_id=ChIJR684Mx7daC4RM1M2OfUsnjE","Bengkel Motor Skuter"
"Sutanto Motor","4.1","506","Jl. AH. Nasution No.161","Kota Bandung","Jawa Barat","ID",,"+62 22 7101698","Bengkel Sepeda Motor",,,,,,,,,,"https://www.google.com/maps/search/?api=1&query=Sutanto%20Motor&query_place_id=ChIJRTwme2fdaC4RY9UL-hdcEmw","Bengkel Sepeda Motor"
"CAHAYA MOTOR RACING - ONE89 MOTOSHOP SPESIALIS CVT & BAN UPGRADE TANJAKAN TOP SPEED","4.6","483","Jl. Sindanglaya Jl. AH. Nasution No.189","Kota Bandung","Jawa Barat","ID",,"+62 22 7216312","Bengkel Sepeda Motor",,,,,,,,,,"https://www.google.com/maps/search/?api=1&query=CAHAYA%20MOTOR%20RACING%20-%20ONE89%20MOTOSHOP%20SPESIALIS%20CVT%20%26%20BAN%20UPGRADE%20TANJAKAN%20TOP%20SPEED&query_place_id=ChIJLfBriWfdaC4RTABDP7oEljo","Bengkel Sepeda Motor"
"BENGKEL MOTOR DS027GARAGE","5","60","Jl. Sirnagalih No.1 no.1","Kota Bandung","Jawa Barat","ID",,"","Bengkel Sepeda Motor",,,,,,,,,,"https://www.google.com/maps/search/?api=1&query=BENGKEL%20MOTOR%20DS027GARAGE&query_place_id=ChIJWyRR5dDnaC4RkjeIsc-zJcw","Bengkel Sepeda Motor"
"SAHABAT MOTOR Paijo","4.9","13","Jl. Cinangka No.199","Kota Bandung","Jawa Barat","ID",,"+62 813-2052-7739","Bengkel Sepeda Motor",,,,,,,,,,"https://www.google.com/maps/search/?api=1&query=SAHABAT%20MOTOR%20Paijo&query_place_id=ChIJIaryKxjdaC4RZTFS06d19F4","Bengkel Sepeda Motor"
"Bengkel Motor UngProject","5","1","4M35+M84, Jl. Jatihandap","Kota Bandung","Jawa Barat","ID","https://www.tiktok.com/@ungproject_?_r=1&_t=ZS-91XOhLEdYe8","+62 812-8757-8681","Bengkel Sepeda Motor",,,,,,,,,,"https://www.google.com/maps/search/?api=1&query=Bengkel%20Motor%20UngProject&query_place_id=ChIJgZX4XQDnaC4RxBjdeZULXVw","Bengkel Sepeda Motor"
"Apotek Kimia Farma Antapani","4.8","198","Jl. Terusan Jakarta No.341","Kota Bandung","Jawa Barat","ID","http://kimiafarmaapotek.co.id/","+62 811-2157-655","Apotek",,,,,,,,,,"https://www.google.com/maps/search/?api=1&query=Apotek%20Kimia%20Farma%20Antapani&query_place_id=ChIJp0frge_naC4R_3Uee-U49vw","Apotek"
"Bengkel Mobil AJM Auto Service -- Tau Beres Aja","4.8","112","Jl. Makmur No.3","Kota Bandung","Jawa Barat","ID","https://www.tiktok.com/@bengkelmobilnewajm.bdg?_r=1&_t=ZS-96P8nU8YPNl","+62 822-1456-4141","Bengkel Mobil",,,,,,,,,,"https://www.google.com/maps/search/?api=1&query=Bengkel%20Mobil%20AJM%20Auto%20Service%20--%20Tau%20Beres%20Aja&query_place_id=ChIJhR37nH7maC4RT836iL10MDg","Bengkel Mobil"
"Elang garage","5","1","4M2F+M86, Jl. Abah Sastra","Kota Bandung","Jawa Barat","ID",,"","Bengkel Sepeda Motor",,,,,,,,,,"https://www.google.com/maps/search/?api=1&query=Elang%20garage&query_place_id=ChIJb3wAYE7daC4RZGfwo0E6g3k","Bengkel Sepeda Motor"
"SERVICE Laptop Komputer","5","84","Jl. Cisitu Baru No.30","Kota Bandung","Jawa Barat","ID",,"+62 813-9432-0790","Servis Komputer",,,,,,,,,,"https://www.google.com/maps/search/?api=1&query=SERVICE%20Laptop%20Komputer&query_place_id=ChIJNx0ytS7naC4RfLZX193A90M","Servis Komputer"
"NN Sparepart Motor Suzuki","5","8","4M2P+W98, Unnamed Road","Kota Bandung","Jawa Barat","ID",,"+62 896-5662-1789","Bengkel Sepeda Motor",,,,,,,,,,"https://www.google.com/maps/search/?api=1&query=NN%20Sparepart%20Motor%20Suzuki&query_place_id=ChIJ_c1stuDdaC4RlkJP5A77UDY","Bengkel Sepeda Motor"
"Planet Ban Cikutra Barat Sadang serang","4.5","365","Jl. Cikutra Barat, RT.006/RW.19, Kelurahan :, Coblong","Kota Bandung","Jawa Barat","ID","https://lokasi.planetban.com/planet-ban-cikutra-barat-sadang-serang-motorcycle-repair-shop-coblong-bandung-389640/Home?utm_source=locator&utm_medium=googleplaces","+62 817-0006-055","Bengkel Sepeda Motor","Bengkel Motor Skuter","Toko Suku Cadang Motor","Layanan ban","Toko Ban",,,,,,"https://www.google.com/maps/search/?api=1&query=Planet%20Ban%20Cikutra%20Barat%20Sadang%20serang&query_place_id=ChIJE5K1HpjnaC4RF6VH15Bq4kw","Bengkel Sepeda Motor"
"Jaya Bor Bandung","5","4","Jl.Dr.DJungjunan Dalam 4, Pasteur, Belakang Griya Pasteur","Kota Bandung","Jawa Barat","ID",,"+62 821-1903-9442","Bengkel Mesin Diesel","Bengkel Bubut","Bengkel Mesin","Toko Peralatan Las",,,,,,,"https://www.google.com/maps/search/?api=1&query=Jaya%20Bor%20Bandung&query_place_id=ChIJvV6Yt3nnaC4Rses6Ghaajzs","Bengkel Mesin Diesel"
"bengkel pangilan bandung","5","2","Jl. Gunung Kareumbi No.2A","Kota Bandung","Jawa Barat","ID",,"","Bengkel Sepeda Motor",,,,,,,,,,"https://www.google.com/maps/search/?api=1&query=bengkel%20pangilan%20bandung&query_place_id=ChIJKe3tKgDnaC4RSSlI_gjWPoQ","Bengkel Sepeda Motor"
"Jumper aki mobil panggilan bandung","5","1","Jl. Bbk. Jeruk III A No.10","Kota Bandung","Jawa Barat","ID",,"+62 822-9597-7966","Toko Aki Mobil",,,,,,,,,,"https://www.google.com/maps/search/?api=1&query=Jumper%20aki%20mobil%20panggilan%20bandung&query_place_id=ChIJ0w1mt6DnaC4RU_MDrcuLu5Y","Toko Aki Mobil"
"BENGKEL MOBIL PUTRA MANDIRI","3.7","3","Jalan sangkuriang bawah rt. 005 rw. 013 kel. Dago","Kota Bandung","Jawa Barat","ID",,"","Bengkel Mobil",,,,,,,,,,"https://www.google.com/maps/search/?api=1&query=BENGKEL%20MOBIL%20PUTRA%20MANDIRI&query_place_id=ChIJEdHhZmPnaC4Rco_4XJXxz3M","Bengkel Mobil"
"Poles Mobil Bandung",,,,,,,"http://www.youtube.com/@Polesmobilaman","+62 853-1408-9855","Bengkel Mobil","Service establishment",,,,,,,,,"https://www.google.com/maps/search/?api=1&query=Poles%20Mobil%20Bandung&query_place_id=ChIJG7-vv1bnaC4RLRlD1hAn-0E","Bengkel Mobil"
"Motor klasik Bandung",,,"Jl. Cihampelas Gg. Margalaksana No.34, RT.03/RW.09","Kota Bandung","Jawa Barat","ID",,"+62 831-1314-0444","Bengkel Sepeda Motor",,,,,,,,,,"https://www.google.com/maps/search/?api=1&query=Motor%20klasik%20Bandung&query_place_id=ChIJMywAEwDnaC4RQcZZYoUrYDQ","Bengkel Sepeda Motor"
"Wijaya Toyota Dago","4.6","980","Jl. Ir. H. Juanda No.131","Kota Bandung","Jawa Barat","ID","http://infodago.wijayatoyota.co.id/","+62 22 2500010","Dealer Toyota",,,,,,,,,,"https://www.google.com/maps/search/?api=1&query=Wijaya%20Toyota%20Dago&query_place_id=ChIJPVVVFR5cZS4ROzEr3A0WxGo","Dealer Toyota"
"Galaxy computer",,,"Balubur Town Square Lantai D1 Blok R-10, Jl. Taman Sari, Tamansari, Bandung Wetan","Kota Bandung","Jawa Barat","ID",,"+62 813-2103-8083","Servis Komputer","Toko Komputer",,,,,,,,,"https://www.google.com/maps/search/?api=1&query=Galaxy%20computer&query_place_id=ChIJlX54Q0XmaC4RsPf1kN6fdLs","Servis Komputer"
"Eradica Farma","4.3","32","Jl. AH. Nasution No.138B","Kota Bandung","Jawa Barat","ID",,"+62 22 7219887","Apotek",,,,,,,,,,"https://www.google.com/maps/search/?api=1&query=Eradica%20Farma&query_place_id=ChIJZSyHYl3daC4Rx28K5ftu984","Apotek"
"Pusat Ban RVN","4.3","162","Jl. Cikutra Barat No.98","Kota Bandung","Jawa Barat","ID",,"+62 812-2282-0242","Toko Ban",,,,,,,,,,"https://www.google.com/maps/search/?api=1&query=Pusat%20Ban%20RVN&query_place_id=ChIJA-eJzq7naC4RHx_LxvHTs4w","Toko Ban"
"Bengkel Cat Mobil",,,"Jl. Khp Hasan Mustopa No.125","Kota Bandung","Jawa Barat","ID",,"+62 813-1290-1201","Bengkel Mobil",,,,,,,,,,"https://www.google.com/maps/search/?api=1&query=Bengkel%20Cat%20Mobil&query_place_id=ChIJswl8rxjnaC4ROE7MkUz-ACA","Bengkel Mobil"
"Sinar Motor","4","74","Jalan TBS. Ismail No.1 A","Kota Bandung","Jawa Barat","ID",,"+62 882-1838-8499","Bengkel Sepeda Motor",,,,,,,,,,"https://www.google.com/maps/search/?api=1&query=Sinar%20Motor&query_place_id=ChIJBedu86rnaC4R9ymwGzNOnvM","Bengkel Sepeda Motor"
"Montir mobil panggilan 24 jam bandung Jawa barat , DAP AUTO CAR","4.9","166","Jl. Dr. Setiabudi No.41","Kota Bandung","Jawa Barat","ID","http://www.montirmobil24jambandung.com/","+62 895-3348-39472","Bengkel Mobil",,,,,,,,,,"https://www.google.com/maps/search/?api=1&query=Montir%20mobil%20panggilan%2024%20jam%20bandung%20Jawa%20barat%20%2C%20DAP%20AUTO%20CAR&query_place_id=ChIJsYLLhN3laC4RSbZ1pS4lToI","Bengkel Mobil"
"Dewa Motor Indonesia - Cikutra Barat, Bandung","5","9","Jl. Cikutra Barat No.123","Kota Bandung","Jawa Barat","ID","https://dewamotor.com/","","Bengkel Sepeda Motor",,,,,,,,,,"https://www.google.com/maps/search/?api=1&query=Dewa%20Motor%20Indonesia%20-%20Cikutra%20Barat%2C%20Bandung&query_place_id=ChIJncxpbgDnaC4R2aEdmaGofSo","Bengkel Sepeda Motor"
"Irgi Motor Bandung ( Mekanik Motor Panggilan)","4","9","Jl. Cipaku I No.14","Kota Bandung","Jawa Barat","ID",,"+62 853-1409-7395","Bengkel Sepeda Motor",,,,,,,,,,"https://www.google.com/maps/search/?api=1&query=Irgi%20Motor%20Bandung%20(%20Mekanik%20Motor%20Panggilan)&query_place_id=ChIJ_17yWj3naC4RGvZxlcVNaA0","Bengkel Sepeda Motor"
"Alietcomp .:SFTWRHS:. BDG","5","2","Gg. Cikondang II No.1","Kota Bandung","Jawa Barat","ID",,"","Toko Software Komputer","Toko Komputer","Toko Komputer Bekas",,,,,,,,"https://www.google.com/maps/search/?api=1&query=Alietcomp%20.%3ASFTWRHS%3A.%20BDG&query_place_id=ChIJRaFfIK_naC4R58RZh13_dSQ","Toko Software Komputer"
"Makmur Jaya Motor","5","27","Jl. PHH Mustofa No129 B, Cibeunying Kaler","Kota Bandung","Jawa Barat","ID",,"+62 878-2132-1479","Bengkel Sepeda Motor",,,,,,,,,,"https://www.google.com/maps/search/?api=1&query=Makmur%20Jaya%20Motor&query_place_id=ChIJ_SVF0ZXnaC4RT9ecJ93weGc","Bengkel Sepeda Motor"
"Fen Motor 52","4.5","34","Jl. Pelesiran No.52","Kota Bandung","Jawa Barat","ID",,"+62 813-2279-7767","Bengkel Sepeda Motor",,,,,,,,,,"https://www.google.com/maps/search/?api=1&query=Fen%20Motor%2052&query_place_id=ChIJGz8FHVvmaC4R-3biWAQyHdE","Bengkel Sepeda Motor"
"Tempat Service Macbook iPhone","5","23","Balubur Town Square","BALTOS","Jawa Barat","ID","https://hyiostore.com/","+62 821-2909-4558","Toko Reparasi Elektronik","Servis Komputer","Toko Komputer",,,,,,,,"https://www.google.com/maps/search/?api=1&query=Tempat%20Service%20Macbook%20iPhone&query_place_id=ChIJMb-94nrnaC4RF7Vx2qAhTYo","Toko Reparasi Elektronik"
"Planet Ban Jalan Cemara Pasteur","4.3","98","Jl. Cemara No.58 RT/RW 03/01","Kota Bandung","Jawa Barat","ID","https://lokasi.planetban.com/planet-ban-jalan-cemara-pasteur-motorcycle-repair-shop-sukajadi-bandung-393939/Home?utm_source=locator&utm_medium=googleplaces","+62 817-0006-055","Bengkel Sepeda Motor","Bengkel Motor Skuter","Toko Suku Cadang Motor","Layanan ban","Toko Ban",,,,,,"https://www.google.com/maps/search/?api=1&query=Planet%20Ban%20Jalan%20Cemara%20Pasteur&query_place_id=ChIJ13vAgIDnaC4Rm8lTto-7ZnE","Bengkel Sepeda Motor"
"Dipoera87 Motor Sport","4.5","63","Jl. Sadang Saip No.88","Kota Bandung","Jawa Barat","ID",,"+62 857-7077-8092","Bengkel Sepeda Motor",,,,,,,,,,"https://www.google.com/maps/search/?api=1&query=Dipoera87%20Motor%20Sport&query_place_id=ChIJGz2F2qznaC4RqBKN3uRu850","Bengkel Sepeda Motor"
"SRB.MOTOR (bengkel yusup)","4.9","48","4J2Q+2RQ, Gg. Suka Bersih","Kota Bandung","Jawa Barat","ID",,"+62 851-7314-6130","Bengkel Sepeda Motor",,,,,,,,,,"https://www.google.com/maps/search/?api=1&query=SRB.MOTOR%20(bengkel%20yusup)&query_place_id=ChIJF8Ukl9XnaC4Rv6urAdc5FJc","Bengkel Sepeda Motor"
"Gins motor","4.9","38","Jl. Gama No.88m, RT.03/RW.05","Kota Bandung","Jawa Barat","ID",,"+62 882-1462-3207","Bengkel Sepeda Motor",,,,,,,,,,"https://www.google.com/maps/search/?api=1&query=Gins%20motor&query_place_id=ChIJ3TwoBADnaC4RjZJg6jm-H9Q","Bengkel Sepeda Motor"
"Chibenk Motor","4.6","119","Jl. Cikutra Barat No.46","Kota Bandung","Jawa Barat","ID",,"","Bengkel Sepeda Motor","Toko Suku Cadang Motor","Layanan reparasi",,,,,,,,"https://www.google.com/maps/search/?api=1&query=Chibenk%20Motor&query_place_id=ChIJYRzYRa_naC4RJH5NjJlLiEM","Bengkel Sepeda Motor"
"Bengkel Motor Abila Pratama / Abila Pratama Motor","5","35","Jl. Gagak No.55","Kota Bandung","Jawa Barat","ID",,"+62 898-7819-270","Bengkel Sepeda Motor",,,,,,,,,,"https://www.google.com/maps/search/?api=1&query=Bengkel%20Motor%20Abila%20Pratama%20%2F%20Abila%20Pratama%20Motor&query_place_id=ChIJoSjm_vDnaC4RTZHEvQKloRU","Bengkel Sepeda Motor"
"TJ MOTOR","5","15","3JXV+XF6, Jl. Khp Hasan Mustopa","Kota Bandung","Jawa Barat","ID",,"+62 831-3137-3532","Bengkel Sepeda Motor",,,,,,,,,,"https://www.google.com/maps/search/?api=1&query=TJ%20MOTOR&query_place_id=ChIJtQYbddnnaC4RxMOpVFXJ68Y","Bengkel Sepeda Motor"
"Gm 07 (home garage)bengkel motor","4.9","59","Jl. Mukti","Kota Bandung","Jawa Barat","ID",,"+62 815-5935-535","Bengkel Sepeda Motor",,,,,,,,,,"https://www.google.com/maps/search/?api=1&query=Gm%2007%20(home%20garage)bengkel%20motor&query_place_id=ChIJG4wHGYTnaC4RgqmckjycLu4","Bengkel Sepeda Motor"
"Surapati Motor","3.9","102","Jl. Surapati No.153","Kota Bandung","Jawa Barat","ID",,"","Bengkel Sepeda Motor",,,,,,,,,,"https://www.google.com/maps/search/?api=1&query=Surapati%20Motor&query_place_id=ChIJZVLUDLHnaC4RCqevjsDn4XI","Bengkel Sepeda Motor"
"Apotek K24 Gegerkalong","4.4","300","Jl. Gegerkalong Hilir No.58, RT.5/RW.04","Kota Bandung","Jawa Barat","ID","https://www.apotek-k24.com/location/detail/222/K-24-GEGERKALONG-","+62 811-2472-424","Apotek",,,,,,,,,,"https://www.google.com/maps/search/?api=1&query=Apotek%20K24%20Gegerkalong&query_place_id=ChIJYXJ_9ZbmaC4R5q4F3oche-0","Apotek"
"Apotek Baladewa Farma 3","4.3","108","Jl. Gegerkalong Hilir No.66","Kota Bandung","Jawa Barat","ID","https://linktr.ee/baladewafarma3","+62 822-5751-1683","Apotek","Toko obat grosir",,,,,,,,,"https://www.google.com/maps/search/?api=1&query=Apotek%20Baladewa%20Farma%203&query_place_id=ChIJvfpBCyDnaC4RzSXmRbmRWYE","Apotek"
"Apotek Prima Jaya","4.3","102","Jl. Tubagus Ismail II No.6","Kota Bandung","Jawa Barat","ID",,"+62 22 2503540","Apotek",,,,,,,,,,"https://www.google.com/maps/search/?api=1&query=Apotek%20Prima%20Jaya&query_place_id=ChIJF0ucXP_maC4RsGTdPx2xXOI","Apotek"
"Yamaha Bandung Raya","4.2","481","Jl. Dr. Setiabudi No.157","Kota Bandung","Jawa Barat","ID","https://m.facebook.com/pages/yamaha-bandung-raya-motor/699902563370629?rf=573020116089827","+62 811-233-127","Dealer Sepeda Motor","Toko Suku Cadang Motor","Toko Sepeda Motor","Tempat Parkir Sepeda Motor",,,,,,,"https://www.google.com/maps/search/?api=1&query=Yamaha%20Bandung%20Raya&query_place_id=ChIJd1sryJXmaC4RS066OO6JBhY","Dealer Sepeda Motor"
"APOTEK ANANDA","2.6","5","Jl. Surapati No.99","Kota Bandung","Jawa Barat","ID",,"","Apotek",,,,,,,,,,"https://www.google.com/maps/search/?api=1&query=APOTEK%20ANANDA&query_place_id=ChIJhbevVbLnaC4RZNu13Rb3224","Apotek"
"Championship Motor","3.6","278","4J77+MW6, Jl. Tubagus Ismail","Kota Bandung","Jawa Barat","ID","http://www.pinkclips.com/","+62 22 2504233","Bengkel Sepeda Motor","Toko",,,,,,,,,"https://www.google.com/maps/search/?api=1&query=Championship%20Motor&query_place_id=ChIJUbiUuPjmaC4RT_JT00OIcrM","Bengkel Sepeda Motor"
"Apotek Mitra Sehati","5","7","Jl. Sadang Serang No.28","Kota Bandung","Jawa Barat","ID",,"+62 895-2728-1926","Apotek",,,,,,,,,,"https://www.google.com/maps/search/?api=1&query=Apotek%20Mitra%20Sehati&query_place_id=ChIJ6Yz8COTnaC4R9gsAOFDiNME","Apotek"
"Honda Mitra Jaya","4.7","1113","Jl. Khp Hasan Mustopa No.27","Kota Bandung","Jawa Barat","ID","https://linktr.ee/hondamitrajayabandung","+62 812-3553-3749","Dealer Sepeda Motor","Bengkel Sepeda Motor",,,,,,,,,"https://www.google.com/maps/search/?api=1&query=Honda%20Mitra%20Jaya&query_place_id=ChIJ5dEEG7vnaC4R29uEeuARcOE","Dealer Sepeda Motor"
"Apotek Bhakti Farma","3.9","12","Jl. Sukagalih No.4","Kota Bandung","Jawa Barat","ID",,"+62 22 2035975","Apotek",,,,,,,,,,"https://www.google.com/maps/search/?api=1&query=Apotek%20Bhakti%20Farma&query_place_id=ChIJ035CTGfmaC4RQT6NNG_0LTM","Apotek"
"Apotek Bukit Permata","4.6","25","Jl. Ciumbuleuit No.57","Kota Bandung","Jawa Barat","ID","https://www.honestdocs.id/apotik/apotek-bukit-permata-bandung","+62 896-5262-2818","Apotek",,,,,,,,,,"https://www.google.com/maps/search/?api=1&query=Apotek%20Bukit%20Permata&query_place_id=ChIJmyRI3vPmaC4R3U0kZywlbSA","Apotek"
"Top Jaya Motor","4.1","32","Jl. Ir. H. Juanda No.413","Kota Bandung","Jawa Barat","ID",,"+62 878-2193-0646","Bengkel Motor Elektrik",,,,,,,,,,"https://www.google.com/maps/search/?api=1&query=Top%20Jaya%20Motor&query_place_id=ChIJsZGMO-DmaC4RvHyC1dMCrDA","Bengkel Motor Elektrik"
"Apotek Bunda Bidara","3.8","24","Jl. Titiran No.24","Kota Bandung","Jawa Barat","ID",,"+62 812-2203-6032","Apotek",,,,,,,,,,"https://www.google.com/maps/search/?api=1&query=Apotek%20Bunda%20Bidara&query_place_id=ChIJv_ZkrEjnaC4RVKUbuF6e918","Apotek"
"batara motor","4.9","37","Jalan gagak 45, Jl. Gagak No.45","Kota Bandung","Jawa Barat","ID",,"","Bengkel Sepeda Motor",,,,,,,,,,"https://www.google.com/maps/search/?api=1&query=batara%20motor&query_place_id=ChIJU_-DIo7naC4R5XfC-q-xdhc","Bengkel Sepeda Motor"
"Apotek","3","2","Ruko Galeri Ciumbuleuit, Jl. Ciumbuleuit No.24, RW.01","Kota Bandung","Jawa Barat","ID",,"","Apotek",,,,,,,,,,"https://www.google.com/maps/search/?api=1&query=Apotek&query_place_id=ChIJA8JBu_bmaC4Rsnj0qD9vhcM","Apotek"
"YANK MOTOR","3.1","282","Jl. Cikutra No.158-138","Kota Bandung","Jawa Barat","ID",,"","Toko",,,,,,,,,,"https://www.google.com/maps/search/?api=1&query=YANK%20MOTOR&query_place_id=ChIJ-8jR7J7naC4RCMoGxpdKb5c","Toko"
"Montir Mobil Panggilan 24 Jam Bandung Pramudana Motor","4.9","54","Jl. Dr. Setiabudi No.254","Kota Bandung","Jawa Barat","ID","http://www.montirmobilpanggilan22.web.id/","+62 896-6821-6861","Montir",,,,,,,,,,"https://www.google.com/maps/search/?api=1&query=Montir%20Mobil%20Panggilan%2024%20Jam%20Bandung%20Pramudana%20Motor&query_place_id=ChIJJXmG9XzlaC4RxjRe0TZPNcw","Montir"
"Apotek Asri","4","1","Jl. Titiran No.16","Kota Bandung","Jawa Barat","ID",,"+62 22 2507293","Apotek",,,,,,,,,,"https://www.google.com/maps/search/?api=1&query=Apotek%20Asri&query_place_id=ChIJp9bHmVLmaC4RykBJ0A8vVFk","Apotek"
"Deartofmine & Co.","5","6","Jl. Ir. H. Juanda No.273a","Kota Bandung","Jawa Barat","ID","http://instagram.com/deartofmine","+62 813-2440-0954","Bengkel Sepeda Motor",,,,,,,,,,"https://www.google.com/maps/search/?api=1&query=Deartofmine%20%26%20Co.&query_place_id=ChIJW_JfcfzmaC4RHiFhSNogrHA","Bengkel Sepeda Motor"
"Apotek Beauderma","4.7","15","Jl. Surapati No.17","Kota Bandung","Jawa Barat","ID",,"+62 812-2112-0035","Apotek",,,,,,,,,,"https://www.google.com/maps/search/?api=1&query=Apotek%20Beauderma&query_place_id=ChIJ2XdLck7maC4Ri1hQn8s9jyA","Apotek"
"Kimia Farma Apotek","4.8","295","Jl. Dr. Setiabudi No.36","Kota Bandung","Jawa Barat","ID","http://kimiafarmaapotek.co.id/","+62 811-2157-660","Apotek","Klinik Kesehatan",,,,,,,,,"https://www.google.com/maps/search/?api=1&query=Kimia%20Farma%20Apotek&query_place_id=ChIJVz3AcPTmaC4RUpGLJKh0R28","Apotek"
"Apotek Sukma Jaya","4.5","37","Jl. Sukahaji No.135 D","Kota Bandung","Jawa Barat","ID",,"+62 812-2227-63464","Apotek",,,,,,,,,,"https://www.google.com/maps/search/?api=1&query=Apotek%20Sukma%20Jaya&query_place_id=ChIJYwCy1qXnaC4RFnQWFRJKkNw","Apotek"
"Apotek Kimia Farma Pasir Kaliki","4.7","460","Jl. Pasir Kaliki No.235","Kota Bandung","Jawa Barat","ID","http://kimiafarmaapotek.co.id/","+62 811-2157-645","Apotek",,,,,,,,,,"https://www.google.com/maps/search/?api=1&query=Apotek%20Kimia%20Farma%20Pasir%20Kaliki&query_place_id=ChIJswEwMZboaC4RVtHOiQmuC2I","Apotek"
"Bengkel Damai Motor 95","5","35","Jl. Sukarajin I No.3 RT 08/13","Kota Bandung","Jawa Barat","ID","https://www.google.com/localservices/preprofile?spp=Cg0vZy8xMXNndmh0NHA4GhQSEgkHKE4mqOdoLhEAQI1NzwulATp8V2hzUUFCQUJFQUlpRTJKbGJtZHJaV3dnWkdGdFlXa2diVzkwYjNLcUFUd1FBU29YSWhOaVpXNW5hMlZzSUdSaGJXRnBJRzF2ZEc5eUtDWXlIeEFCSWh0Rmw1S0xDdnpRVXNwSHdFV2pTS2pmMldobGNlVVVTSzJsUTdJPQ%3D%3D&scp=ChtnY2lkOm1vdG9yY3ljbGVfcmVwYWlyX3Nob3ASFBISCQcoTiao52guEQBAjU3PC6UBGhNiZW5na2VsIGRhbWFpIG1vdG9yIhNiZW5na2VsIGRhbWFpIG1vdG9yKhNiZW5na2VsIGRhbWFpIG1vdG9y&q=bengkel%20damai%20motor&gfved=2ahUKEwip952w8eT9AhURpo4KHX5kB1IQm68HegQIABAa&ved=2ahUKEwip952w8eT9AhURpo4KHX5kB1IQhIwIKAF6BAgAEBk&vet=12ahUKEwip952w8eT9AhURpo4KHX5kB1IQhIwIKAF6BAgAEBk..i&hl=id-ID&gl=id&g2lbs=ALIxsqqQwE_dVvzwN9C1tVYi5llZgyahPkrz6UVanVbOu2yZh-NbLIlL1keYYNtH634Z1rLU62ZScZ1XVWajQmXlBcF9JyEd6FnSXfbiWmbMY8Der24bs1uZeQ5x2","+62 882-1817-4560","Bengkel Sepeda Motor",,,,,,,,,,"https://www.google.com/maps/search/?api=1&query=Bengkel%20Damai%20Motor%2095&query_place_id=ChIJ8Vh0SuXnaC4R0mVhP7gtLyI","Bengkel Sepeda Motor"
"Apotek Mirah","3.7","3","Jl. Batik Saketi No.2","Kota Bandung","Jawa Barat","ID",,"+62 22 2500478","Apotek",,,,,,,,,,"https://www.google.com/maps/search/?api=1&query=Apotek%20Mirah&query_place_id=ChIJaQJppa_naC4RUZzpJyTZOHY","Apotek"
"Fam Motor","4.5","88","Jl. Gegerkalong Hilir No.56","Kota Bandung","Jawa Barat","ID",,"+62 22 2015611","Bengkel Sepeda Motor",,,,,,,,,,"https://www.google.com/maps/search/?api=1&query=Fam%20Motor&query_place_id=ChIJF0l4r5fmaC4RSTFuQLwFvyQ","Bengkel Sepeda Motor"
"Palem Motor Bandung","4.9","15","Jl. Sadang Serang","Kota Bandung","Jawa Barat","ID",,"","Bengkel Sepeda Motor",,,,,,,,,,"https://www.google.com/maps/search/?api=1&query=Palem%20Motor%20Bandung&query_place_id=ChIJzxi4S6rnaC4RU4Vq02Rz7Dg","Bengkel Sepeda Motor"
"Bengkel motor mas marno","4.9","19","4HFV+RQ5, Jl. Babakan Sukajadi","Kota Bandung","Jawa Barat","ID",,"+62 823-1223-89632","Bengkel Mobil",,,,,,,,,,"https://www.google.com/maps/search/?api=1&query=Bengkel%20motor%20mas%20marno&query_place_id=ChIJZ9uqkannaC4Rx5Hf6RutIxw","Bengkel Mobil"
"Champion sederhana motor","2.8","30","Bengkel Sederhana Motor, Jl. Sederhana No.32","Kota Bandung","Jawa Barat","ID",,"+62 22 64404031","Bengkel Motor Skuter",,,,,,,,,,"https://www.google.com/maps/search/?api=1&query=Champion%20sederhana%20motor&query_place_id=ChIJAxOEfaXnaC4RyKIdO8SEovM","Bengkel Motor Skuter"
"apotek kahfi farma","4","39","Jl. Ciumbuleuit No.176","Kota Bandung","Jawa Barat","ID","http://www.wangunsari.com/","+62 22 64403199","Apotek",,,,,,,,,,"https://www.google.com/maps/search/?api=1&query=apotek%20kahfi%20farma&query_place_id=ChIJm3xjVqTnaC4R0WM3MalirP4","Apotek"
"Apotek Sahaja","5","3","Jl. Sukagalih No.48","Kota Bandung","Jawa Barat","ID",,"+62 821-2714-9848","Apotek",,,,,,,,,,"https://www.google.com/maps/search/?api=1&query=Apotek%20Sahaja&query_place_id=ChIJKbOBrV7naC4Rt6nZSksGvtE","Apotek"
"HJM Hurip Jaya Motor","3.5","47","Jl. Tubagus Ismail No.29","Kota Bandung","Jawa Barat","ID",,"+62 22 2506225","Bengkel Sepeda Motor",,,,,,,,,,"https://www.google.com/maps/search/?api=1&query=HJM%20Hurip%20Jaya%20Motor&query_place_id=ChIJDcMzD__maC4Rz3SmTr7pXHw","Bengkel Sepeda Motor"
"Nurholis Motor 2","1.3","19","Jl. Cikutra No.232","Kota Bandung","Jawa Barat","ID",,"","Bengkel Motor Skuter",,,,,,,,,,"https://www.google.com/maps/search/?api=1&query=Nurholis%20Motor%202&query_place_id=ChIJJ84rxk_naC4RL8yqicJ-D-M","Bengkel Motor Skuter"
"BENGKEL MOTOR PRATAMA","5","9","Jl. Khp Hasan Mustopa No.5","Kota Bandung","Jawa Barat","ID",,"+62 895-4117-39990","Bengkel Sepeda Motor",,,,,,,,,,"https://www.google.com/maps/search/?api=1&query=BENGKEL%20MOTOR%20PRATAMA&query_place_id=ChIJrWz0xdvnaC4RU5WXp1-hQYs","Bengkel Sepeda Motor"
"Bengkel motor mocin bandung","1","1","Jl. Gagak No.17, RT.04","Kota Bandung","Jawa Barat","ID",,"+62 821-2925-1474","Bengkel Motor Skuter",,,,,,,,,,"https://www.google.com/maps/search/?api=1&query=Bengkel%20motor%20mocin%20bandung&query_place_id=ChIJI89uKwvnaC4REOhC48OSO-Q","Bengkel Motor Skuter"
"Nur Cholis Motor","4.1","212","Jl. Cikutra No.256","Kota Bandung","Jawa Barat","ID",,"+62 878-7768-9445","Bengkel Sepeda Motor",,,,,,,,,,"https://www.google.com/maps/search/?api=1&query=Nur%20Cholis%20Motor&query_place_id=ChIJR4HnxKLnaC4RGWZaKZsKzJY","Bengkel Sepeda Motor"
"Apotek Keluarga Kita","3.7","29","No.15 no A, Komplek Ruko Setrasari Megasquare, Jl. Terusan Sutami","Kota Bandung","Jawa Barat","ID",,"+62 813-6788-8568","Apotek",,,,,,,,,,"https://www.google.com/maps/search/?api=1&query=Apotek%20Keluarga%20Kita&query_place_id=ChIJDVrF4yTnaC4RWC-WuscMB84","Apotek"
"Klinik Utama Revita & Apotek Revita","4.3","40","Jl. Cihampelas No.73","Kota Bandung","Jawa Barat","ID",,"+62 818-0993-5005","Klinik Spesialis","Apotek",,,,,,,,,"https://www.google.com/maps/search/?api=1&query=Klinik%20Utama%20Revita%20%26%20Apotek%20Revita&query_place_id=ChIJu_2GC0TmaC4RiIoS1aAyINE","Klinik Spesialis"
"Modifikasi Garasi 81","4.9","17","Jl. Cikutra Barat No.81","Kota Bandung","Jawa Barat","ID",,"+62 888-9117-202","Bengkel Sepeda Motor",,,,,,,,,,"https://www.google.com/maps/search/?api=1&query=Modifikasi%20Garasi%2081&query_place_id=ChIJYRwe2q7naC4ROaE3RlgB0Cc","Bengkel Sepeda Motor"
"Apotek Kimia Farma, Gegerkalong","4.1","125","Jl. Gegerkalong Hilir No.33","Kota Bandung","Jawa Barat","ID","http://kimiafarmaapotek.co.id/","+62 811-2157-684","Apotek","Klinik Kesehatan",,,,,,,,,"https://www.google.com/maps/search/?api=1&query=Apotek%20Kimia%20Farma%2C%20Gegerkalong&query_place_id=ChIJLzOzhZbmaC4RQPmxJ6uyOLY","Apotek"
"Samudra Motor","4.5","12","Jl. Cikutra No.233","Kota Bandung","Jawa Barat","ID",,"+62 22 7218253","Bengkel Sepeda Motor","Toko Suku Cadang Motor",,,,,,,,,"https://www.google.com/maps/search/?api=1&query=Samudra%20Motor&query_place_id=ChIJX3jUqqXnaC4RBRBgSPZtd2U","Bengkel Sepeda Motor"
"dnf motorworks","4.6","25","Jl. Siliwangi No.31 A","Kota Bandung","Jawa Barat","ID",,"","Bengkel Sepeda Motor",,,,,,,,,,"https://www.google.com/maps/search/?api=1&query=dnf%20motorworks&query_place_id=ChIJ--mVCSvnaC4REHLnkv28YtQ","Bengkel Sepeda Motor"
"Apotek Gemilang Farma","4","25","Jl. Sersan Bajuri No.4 Blok A","Kota Bandung","Jawa Barat","ID",,"","Apotek",,,,,,,,,,"https://www.google.com/maps/search/?api=1&query=Apotek%20Gemilang%20Farma&query_place_id=ChIJHZl6-CHnaC4RJ5RlYFD81DQ","Apotek"
"Panorama Motor","4.5","40","Jl. Dr. Setiabudi No.234","Kota Bandung","Jawa Barat","ID",,"","Bengkel Sepeda Motor",,,,,,,,,,"https://www.google.com/maps/search/?api=1&query=Panorama%20Motor&query_place_id=ChIJxSeE-L7maC4R66rKZool9ck","Bengkel Sepeda Motor"
"APOTEK AGAPE FARMA","5","2","Jl. Kb. Bibit Barat No.47","Kota Bandung","Jawa Barat","ID",,"","Apotek",,,,,,,,,,"https://www.google.com/maps/search/?api=1&query=APOTEK%20AGAPE%20FARMA&query_place_id=ChIJ8b_rIQDnaC4R56nt_kg7jjo","Apotek"
"Budi bengkel motor","5","2","Gg. Pancasila No.14","Kota Bandung","Jawa Barat","ID",,"+62 831-1320-6684","Bengkel Sepeda Motor",,,,,,,,,,"https://www.google.com/maps/search/?api=1&query=Budi%20bengkel%20motor&query_place_id=ChIJgbqsJQDnaC4RYymVUtrjTiw","Bengkel Sepeda Motor"
"Apotek RS. Salamun","3.7","21","Jl. Ciumbuleuit No.203","Kota Bandung","Jawa Barat","ID",,"+62 22 2032090","Apotek",,,,,,,,,,"https://www.google.com/maps/search/?api=1&query=Apotek%20RS.%20Salamun&query_place_id=ChIJO0RFM8LmaC4Rab8_7fvcMMk","Apotek"
"Apotek Cemara","4.3","53","Jl. Karang Tinggal No.41B","Kota Bandung","Jawa Barat","ID",,"+62 22 2042298","Apotek",,,,,,,,,,"https://www.google.com/maps/search/?api=1&query=Apotek%20Cemara&query_place_id=ChIJYeYaQGDmaC4R1FZiPLhDokM","Apotek"
"Bengkel motor online DOC","4.9","25","Gg. Neglasari V","Kota Bandung","Jawa Barat","ID",,"+62 896-4654-0325","Bengkel Sepeda Motor",,,,,,,,,,"https://www.google.com/maps/search/?api=1&query=Bengkel%20motor%20online%20DOC&query_place_id=ChIJnebecgDnaC4RoMQneQlj9ZU","Bengkel Sepeda Motor"
"Bengkel Motor","5","2","Jl. Khp Hasan Mustopa No.129","Kota Bandung","Jawa Barat","ID",,"","Bengkel Bongkar Pasang Mesin",,,,,,,,,,"https://www.google.com/maps/search/?api=1&query=Bengkel%20Motor&query_place_id=ChIJpaIeLpTnaC4R3Hw_xD-wsEE","Bengkel Bongkar Pasang Mesin"
"Apotek Vicko","4.7","7","Jl. Gagak No.40","Kota Bandung","Jawa Barat","ID",,"+62 22 2511337","Apotek",,,,,,,,,,"https://www.google.com/maps/search/?api=1&query=Apotek%20Vicko&query_place_id=ChIJ6TY4i7rnaC4R5WrLX38LNaw","Apotek"
"Apotik Setra Farma","2.5","2","Jl. Sindang Sirna No.9","Kota Bandung","Jawa Barat","ID",,"+62 22 2060434","Apotek",,,,,,,,,,"https://www.google.com/maps/search/?api=1&query=Apotik%20Setra%20Farma&query_place_id=ChIJVcJ4_I3maC4RSgBYwxCy3oA","Apotek"
"Bengkel Motor Dinasty","1.3","9","Jl. Dr. Setiabudi No.22","Kota Bandung","Jawa Barat","ID",,"","Bengkel Sepeda Motor",,,,,,,,,,"https://www.google.com/maps/search/?api=1&query=Bengkel%20Motor%20Dinasty&query_place_id=ChIJEQmebpnnaC4RfuHq8J8ta7w","Bengkel Sepeda Motor"
"Fajar Motor","5","1","Jl. Sadang Serang No.18","Kota Bandung","Jawa Barat","ID",,"+62 821-1506-0990","Bengkel Sepeda Motor",,,,,,,,,,"https://www.google.com/maps/search/?api=1&query=Fajar%20Motor&query_place_id=ChIJwSfzUarnaC4RdDeUeMNVbRE","Bengkel Sepeda Motor"
"Bengkel Motor Pa Asep","5","2","Jl. Cipedes Tengah","Kota Bandung","Jawa Barat","ID","https://www.tiktok.com/@bengkelpasep?_r=1&_t=ZS-9566j3VOAJs","+62 882-0018-17331","Bengkel Sepeda Motor",,,,,,,,,,"https://www.google.com/maps/search/?api=1&query=Bengkel%20Motor%20Pa%20Asep&query_place_id=ChIJJRuUxZ3naC4RyA8XauY8RVE","Bengkel Sepeda Motor"
"Bengkel Motor Pahlawan BAM","2","1","Jl. Sidomukti No.99c","Kota Bandung","Jawa Barat","ID",,"+62 22 2514545","Bengkel Sepeda Motor",,,,,,,,,,"https://www.google.com/maps/search/?api=1&query=Bengkel%20Motor%20Pahlawan%20BAM&query_place_id=ChIJf8oHvqXnaC4RUcSbPRMmnCA","Bengkel Sepeda Motor"
"Gtr Racing Team","5","8","Gg. Pelesiran X No.100","Kota Bandung","Jawa Barat","ID","https://www.instagram.com/gtr_racingteam/","+62 896-3048-8858","Bengkel Motor Skuter",,,,,,,,,,"https://www.google.com/maps/search/?api=1&query=Gtr%20Racing%20Team&query_place_id=ChIJ60l5v83laC4RPuDO5jk0Sck","Bengkel Motor Skuter"
"Apotik Surya Bunda","5","4","Jl. Sukajadi No.630","Kota Bandung","Jawa Barat","ID","https://poltekkeskemenkes.id/Bandung-Apotik-Surya-Bunda.html","+62 22 2032986","Apotek",,,,,,,,,,"https://www.google.com/maps/search/?api=1&query=Apotik%20Surya%20Bunda&query_place_id=ChIJAZA8vormaC4RU1QlfnTzIjM","Apotek"
"Klinik Asri Husada II","3.5","98","Jl. Titiran No.16","Kota Bandung","Jawa Barat","ID","https://asrihusada2.id/","+62 22 20451344","Dokter Umum","Dokter Gigi",,,,,,,,,"https://www.google.com/maps/search/?api=1&query=Klinik%20Asri%20Husada%20II&query_place_id=ChIJp9bHmVLmaC4RvuvWue397xY","Dokter Umum"
"Bj Bengkel Motor",,,"Jl. Dr. Djunjunan No.24","Kota Bandung","Jawa Barat","ID",,"+62 813-2429-5767","Bengkel Mobil",,,,,,,,,,"https://www.google.com/maps/search/?api=1&query=Bj%20Bengkel%20Motor&query_place_id=ChIJzTS9-WTmaC4R0d8uhdWQsXU","Bengkel Mobil"
"Service Motor","5","2","4H4M+GH7, Jl. Sukawarna","Kota Bandung","Jawa Barat","ID",,"","Bengkel Mobil",,,,,,,,,,"https://www.google.com/maps/search/?api=1&query=Service%20Motor&query_place_id=ChIJPRE_ZXvmaC4RSDrNCztzLVQ","Bengkel Mobil"
"Awank Motor","4.2","12","Jl. Cemara No.75","Kota Bandung","Jawa Barat","ID",,"+62 852-2134-9778","Bengkel Ganti Oli",,,,,,,,,,"https://www.google.com/maps/search/?api=1&query=Awank%20Motor&query_place_id=ChIJIyq8zfTmaC4RhhQrjM0ZjWg","Bengkel Ganti Oli"
"Family Motor Bengkel","5","3","Jl. Cimuncang No.43","Kota Bandung","Jawa Barat","ID",,"+62 852-9500-1777","Bengkel Mobil",,,,,,,,,,"https://www.google.com/maps/search/?api=1&query=Family%20Motor%20Bengkel&query_place_id=ChIJH-1KoZbnaC4REdlVXdBQmQE","Bengkel Mobil"
"BENGKEL MOTOR MUTBER","5","1","Jl. Kp Jl. Pasir Kaliki Barat No.27, RT.08/RW.15","Kota Bandung","Jawa Barat","ID","https://rachmathidaandara.blogspot.com/2024/12/bengkel-motor-lakoni-bengkel-motor.html","+62 896-7910-0402","Bengkel Sepeda Motor",,,,,,,,,,"https://www.google.com/maps/search/?api=1&query=BENGKEL%20MOTOR%20MUTBER&query_place_id=ChIJR0PGKQDnaC4R9YM_6A-VnQM","Bengkel Sepeda Motor"
"bengkel motor faisaldipoera","5","2",,,,,,"",,,,,,,,,,,"https://www.google.com/maps/search/?api=1&query=bengkel%20motor%20faisaldipoera&query_place_id=ChIJS_msdrbnaC4RooMeQxtmtbs",
"Apotek Syifa Farma","3.6","41","Jl. Gegerkalong Girang No.65 A","Kota Bandung","Jawa Barat","ID",,"+62 22 2012492","Apotek",,,,,,,,,,"https://www.google.com/maps/search/?api=1&query=Apotek%20Syifa%20Farma&query_place_id=ChIJU85DRrzmaC4RHh-qpBe_QGc","Apotek"
"Amang Bengkel Motor","5","9","4J2W+HRG","Kota Bandung","Jawa Barat","ID",,"","Bengkel Sepeda Motor",,,,,,,,,,"https://www.google.com/maps/search/?api=1&query=Amang%20Bengkel%20Motor&query_place_id=ChIJZ9UMKZTnaC4RmnF6OVrWN0E","Bengkel Sepeda Motor"
"A.Z.R bengkel motor","5","1","Jl. Bukit Raya Atas","Kota Bandung","Jawa Barat","ID",,"+62 838-7493-4274","Bengkel Sepeda Motor",,,,,,,,,,"https://www.google.com/maps/search/?api=1&query=A.Z.R%20bengkel%20motor&query_place_id=ChIJj_wKLwDnaC4RRJdu_8JN09Q","Bengkel Sepeda Motor"
"Bengkel Motor Mabez Garage","5","13","Jl. Muhamad No.320 B","Kota Bandung","Jawa Barat","ID",,"+62 857-0359-9250","Bengkel Sepeda Motor",,,,,,,,,,"https://www.google.com/maps/search/?api=1&query=Bengkel%20Motor%20Mabez%20Garage&query_place_id=ChIJh_obhvrnaC4Rw5kcNo9foL4","Bengkel Sepeda Motor"
"Bengkel motor/Iday Jasa Crom","5","4","Gg. Pancasila No.8","Kota Bandung","Jawa Barat","ID",,"+62 818-0429-6305","Akomodasi berlayanan",,,,,,,,,,"https://www.google.com/maps/search/?api=1&query=Bengkel%20motor%2FIday%20Jasa%20Crom&query_place_id=ChIJwRyzdIfnaC4R4zXlaUhqZe0","Akomodasi berlayanan"
"BENGKEL MOTOR KKRC (DOGLO CREW)","5","1","Pinggir paud darussholihin, Jl. Rancabentang Dalam, RT./rw/RW.03/06","Kota Bandung","Jawa Barat","ID",,"+62 831-7677-5919","Bengkel Sepeda Motor",,,,,,,,,,"https://www.google.com/maps/search/?api=1&query=BENGKEL%20MOTOR%20KKRC%20(DOGLO%20CREW)&query_place_id=ChIJpRLvSwDdaC4RgPYxN4j8rjs","Bengkel Sepeda Motor"
"Jasa Prima Rental Motor Dan Mobil Bandung","3.1","200","Jl. Dr. Djunjunan No.103","Kota Bandung","Jawa Barat","ID","https://jasaprimarental.com/","+62 818-0207-1733","Penyewaan Sepeda Motor",,,,,,,,,,"https://www.google.com/maps/search/?api=1&query=Jasa%20Prima%20Rental%20Motor%20Dan%20Mobil%20Bandung&query_place_id=ChIJMY7NPmjmaC4RHVN-iZu-8gc","Penyewaan Sepeda Motor"
"bengkel motor Team Rusuh97","5","2","Jl. Cikutra Barat No.97, RT.06/RW.06","Kota Bandung","Jawa Barat","ID",,"+62 821-1646-9237","Bengkel Sepeda Motor",,,,,,,,,,"https://www.google.com/maps/search/?api=1&query=bengkel%20motor%20Team%20Rusuh97&query_place_id=ChIJ12NBda7naC4RGQ6ldEec4X0","Bengkel Sepeda Motor"
"Bengkel motor Aira 11","4.7","22","Melania, Jl. Melania No.7","Kota Bandung","Jawa Barat","ID",,"+62 855-5926-5559","Bengkel Sepeda Motor",,,,,,,,,,"https://www.google.com/maps/search/?api=1&query=Bengkel%20motor%20Aira%2011&query_place_id=ChIJb_c2exrnaC4ROXQzlGkBdmM","Bengkel Sepeda Motor"
"Shakila Rental Motor","4.2","548","Jl. Gagak No.9","Kota Bandung","Jawa Barat","ID","http://rentalsepedamotordibandung.blogspot.com/","+62 812-8970-6875","Penyewaan Sepeda Motor","Agen Sewa Mobil",,,,,,,,,"https://www.google.com/maps/search/?api=1&query=Shakila%20Rental%20Motor&query_place_id=ChIJQ6Rth63naC4RG8v9wLPHqDY","Penyewaan Sepeda Motor"
"Bengkel Motor Anugrah (Malam hari Nasi Goreng dan Soto & Pecel)","4.7","3","Jl. Cibeunying Kolot No.21","Kota Bandung","Jawa Barat","ID",,"","Bengkel Motor Skuter",,,,,,,,,,"https://www.google.com/maps/search/?api=1&query=Bengkel%20Motor%20Anugrah%20(Malam%20hari%20Nasi%20Goreng%20dan%20Soto%20%26%20Pecel)&query_place_id=ChIJ8eYbEKnnaC4RQ1xq9lNIcJU","Bengkel Motor Skuter"
"Wuling Maju Motor Bandung","4.6","204","Jl. Dr. Setiabudi No.43","Kota Bandung","Jawa Barat","ID","https://wulingmajumotor.id/bandung/","+62 22 82045555","Dealer mobil",,,,,,,,,,"https://www.google.com/maps/search/?api=1&query=Wuling%20Maju%20Motor%20Bandung&query_place_id=ChIJSVbIMinnaC4Rv4a2T6kzhT8","Dealer mobil"
"Bengkel Motor DMT",,,"Jl. Jurang No.31-37","Kota Bandung","Jawa Barat","ID",,"","Kantor Perusahaan",,,,,,,,,,"https://www.google.com/maps/search/?api=1&query=Bengkel%20Motor%20DMT&query_place_id=ChIJYZcZnF_maC4R5b92xM0EBEQ","Kantor Perusahaan"
"Bengkel Motor Pak Endang","5","6","Kp Cihanja, RT.02 RW10/RW.No.118","Kota Bandung","Jawa Barat","ID",,"+62 853-1783-0824","Bengkel Sepeda Motor","Montir",,,,,,,,,"https://www.google.com/maps/search/?api=1&query=Bengkel%20Motor%20Pak%20Endang&query_place_id=ChIJfYmzlNTnaC4R7A6RGue5Dho","Bengkel Sepeda Motor"
"bengkel motor pak uu","4","3","4J99+MMF","Kota Bandung","Jawa Barat","ID",,"","Bengkel Motor Elektrik",,,,,,,,,,"https://www.google.com/maps/search/?api=1&query=bengkel%20motor%20pak%20uu&query_place_id=ChIJbe7Oz_3maC4RcqXkI3wbzIc","Bengkel Motor Elektrik"
"bengkel motor Cepi EMRT",,,"Jalan Batu Rengat No.rt 01","Kota Bandung","Jawa Barat","ID",,"+62 895-3290-72332","Bengkel Sepeda Motor",,,,,,,,,,"https://www.google.com/maps/search/?api=1&query=bengkel%20motor%20Cepi%20EMRT&query_place_id=ChIJNdCEIQDnaC4RHFH1WHAW5eo","Bengkel Sepeda Motor"
"Bengkel Vespa MSRT","5","3","Jl. Sukahaji","Kota Bandung","Jawa Barat","ID",,"+62 856-2464-6895","Bengkel Motor Skuter",,,,,,,,,,"https://www.google.com/maps/search/?api=1&query=Bengkel%20Vespa%20MSRT&query_place_id=ChIJH_8bVrLnaC4RcCCD3Z9yHu8","Bengkel Motor Skuter"
"Bengkel motor dani","5","2","Jl. Sukagalih II No.46","Kota Bandung","Jawa Barat","ID",,"+62 831-9539-2479","Bengkel Sepeda Motor",,,,,,,,,,"https://www.google.com/maps/search/?api=1&query=Bengkel%20motor%20dani&query_place_id=ChIJdZY8H7_naC4RjDmGyYjS49c","Bengkel Sepeda Motor"
"Bengkel motor AMS (Adly motor sport)","5","1","4M32+27X, Jl. Terusan Cimuncang","Kota Bandung","Jawa Barat","ID",,"+62 857-9360-3008","Bengkel Sepeda Motor",,,,,,,,,,"https://www.google.com/maps/search/?api=1&query=Bengkel%20motor%20AMS%20(Adly%20motor%20sport)&query_place_id=ChIJh95SMZfnaC4RlXDuxYhxDMU","Bengkel Sepeda Motor"
"Helen Motor","4.2","12","Jl. Terusan Pak Gatot Raya No.13","Kota Bandung","Jawa Barat","ID",,"+62 821-1607-6099","Bengkel Sepeda Motor",,,,,,,,,,"https://www.google.com/maps/search/?api=1&query=Helen%20Motor&query_place_id=ChIJmdzW7LzmaC4RqWqq7mYcVWo","Bengkel Sepeda Motor"
"Bengkel.motor FERI",,,"4H5R+39H warung aang, RT.21/RW.12 gang","Kota Bandung","Jawa Barat","ID",,"+62 821-2545-5510","Bengkel Sepeda Motor",,,,,,,,,,"https://www.google.com/maps/search/?api=1&query=Bengkel.motor%20FERI&query_place_id=ChIJ-ev4HgDnaC4RWq98d9ASHIo","Bengkel Sepeda Motor"
"'BENGKEL GADUN GARAGE TEKNO'","5","4","Jl. Babakan Baru","Kota Bandung","Jawa Barat","ID","https://instagram.com/kali500_?igshid=MzNlNGNkZWQ4Mg==","+62 831-6024-9124","Bengkel Motor Skuter","Bengkel Bongkar Pasang Mesin","Bengkel Sepeda Motor","Bengkel Ganti Oli",,,,,,,"https://www.google.com/maps/search/?api=1&query='BENGKEL%20GADUN%20GARAGE%20TEKNO'&query_place_id=ChIJ96Lxl2bnaC4RCtUPx2tDEGc","Bengkel Motor Skuter"
"Bengkel Motor Sibatu","5","1","Jl. Khp Hasan Mustopa No.36","Kota Bandung","Jawa Barat","ID",,"+62 831-3379-1922","Bengkel Sepeda Motor",,,,,,,,,,"https://www.google.com/maps/search/?api=1&query=Bengkel%20Motor%20Sibatu&query_place_id=ChIJxyqM-uPnaC4R-yycqz_8qmg","Bengkel Sepeda Motor"
"Bengkel motor nanda puspita . Kampungci hanja",,,,,,,,"",,,,,,,,,,,"https://www.google.com/maps/search/?api=1&query=Bengkel%20motor%20nanda%20puspita%20.%20Kampungci%20hanja&query_place_id=ChIJye0veQDnaC4R7HMvEWUo08o",
"Bengkel Motor Tune Up","4.3","3","Jl. Kiputih No 12.Dalam RT 07/05","Kota Bandung","Jawa Barat","ID",,"+62 858-8453-3679","Bengkel Tune Up",,,,,,,,,,"https://www.google.com/maps/search/?api=1&query=Bengkel%20Motor%20Tune%20Up&query_place_id=ChIJxQ9W6efmaC4Rs0gkmu1wF38","Bengkel Tune Up"
"Bengkel motor I.M.S",,,"Jl. Negla pojok No.51Isola","Kota Bandung","Jawa Barat","ID",,"+62 838-4140-7929","Bengkel Sepeda Motor",,,,,,,,,,"https://www.google.com/maps/search/?api=1&query=Bengkel%20motor%20I.M.S&query_place_id=ChIJoSDFGQDnaC4RmVvg3pVe7JY","Bengkel Sepeda Motor"
"Bengkel Motor ""Pandawa Motor""","5","1","Jl. Singa Perbangsa No.103-1","Kota Bandung","Jawa Barat","ID",,"","Kantor Perusahaan",,,,,,,,,,"https://www.google.com/maps/search/?api=1&query=Bengkel%20Motor%20%22Pandawa%20Motor%22&query_place_id=ChIJvd0fRgXnaC4R3opHMIM_MKs","Kantor Perusahaan"
"Cikutra Motor","3.9","26","Jl. Cikutra No.201","Kota Bandung","Jawa Barat","ID",,"+62 22 61469395","Bengkel Mobil",,,,,,,,,,"https://www.google.com/maps/search/?api=1&query=Cikutra%20Motor&query_place_id=ChIJ7YbHD6PnaC4R6V4A2JcBLOo","Bengkel Mobil"
"RUMAH LAMMY BANDUNG",,,"Jl. Tubagus Ismail VIII No.56","Kota Bandung","Jawa Barat","ID",,"+62 811-1112-1999","Bengkel Motor Skuter",,,,,,,,,,"https://www.google.com/maps/search/?api=1&query=RUMAH%20LAMMY%20BANDUNG&query_place_id=ChIJKXQq2zLnaC4RyePRjVDyI28","Bengkel Motor Skuter"
"bengkel motor mamang",,,"Jl. Sadang Serang No.29","Kota Bandung","Jawa Barat","ID",,"","Bengkel Sepeda Motor",,,,,,,,,,"https://www.google.com/maps/search/?api=1&query=bengkel%20motor%20mamang&query_place_id=ChIJE4wiPgDnaC4RjslsUzEyXus","Bengkel Sepeda Motor"
"bengkel Motor",,,"4H7P+9XW, kp","Kota Bandung","Jawa Barat","ID",,"+62 853-2008-3433","Kantor Perusahaan",,,,,,,,,,"https://www.google.com/maps/search/?api=1&query=bengkel%20Motor&query_place_id=ChIJPcCllKfnaC4RVlQ_qaNV9MU","Kantor Perusahaan"
"dr Amelia DN Sugiharta, SpKJ (Praktik Psikiatri) - Apotek Baladewa Farma 3","5","24","Jl. Gegerkalong Hilir No.65","Kota Bandung","Jawa Barat","ID",,"+62 822-6034-3387","Klinik Medis",,,,,,,,,,"https://www.google.com/maps/search/?api=1&query=dr%20Amelia%20DN%20Sugiharta%2C%20SpKJ%20(Praktik%20Psikiatri)%20-%20Apotek%20Baladewa%20Farma%203&query_place_id=ChIJJULkSf_naC4RXjQcsYFoiD0","Klinik Medis"
"Bengkel Motor A Agus",,,"Jl. Rereongan Sarupi No.91","Kota Bandung","Jawa Barat","ID",,"+62 831-7710-5099","Bengkel Sepeda Motor",,,,,,,,,,"https://www.google.com/maps/search/?api=1&query=Bengkel%20Motor%20A%20Agus&query_place_id=ChIJe8gFDADnaC4RXgFvc3YSfqE","Bengkel Sepeda Motor"
"Bengkel motor",,,"4J4W+G5X DS cintamulya, Dsn Cibungur Gg.Persib, RT.15/RW.5","Kota Bandung","Jawa Barat","ID",,"+62 896-3004-4845","Bengkel Sepeda Motor",,,,,,,,,,"https://www.google.com/maps/search/?api=1&query=Bengkel%20motor&query_place_id=ChIJ5XjYDwDnaC4RdrwOmJMOwHY","Bengkel Sepeda Motor"
"Apotik Moria","4.3","36","Jl. Cikutra No.148","Kota Bandung","Jawa Barat","ID",,"+62 22 7273096","Apotek",,,,,,,,,,"https://www.google.com/maps/search/?api=1&query=Apotik%20Moria&query_place_id=ChIJWe0F573naC4RLB_HZUsU4L0","Apotek"
"Apotek Gerlong Girang","4.8","25","Jl. Gegerkalong Girang Baru No.2D","Kota Bandung","Jawa Barat","ID",,"+62 882-2090-3610","Apotek",,,,,,,,,,"https://www.google.com/maps/search/?api=1&query=Apotek%20Gerlong%20Girang&query_place_id=ChIJq6ytaQvnaC4Rus6Y4M4VxDQ","Apotek"
"Apotek Ciumbuleuit","4","34","Jl. Ciumbuleuit No.170","Kota Bandung","Jawa Barat","ID",,"+62 877-8755-5527","Apotek",,,,,,,,,,"https://www.google.com/maps/search/?api=1&query=Apotek%20Ciumbuleuit&query_place_id=ChIJc-xyglvnaC4RgKiPwZSv49U","Apotek"
"BENGKEL MOTOR AWEEL-ATHEN",,,"Jl. Haji Yasin No.78","Kota Bandung","Jawa Barat","ID",,"","Bengkel Sepeda Motor",,,,,,,,,,"https://www.google.com/maps/search/?api=1&query=BENGKEL%20MOTOR%20AWEEL-ATHEN&query_place_id=ChIJX964BADnaC4R4gA4-0i7TZg","Bengkel Sepeda Motor"
"Bengkel motor trail mang Cece",,,"4J5G+C46","Kota Bandung","Jawa Barat","ID",,"","Bengkel Sepeda Motor",,,,,,,,,,"https://www.google.com/maps/search/?api=1&query=Bengkel%20motor%20trail%20mang%20Cece&query_place_id=ChIJMax_PwDnaC4RPT_loG2Uz2s","Bengkel Sepeda Motor"
"Bengkel motor putra mandiri","3","10","Jl. Terusan Pak Gatot Raya No.29","Kota Bandung","Jawa Barat","ID",,"","Bengkel Sepeda Motor",,,,,,,,,,"https://www.google.com/maps/search/?api=1&query=Bengkel%20motor%20putra%20mandiri&query_place_id=ChIJR19yOQDnaC4ROgsQbZY7Sqs","Bengkel Sepeda Motor"
"Apotek Eyckmana","3.6","10","Jl. Sersan Bajuri No.55","Kota Bandung","Jawa Barat","ID",,"+62 22 2015515","Apotek",,,,,,,,,,"https://www.google.com/maps/search/?api=1&query=Apotek%20Eyckmana&query_place_id=ChIJobr_SbfmaC4RqH-S2D8-tYE","Apotek"
"PJM(bengkel motor)","4.1","33","Jalan Cemara No.33 Pasteur Kecamatan Sukajadi Sebelah Timur, Jl. Cemara Selatan","Kota Bandung","Jawa Barat","ID",,"+62 813-2031-7898","Bengkel Sepeda Motor",,,,,,,,,,"https://www.google.com/maps/search/?api=1&query=PJM(bengkel%20motor)&query_place_id=ChIJt8mZ2bbnaC4Rfr9b1vXxN0Q","Bengkel Sepeda Motor"
"DISINIADASETANG (Jasa Roll Pipa & Bengkel Motor Custom )","5","5","Jl. Khp Hasan Mustopa No.46","Kota Bandung","Jawa Barat","ID",,"+62 895-6330-77543","Bengkel Sepeda Motor",,,,,,,,,,"https://www.google.com/maps/search/?api=1&query=DISINIADASETANG%20(Jasa%20Roll%20Pipa%20%26%20Bengkel%20Motor%20Custom%20)&query_place_id=ChIJBUEqHgDnaC4RXovIASM4DYQ","Bengkel Sepeda Motor"
"TAMBAL BAN TUBLES & BENGKEL MOTOR 24 JAM",,,"4J2P+MCF","Kota Bandung","Jawa Barat","ID",,"+62 831-3390-3669","Bengkel tambal ban",,,,,,,,,,"https://www.google.com/maps/search/?api=1&query=TAMBAL%20BAN%20TUBLES%20%26%20BENGKEL%20MOTOR%2024%20JAM&query_place_id=ChIJsU5IAgDnaC4R0s4KzgciN3Q","Bengkel tambal ban"
"DU Motor","3.2","33","Jl. Dipati Ukur No.232","Kota Bandung","Jawa Barat","ID",,"+62 857-9512-7075","Bengkel Sepeda Motor",,,,,,,,,,"https://www.google.com/maps/search/?api=1&query=DU%20Motor&query_place_id=ChIJUxE1cVTmaC4RG3e6v6i3nBc","Bengkel Sepeda Motor"
"Bengkel motor Iwan sutisna",,,"Jl. Negla pojok No.51","Kota Bandung","Jawa Barat","ID",,"+62 838-4140-7929","Bengkel Sepeda Motor",,,,,,,,,,"https://www.google.com/maps/search/?api=1&query=Bengkel%20motor%20Iwan%20sutisna&query_place_id=ChIJUQ8MWQDnaC4RJtP-sCsOW58","Bengkel Sepeda Motor"
"Apotek An Nur","3","4","Jl. Dr. Setiabudhi No. 63","Kota Bandung","Jawa Barat","ID",,"+62 22 2031922","Apotek",,,,,,,,,,"https://www.google.com/maps/search/?api=1&query=Apotek%20An%20Nur&query_place_id=ChIJjUhphjXhaC4Rt1ywN4fepdw","Apotek"
"Maisan jaya motor","3.8","4","Jl. Cihampelas No.292","Kota Bandung","Jawa Barat","ID",,"+62 898-7188-055","Bengkel Sepeda Motor",,,,,,,,,,"https://www.google.com/maps/search/?api=1&query=Maisan%20jaya%20motor&query_place_id=ChIJAVKeDvbmaC4RvKn11JSLXaE","Bengkel Sepeda Motor"
"Apotek Medistra","4.1","9","Jl. Terusan Cikutra Baru No.20a","Kota Bandung","Jawa Barat","ID",,"+62 858-7089-4273","Apotek",,,,,,,,,,"https://www.google.com/maps/search/?api=1&query=Apotek%20Medistra&query_place_id=ChIJdWvV4aLnaC4RKKM4nnzwfR0","Apotek"
"VIVA Apotek Djuanda","4.2","55","Jl. H.Djuanda No.139","Kota Bandung","Jawa Barat","ID","https://vivaapotek.co.id/","+62 822-4633-8389","Apotek",,,,,,,,,,"https://www.google.com/maps/search/?api=1&query=VIVA%20Apotek%20Djuanda&query_place_id=ChIJHyKOeQ7laC4RuJ0dE8F4_AM","Apotek"
"Cahaya Motor","4.6","5","4J69+FWX, Jl. Tubagus Ismail Dalam","Kota Bandung","Jawa Barat","ID",,"+62 857-1055-7424","Bengkel Sepeda Motor",,,,,,,,,,"https://www.google.com/maps/search/?api=1&query=Cahaya%20Motor&query_place_id=ChIJjRgCGVXmaC4RzxyQc3k5OzQ","Bengkel Sepeda Motor"
"Bengkel Sukasari Motor","3.5","51","Jl. Suparmin Jl. Sukawarna No.36 a","Kota Bandung","Jawa Barat","ID",,"+62 856-2420-7790","Bengkel Sepeda Motor",,,,,,,,,,"https://www.google.com/maps/search/?api=1&query=Bengkel%20Sukasari%20Motor&query_place_id=ChIJ7fps8vznaC4RCLJv7HrTF6Q","Bengkel Sepeda Motor"
"Apotek Dhe Farma","4.4","36","Jl. Sukahaji No.90","Kota Bandung","Jawa Barat","ID",,"+62 852-1649-6040","Apotek",,,,,,,,,,"https://www.google.com/maps/search/?api=1&query=Apotek%20Dhe%20Farma&query_place_id=ChIJ6d8siWvnaC4RKjXhPF-_BQ4","Apotek"
"Karya Motor","4.4","13","Jl. Cikutra Barat No.6","Kota Bandung","Jawa Barat","ID","https://youtube.com/andriosamah","+62 852-3445-6428","Bengkel Sepeda Motor",,,,,,,,,,"https://www.google.com/maps/search/?api=1&query=Karya%20Motor&query_place_id=ChIJa8dW6qXnaC4Rd4TMJQPgxZA","Bengkel Sepeda Motor"
"Apotek Adora","4.7","72","Jl. Cigadung Selatan No.1A","Kabupaten Bandung","Jawa Barat","ID","https://adoraeducare.my.canva.site/","+62 813-9459-7073","Apotek",,,,,,,,,,"https://www.google.com/maps/search/?api=1&query=Apotek%20Adora&query_place_id=ChIJzS7hD6rnaC4RL1S2pdJAohQ","Apotek"
"OKI Motor","4.8","27","Jl. Tubagus Ismail Dalam No.46","Kota Bandung","Jawa Barat","ID",,"+62 823-1834-8781","Bengkel Sepeda Motor",,,,,,,,,,"https://www.google.com/maps/search/?api=1&query=OKI%20Motor&query_place_id=ChIJIVVgwlXmaC4RbKLscUOvqj4","Bengkel Sepeda Motor"
"Apotek Atminah","4.2","5","Jl. Jurang No.No","Kota Bandung","Jawa Barat","ID",,"","Apotek",,,,,,,,,,"https://www.google.com/maps/search/?api=1&query=Apotek%20Atminah&query_place_id=ChIJC-XKcPXmaC4Rt9oTjLh5XCA","Apotek"
"Bengkel Motor Arif All","4.1","24","Dekat Masjid Al-Hidayah, Jalan Kebon Kembang Gang Panca indra No.222 Tamansari","Kota Bandung","Jawa Barat","ID",,"+62 858-2611-2739","Bengkel Sepeda Motor",,,,,,,,,,"https://www.google.com/maps/search/?api=1&query=Bengkel%20Motor%20Arif%20All&query_place_id=ChIJbVmHc0XmaC4R6CI6ybtaIH8","Bengkel Sepeda Motor"
"Apotek Mega Farma","4.1","8","Jl. Sukamulya No.17","Kota Bandung","Jawa Barat","ID",,"","Toko Obat Organik","Apotek",,,,,,,,,"https://www.google.com/maps/search/?api=1&query=Apotek%20Mega%20Farma&query_place_id=ChIJGc1AmmLmaC4RA54HxqKJ8vc","Toko Obat Organik"
"Kimia Farma Ciumbuleuit","4.7","178","Jl. Ciumbuleuit No.73","Kota Bandung","Jawa Barat","ID","http://kimiafarmaapotek.co.id/","+62 811-2157-667","Apotek",,,,,,,,,,"https://www.google.com/maps/search/?api=1&query=Kimia%20Farma%20Ciumbuleuit&query_place_id=ChIJHYhAX_HmaC4RmSbF0xZ5uM8","Apotek"
"Apotek Adista","4.4","9","Jl. Citarum No.39","Kota Bandung","Jawa Barat","ID",,"+62 22 7103821","Apotek",,,,,,,,,,"https://www.google.com/maps/search/?api=1&query=Apotek%20Adista&query_place_id=ChIJD3jGgbPnaC4RVo9LV9M5JIQ","Apotek"
"Apotek Fazza Tikukur","4.4","39","Jl. Tikukur No.30 B","Kota Bandung","Jawa Barat","ID",,"+62 821-1441-7887","Apotek",,,,,,,,,,"https://www.google.com/maps/search/?api=1&query=Apotek%20Fazza%20Tikukur&query_place_id=ChIJye77L7XnaC4RFE3tVT_ZxAw","Apotek"
"Apotek Arsaya",,,"Jl. Ciumbuleuit No.109","Kota Bandung","Jawa Barat","ID","https://klinikarsaya.com/apotek","+62 813-3885-4439","Apotek",,,,,,,,,,"https://www.google.com/maps/search/?api=1&query=Apotek%20Arsaya&query_place_id=ChIJM_sMv7jnaC4Rw8x0D94WC40","Apotek"
"Rumah Sakit Kartini Bandung","4.2","573","Jl. Pahlawan No.48","Kota Bandung","Jawa Barat","ID","http://rskartini.id/","+62 22 7200715","Klinik Medis","Dokter","Laboratorium Diagnosis Citra Medis","Laboratorium Medis","Apotek",,,,,,"https://www.google.com/maps/search/?api=1&query=Rumah%20Sakit%20Kartini%20Bandung&query_place_id=ChIJ64eVP6XnaC4R1qEbO2TOwGM","Klinik Medis"
"Asih Apotek",,,"Jl. Cipaganti No. 79 Pasteur Sukajadi Bandung Jawa Barat","Kota Bandung","Jawa Barat","ID",,"+62 22 2032405","Apotek",,,,,,,,,,"https://www.google.com/maps/search/?api=1&query=Asih%20Apotek&query_place_id=ChIJd87JoormaC4Rn2BMNjYLprU","Apotek"
"Apotek Sadang Serang","4.1","76","Jl. Sadang Serang No.51","Kota Bandung","Jawa Barat","ID",,"+62 22 2503324","Apotek",,,,,,,,,,"https://www.google.com/maps/search/?api=1&query=Apotek%20Sadang%20Serang&query_place_id=ChIJRVZhX6rnaC4ROkA3pJQECoM","Apotek"
"Apotek Anyar Farma","4.2","29","Jl. Gegerkalong Girang No.100","Kota Bandung","Jawa Barat","ID",,"+62 821-2137-9135","Apotek",,,,,,,,,,"https://www.google.com/maps/search/?api=1&query=Apotek%20Anyar%20Farma&query_place_id=ChIJC9ZlqrzmaC4RbAC_oz0OhV8","Apotek"
"Bengkel motor","2.3","3","4J44+V8G, Jl. Kebun Binatang","Kota Bandung","Jawa Barat","ID",,"","Bengkel Sepeda Motor",,,,,,,,,,"https://www.google.com/maps/search/?api=1&query=Bengkel%20motor&query_place_id=ChIJJ9I1P47naC4RBBTzGTJzQmY","Bengkel Sepeda Motor"
"Apotek Sukagalih","4.1","14","Jl. Sukagalih No.110","Kota Bandung","Jawa Barat","ID",,"+62 855-2074-2939","Apotek",,,,,,,,,,"https://www.google.com/maps/search/?api=1&query=Apotek%20Sukagalih&query_place_id=ChIJ6fG6JiLnaC4RzAEMTezvSDE","Apotek"
"Apotek Kehidupan","5","2","Balubur Town Square, Jl. Tamansari Blok A No.09 Lantai 1","Kota Bandung","Jawa Barat","ID",,"","Apotek",,,,,,,,,,"https://www.google.com/maps/search/?api=1&query=Apotek%20Kehidupan&query_place_id=ChIJqVGtbEXmaC4RGUjFxqE2WvY","Apotek"
"Apotek Sederhana","3.2","53","Jl. Sederhana No.77","Kota Bandung","Jawa Barat","ID","https://www.honestdocs.id/apotik/apotek-sederhana-bandung","+62 22 2030551","Apotek",,,,,,,,,,"https://www.google.com/maps/search/?api=1&query=Apotek%20Sederhana&query_place_id=ChIJQVrpkl3maC4Rlh1MMP4og5k","Apotek"
"Fas Motor","4.1","35","Jl. Terusan Pak Gatot Raya No.7","Kota Bandung","Jawa Barat","ID",,"+62 857-2287-7822","Bengkel Sepeda Motor",,,,,,,,,,"https://www.google.com/maps/search/?api=1&query=Fas%20Motor&query_place_id=ChIJY-n94LzmaC4RqLGgnEKkywk","Bengkel Sepeda Motor"
"Gagak Motor","4.4","46","Jl. Gagak No.11","Kota Bandung","Jawa Barat","ID",,"","Bengkel Sepeda Motor",,,,,,,,,,"https://www.google.com/maps/search/?api=1&query=Gagak%20Motor&query_place_id=ChIJdzRQjLLnaC4RoGhpKD9VFUs","Bengkel Sepeda Motor"
"Star Jaya Motor","2.3","51","Jl. Cikutra Barat No.75","Kota Bandung","Jawa Barat","ID",,"+62 22 91151771","Bengkel Sepeda Motor",,,,,,,,,,"https://www.google.com/maps/search/?api=1&query=Star%20Jaya%20Motor&query_place_id=ChIJmbl32K7naC4RygwCn2I6B-w","Bengkel Sepeda Motor"
"2 putra Bengkel motor",,,"4JC5+HMQ, Jl. Sangkuriang","Kota Bandung","Jawa Barat","ID",,"","Bengkel Sepeda Motor",,,,,,,,,,"https://www.google.com/maps/search/?api=1&query=2%20putra%20Bengkel%20motor&query_place_id=ChIJtasfMADnaC4R97aKEP9J3Z4","Bengkel Sepeda Motor"
"Apotek Adika","4.1","50","Jl. Ir. H. Juanda No.306","Kota Bandung","Jawa Barat","ID",,"+62 22 2503941","Apotek",,,,,,,,,,"https://www.google.com/maps/search/?api=1&query=Apotek%20Adika&query_place_id=ChIJS7tAZPzmaC4RCuwB3Eg4s50","Apotek"
"Champion Jaya Motor","3.6","83","Jl. Ciumbuleuit No.39","Kota Bandung","Jawa Barat","ID",,"+62 22 2039018","Bengkel Sepeda Motor",,,,,,,,,,"https://www.google.com/maps/search/?api=1&query=Champion%20Jaya%20Motor&query_place_id=ChIJzYHSr_bmaC4RnsW3WIsLw0M","Bengkel Sepeda Motor"
"Apotik Kombi Sukajadi","4.4","37","Jl. Sukajadi No.7","Kota Bandung","Jawa Barat","ID",,"","Apotek",,,,,,,,,,"https://www.google.com/maps/search/?api=1&query=Apotik%20Kombi%20Sukajadi&query_place_id=ChIJMzOZfCTnaC4RT58f6_3e0nk","Apotek"
"Bengkel motor family 18","3.4","5","depan indomaret pas pangkalan ojeg, Jl. Bojong Koneng","Kota Bandung","Jawa Barat","ID",,"+62 896-3634-3448","Bengkel Sepeda Motor",,,,,,,,,,"https://www.google.com/maps/search/?api=1&query=Bengkel%20motor%20family%2018&query_place_id=ChIJ1dfxWQDnaC4RA_5Qr_Ljst8","Bengkel Sepeda Motor"
"Bengkel spesialis komstir motor","4.7","35","Jl. Bojong Koneng No.28","Kota Bandung","Jawa Barat","ID",,"+62 822-9890-3680","Bengkel Sepeda Motor",,,,,,,,,,"https://www.google.com/maps/search/?api=1&query=Bengkel%20spesialis%20komstir%20motor&query_place_id=ChIJf4TQBwDnaC4RC0BqEcUYtGw","Bengkel Sepeda Motor"
"Apotek Setiabudhi","4.1","43","Jalan Dokter Setiabudhi. 170-D2, Hegarmanah, Sukasari","Kota Bandung","Jawa Barat","ID",,"+62 2038212","Apotek",,,,,,,,,,"https://www.google.com/maps/search/?api=1&query=Apotek%20Setiabudhi&query_place_id=ChIJMdifeJPmaC4RuhUwtvRUX3w","Apotek"
"Apotek Poliklinik IRFINA","4.5","4","Jl. Alpina No.2","Kota Bandung","Jawa Barat","ID",,"","Toko Obat","Apotek",,,,,,,,,"https://www.google.com/maps/search/?api=1&query=Apotek%20Poliklinik%20IRFINA&query_place_id=ChIJmwQ7B_vmaC4RQ0goo85mQzk","Toko Obat"
"Apotek Yabes","3.2","32","Jl. Dr. Djunjunan No.119","Kota Bandung","Jawa Barat","ID","https://www.tokopedia.com/apotekoptikyabes","+62 851-0049-3131","Apotek",,,,,,,,,,"https://www.google.com/maps/search/?api=1&query=Apotek%20Yabes&query_place_id=ChIJBQTl5WTmaC4R9nB_HBgxHAI","Apotek"
"Apotek Altros Dago","4.1","16","Jl. Ir. H. Juanda No.376","Kota Bandung","Jawa Barat","ID",,"+62 22 2512599","Apotek",,,,,,,,,,"https://www.google.com/maps/search/?api=1&query=Apotek%20Altros%20Dago&query_place_id=ChIJ2c095-LmaC4RUQemrFW68JE","Apotek"
"Apotek Mara Farma","5","27","Jl. Cemara No.57","Kota Bandung","Jawa Barat","ID",,"+62 822-1892-9157","Apotek",,,,,,,,,,"https://www.google.com/maps/search/?api=1&query=Apotek%20Mara%20Farma&query_place_id=ChIJhdf0vw_naC4R9XmJoS7LWsE","Apotek"
"Apotek Vivi Farma","4.5","2","Jl. Sirnamanah No.3","Kota Bandung","Jawa Barat","ID",,"+62 22 2031687","Apotek",,,,,,,,,,"https://www.google.com/maps/search/?api=1&query=Apotek%20Vivi%20Farma&query_place_id=ChIJ_XFyBWDmaC4RR8LoU0d6Hhw","Apotek"
"Apotek Surapati","4.5","66","Jl. Surapati No.23","Kota Bandung","Jawa Barat","ID",,"+62 22 2502467","Apotek",,,,,,,,,,"https://www.google.com/maps/search/?api=1&query=Apotek%20Surapati&query_place_id=ChIJ3xLW4rLnaC4RVO3bX5c58tM","Apotek"
"APOTEK D.U","4.5","13","Jl. Dipati Ukur No.230, RT.007/RW.014","Kota Bandung","Jawa Barat","ID",,"","Apotek",,,,,,,,,,"https://www.google.com/maps/search/?api=1&query=APOTEK%20D.U&query_place_id=ChIJMTHzdlTmaC4R-wvrfegu2Fs","Apotek"
"Apotek Nusa Indah","4.4","47","Apotek Nusa Indah samping hotel Neo, Jl. Dipati Ukur dalam No.76","Kota Bandung","Jawa Barat","ID",,"+62 22 2508256","Apotek",,,,,,,,,,"https://www.google.com/maps/search/?api=1&query=Apotek%20Nusa%20Indah&query_place_id=ChIJg5m8LVTmaC4Rk98Lb38q-B0","Apotek"
"Benz motorsport","5","29","Dago pojok tanggulan","Kota Bandung","Jawa Barat","ID",,"+62 821-2080-3771","Bengkel Sepeda Motor",,,,,,,,,,"https://www.google.com/maps/search/?api=1&query=Benz%20motorsport&query_place_id=ChIJhRdA2-XnaC4RHCsyELEJjNA","Bengkel Sepeda Motor"
"Eyckman Apotek","4.8","4","Jl. Sampurna No.26 A","Kota Bandung","Jawa Barat","ID",,"+62 22 2037471","Apotek",,,,,,,,,,"https://www.google.com/maps/search/?api=1&query=Eyckman%20Apotek&query_place_id=ChIJd87JoormaC4RDrTH-vAmVCM","Apotek"
"Apotek Mitra Jaya","4.8","66","Jl. Rereng Wulung No.25","Kota Bandung","Jawa Barat","ID",,"+62 878-4000-4344","Apotek",,,,,,,,,,"https://www.google.com/maps/search/?api=1&query=Apotek%20Mitra%20Jaya&query_place_id=ChIJEyPBjm3naC4RiiZkXo3UM9k","Apotek"
"Jurang 91 - Bandung","5","3","Jl. Jurang No.91","Kota Bandung","Jawa Barat","ID",,"","Apotek",,,,,,,,,,"https://www.google.com/maps/search/?api=1&query=Jurang%2091%20-%20Bandung&query_place_id=ChIJa5lHfvXmaC4RfRbQTAJMWXc","Apotek"
"Apotek City Farma","5","2","3MW5+W3R, Jl. Antapani Lama","Kota Bandung","Jawa Barat","ID",,"+62 22 92206579","Apotek",,,,,,,,,,"https://www.google.com/maps/search/?api=1&query=Apotek%20City%20Farma&query_place_id=ChIJ7eP1hY3naC4Rwvk5LkTlt5A","Apotek"
"GarageTechSpeed","4.8","36","Jl. Cisitu Lama gang 4 No.57","Kota Bandung","Jawa Barat","ID",,"+62 898-8688-192","Bengkel Sepeda Motor",,,,,,,,,,"https://www.google.com/maps/search/?api=1&query=GarageTechSpeed&query_place_id=ChIJuytcMfrmaC4RWwz4tj8aERw","Bengkel Sepeda Motor"
"Apotek H24 Cikutra","4.5","42","Jl. Cikutra Barat No.34","Kota Bandung","Jawa Barat","ID",,"+62 877-2052-8789","Apotek",,,,,,,,,,"https://www.google.com/maps/search/?api=1&query=Apotek%20H24%20Cikutra&query_place_id=ChIJgzI0ImvnaC4Rs1XkMallnVg","Apotek"
"Apotek Tubagus","4.6","342","Jl. Tubagus Ismail No.10","Kota Bandung","Jawa Barat","ID","https://lynk.id/apotektubagus","+62 851-6184-7480","Apotek",,,,,,,,,,"https://www.google.com/maps/search/?api=1&query=Apotek%20Tubagus&query_place_id=ChIJl12vzLHnaC4RhLzV9imaYfg","Apotek"
"Klinik dan Apotek TelkoMedika Sentot Bandung","4.5","108","Jl. Sentot Alibasyah No.2","Kota Bandung","Jawa Barat","ID","https://www.telkomedika.co.id/","+62 811-1150-0115","Klinik Medis",,,,,,,,,,"https://www.google.com/maps/search/?api=1&query=Klinik%20dan%20Apotek%20TelkoMedika%20Sentot%20Bandung&query_place_id=ChIJMcJewdHnaC4R8B_9EtO6bHY","Klinik Medis"
"Apotek Kurnia Farma Sehat","4.6","95","Jl. Cemara No.9, RW.01","Kota Bandung","Jawa Barat","ID","https://www.gragazpharmacy.com/","+62 856-2481-9886","Apotek",,,,,,,,,,"https://www.google.com/maps/search/?api=1&query=Apotek%20Kurnia%20Farma%20Sehat&query_place_id=ChIJdw-suGXnaC4RVfFYM29TXwk","Apotek"
"Apotek sekeloa dan praktek dokter umum","4.4","36","Jl. Sekeloa No.31","Kota Bandung","Jawa Barat","ID",,"+62 815-4718-4906","Apotek",,,,,,,,,,"https://www.google.com/maps/search/?api=1&query=Apotek%20sekeloa%20dan%20praktek%20dokter%20umum&query_place_id=ChIJUZ4cXgHnaC4RH9Cbv-Uy4Yg","Apotek"
"Bengkel Honda AHASS 06541 Sampurna Motor Bandung","4.9","1118","Jl. Surapati No.185","Kota Bandung","Jawa Barat","ID",,"+62 22 2504675","Bengkel Sepeda Motor",,,,,,,,,,"https://www.google.com/maps/search/?api=1&query=Bengkel%20Honda%20AHASS%2006541%20Sampurna%20Motor%20Bandung&query_place_id=ChIJZRgGT1HnaC4RmCQw-6aQX4I","Bengkel Sepeda Motor"
"Dago Car Wash & Auto","4","231","Jl. Ir. H. Juanda No.344A","Kota Bandung","Jawa Barat","ID",,"+62 22 2533475","Tempat Pencucian Mobil","Bengkel Mobil",,,,,,,,,"https://www.google.com/maps/search/?api=1&query=Dago%20Car%20Wash%20%26%20Auto&query_place_id=ChIJ0YQrbEjmaC4RLvzd23-YFk0","Tempat Pencucian Mobil"
"Fi Autoshop","4.6","345","Jl. Prof. Dr. Sutami No.77","Kota Bandung","Jawa Barat","ID","http://www.fiautoshop.com/","+62 22 2018507","Pengecatan Mobil","Bengkel Perbaikan Bodi Mobil","Toko perawatan otomotif","Tempat Pencucian Mobil",,,,,,,"https://www.google.com/maps/search/?api=1&query=Fi%20Autoshop&query_place_id=ChIJDfE2fGbnaC4RY5F_k1K5nEg","Pengecatan Mobil"
"Apotek Bumi Medika Ganesha","4.3","71","Jl. Gelap Nyawang No.2","Kota Bandung","Jawa Barat","ID","http://yankes.itb.ac.id/","+62 812-9448-8766","Apotek",,,,,,,,,,"https://www.google.com/maps/search/?api=1&query=Apotek%20Bumi%20Medika%20Ganesha&query_place_id=ChIJof7rXlDmaC4RF0Amy7M1rXw","Apotek"
"Apotek Surapati Core","4.8","13","Jl. Anggrek Boulevard No.5","Kota Bandung","Jawa Barat","ID","https://wa.me/62882001853185","+62 882-0018-53185","Apotek",,,,,,,,,,"https://www.google.com/maps/search/?api=1&query=Apotek%20Surapati%20Core&query_place_id=ChIJyVnzJADnaC4RSbZBqKillsE","Apotek"
"Apotek Asri","5","49","Jl. Rereongan Sarupi No.25","Kota Bandung","Jawa Barat","ID","https://www.apotek-k24.com/","+62 813-8002-4858","Apotek",,,,,,,,,,"https://www.google.com/maps/search/?api=1&query=Apotek%20Asri&query_place_id=ChIJ4UKaIR3naC4R0WBFqhT5rXI","Apotek"
"Mekar Putra Ban","4.6","126","Jl. Dr. Setiabudi No.122b","Kota Bandung","Jawa Barat","ID",,"+62 22 82002446","Toko Ban",,,,,,,,,,"https://www.google.com/maps/search/?api=1&query=Mekar%20Putra%20Ban&query_place_id=ChIJmVFKR0DmaC4RqbOFu69dUic","Toko Ban"
"Bandung Perdana Medikatama. PT","4.5","2","Jl. Dr. Setiabudi No.187","Kota Bandung","Jawa Barat","ID",,"+62 22 2010893","Apotek",,,,,,,,,,"https://www.google.com/maps/search/?api=1&query=Bandung%20Perdana%20Medikatama.%20PT&query_place_id=ChIJnbDFIL7maC4RO1FpPngs6i4","Apotek"
"bengkel kaki kaki mobil jl.suci46","4.6","10","Jl. Khp Hasan Mustopa No.46","Kota Bandung","Jawa Barat","ID",,"+62 859-5612-0195","Bengkel Mobil",,,,,,,,,,"https://www.google.com/maps/search/?api=1&query=bengkel%20kaki%20kaki%20mobil%20jl.suci46&query_place_id=ChIJc1FkzlfnaC4RN9fFytppmdM","Bengkel Mobil"
"Garage09 Bandung","5","29","Jl. DR. Djunjunan Dalam No.II, RW.No.16","Kota Bandung","Jawa Barat","ID",,"+62 857-8224-0005","Bengkel Sepeda Motor",,,,,,,,,,"https://www.google.com/maps/search/?api=1&query=Garage09%20Bandung&query_place_id=ChIJuxlD25_naC4RMRdBenDl2BQ","Bengkel Sepeda Motor"
"Toko Aki Priangan Battery III","4.9","137","Jl. Cemara No.7","Kota Bandung","Jawa Barat","ID",,"+62 851-4774-8474","Toko Aki Mobil",,,,,,,,,,"https://www.google.com/maps/search/?api=1&query=Toko%20Aki%20Priangan%20Battery%20III&query_place_id=ChIJsSJ--fTmaC4RLxaC8D7ESWQ","Toko Aki Mobil"
"Apotek Kimia Farma Supratman","4.3","807","Jl. Supratman No.72","Kota Bandung","Jawa Barat","ID","http://kimiafarmaapotek.co.id/","+62 811-2157-640","Apotek","Klinik Medis",,,,,,,,,"https://www.google.com/maps/search/?api=1&query=Apotek%20Kimia%20Farma%20Supratman&query_place_id=ChIJBxJ62snnaC4RcGoc1KgrWYA","Apotek"
"Apotek vee farma","4.7","50","25, Jl. Tamansari No.25 D","Kota Bandung","Jawa Barat","ID",,"+62 821-2055-3155","Apotek",,,,,,,,,,"https://www.google.com/maps/search/?api=1&query=Apotek%20vee%20farma&query_place_id=ChIJ25pNW_PnaC4Rd_VLOvuqoIY","Apotek"
"Apotek Kimia Farma 4","4.1","317","Jl. Sulanjana No.4","Kota Bandung","Jawa Barat","ID","http://kimiafarmaapotek.co.id/","+62 811-2157-664","Apotek","Klinik Kesehatan",,,,,,,,,"https://www.google.com/maps/search/?api=1&query=Apotek%20Kimia%20Farma%204&query_place_id=ChIJNeFrifzmaC4RvCbMVqtGv_0","Apotek"
"Differ Industries","4.6","12","Jl. Sido Luhur No.18 - 20","Kota Bandung","Jawa Barat","ID",,"+62 821-1745-5755","Kantor Perusahaan","Arsitek","Toko Pakaian","Pemasok Pakaian","Toko Software Komputer","Toko Aksesori Pakaian","Konsultan makanan dan minuman","Konsultan Organisasi Profesional",,,"https://www.google.com/maps/search/?api=1&query=Differ%20Industries&query_place_id=ChIJVSI4QAnnaC4R6ajBiU4y9Bo","Kantor Perusahaan"
"apotek teguh farma","3","4","Balubur Town Square, Jl. Tamansari D2 P26","Kota Bandung","Jawa Barat","ID",,"+62 22 84468885","Apotek",,,,,,,,,,"https://www.google.com/maps/search/?api=1&query=apotek%20teguh%20farma&query_place_id=ChIJleAHakXmaC4Rt_ugFqa4QBs","Apotek"
"Apotek Bona Farma","3.8","134","Jl. Dr. Setiabudi No.170J","Kota Bandung","Jawa Barat","ID",,"+62 22 2034333","Apotek",,,,,,,,,,"https://www.google.com/maps/search/?api=1&query=Apotek%20Bona%20Farma&query_place_id=ChIJHbwof5TmaC4RzaX7xG8Ktj4","Apotek"
"Anugerah Server Pulsa","4.5","4","3JX5+G74, Taman Sari, Bandung Wetan","Kota Bandung","Jawa Barat","ID",,"+62 857-9722-5659","Layanan dan Dukungan Komputer","Jasa Reparasi Komputer","Toko Komputer","Toko Komputer Bekas",,,,,,,"https://www.google.com/maps/search/?api=1&query=Anugerah%20Server%20Pulsa&query_place_id=ChIJlQAzz3wvby4RsHRbIzGP_ig","Layanan dan Dukungan Komputer"
"Toko Windy.com",,,"Jl. Tubagus Ismail No.151","Kota Bandung","Jawa Barat","ID",,"+62 811-5402-881","Toko Komputer",,,,,,,,,,"https://www.google.com/maps/search/?api=1&query=Toko%20Windy.com&query_place_id=ChIJe4EHhKrnaC4RJJSlJ3tvA84","Toko Komputer"
"Apotek ananda pratama","4.9","20","Jl. Tubagus Ismail No.31","Kota Bandung","Jawa Barat","ID",,"","Apotek",,,,,,,,,,"https://www.google.com/maps/search/?api=1&query=Apotek%20ananda%20pratama&query_place_id=ChIJr6mFk1jnaC4RjPl9Tsxs4Ck","Apotek"
"Danz Technician Bandung ID",,,"Jl. Cigadung Selatan No.22, Cigadung, Kec. Cibeunying Kaler, Kota Bandung, Jawa Barat 40191","Kota Bandung","Jawa Barat","ID",,"+62 821-1355-8846","Toko Komputer",,,,,,,,,,"https://www.google.com/maps/search/?api=1&query=Danz%20Technician%20Bandung%20ID&query_place_id=ChIJw-d-ruTnaC4RrhRENV9bxa8","Toko Komputer"
"Apotek Makka Farma","4.9","34","Jl. Cikutra No.250A","Kota Bandung","Jawa Barat","ID",,"+62 831-5150-0771","Apotek",,,,,,,,,,"https://www.google.com/maps/search/?api=1&query=Apotek%20Makka%20Farma&query_place_id=ChIJs7B7kbbnaC4RGAwIo00KSMw","Apotek"
"Bandung Aksesoris","4.4","292","Sebrang Masjid Besar Baitun Nur, Pas depan gerbang GUPUSPAL / GUPUSMU, Jl. Cikutra No.201","Kota Bandung","Jawa Barat","ID",,"+62 853-5196-3096","Toko Suku Cadang Motor","Bengkel Kelistrikan Mobil","Toko Reparasi Lampu","Toko Lampu","Toko Sepeda Motor","Toko Lampu Neon",,,,,"https://www.google.com/maps/search/?api=1&query=Bandung%20Aksesoris&query_place_id=ChIJGZTt3KLnaC4RIUg8oIFMJLY","Toko Suku Cadang Motor"
"Pantes Agung","4.5","109","Jl. AH. Nasution No.138B","Kota Bandung","Jawa Barat","ID",,"+62 895-0206-9818","Toko Elektronik",,,,,,,,,,"https://www.google.com/maps/search/?api=1&query=Pantes%20Agung&query_place_id=ChIJz7TUeDrdaC4R1N9elOKiMlo","Toko Elektronik"
"Toko Laris Elektronik","4.4","228","Jl. Sukajadi No.104","Kota Bandung","Jawa Barat","ID","https://wa.me/6281222348886","+62 812-2234-8886","Toko Elektronik",,,,,,,,,,"https://www.google.com/maps/search/?api=1&query=Toko%20Laris%20Elektronik&query_place_id=ChIJOf6Fu2DmaC4RV5hTUDj9Cu0","Toko Elektronik"
"Custom Part Motor Bandung","4.5","2","Jl. Citepus III No.2","Kota Bandung","Jawa Barat","ID",,"+62 851-7241-0437","Bengkel Sepeda Motor",,,,,,,,,,"https://www.google.com/maps/search/?api=1&query=Custom%20Part%20Motor%20Bandung&query_place_id=ChIJ4yDenQLnaC4RoZoJcdTAPI0","Bengkel Sepeda Motor"
"Apotek Adora Cikutra","4.8","85","Jl. Cikutra Barat No.7","Kota Bandung","Jawa Barat","ID","https://adoraeducare.my.canva.site/","+62 812-3548-3418","Apotek",,,,,,,,,,"https://www.google.com/maps/search/?api=1&query=Apotek%20Adora%20Cikutra&query_place_id=ChIJvexhQdnnaC4RT3UApzqpIsk","Apotek"
"Apotek Heka Bandung","4.8","119","Jl. Khp Hasan Mustopa No.27","Kabupaten Bandung","Jawa Barat","ID","https://shopee.co.id/apotekheka.bandung","+62 877-8418-3134","Apotek",,,,,,,,,,"https://www.google.com/maps/search/?api=1&query=Apotek%20Heka%20Bandung&query_place_id=ChIJsbTkL-znaC4RIH_Qm5qDzhc","Apotek"
"Bengkel mobil emergency 24 jam",,,"Jl. Diponegoro No.39","Kota Bandung","Jawa Barat","ID",,"","Bengkel Mobil",,,,,,,,,,"https://www.google.com/maps/search/?api=1&query=Bengkel%20mobil%20emergency%2024%20jam&query_place_id=ChIJHTh_UwDnaC4RWjOJI4zD668","Bengkel Mobil"
"Sinar Bahagia Electronic","4.6","170","Jl. A. Yani No.546","Kota Bandung","Jawa Barat","ID","https://linktr.ee/sinarbahagiaelectro","+62 853-1402-6226","Toko Elektronik","Grosir elektronik",,,,,,,,,"https://www.google.com/maps/search/?api=1&query=Sinar%20Bahagia%20Electronic&query_place_id=ChIJJ8caOcHnaC4Rb0C_4TCOmvM","Toko Elektronik"
"Kimia Farma 51 Moxy","4.9","130","Jl. Ir. H. Juanda No.69","Kota Bandung","Jawa Barat","ID","http://kimiafarmaapotek.co.id/","+62 811-2157-644","Apotek","Klinik Kesehatan",,,,,,,,,"https://www.google.com/maps/search/?api=1&query=Kimia%20Farma%2051%20Moxy&query_place_id=ChIJ3dIy033naC4RPHbeL00RImw","Apotek"
"AIO Store - Ujung Berung | Toko Elektronik Bandung","5","88","Jl. AH. Nasution No.2, Pakemitan, Kec. Cinambo, RT.001/RW.001","Kota Bandung","Jawa Barat","ID",,"+62 878-1152-8848","Toko Elektronik",,,,,,,,,,"https://www.google.com/maps/search/?api=1&query=AIO%20Store%20-%20Ujung%20Berung%20%7C%20Toko%20Elektronik%20Bandung&query_place_id=ChIJ3ZBhGovDaC4RurLwsOWYlf8","Toko Elektronik"
"OLX Autos - BTC Fashion Mall Bandung","4.1","12","Jl. Dr. Djunjunan No.143-149","Kota Bandung","Jawa Barat","ID","https://www.olx.co.id/olxautos/","+62 896-3117-2538","Kantor Inspeksi Mobil",,,,,,,,,,"https://www.google.com/maps/search/?api=1&query=OLX%20Autos%20-%20BTC%20Fashion%20Mall%20Bandung&query_place_id=ChIJ__g99XvnaC4RnabAuWhpQ3o","Kantor Inspeksi Mobil"
"Bengkel Knalpot (RADAR KNALPOT)","4.6","100","Jl. Khp Hasan Mustopa No.129","Kota Bandung","Jawa Barat","ID",,"+62 813-2090-2299","Toko Knalpot",,,,,,,,,,"https://www.google.com/maps/search/?api=1&query=Bengkel%20Knalpot%20(RADAR%20KNALPOT)&query_place_id=ChIJD8Jjf5bnaC4R-DJ4RDGAKvc","Toko Knalpot"
"Log In Megastore ABC","4.4","7962","Jl. ABC No.44-46","Kota Bandung","Jawa Barat","ID","https://loginmegastore.com/","+62 815-7305-8888","Toko Elektronik",,,,,,,,,,"https://www.google.com/maps/search/?api=1&query=Log%20In%20Megastore%20ABC&query_place_id=ChIJu8tl2yTmaC4Raf4W6AOF3P8","Toko Elektronik"
"BENGKEL MOBIL BAROKAH",,,"Jl. Sawunggaling No.24","Kota Bandung","Jawa Barat","ID",,"","Bengkel Mobil",,,,,,,,,,"https://www.google.com/maps/search/?api=1&query=BENGKEL%20MOBIL%20BAROKAH&query_place_id=ChIJv5pXagDnaC4Rka8-GYiYf0M","Bengkel Mobil"
"BJK Komputer","3","2","Jl. Bijaksana III No.1","Kota Bandung","Jawa Barat","ID",,"+62 22 2030120","Toko Komputer",,,,,,,,,,"https://www.google.com/maps/search/?api=1&query=BJK%20Komputer&query_place_id=ChIJPUgpAV7maC4RHSrTxrfftks","Toko Komputer"
"Perbaikan iPhone, iPad, iMac, MacBook, Apple Watch","5","105","Baltos, Balubur Town Square, Jl. Tamansari Lantai 1 Blok T08","Kota Bandung","Jawa Barat","ID",,"+62 877-7750-6099","Toko Perbaikan Ponsel","Jasa Reparasi Komputer","Toko Komputer","Jasa Perbaikan Telepon","Toko Komputer Bekas",,,,,,"https://www.google.com/maps/search/?api=1&query=Perbaikan%20iPhone%2C%20iPad%2C%20iMac%2C%20MacBook%2C%20Apple%20Watch&query_place_id=ChIJ7crJJ3nnaC4R-43xhCZFS_o","Toko Perbaikan Ponsel"
"Harsal","5","1","Pusat Belanja Balubur, Jl. Tamansari Lantai 1 Blok G No 16","Kota Bandung","Jawa Barat","ID",,"","Toko Alat Tulis Kantor","Toko Ponsel","Toko Komputer",,,,,,,,"https://www.google.com/maps/search/?api=1&query=Harsal&query_place_id=ChIJ9aGMaEXmaC4RNNJ40Omgokk","Toko Alat Tulis Kantor"
"AKA COMPUTER BANDUNG",,,"Jl. Setia Gg.setia lll No.10, RT.05/RW.14","Kota Bandung","Jawa Barat","ID",,"+62 896-1144-8730","Toko Komputer",,,,,,,,,,"https://www.google.com/maps/search/?api=1&query=AKA%20COMPUTER%20BANDUNG&query_place_id=ChIJf1cUWQDnaC4RXrXxQBTbOK4","Toko Komputer"
"Warnet CafeNet CafeGaming Shop izzi store","3.9","7","Jl. Terusan Karang Tineung No.35","Kota Bandung","Jawa Barat","ID",,"","Toko Komputer",,,,,,,,,,"https://www.google.com/maps/search/?api=1&query=Warnet%20CafeNet%20CafeGaming%20Shop%20izzi%20store&query_place_id=ChIJ_cffmYvmaC4RqCbI0OQQKLY","Toko Komputer"
"DINJAYABATTERY (Toko aki terdekat)","4.8","25","Jl. Ir. H. Juanda No.244","Kota Bandung","Jawa Barat","ID",,"+62 822-1412-0895","Toko Aki Mobil",,,,,,,,,,"https://www.google.com/maps/search/?api=1&query=DINJAYABATTERY%20(Toko%20aki%20terdekat)&query_place_id=ChIJ143_0UXnaC4RShsT6StTPGY","Toko Aki Mobil"
"Abium Servis TV PANGGILAN MURAH elektronik dan Computer bandung","5","97","Jl. Bojong Koneng No.1, RT.06/RW.14","Kota Bandung","Jawa Barat","ID","http://abiumelcomp.blogspot.com/","+62 896-2242-6679","Jasa Reparasi Televisi","Servis Komputer","Toko Elektronik",,,,,,,,"https://www.google.com/maps/search/?api=1&query=Abium%20Servis%20TV%20PANGGILAN%20MURAH%20elektronik%20dan%20Computer%20bandung&query_place_id=ChIJb4kHwHPnaC4R-6rUR8suuU0","Jasa Reparasi Televisi"
"Bengkel motor Sabila jaya","4.7","160","sebelah hotel moscato, Jl. Raya Lembang","Kota Bandung","Jawa Barat","ID",,"+62 857-2421-7992","Bengkel Sepeda Motor",,,,,,,,,,"https://www.google.com/maps/search/?api=1&query=Bengkel%20motor%20Sabila%20jaya&query_place_id=ChIJ_6oFUNThaC4RTkA0eQWOa9g","Bengkel Sepeda Motor"
"Autovision Bandung - Official Showroom & Service Center","4.7","204","Jl. Mulyasari I No.5","Kota Bandung","Jawa Barat","ID","https://www.autovision.co.id/","+62 811-2233-8009","Toko Aksesori Mobil",,,,,,,,,,"https://www.google.com/maps/search/?api=1&query=Autovision%20Bandung%20-%20Official%20Showroom%20%26%20Service%20Center&query_place_id=ChIJY9GtLp7oaC4R1i9l4zdw8_Q","Toko Aksesori Mobil"
"Pengrajin Mobil G auto","5","3","Jl. Trs. Ekologi No.11","Kota Bandung","Jawa Barat","ID","https://instagram.com/pengrajin_mobil?igshid=MWZjMTM2ODFkZg==","","Bengkel Mobil Antik",,,,,,,,,,"https://www.google.com/maps/search/?api=1&query=Pengrajin%20Mobil%20G%20auto&query_place_id=ChIJr5OAoCTnaC4RwtWXL5mjFkY","Bengkel Mobil Antik"
"Pusat Aki Bandung","4.9","138","Jl. Cikutra Barat No.54","Kota Bandung","Jawa Barat","ID","https://wa.me/628121490069","+62 812-1490-069","Toko Aki Mobil",,,,,,,,,,"https://www.google.com/maps/search/?api=1&query=Pusat%20Aki%20Bandung&query_place_id=ChIJ_U7JI0HnaC4RiPmE8L_zdbY","Toko Aki Mobil"
"Bengkel CTS","4.6","103","4J69+FHJ, Jl. Sekeloa Sel. I No.1","Kota Bandung","Jawa Barat","ID","http://shopee.co.id/bengkelcts","+62 821-1921-8286","Bengkel Sepeda Motor","Tempat Ibadah",,,,,,,,,"https://www.google.com/maps/search/?api=1&query=Bengkel%20CTS&query_place_id=ChIJTeGEBlXmaC4R-bhUU0hGLcI","Bengkel Sepeda Motor"
"Bengkel servis spion mobil lampu power window alarm dll","4.2","35","Samping cuci mobil, Jl. Khp Hasan Mustopa No.166","Kota Bandung","Jawa Barat","ID",,"+62 812-9754-0234","Bengkel Mobil",,,,,,,,,,"https://www.google.com/maps/search/?api=1&query=Bengkel%20servis%20spion%20mobil%20lampu%20power%20window%20alarm%20dll&query_place_id=ChIJ24_RPY3naC4Rp-rOeH_H58w","Bengkel Mobil"
"Dwi Komputer",,,"Jl. Jatiwaringin Raya 252 RT 001%2F16 Jati Waringin Pondok Gede Bekasi Jawa Barat","Kota Bandung","Jawa Barat","ID",,"+62 21 84974843","Toko Komputer",,,,,,,,,,"https://www.google.com/maps/search/?api=1&query=Dwi%20Komputer&query_place_id=ChIJNWRq5ETmaC4RYoUDgbk0edc","Toko Komputer"
"Qatarin Games | Jasa Isi Game PS1,PS2,PS3,PS4,PSP,PC, NINTENDO, XBOX 360 & AKSESORIS KONSOL, DLL.","5","115","Jl. Negla Tengah No.39","Kota Bandung","Jawa Barat","ID",,"+62 838-2947-2516","Toko Video Game","Servis Komputer","Toko Komputer","Toko Game","Toko Penyewaan Video Game",,,,,,"https://www.google.com/maps/search/?api=1&query=Qatarin%20Games%20%7C%20Jasa%20Isi%20Game%20PS1%2CPS2%2CPS3%2CPS4%2CPSP%2CPC%2C%20NINTENDO%2C%20XBOX%20360%20%26%20AKSESORIS%20KONSOL%2C%20DLL.&query_place_id=ChIJTbJQHonnaC4R9zZgF2a-O7g","Toko Video Game"
"TOKO Meubel",,,"4H3W+VW2, Jalan","Kota Bandung","Jawa Barat","ID",,"","Toko Perlengkapan Rumah",,,,,,,,,,"https://www.google.com/maps/search/?api=1&query=TOKO%20Meubel&query_place_id=ChIJO4hHnibnaC4RpViqGV8UTlk","Toko Perlengkapan Rumah"
"Mulia Electronic","4.2","6","Jl. Cijambe No.42","Kota Bandung","Jawa Barat","ID",,"","Toko Elektronik",,,,,,,,,,"https://www.google.com/maps/search/?api=1&query=Mulia%20Electronic&query_place_id=ChIJEZ19aEDdaC4Rbtur_XIqWxA","Toko Elektronik"
"Hartono Bandung","5","6202","Jl. Diponegoro No.2","Kota Bandung","Jawa Barat","ID","http://www.myhartono.com/","+62 31 7321212","Toko Elektronik",,,,,,,,,,"https://www.google.com/maps/search/?api=1&query=Hartono%20Bandung&query_place_id=ChIJ72pzqqXnaC4RiwngV5XlHkQ","Toko Elektronik"
"Shop & Drive - Setiabudi, Bandung","4.9","328","Jl. Dr. Setiabudi No.167c","Kota Bandung","Jawa Barat","ID","https://www.shopanddrive.com/","+62 895-3867-61070","Toko Aki Mobil","Bengkel Rem","Bengkel Ganti Oli","Bengkel Mesin",,,,,,,"https://www.google.com/maps/search/?api=1&query=Shop%20%26%20Drive%20-%20Setiabudi%2C%20Bandung&query_place_id=ChIJWf5bvmTnaC4RCS_U0zXOUcQ","Toko Aki Mobil"
"PPS Autoshine Bandung","4.7","22","Jl. Ciumbuleuit No.126","Kota Bandung","Jawa Barat","ID","http://www.ppsindonesia.co.id/","+62 811-2299-744","Bengkel Perbaikan Bodi Mobil",,,,,,,,,,"https://www.google.com/maps/search/?api=1&query=PPS%20Autoshine%20Bandung&query_place_id=ChIJmzNO-4ToaC4R9iWQpzAU6_c","Bengkel Perbaikan Bodi Mobil"
"Bengkel Mobil","4.4","30","Jl. Bukit Raya Atas Jl. Punclut No.488","Kota Bandung","Jawa Barat","ID",,"+62 813-1443-334","Bengkel Mobil","Jasa perbaikan mesin","Bengkel Mesin",,,,,,,,"https://www.google.com/maps/search/?api=1&query=Bengkel%20Mobil&query_place_id=ChIJcYc3AyDnaC4R0vNAeff_O68","Bengkel Mobil"
"Toko Jaya Elektronik","3","7","Jl. Cilengkrang II No.12","Kota Bandung","Jawa Barat","ID",,"+62 813-1340-1812","Toko Elektronik",,,,,,,,,,"https://www.google.com/maps/search/?api=1&query=Toko%20Jaya%20Elektronik&query_place_id=ChIJo3Q0HCvdaC4RAy8ga4hPLgo","Toko Elektronik"
"Bengkel Cat Mobil Inline","4.7","96","Jalan Palad Jaya Raya. 41, Jl. Cikutra Baru VI No.41","Kota Bandung","Jawa Barat","ID",,"+62 822-1627-3600","Bengkel Perbaikan Bodi Mobil",,,,,,,,,,"https://www.google.com/maps/search/?api=1&query=Bengkel%20Cat%20Mobil%20Inline&query_place_id=ChIJU6wtE67naC4Rdyn60yejr_A","Bengkel Perbaikan Bodi Mobil"
"Mitra Komputer","5","6","Jalan Sadang Tengah IV No. 9 Sadang Serang Coblong","Kota Bandung","Jawa Barat","ID",,"+62 822-1648-8300","Jasa Reparasi Komputer","Toko Komputer",,,,,,,,,"https://www.google.com/maps/search/?api=1&query=Mitra%20Komputer&query_place_id=ChIJ2Z1Ts6vnaC4RWGg23lP8250","Jasa Reparasi Komputer"
"SUMBER AGUNG ELECTRONIC STORE","4.8","1477","Jl. ABC No.29 - 31","Bandung IT","Jawa Barat","ID",,"","Toko Elektronik",,,,,,,,,,"https://www.google.com/maps/search/?api=1&query=SUMBER%20AGUNG%20ELECTRONIC%20STORE&query_place_id=ChIJn_SGfjnnaC4RVVKSsXhyiUM","Toko Elektronik"
"Sinarmaju Elektronics","4.7","1239","Jl. A. Yani No.308","Kota Bandung","Jawa Barat","ID","http://www.sinarmaju.co.id/","+62 877-0870-8128","Toko Elektronik","Toko Alat Dapur",,,,,,,,,"https://www.google.com/maps/search/?api=1&query=Sinarmaju%20Elektronics&query_place_id=ChIJbVSpmsXnaC4RDBJEtxpjx8w","Toko Elektronik"
"Lunar","5","1","Jl. Terusan Tubagus Ismail Raya No.19","Kota Bandung","Jawa Barat","ID",,"+62 22 92203939","Toko Komputer",,,,,,,,,,"https://www.google.com/maps/search/?api=1&query=Lunar&query_place_id=ChIJY4zZnqrnaC4RDH86JQUpa5U","Toko Komputer"
"DONZ COMP (Toko Komputer Maintenance)","4.9","23","Gg. H. Gojali No.3, RT.01/RW.05","Kota Bandung","Jawa Barat","ID","https://www.donzcompany.asia/","+62 896-9989-1871","Layanan Keamanan Komputer",,,,,,,,,,"https://www.google.com/maps/search/?api=1&query=DONZ%20COMP%20(Toko%20Komputer%20Maintenance)&query_place_id=ChIJg6CK-8rnaC4RS0P0vsMog2c","Layanan Keamanan Komputer"
"Esolusindo Kencana. PT","3","1","Cihampelas Walk, Ground Floor, Black Building, JL. Cihampelas, No. 160, Bandung","Kota Bandung","Jawa Barat","ID",,"+62 22 2061190","Toko Komputer",,,,,,,,,,"https://www.google.com/maps/search/?api=1&query=Esolusindo%20Kencana.%20PT&query_place_id=ChIJu1PNe1vmaC4RWswCNkFmGNc","Toko Komputer"
"NEW RNB Instalasi Software Bandung",,,"4J46+342, Jl. Gelap Nyawang","Kota Bandung","Jawa Barat","ID",,"+62 813-2226-2630","Toko Komputer","Toko Software Komputer",,,,,,,,,"https://www.google.com/maps/search/?api=1&query=NEW%20RNB%20Instalasi%20Software%20Bandung&query_place_id=ChIJ4xxGibnnaC4RLvhQWCovHRc","Toko Komputer"
"Long Komputer","5","3","Jl. Sukajadi No.15B","Kota Bandung","Jawa Barat","ID",,"+62 22 2032921","Toko Aksesori Komputer","Toko Komputer",,,,,,,,,"https://www.google.com/maps/search/?api=1&query=Long%20Komputer&query_place_id=ChIJZcahnGfmaC4RqmEQQXLDPGY","Toko Aksesori Komputer"
"Tratika Computer","5","1","Mall Baltos Lantai 1 Blok F/11, Jl Taman Sari Bandung 40132, Cicendo","Kota Bandung","Jawa Barat","ID","http://www.tratikacomputer.com/","+62 851-0150-2788","Toko Komputer",,,,,,,,,,"https://www.google.com/maps/search/?api=1&query=Tratika%20Computer&query_place_id=ChIJ-VATBP3naC4RclRAWaWG53o","Toko Komputer"
"Jiwalu.com","4.1","22","Balubur Town Square Lantai 1 Blok B-11, Jalan Tamansari","Kota Bandung","Jawa Barat","ID","https://jiwalu.com/","+62 899-8987-555","Toko Aksesori Komputer","Toko Aksesori Ponsel","Toko Ponsel","Toko Komputer","Toko Bahan Bangunan",,,,,,"https://www.google.com/maps/search/?api=1&query=Jiwalu.com&query_place_id=ChIJOSKubkXmaC4RHSoLaf2uO90","Toko Aksesori Komputer"
"Power steering & transmisi matic pasteur bandung","3.7","10","Jl. Dr. Djunjunan No.68","Kota Bandung","Jawa Barat","ID",,"+62 823-1555-8080","Bengkel Mobil",,,,,,,,,,"https://www.google.com/maps/search/?api=1&query=Power%20steering%20%26%20transmisi%20matic%20pasteur%20bandung&query_place_id=ChIJyYB6qzDnaC4RE_JGuTHi1sc","Bengkel Mobil"
"Jasa Instal Jual Software PC &Leptop , Aplikasi,Depan ITB","3.9","10",,"Kota Bandung","Jawa Barat","ID",,"+62 812-2036-4868","Toko Komputer",,,,,,,,,,"https://www.google.com/maps/search/?api=1&query=Jasa%20Instal%20Jual%20Software%20PC%20%26Leptop%20%2C%20Aplikasi%2CDepan%20ITB&query_place_id=ChIJYWLpzGznaC4RB3b_6Zc0-hg","Toko Komputer"
"Sun Electronic Bandung","4.5","331","Jl. ABC No.10","Kota Bandung","Jawa Barat","ID","https://www.tokopedia.com/sun-electronic?source=universe&st=product","+62 811-1112-0972","Toko Elektronik",,,,,,,,,,"https://www.google.com/maps/search/?api=1&query=Sun%20Electronic%20Bandung&query_place_id=ChIJv7v-tiTmaC4RXbe3TaPGhHs","Toko Elektronik"
"Bengkel Mobil Pa Ujang Auto Car","2.4","12","Depan Auto2000, Jl. Khp Hasan Mustopa","Kota Bandung","Jawa Barat","ID",,"+62 881-4512-972","Bengkel Mobil",,,,,,,,,,"https://www.google.com/maps/search/?api=1&query=Bengkel%20Mobil%20Pa%20Ujang%20Auto%20Car&query_place_id=ChIJKdh-_6bnaC4Rcdmf1Lw2lQ4","Bengkel Mobil"
"Bengkel Mobil Dan Motor Yayat Abeg","5","3","4J35+C49","Kota Bandung","Jawa Barat","ID",,"+62 857-2109-3233","Bengkel Bongkar Pasang Mesin",,,,,,,,,,"https://www.google.com/maps/search/?api=1&query=Bengkel%20Mobil%20Dan%20Motor%20Yayat%20Abeg&query_place_id=ChIJfZF8IwDnaC4RfAskleFPjGs","Bengkel Bongkar Pasang Mesin"
"Bright Olimart Dago","3.7","19","SPBU Dago, Jl. Insinyur Haji Djuanda No.442","Kota Bandung","Jawa Barat","ID",,"","Bengkel Ganti Oli",,,,,,,,,,"https://www.google.com/maps/search/?api=1&query=Bright%20Olimart%20Dago&query_place_id=ChIJ7wq7_FbmaC4RnZRdxEdnVB8","Bengkel Ganti Oli"
"venus notebook - service laptop/pc - maintenance - sparepart - hardware dan software","5","4","lantai d1 blok T no. 17 Balubur Town Square ID, Jl. Kb. Kembang","Kota Bandung","Jawa Barat","ID",,"+62 899-7896-325","Servis Komputer","Konsultan Komputer","Pusat jaringan komputer","Jasa Reparasi Komputer","Toko Komputer",,,,,,"https://www.google.com/maps/search/?api=1&query=venus%20notebook%20-%20service%20laptop%2Fpc%20-%20maintenance%20-%20sparepart%20-%20hardware%20dan%20software&query_place_id=ChIJdT1BXUXmaC4RPa4FLBg0c7M","Servis Komputer"
"Bengkel Panggilan Bandung","4.6","9","Jl. Cikutra Barat.97A, Cikutra, Kec. Cibeunying Kaler","Kota Bandung","Jawa Barat","ID",,"+62 821-1844-5814","Bengkel Sepeda Motor",,,,,,,,,,"https://www.google.com/maps/search/?api=1&query=Bengkel%20Panggilan%20Bandung&query_place_id=ChIJGQ5UulHnaC4R0y7BTu6g1Ts","Bengkel Sepeda Motor"
"KURNIA AC MOBIL","4.9","410","Jl. Khp Hasan Mustopa No.141","Kota Bandung","Jawa Barat","ID",,"+62 812-2280-0376","Bengkel AC",,,,,,,,,,"https://www.google.com/maps/search/?api=1&query=KURNIA%20AC%20MOBIL&query_place_id=ChIJvc5FD6fnaC4R-FI3E1TX6XQ","Bengkel AC"
"Setiabudi Garage","4.8","33","Jl. Cipaganti Permai No.3","Kota Bandung","Jawa Barat","ID",,"+62 877-5297-3621","Bengkel Perbaikan Bodi Mobil","Pengecatan Mobil","Bengkel Perawatan Bodi Mobil","Bengkel Mobil","Bengkel Fiberglass",,,,,,"https://www.google.com/maps/search/?api=1&query=Setiabudi%20Garage&query_place_id=ChIJzbTO6VnnaC4R-4YPLuMlI1U","Bengkel Perbaikan Bodi Mobil"
"dodo bengkel mobil","5","8","jl hegarmanah, kulon Gg. Ranim","Kota Bandung","Jawa Barat","ID",,"+62 821-1715-7771","Bengkel Mobil",,,,,,,,,,"https://www.google.com/maps/search/?api=1&query=dodo%20bengkel%20mobil&query_place_id=ChIJzT0HQ1HnaC4Rj-NWM7M57vo","Bengkel Mobil"
"RDN Service Station Bandung","4.6","31","Jl. Terusan Cigadung No.19","Kota Bandung","Jawa Barat","ID",,"+62 813-1399-6389","Bengkel Mobil",,,,,,,,,,"https://www.google.com/maps/search/?api=1&query=RDN%20Service%20Station%20Bandung&query_place_id=ChIJHyJPRQDnaC4RJ8MPYyEuVhM","Bengkel Mobil"
"Servis radiator Kurnia Blora","4.9","543","Jl. Khp Hasan Mustopa No.141","Kota Bandung","Jawa Barat","ID","https://serviceradiatorkurnia.biz.id/","+62 812-2280-0376","Bengkel Radiator Mobil",,,,,,,,,,"https://www.google.com/maps/search/?api=1&query=Servis%20radiator%20Kurnia%20Blora&query_place_id=ChIJXVsvzcTnaC4RJm4SdEhabeI","Bengkel Radiator Mobil"
"Bandung Electronics Center","4.5","48065","Jl. Purnawarman No.13-15","Kota Bandung","Jawa Barat","ID",,"","Pusat Perbelanjaan","Toko Elektronik",,,,,,,,,"https://www.google.com/maps/search/?api=1&query=Bandung%20Electronics%20Center&query_place_id=ChIJOQRB-c3naC4RskJSO-o7Xtc","Pusat Perbelanjaan"
"Bengkel panggilan 24jam bandung","4.6","9","Jl. Karang Tineung Indah Dalam.rt 05, Cipedes, gg. Sarirasa X No.42 blok 5","Kota Bandung","Jawa Barat","ID",,"+62 882-0025-25121","Bengkel Sepeda Motor",,,,,,,,,,"https://www.google.com/maps/search/?api=1&query=Bengkel%20panggilan%2024jam%20bandung&query_place_id=ChIJJUKMH5XnaC4RfD9qhjs3g4Q","Bengkel Sepeda Motor"
"Bengkel Mercedes-Benz Classic Kang Doddy","4.2","20","4H6P+4HW, Jl. Sukamulya","Kota Bandung","Jawa Barat","ID",,"+62 878-2335-2334","Bengkel Mobil",,,,,,,,,,"https://www.google.com/maps/search/?api=1&query=Bengkel%20Mercedes-Benz%20Classic%20Kang%20Doddy&query_place_id=ChIJSxmvLWTnaC4RVSH2b-hVui0","Bengkel Mobil"
"IMOVED STORE Service dan Jual iphone MacBook pro Macbook Air iMac Apple watch Original Resmi indonesia","5","140","Balubur Town Square, Jl. Tamansari No.1 Blok F10","Kota Bandung","Jawa Barat","ID","https://imoved.co.id/","+62 878-7963-5153","Servis Komputer","Konsultan Komputer","Jasa Reparasi Komputer","Toko Komputer",,,,,,,"https://www.google.com/maps/search/?api=1&query=IMOVED%20STORE%20Service%20dan%20Jual%20iphone%20MacBook%20pro%20Macbook%20Air%20iMac%20Apple%20watch%20Original%20Resmi%20indonesia&query_place_id=ChIJE0W2R9_naC4RHaNWq69MfRg","Servis Komputer"
"Matra Computer Baltos","3.5","6","Balubur Town Square, Jl. Tamansari No.07 Lt. D1, Blok R","Kota Bandung","Jawa Barat","ID",,"+62 815-6037-849","Toko Komputer",,,,,,,,,,"https://www.google.com/maps/search/?api=1&query=Matra%20Computer%20Baltos&query_place_id=ChIJhagMn5TnaC4RhQLs1pCAUFo","Toko Komputer"
"Asterix Computer - Sukajadi","4.7","18","Jalan Sukajadi.223, Belakang No.77 182A","Kota Bandung","Jawa Barat","ID",,"+62 821-2652-7751","Toko Komputer",,,,,,,,,,"https://www.google.com/maps/search/?api=1&query=Asterix%20Computer%20-%20Sukajadi&query_place_id=ChIJFwauRCrnaC4RQWdtN6soilo","Toko Komputer"
"Service motor dan mobil panggilan Bandung Jawa barat","5","9","Jl. DR. Djunjunan Dalam","Kota Bandung","Jawa Barat","ID",,"+62 895-1545-8357","Montir",,,,,,,,,,"https://www.google.com/maps/search/?api=1&query=Service%20motor%20dan%20mobil%20panggilan%20Bandung%20Jawa%20barat&query_place_id=ChIJjeRx6yznaC4R2a_4KNAIoFc","Montir"
"Service dinamo mobil 24 jam panggilan bandung","5","10","Jl. Dr. Djundjunan samping No.64a, Jl. Dr. Djunjunan","Kota Bandung","Jawa Barat","ID",,"+62 821-2612-5375","Bengkel Kelistrikan Mobil",,,,,,,,,,"https://www.google.com/maps/search/?api=1&query=Service%20dinamo%20mobil%2024%20jam%20panggilan%20bandung&query_place_id=ChIJMwslWUHnaC4Rp1bNOXbgELM","Bengkel Kelistrikan Mobil"
"D&S AUTOWORK BANDUNG","4.8","26","Jl. Dr. Setiabudi No.96A","Kota Bandung","Jawa Barat","ID","https://instagram.com/dnsautoworkbandung?igshid=MmJiY2I4NDBkZg==","+62 812-8432-860","Bengkel Mobil",,,,,,,,,,"https://www.google.com/maps/search/?api=1&query=D%26S%20AUTOWORK%20BANDUNG&query_place_id=ChIJ4ZQwg5DoaC4RTyagKR6gqrI","Bengkel Mobil"
"Toko Komputer & Laptop","4.7","3","Jl. Terusan Cimuncang","Kota Bandung","Jawa Barat","ID",,"+62 838-2018-8375","Toko",,,,,,,,,,"https://www.google.com/maps/search/?api=1&query=Toko%20Komputer%20%26%20Laptop&query_place_id=ChIJUX21x3nnaC4R1bKNK_FqN7U","Toko"
"Hadi Motor Bandung","4.4","152","Jl. Khp Hasan Mustopa No.153","Kota Bandung","Jawa Barat","ID",,"+62 22 7200108 ext. 7232403","Bengkel Mobil","Bengkel Mobil Antik","Bengkel Rem","Toko Aki Mobil","Layanan reparasi","Toko Ban",,,,,"https://www.google.com/maps/search/?api=1&query=Hadi%20Motor%20Bandung&query_place_id=ChIJTcpN7pPnaC4RpvkiDwQnfik","Bengkel Mobil"
"Signature Vision Auto","4.9","121","Jl. Sukajadi No.164","Kota Bandung","Jawa Barat","ID","https://instagram.com/signaturevision_auto","+62 813-9531-8005","Toko Aksesori Mobil","Toko Suku Cadang Mobil",,,,,,,,,"https://www.google.com/maps/search/?api=1&query=Signature%20Vision%20Auto&query_place_id=ChIJsTjVL4TnaC4R_PyBG07T0xM","Toko Aksesori Mobil"
"Bengkel mobil panggilan Bandung","5","25","Jl. Sukajadi","Kota Bandung","Jawa Barat","ID",,"+62 822-1780-8333","Bengkel Mobil",,,,,,,,,,"https://www.google.com/maps/search/?api=1&query=Bengkel%20mobil%20panggilan%20Bandung&query_place_id=ChIJrQfTzavnaC4RIx8a3qHcj8g","Bengkel Mobil"
"LUXAS Auto Detailing | Salon Mobil Bandung | Poles Mobil Bandung | Salon Mobil Panggilan | Detailing Mobil Bandung","4.9","28","Jl. Sekeloa Tengah No.29.A","Kota Bandung","Jawa Barat","ID","https://luxas.id/","+62 852-6315-1572","Bengkel Mobil","Dealer mobil","Tempat Pencucian Mobil",,,,,,,,"https://www.google.com/maps/search/?api=1&query=LUXAS%20Auto%20Detailing%20%7C%20Salon%20Mobil%20Bandung%20%7C%20Poles%20Mobil%20Bandung%20%7C%20Salon%20Mobil%20Panggilan%20%7C%20Detailing%20Mobil%20Bandung&query_place_id=ChIJjYo0l8HnaC4RNN03GnPbY0U","Bengkel Mobil"
"Service Radiator Veteran","4.9","62","Jl. Cihampelas No.278","Kota Bandung","Jawa Barat","ID",,"+62 813-9486-0789","Bengkel Mobil",,,,,,,,,,"https://www.google.com/maps/search/?api=1&query=Service%20Radiator%20Veteran&query_place_id=ChIJtc8jqljmaC4RQzgzHO98DZo","Bengkel Mobil"
"Bengkel Mobil Saputra Jaya Motor","4.7","10","Jl. Gegerkalong Hilir No.135","Kota Bandung","Jawa Barat","ID",,"+62 812-2110-7009","Bengkel Mobil",,,,,,,,,,"https://www.google.com/maps/search/?api=1&query=Bengkel%20Mobil%20Saputra%20Jaya%20Motor&query_place_id=ChIJccnZq5jmaC4RfBRlbsDpNUA","Bengkel Mobil"
"USAuto Prime Bandung Pasteur : Bengkel dan Toko Sparepart Mobil CBU Premium",,,"Jl. Babakan Jeruk III No.42","Kota Bandung","Jawa Barat","ID","https://usautoprime.com/","+62 822-6182-2956","Bengkel Mobil",,,,,,,,,,"https://www.google.com/maps/search/?api=1&query=USAuto%20Prime%20Bandung%20Pasteur%20%3A%20Bengkel%20dan%20Toko%20Sparepart%20Mobil%20CBU%20Premium&query_place_id=ChIJt929OADnaC4RElyv_yB09EI","Bengkel Mobil"
"Universal Auto Service","4.8","112","Jl. Cihampelas No.203","Kota Bandung","Jawa Barat","ID",,"+62 877-0877-2691","Bengkel Mobil","Jasa Balancing Roda",,,,,,,,,"https://www.google.com/maps/search/?api=1&query=Universal%20Auto%20Service&query_place_id=ChIJ4_EZAPbmaC4RXkbIyiAWVPA","Bengkel Mobil"
"BENGKEL MOBIL 123 BANDUNG","4.3","11","Jl. Khp Hasan Mustopa No.82","Kota Bandung","Jawa Barat","ID",,"+62 812-2019-3232","Bengkel Mobil",,,,,,,,,,"https://www.google.com/maps/search/?api=1&query=BENGKEL%20MOBIL%20123%20BANDUNG&query_place_id=ChIJvSLBxFXnaC4RrinI4Me9doo","Bengkel Mobil"
"Bengkel Mobil Bandung 24 Jam Melayani Panggilan (SJM AUTOCAR)","5","30","Jl. Dr. Djunjunan No.Kav No.178","Kota Bandung","Jawa Barat","ID","http://bengkelmobilbandungpanggilan24jam.com/","+62 857-1035-4354","Bengkel Mobil",,,,,,,,,,"https://www.google.com/maps/search/?api=1&query=Bengkel%20Mobil%20Bandung%2024%20Jam%20Melayani%20Panggilan%20(SJM%20AUTOCAR)&query_place_id=ChIJEacbDZbnaC4RkmE0joYQKUU","Bengkel Mobil"
"Acosys Bandung","4","3","Jl. Sukasari II Jl. Dipati Ukur No.N0. 58","Kota Bandung","Jawa Barat","ID",,"+62 22 2532782","Toko Software Komputer",,,,,,,,,,"https://www.google.com/maps/search/?api=1&query=Acosys%20Bandung&query_place_id=ChIJSdmDRlPmaC4RxEwL4Izl-Yk","Toko Software Komputer"
"Bengkel dan montir mobil panggilan bandung/cimahi","4.9","101","Pasteur, Jl. Dr. Djunjunan No.180","Kota Bandung","Jawa Barat","ID","http://bengkeldanmontirmobilpanggilan.websites.co.in/","+62 896-7058-6085","Bengkel Mobil",,,,,,,,,,"https://www.google.com/maps/search/?api=1&query=Bengkel%20dan%20montir%20mobil%20panggilan%20bandung%2Fcimahi&query_place_id=ChIJOSHz2vLnaC4R8XnyJzlm1FM","Bengkel Mobil"
"Bengkel mobil Desalsil","5","3","Jl. Terusan Cigadung","Kota Bandung","Jawa Barat","ID",,"+62 888-0636-8432","Bengkel Mobil",,,,,,,,,,"https://www.google.com/maps/search/?api=1&query=Bengkel%20mobil%20Desalsil&query_place_id=ChIJhfRUTvnnaC4R-j-8I0O_aBo","Bengkel Mobil"
"MEKAR BARU BAN","4.4","285","Jl. Ir. H. Juanda No.58","Kota Bandung","Jawa Barat","ID",,"+62 22 4207890","Toko Ban","Toko","Toko Pelek",,,,,,,,"https://www.google.com/maps/search/?api=1&query=MEKAR%20BARU%20BAN&query_place_id=ChIJBf6T_k7maC4RWGD0zNZqKvI","Toko Ban"
"Trimedia Komputer","4.2","10","Jl. Intan IV No.4","Kota Bandung","Jawa Barat","ID","https://tokopedia.link/trimediakom","+62 821-1634-0275","Toko Komputer","Pusat jaringan komputer",,,,,,,,,"https://www.google.com/maps/search/?api=1&query=Trimedia%20Komputer&query_place_id=ChIJUxP022bnaC4RLsharce6cmI","Toko Komputer"
"Bengkel Mobil Bandung Jawa Barat Layani 24 Jam (PCM AUTO)","5","13","Jl. Dr. Setiabudi No.61","Kota Bandung","Jawa Barat","ID","http://bengkeldanmontirpanggilanbandung24jam.com/","+62 895-6347-40716","Bengkel Mobil",,,,,,,,,,"https://www.google.com/maps/search/?api=1&query=Bengkel%20Mobil%20Bandung%20Jawa%20Barat%20Layani%2024%20Jam%20(PCM%20AUTO)&query_place_id=ChIJT0ftHtOTlmwRK4yIIMzhqho","Bengkel Mobil"
"Pahlawan Gadget Dipatiukur (Service Laptop, Macbook, iMac & Service HP Android Iphone Ipad Bandung)","4.9","1764","Jl. Dipati Ukur No.96","Kota Bandung","Jawa Barat","ID","http://pahlawangadget.com/","+62 811-2430-600","Jasa Reparasi Komputer","Toko Aksesori Ponsel","Toko Aksesori Komputer","Toko Komputer","Toko Reparasi Elektronik","Toko Perbaikan Ponsel","Layanan reparasi","Bengkel Elektronik",,,"https://www.google.com/maps/search/?api=1&query=Pahlawan%20Gadget%20Dipatiukur%20(Service%20Laptop%2C%20Macbook%2C%20iMac%20%26%20Service%20HP%20Android%20Iphone%20Ipad%20Bandung)&query_place_id=ChIJeRdkVWTnaC4RUC97pIuZ9XA","Jasa Reparasi Komputer"
"Centra Computer Bandung",,,,"Kota Bandung","Jawa Barat","ID",,"+62 851-6686-3384","Toko Komputer",,,,,,,,,,"https://www.google.com/maps/search/?api=1&query=Centra%20Computer%20Bandung&query_place_id=ChIJE7mp24znaC4R3P7StAZcQbo","Toko Komputer"
"Ultima Computer","5","17","Jl. Cihampelas No.186","Kota Bandung","Jawa Barat","ID","http://ultima.co.id/","+62 22 2031715","Toko Komputer","Layanan dan Dukungan Komputer",,,,,,,,,"https://www.google.com/maps/search/?api=1&query=Ultima%20Computer&query_place_id=ChIJ_8NeYFvmaC4RqcDFvIDsgGk","Toko Komputer"
"Yoma Computer","4.8","11","Jl. Dipati Ukur No.120","Kota Bandung","Jawa Barat","ID",,"+62 22 2505174","Toko Komputer",,,,,,,,,,"https://www.google.com/maps/search/?api=1&query=Yoma%20Computer&query_place_id=ChIJX-1-QFTmaC4RGjO1vuraziY","Toko Komputer"
"Rif komputer","4.8","66","Gg. Darmawinata No.42c","Kota Bandung","Jawa Barat","ID",,"+62 896-4459-6452","Servis Komputer",,,,,,,,,,"https://www.google.com/maps/search/?api=1&query=Rif%20komputer&query_place_id=ChIJAftwBvTnaC4RR27Lr5HZtI0","Servis Komputer"
"Visi computer","5","12","Balubur Town Square, Jl. Tamansari No.19 Lantai D1 Blok T","Kota Bandung","Jawa Barat","ID",,"+62 813-1225-2920","Toko Komputer",,,,,,,,,,"https://www.google.com/maps/search/?api=1&query=Visi%20computer&query_place_id=ChIJJ5ERQ0XmaC4RC2CjUdRW10A","Toko Komputer"
"Gaming house 98","5","2","3JXM+865, Jl. Sukaluyu III","Kota Bandung","Jawa Barat","ID",,"+62 812-2571-4900","Toko Komputer",,,,,,,,,,"https://www.google.com/maps/search/?api=1&query=Gaming%20house%2098&query_place_id=ChIJ00hhBA7naC4RpDfrt57LPZs","Toko Komputer"
"Bartech","4.8","41","4HPQ+72C, Jl. Pak Gatot Raya","Kota Bandung","Jawa Barat","ID",,"+62 811-2225-080","Bengkel Mobil",,,,,,,,,,"https://www.google.com/maps/search/?api=1&query=Bartech&query_place_id=ChIJs0xn57zmaC4RnF9qBqaNjQw","Bengkel Mobil"
"Gamo Cat Oven & Body Repair","4.7","162","Jl. Cihampelas No.92","Kota Bandung","Jawa Barat","ID",,"+62 22 2032066","Bengkel Mobil",,,,,,,,,,"https://www.google.com/maps/search/?api=1&query=Gamo%20Cat%20Oven%20%26%20Body%20Repair&query_place_id=ChIJ_8NeYFvmaC4RmfgwVYiEKRY","Bengkel Mobil"
"Tianet Computer","4.6","384","Jl. Sidomukti No.99d","Kota Bandung","Jawa Barat","ID",,"+62 821-2929-7300","Toko Komputer",,,,,,,,,,"https://www.google.com/maps/search/?api=1&query=Tianet%20Computer&query_place_id=ChIJA8zevaXnaC4RwXUoriHJwt4","Toko Komputer"
"Diky jaya motor panggilan (Home service Bmw Bandung)","4.9","99","samping baso ojo dumeh, Jl. Cibeunying Kolot","Kota Bandung","Jawa Barat","ID",,"+62 852-2228-2144","Bengkel Mobil",,,,,,,,,,"https://www.google.com/maps/search/?api=1&query=Diky%20jaya%20motor%20panggilan%20(Home%20service%20Bmw%20Bandung)&query_place_id=ChIJHw4QjOTnaC4RLGpxUw348DU","Bengkel Mobil"
"Bengkel Mobil Sini Suka","4.9","42","Jl. Cikutra No.211C","Kota Bandung","Jawa Barat","ID",,"+62 812-8000-6613","Bengkel Mobil",,,,,,,,,,"https://www.google.com/maps/search/?api=1&query=Bengkel%20Mobil%20Sini%20Suka&query_place_id=ChIJx5MAh6TnaC4RqEUjvCO38CM","Bengkel Mobil"
"Bengkel Mobil 24 Jam Bandung","5","3","Jl. Cikutra Barat Gg. Bukit Reuma I No.52","Kota Bandung","Jawa Barat","ID",,"+62 818-1887-6557","Bengkel Mobil",,,,,,,,,,"https://www.google.com/maps/search/?api=1&query=Bengkel%20Mobil%2024%20Jam%20Bandung&query_place_id=ChIJ8fbxR7nnaC4RRydlwq8oTHU","Bengkel Mobil"
"Bengkel mobil panggilan 24jam bandung","5","32","Jl. Dr. Djunjunan","Kota Bandung","Jawa Barat","ID",,"+62 823-2085-5894","Bengkel Mobil",,,,,,,,,,"https://www.google.com/maps/search/?api=1&query=Bengkel%20mobil%20panggilan%2024jam%20bandung&query_place_id=ChIJYVl9eSDnaC4RvlKeMHwMUbM","Bengkel Mobil"
"FixNow.id – Service Laptop Bandung","4.9","184","Jl. Cikutra No.290","Kota Bandung","Jawa Barat","ID","https://fixnow.id/","+62 851-7543-7545","Jasa Reparasi Komputer","Servis Komputer","Toko Komputer","Layanan dan Dukungan Komputer",,,,,,,"https://www.google.com/maps/search/?api=1&query=FixNow.id%20%E2%80%93%20Service%20Laptop%20Bandung&query_place_id=ChIJM0N-rl_naC4RQ_N1VUIjMMw","Jasa Reparasi Komputer"
"MONTIR MOBIL PANGGILAN SIAGA 24 JAM","4.9","142","Kp manteos, Jl. Sangkuriang","Kota Bandung","Jawa Barat","ID",,"+62 821-1505-9426","Bengkel Mobil","Montir",,,,,,,,,"https://www.google.com/maps/search/?api=1&query=MONTIR%20MOBIL%20PANGGILAN%20SIAGA%2024%20JAM&query_place_id=ChIJ2wrGCqjkaC4Rx1LDOivrpis","Bengkel Mobil"
"Bengkel Mobil 24 Jam","4.2","48","Jl. Terusan Cigadung No.18","Kota Bandung","Jawa Barat","ID","http://bengkelonlinbandung.com/","+62 821-2857-7757","Bengkel Mobil",,,,,,,,,,"https://www.google.com/maps/search/?api=1&query=Bengkel%20Mobil%2024%20Jam&query_place_id=ChIJQTtLsM_naC4RdkCM5KEfJUw","Bengkel Mobil"
"Apotek Griya Farma Jatihandap","4.8","25","Jl. Jatihandap No.20","Kota Bandung","Jawa Barat","ID",,"+62 815-7223-3772","Apotek",,,,,,,,,,"https://www.google.com/maps/search/?api=1&query=Apotek%20Griya%20Farma%20Jatihandap&query_place_id=ChIJp5Dt-o3naC4RdrVtpqZSMRc","Apotek"
"Apotek Mandala","5","2","4M67+4RJ, Jl. Jatihandap No.10A","Kota Bandung","Jawa Barat","ID",,"","Apotek",,,,,,,,,,"https://www.google.com/maps/search/?api=1&query=Apotek%20Mandala&query_place_id=ChIJDdS0IwDnaC4RvQnXiacCxHg","Apotek"
"Bengkel Mobil & Montir Panggilan (GUNA LANCAR AUTO)","4.8","96","Jl. Dr. Djunjunan","Kota Bandung","Jawa Barat","ID",,"+62 856-9495-6366","Bengkel Mobil","Montir",,,,,,,,,"https://www.google.com/maps/search/?api=1&query=Bengkel%20Mobil%20%26%20Montir%20Panggilan%20(GUNA%20LANCAR%20AUTO)&query_place_id=ChIJl-IkFaPnaC4RC5UgF-5L_8E","Bengkel Mobil"
"Apotek Suka Senang","4.8","16","Surapati Core, Jl. Khp Hasan Mustopa Blok L No.27","Kabupaten Bandung","Jawa Barat","ID",,"+62 22 61664214","Apotek",,,,,,,,,,"https://www.google.com/maps/search/?api=1&query=Apotek%20Suka%20Senang&query_place_id=ChIJa_BdeZHnaC4R3NqEOcktN9U","Apotek"
"Aank Computer ""Jual Beli Laptop 2nd Bandung""","4.9","90","Jl. Asep Berlian","Kota Bandung","Jawa Barat","ID","https://www.tokopedia.com/aankfrozone","+62 896-5144-5477","Toko Komputer",,,,,,,,,,"https://www.google.com/maps/search/?api=1&query=Aank%20Computer%20%22Jual%20Beli%20Laptop%202nd%20Bandung%22&query_place_id=ChIJJTLS27jnaC4R2drSoQtLns4","Toko Komputer"
"Suzuki Setiabudi Bandung PT Nusantara Jaya Sentosa","4.9","327","Jl. Dr. Setiabudi No.78","Kota Bandung","Jawa Barat","ID","https://suzukinjs.co.id/setiabudi","+62 821-2221-4360","Dealer mobil","Bengkel Mobil","Dealer Suzuki",,,,,,,,"https://www.google.com/maps/search/?api=1&query=Suzuki%20Setiabudi%20Bandung%20PT%20Nusantara%20Jaya%20Sentosa&query_place_id=ChIJBVZCEKTnaC4RUFj41Is2hFk","Dealer mobil"
"Apotek Panghegar 2","2.7","9","Jl. Jatihandap No.68","Kota Bandung","Jawa Barat","ID",,"+62 22 63725248","Apotek",,,,,,,,,,"https://www.google.com/maps/search/?api=1&query=Apotek%20Panghegar%202&query_place_id=ChIJD5VfYEvnaC4RZGdXWQCNiec","Apotek"
"Service laptop bandung (Distric Computer)","4.8","242","Istana BEC, Jl. Purnawarman No.13-15 Lantai 3 Blok J05","Kota Bandung","Jawa Barat","ID","https://servicelaptopbandungdistriccomputer.com/","+62 813-2404-8877","Toko Komputer",,,,,,,,,,"https://www.google.com/maps/search/?api=1&query=Service%20laptop%20bandung%20(Distric%20Computer)&query_place_id=ChIJy2EQ-0fmaC4RUOVF9xlYmkI","Toko Komputer"
"Apotik Kusuri","4","21","Komplek Suci Residence Ruko, Jl. Padasuka Blok A No.5","Kabupaten Bandung","Jawa Barat","ID",,"+62 22 7219660","Apotek",,,,,,,,,,"https://www.google.com/maps/search/?api=1&query=Apotik%20Kusuri&query_place_id=ChIJtWq0q5HnaC4RQLPBmKzdSr8","Apotek"
"Apotek eL Luna Farma","5","8","Jl. Padasuka No.26","Kota Bandung","Jawa Barat","ID","https://instagram.com/el_luna_farma?igshid=NzZhOTFlYzFmZQ==","+62 877-6110-0285","Apotek",,,,,,,,,,"https://www.google.com/maps/search/?api=1&query=Apotek%20eL%20Luna%20Farma&query_place_id=ChIJTXHaf5HnaC4RetgnxpI9__s","Apotek"
"Alya Komputer","4.6","25","Jl. Gegerkalong Girang No.92","Kota Bandung","Jawa Barat","ID",,"+62 821-2072-5420","Toko Komputer",,,,,,,,,,"https://www.google.com/maps/search/?api=1&query=Alya%20Komputer&query_place_id=ChIJbfO9qLzmaC4Rw7okR9b1u-A","Toko Komputer"
"Planet Computer Bandung","4.7","23","Jl. Ciumbuleuit No.42C","Kota Bandung","Jawa Barat","ID","https://www.tokopedia.com/planetcomputer","+62 898-7008-200","Toko Komputer",,,,,,,,,,"https://www.google.com/maps/search/?api=1&query=Planet%20Computer%20Bandung&query_place_id=ChIJH_F81LfnaC4RnQ9hzCvcolI","Toko Komputer"
"Rafi computer",,,"4M2Q+V87, Kp Jl. Cigiringsing, RT.02/RW.03","Kota Bandung","Jawa Barat","ID",,"","Toko Komputer",,,,,,,,,,"https://www.google.com/maps/search/?api=1&query=Rafi%20computer&query_place_id=ChIJ4VXTTwDdaC4Rv3bHqV-bENQ","Toko Komputer"
"Haimac Store","4.9","228","Jl. Budisari III Jl. Dr. Setiabudi No.5B","Kota Bandung","Jawa Barat","ID","https://linktr.ee/haimacstore","+62 851-7215-8735","Toko Komputer",,,,,,,,,,"https://www.google.com/maps/search/?api=1&query=Haimac%20Store&query_place_id=ChIJl0vCmGLnaC4RfI3BVgcjV9Y","Toko Komputer"
"Apotek Hosanna Ujung Berung","4.2","145","Jl AH Nasution 301 Sindanglaya Ujung berung","Kota Bandung","Jawa Barat","ID",,"+62 813-1322-6936","Apotek",,,,,,,,,,"https://www.google.com/maps/search/?api=1&query=Apotek%20Hosanna%20Ujung%20Berung&query_place_id=ChIJ_0_c92fdaC4RoSthcQ2CKA4","Apotek"
"bengkel mobil TRIGUNA 24jam bandung","4.9","8","Jl. Cikutra No.320","Kota Bandung","Jawa Barat","ID",,"+62 838-4206-5329","Bengkel Mobil",,,,,,,,,,"https://www.google.com/maps/search/?api=1&query=bengkel%20mobil%20TRIGUNA%2024jam%20bandung&query_place_id=ChIJQbl2KC43lSMRt9i82JhZjFE","Bengkel Mobil"
"Bengkel Mobil Nalaktak-Injection | Spesialis Berbagai Jenis Mobil","4.6","21","Jl. Cikutra No.203","Kota Bandung","Jawa Barat","ID","https://nalaktak-injection.com/","+62 812-8088-4428","Bengkel Mobil","Bengkel Kelistrikan Mobil","Bengkel Mesin Diesel",,,,,,,,"https://www.google.com/maps/search/?api=1&query=Bengkel%20Mobil%20Nalaktak-Injection%20%7C%20Spesialis%20Berbagai%20Jenis%20Mobil&query_place_id=ChIJfygHHhjnaC4Rxa2ahGN27FM","Bengkel Mobil"
"Apotek Terang Sejahtera","4.7","19","Jl. AH. Nasution Jalan Ujungberung No.106A, RT.02/RW02","Kota Bandung","Jawa Barat","ID","https://instagram.com/apotekterangsejahtera_?igshid=YmMyMTA2M2Y=","+62 895-3264-44164","Apotek",,,,,,,,,,"https://www.google.com/maps/search/?api=1&query=Apotek%20Terang%20Sejahtera&query_place_id=ChIJN6npONrdaC4RaDSddY-MEho","Apotek"
"Apotek Shafiya Zahra","5","80","Jl. Lahan Jati No.9","Kabupaten Bandung","Jawa Barat","ID",,"+62 812-8741-1641","Apotek",,,,,,,,,,"https://www.google.com/maps/search/?api=1&query=Apotek%20Shafiya%20Zahra&query_place_id=ChIJ_Uqo4ajdaC4RJ2GXsYDeyN0","Apotek"
"Bengkel Mobil Ditra AutoCare","3.8","118","Jl. Cikutra Jl. Asrama GUPUSMU I No.201","Kota Bandung","Jawa Barat","ID",,"+62 851-0055-9362","Bengkel Mobil",,,,,,,,,,"https://www.google.com/maps/search/?api=1&query=Bengkel%20Mobil%20Ditra%20AutoCare&query_place_id=ChIJq2jZn6PnaC4RRpXkG2Y5rkQ","Bengkel Mobil"
"montir mobil panggilan bandung","5","2","Jl. Neglasari","Kota Bandung","Jawa Barat","ID",,"+62 856-2163-233","Bengkel Mobil",,,,,,,,,,"https://www.google.com/maps/search/?api=1&query=montir%20mobil%20panggilan%20bandung&query_place_id=ChIJu4RSCbzvaC4RpRK9U1c1L74","Bengkel Mobil"
"Dace Auto Service","4.8","45","Jl. Cihampelas No.195","Kota Bandung","Jawa Barat","ID",,"+62 878-8832-9995","Bengkel Mobil",,,,,,,,,,"https://www.google.com/maps/search/?api=1&query=Dace%20Auto%20Service&query_place_id=ChIJUbA-ZDfnaC4RJUxD2kNuQCs","Bengkel Mobil"
"UNYIL PINTU bandung","4.9","1358","Jalan A yani.794, Jl. A. Yani No.794","Kota Bandung","Jawa Barat","ID",,"+62 813-8061-566","Bengkel Mobil",,,,,,,,,,"https://www.google.com/maps/search/?api=1&query=UNYIL%20PINTU%20bandung&query_place_id=ChIJKzKbisLnaC4RLtTODDWe8cE","Bengkel Mobil"
"Distributor British Propolis Bandung","5","1","3MXJ+RMV, Jl. Moch Syahri","Kota Bandung","Jawa Barat","ID",,"","Apotek",,,,,,,,,,"https://www.google.com/maps/search/?api=1&query=Distributor%20British%20Propolis%20Bandung&query_place_id=ChIJMd3OR8_daC4RsQty90dCMZQ","Apotek"
"Bengkel panggilan mobil dan motor kota bandung jawa barat","4.9","192","jln","Kota Bandung","Jawa Barat","ID","http://www.montirmotordanmobil24jam.com/","+62 895-2688-3592","Montir",,,,,,,,,,"https://www.google.com/maps/search/?api=1&query=Bengkel%20panggilan%20mobil%20dan%20motor%20kota%20bandung%20jawa%20barat&query_place_id=ChIJ9_EW3A7naC4Rc77C96DdQ6Y","Montir"
"Apotek Mustika Farma","4.1","14","Ruko Suci Residence, Jl. Padasuka Kav. 8 / A6","Kota Bandung","Jawa Barat","ID",,"+62 22 7217131","Apotek",,,,,,,,,,"https://www.google.com/maps/search/?api=1&query=Apotek%20Mustika%20Farma&query_place_id=ChIJsQ2sq5HnaC4RK5kGCvAkjrY","Apotek"
"Apotek Sis Farma","5","37","Jl. AH. Nasution No.171","Kota Bandung","Jawa Barat","ID",,"","Apotek",,,,,,,,,,"https://www.google.com/maps/search/?api=1&query=Apotek%20Sis%20Farma&query_place_id=ChIJO2HfKADdaC4RMI57GqzhXMA","Apotek"
"Apotek Prabu Jaya Farma","5","3","Jl. Pasir Impun No.133","Kota Bandung","Jawa Barat","ID",,"+62 811-2233-640","Apotek",,,,,,,,,,"https://www.google.com/maps/search/?api=1&query=Apotek%20Prabu%20Jaya%20Farma&query_place_id=ChIJYRIB_HrdaC4RcWoJ4nsPMek","Apotek"
"Sinar Mulia Motor","4.5","92","Jl. Ir. H. Juanda No.331 A","Kota Bandung","Jawa Barat","ID",,"+62 22 2534024","Bengkel Mobil",,,,,,,,,,"https://www.google.com/maps/search/?api=1&query=Sinar%20Mulia%20Motor&query_place_id=ChIJKdlSKePmaC4Rf50g_eC--so","Bengkel Mobil"
"Apotek Saka Farma Bandung","5","2","Jl. Arcamanik No.8","Kota Bandung","Jawa Barat","ID",,"+62 882-2216-6174","Apotek",,,,,,,,,,"https://www.google.com/maps/search/?api=1&query=Apotek%20Saka%20Farma%20Bandung&query_place_id=ChIJ71FUBADdaC4RUhWizroGMBk","Apotek"
"Bandung IT Dago","4.5","207","Jl. Dago Atas Bengkok No.1, RT.01/RW.01","Kota Bandung","Jawa Barat","ID","https://bandungit.com/","+62 878-2000-5633","Servis Komputer","Toko Komputer","Layanan dan Dukungan Komputer","Jasa Reparasi Printer",,,,,,,"https://www.google.com/maps/search/?api=1&query=Bandung%20IT%20Dago&query_place_id=ChIJ7bly8SDnaC4RqjEB_eDzLVI","Servis Komputer"
"Apotek Mentari Sehat","4.2","26","Jl. Pasir Impun No.1","Kota Bandung","Jawa Barat","ID",,"+62 22 70974400","Apotek","Grosir",,,,,,,,,"https://www.google.com/maps/search/?api=1&query=Apotek%20Mentari%20Sehat&query_place_id=ChIJl3MSvWbdaC4R4EiiSkWCDE8","Apotek"
"TRIPLE_A (Service and Upgrade Laptop, Computer, Software, Hardware)","4.7","33",,"Kota Bandung","Jawa Barat","ID","http://www.scrathcamp.blogspot.com/","+62 813-1311-4513","Servis Komputer","Pusat jaringan komputer","Jasa Reparasi Komputer","Toko Komputer","Layanan Pemasaran Internet",,,,,,"https://www.google.com/maps/search/?api=1&query=TRIPLE_A%20(Service%20and%20Upgrade%20Laptop%2C%20Computer%2C%20Software%2C%20Hardware)&query_place_id=ChIJX135uaznaC4R_YHv5CjXQSI","Servis Komputer"
"Apotek Sindangjaya",,,"Jalan Komplek Permata Sindang Laya.RT04/03, Jl. Arcamanik No.96A","Kota Bandung","Jawa Barat","ID",,"","Apotek",,,,,,,,,,"https://www.google.com/maps/search/?api=1&query=Apotek%20Sindangjaya&query_place_id=ChIJ48xsMwDdaC4R057smgRfjNY","Apotek"
"Yosiko Stationery Baltos","4.8","12","Balubur Town Square, Jl. Tamansari No.2 Lantai D","Kota Bandung","Jawa Barat","ID",,"","Toko Komputer",,,,,,,,,,"https://www.google.com/maps/search/?api=1&query=Yosiko%20Stationery%20Baltos&query_place_id=ChIJL1YKaUXmaC4RYI7vQZBnpVQ","Toko Komputer"
"Jual Beli Laptop Ipad Bekas - Jendela Cahaya Store","5","1","Jl. Jatihandap Timur No.22, RT.05/RW.09","Kota Bandung","Jawa Barat","ID",,"+62 895-3316-64269","Toko Komputer Bekas",,,,,,,,,,"https://www.google.com/maps/search/?api=1&query=Jual%20Beli%20Laptop%20Ipad%20Bekas%20-%20Jendela%20Cahaya%20Store&query_place_id=ChIJraBmhBTnaC4Rj2FmOZzXBcs","Toko Komputer Bekas"
"Gen-Store Notebook","5","3","Jl. Abah Sastra No.21","Kota Bandung","Jawa Barat","ID","https://tokopedia.com/genstorenotebook","+62 898-2505-777","Toko Komputer",,,,,,,,,,"https://www.google.com/maps/search/?api=1&query=Gen-Store%20Notebook&query_place_id=ChIJA2COrFrnaC4RGulvIsp3RGc","Toko Komputer"
"Bengkel mobil panggilan bandung 24 jam (RJ AUTO CAR)","4.8","74","Jl.djunjunan No.154","Kota Bandung","Jawa Barat","ID","https://maps.app.goo.gl/iJeGbrikSY9tmyor6?g_st=aw","+62 895-3958-64950","Bengkel Mobil",,,,,,,,,,"https://www.google.com/maps/search/?api=1&query=Bengkel%20mobil%20panggilan%20bandung%2024%20jam%20(RJ%20AUTO%20CAR)&query_place_id=ChIJtWtMRg3naC4RBWqL6nJ8Uec","Bengkel Mobil"
"Jasa Instalasi Linux | Server | Windows by Fadli",,,"40193 Jl. Jatihandap Timur, RT.01/RW.10","Kota Bandung","Jawa Barat","ID",,"+62 831-2859-9597","Toko Software Komputer",,,,,,,,,,"https://www.google.com/maps/search/?api=1&query=Jasa%20Instalasi%20Linux%20%7C%20Server%20%7C%20Windows%20by%20Fadli&query_place_id=ChIJx2x5H3nnaC4RfL4vSdEDaO4","Toko Software Komputer"
"Arya auto service bengkel mobil 24 jam","5","39","Jl. Sekeloa Tengah No.1, RT.001/RW.04","Kota Bandung","Jawa Barat","ID",,"+62 838-4445-8388","Bengkel Mobil",,,,,,,,,,"https://www.google.com/maps/search/?api=1&query=Arya%20auto%20service%20bengkel%20mobil%2024%20jam&query_place_id=ChIJpfvdBCfnaC4RElGFun0bKJE","Bengkel Mobil"
"KLIKNKLIK BEC BARU","4.6","643","Istana BEC BARU, Jl. Purnawarman No.13-15 Lantai 1 Blok W1","Kota Bandung","Jawa Barat","ID","http://tokopedia.com/becbaru","+62 22 86012768","Toko Komputer","Toko Elektronik",,,,,,,,,"https://www.google.com/maps/search/?api=1&query=KLIKNKLIK%20BEC%20BARU&query_place_id=ChIJH8Y473rnaC4Rv9mcc9xD6pU","Toko Komputer"
"Apotek karya farma","4.5","6","Jl. Padasuka No.68","Kota Bandung","Jawa Barat","ID",,"+62 877-8944-9816","Apotek",,,,,,,,,,"https://www.google.com/maps/search/?api=1&query=Apotek%20karya%20farma&query_place_id=ChIJXxWqU5DnaC4RS9QN-lRwjCg","Apotek"
"Centra Computer Bandung","4.8","936","Jl. Haur Pancuh No.78","Kota Bandung","Jawa Barat","ID","http://www.centracomputer.com/","+62 898-7817-728","Toko Komputer","Tempat penyewaan alat elektronik","Toko Elektronik","Toko Barang Bekas","Toko Komputer Bekas",,,,,,"https://www.google.com/maps/search/?api=1&query=Centra%20Computer%20Bandung&query_place_id=ChIJjT_9b1PmaC4RJvzs7BAYDc8","Toko Komputer"
"Apotek SASAK LEMAH","4.5","2","Jalan Gadog No.15","Kota Bandung","Jawa Barat","ID",,"+62 812-1468-0244","Dokter",,,,,,,,,,"https://www.google.com/maps/search/?api=1&query=Apotek%20SASAK%20LEMAH&query_place_id=ChIJ4YlndQPdaC4RbpCB53jR4L0","Dokter"
"WTEC KOMPUTER","5","4","Jl. Pasir Impun No.51, RT.3/RW.11","Bandung Kota","Jawa Barat","ID",,"+62 815-6464-7229","Toko Komputer",,,,,,,,,,"https://www.google.com/maps/search/?api=1&query=WTEC%20KOMPUTER&query_place_id=ChIJQaVOxVfjaC4RT_pYkTBqdv0","Toko Komputer"
"Bandung Komputer Mall","4.4","328","Jl. A. Yani","Kota Bandung","Jawa Barat","ID",,"+62 819-3600-8019","Toko Komputer",,,,,,,,,,"https://www.google.com/maps/search/?api=1&query=Bandung%20Komputer%20Mall&query_place_id=ChIJf2HhD9LnaC4RZAeQYTCGus8","Toko Komputer"
"Centra Computer titiran","4.8","246","Jl. Titiran No.10","Kota Bandung","Jawa Barat","ID","https://web.facebook.com/titiran.servicelaptopterbaikdibandung","+62 878-1200-1104","Toko Komputer","Jasa Reparasi Komputer","Servis Komputer","Tempat penyewaan alat elektronik","Toko Elektronik","Toko Barang Bekas",,,,,"https://www.google.com/maps/search/?api=1&query=Centra%20Computer%20titiran&query_place_id=ChIJiWt04xHnaC4RzU9XAUN-Yf8","Toko Komputer"
"Apotek Romeesa","4.4","49","Jalan Padasuka. 131, Ruko No.1, RT.03/RW.04","Kota Bandung","Jawa Barat","ID",,"+62 22 87274989","Apotek",,,,,,,,,,"https://www.google.com/maps/search/?api=1&query=Apotek%20Romeesa&query_place_id=ChIJZ_UHu5rnaC4R4MX339md2AM","Apotek"
"Jam Azan TV",,,"Komplek BCV 2, Ruko No.R5","Kota Bandung","Jawa Barat","ID","https://wa.me/6289533835586","+62 895-3348-35586","Toko Software Komputer",,,,,,,,,,"https://www.google.com/maps/search/?api=1&query=Jam%20Azan%20TV&query_place_id=ChIJH5O6ljrdaC4RY0aqfCp4GWM","Toko Software Komputer"
"APOTEK CITY FARMA 1","3.5","4","Jl. Sukaasih IV No.22","Kota Bandung","Jawa Barat","ID",,"","Apotek",,,,,,,,,,"https://www.google.com/maps/search/?api=1&query=APOTEK%20CITY%20FARMA%201&query_place_id=ChIJWXXU8WndaC4RYEkULOcFatw","Apotek"
"Villa Pasirwangi D. 11, Pasirwangi Ujung Berung Bandung","5","1","Jl. Villa Pasir Wangi","Kota Bandung","Jawa Barat","ID",,"+62 899-8916-044","Apotek",,,,,,,,,,"https://www.google.com/maps/search/?api=1&query=Villa%20Pasirwangi%20D.%2011%2C%20Pasirwangi%20Ujung%20Berung%20Bandung&query_place_id=ChIJed-xA3DdaC4RShcoC9PFgD8","Apotek"
"RRR Laptop & Komputer","4.8","9","Jl. Sekepeer Gg.Bpk Soma","Kota Bandung","Jawa Barat","ID",,"+62 812-2122-3151","Toko Komputer",,,,,,,,,,"https://www.google.com/maps/search/?api=1&query=RRR%20Laptop%20%26%20Komputer&query_place_id=ChIJgzX7I7PdaC4RskLFgi45pyA","Toko Komputer"
"Nawilis Ban Dago Bandung","5","265","Jl. Ir. H. Juanda No.191","Kota Bandung","Jawa Barat","ID","https://www.nawilis.com/","+62 22 63179030","Bengkel Mobil",,,,,,,,,,"https://www.google.com/maps/search/?api=1&query=Nawilis%20Ban%20Dago%20Bandung&query_place_id=ChIJ-UdLaADnaC4Rs2LSOyhCF3s","Bengkel Mobil"
"Apotek Rayla","4.1","34","Jl. Jatihandap No.24","Kota Bandung","Jawa Barat","ID",,"+62 895-1412-1471","Apotek",,,,,,,,,,"https://www.google.com/maps/search/?api=1&query=Apotek%20Rayla&query_place_id=ChIJZW-AP5jnaC4RdVdSzzfLI50","Apotek"
"Importir Laptop","4.8","2373","Ruko Hotel Neo, Jl. Dipati Ukur No.72D","Kota Bandung","Jawa Barat","ID","https://importirlaptop.id/","+62 877-7722-0808","Toko Komputer",,,,,,,,,,"https://www.google.com/maps/search/?api=1&query=Importir%20Laptop&query_place_id=ChIJGakn-5nnaC4Rk5zrvyZ7nDs","Toko Komputer"
"Apotek Pasirwangi","4.5","106","3PW3+VWR, Jalan Cagak Jl. Cinangka No.85","Kota Bandung","Jawa Barat","ID","https://www.tokopedia.com/aptpasirwangicilengkrang","+62 22 87885365","Apotek",,,,,,,,,,"https://www.google.com/maps/search/?api=1&query=Apotek%20Pasirwangi&query_place_id=ChIJa37yIxjdaC4Rzmsl9Z_efaY","Apotek"
"APOTEK TRENDS MEDIKA","4.4","9","Ruko grand panoramic no, Jl. Pasir Impun No.39 kav R3","Kota Bandung","Jawa Barat","ID",,"+62 812-8688-0930","Apotek",,,,,,,,,,"https://www.google.com/maps/search/?api=1&query=APOTEK%20TRENDS%20MEDIKA&query_place_id=ChIJu8jT-ErdaC4R5yaedf2tDBM","Apotek"
"Djaloe home",,,"Jl. Cikadut No.252, RT.06/RW.02","Kota Bandung","Jawa Barat","ID",,"","Toko Komputer",,,,,,,,,,"https://www.google.com/maps/search/?api=1&query=Djaloe%20home&query_place_id=ChIJLSC-GADdaC4R0didYJW4irE","Toko Komputer"
"Toko Linggar Jaya 1","4.4","534","Posisi toko ada disebelah kiri, jalan raya","Kota Bandung","Jawa Barat","ID","https://www.tokopedia.com/linggarjaya1","+62 813-8003-0513","Toko Elektronik",,,,,,,,,,"https://www.google.com/maps/search/?api=1&query=Toko%20Linggar%20Jaya%201&query_place_id=ChIJ39bCScHnaC4RXUApARZ7ktI","Toko Elektronik"
"Yonk Jaya Motor","4.4","1021","Jl. A. Yani No.358","Kota Bandung","Jawa Barat","ID","https://wa.me/+6282219909925","+62 822-1990-9925","Toko Suku Cadang Motor",,,,,,,,,,"https://www.google.com/maps/search/?api=1&query=Yonk%20Jaya%20Motor&query_place_id=ChIJtQjYpJTnaC4RPfOiDKpLUeU","Toko Suku Cadang Motor"
"KISWAH COMPUTER ACCESORIES","4.5","2","depan sd, Jtihandap, Jl. Jatihandap Jl. Tanjakan No.175, RT.06/RW.10","Kota Bandung","Jawa Barat","ID",,"+62 896-7047-6369","Toko Komputer","Toko Aksesori Komputer","Servis Komputer",,,,,,,,"https://www.google.com/maps/search/?api=1&query=KISWAH%20COMPUTER%20ACCESORIES&query_place_id=ChIJ7efIEdLnaC4R96g6JgZkgSc","Toko Komputer"
"PELABUHAN PT pelindo",,,"4M48+64X, Jl. Teratai","Kota Bandung","Jawa Barat","ID",,"","Toko Komputer",,,,,,,,,,"https://www.google.com/maps/search/?api=1&query=PELABUHAN%20PT%20pelindo&query_place_id=ChIJ0cQWTwDnaC4R902xqKOUaVY","Toko Komputer"
"Apotek K-24 Cijambe Bandung","4.5","89","Jl. Cijambe No.25","Kota Bandung","Jawa Barat","ID","https://www.apotek-k24.com/location/detail/995/K24-CIJAMBE","+62 811-2288-1987","Apotek",,,,,,,,,,"https://www.google.com/maps/search/?api=1&query=Apotek%20K-24%20Cijambe%20Bandung&query_place_id=ChIJPULoCT3daC4RJfspk-iz2Yg","Apotek"
"Frigus Gadget & Computer (Jual & Service Laptop Handphone Gadget PC Bandung)","5","174","Jl. Prof. drg. Soeria Soemantri No.54","Kota Bandung","Jawa Barat","ID","http://instagram.com/frigusgadget","+62 851-7417-4001","Servis Komputer","Toko Elektronik",,,,,,,,,"https://www.google.com/maps/search/?api=1&query=Frigus%20Gadget%20%26%20Computer%20(Jual%20%26%20Service%20Laptop%20Handphone%20Gadget%20PC%20Bandung)&query_place_id=ChIJma4rjPznaC4RWN-l-zhUaXc","Servis Komputer"
"Blitz Komputer",,,"Jl. Bungursari VII No.18","Kota Bandung","Jawa Barat","ID",,"+62 812-2445-5060","Toko Komputer",,,,,,,,,,"https://www.google.com/maps/search/?api=1&query=Blitz%20Komputer&query_place_id=ChIJBUBvAwjnaC4Rc4M0XQXKVfk","Toko Komputer"
"Apotek Jaya Sentosa","4.2","265","Jl. Sunda No.75","Kota Bandung","Jawa Barat","ID",,"+62 812-2255-9898","Apotek",,,,,,,,,,"https://www.google.com/maps/search/?api=1&query=Apotek%20Jaya%20Sentosa&query_place_id=ChIJUy_9hC3maC4RMicN4lWTBLk","Apotek"
"Kacapiring Komputer (Pusat Penjualan Sparepart Laptop , Service Laptop ,dan komputer Bandung)","4.5","205","Jl. Cikudapateuh Dalam No.10","Kota Bandung","Jawa Barat","ID","https://www.instagram.com/kacapiring_komputer/","+62 815-1122-7767","Toko Komputer","Jasa Reparasi Komputer","Servis Komputer",,,,,,,,"https://www.google.com/maps/search/?api=1&query=Kacapiring%20Komputer%20(Pusat%20Penjualan%20Sparepart%20Laptop%20%2C%20Service%20Laptop%20%2Cdan%20komputer%20Bandung)&query_place_id=ChIJRRyS-tHnaC4RB-3qu2ayQs4","Toko Komputer"
"Laswi Apotek","3.8","48","Jl. Laswi No.1J","Kota Bandung","Jawa Barat","ID","https://www.apotek-k24.com/","+62 22 20509863","Apotek",,,,,,,,,,"https://www.google.com/maps/search/?api=1&query=Laswi%20Apotek&query_place_id=ChIJg2DZQaTnaC4RrbX66b-bACY","Apotek"
"Auto Brilliant Body & Paint","4.7","241","Jl. Cisaranten Kulon No.177","Kota Bandung","Jawa Barat","ID",,"+62 22 63750171","Bengkel Perbaikan Bodi Mobil",,,,,,,,,,"https://www.google.com/maps/search/?api=1&query=Auto%20Brilliant%20Body%20%26%20Paint&query_place_id=ChIJIz8fBEPoaC4RegpNLzLWmGI","Bengkel Perbaikan Bodi Mobil"
"CV.itech Computer Bandung","4.3","82","Jl. Babakan Sari No.1 No.184, RT.04/RW.14","Kota Bandung","Jawa Barat","ID",,"+62 821-2179-2179","Toko Komputer",,,,,,,,,,"https://www.google.com/maps/search/?api=1&query=CV.itech%20Computer%20Bandung&query_place_id=ChIJ87MUwTHpaC4RUJs9ppMIo7g","Toko Komputer"
"Service Laptop Bandung (GawaiKita)","4.9","1414","Jalan traktor 123 dekat cicukang belakang kantor PU ujung berung","Kota Bandung","Jawa Barat","ID","https://gawaikita.com/","+62 811-2221-201","Toko Komputer","Servis Komputer","Layanan reparasi",,,,,,,,"https://www.google.com/maps/search/?api=1&query=Service%20Laptop%20Bandung%20(GawaiKita)&query_place_id=ChIJKawQGtLnaC4RiL_SvWUHAlc","Toko Komputer"
"Nano Ceramic Coating - Kaca Film Mobil - Peredam Mobil - Branding Mobil - PPF Motor - PPF Mobil - Salon Mobil","5","101","Jl. Terusan Jakarta No.360 Ruko Puri Dago Arcamanik","Kota Bandung","Jawa Barat","ID","https://srworkshop.id/","+62 812-8837-7612","Toko Aksesori Mobil","Jasa Pemasangan Kaca Film",,,,,,,,,"https://www.google.com/maps/search/?api=1&query=Nano%20Ceramic%20Coating%20-%20Kaca%20Film%20Mobil%20-%20Peredam%20Mobil%20-%20Branding%20Mobil%20-%20PPF%20Motor%20-%20PPF%20Mobil%20-%20Salon%20Mobil&query_place_id=ChIJn3J7YybdaC4RQGZvxmrfyCA","Toko Aksesori Mobil"
"Samudera Komputer","4.1","51","Jl. Cijambe No.1","Kota Bandung","Jawa Barat","ID",,"+62 852-8221-1302","Toko Komputer",,,,,,,,,,"https://www.google.com/maps/search/?api=1&query=Samudera%20Komputer&query_place_id=ChIJ9y62LkfdaC4RoQDhXkZOTPk","Toko Komputer"
"ZaenalServisindo","5","2","Gg. III No.54, RT.02/RW.06","Kota Bandung","Jawa Barat","ID",,"+62 22 45727289","Toko","Toko Komputer",,,,,,,,,"https://www.google.com/maps/search/?api=1&query=ZaenalServisindo&query_place_id=ChIJhxCP35PnaC4RXaFPiTOFBUI","Toko"
"Apotek Kimia Farma Cibaduyut","4.7","112","Jl. Cibaduyut No.69 Blok C","Kota Bandung","Jawa Barat","ID","http://kimiafarmaapotek.co.id/","+62 811-2157-661","Apotek",,,,,,,,,,"https://www.google.com/maps/search/?api=1&query=Apotek%20Kimia%20Farma%20Cibaduyut&query_place_id=ChIJwbYTyNzoaC4RNQEChhQqbjc","Apotek"
"Planet Center Apotek","3.8","25","Jl. Suniaraja Jl. Dulatip No.Ruko Kavling A5","Kota Bandung","Jawa Barat","ID",,"","Apotek",,,,,,,,,,"https://www.google.com/maps/search/?api=1&query=Planet%20Center%20Apotek&query_place_id=ChIJ93RgPjvmaC4Rd7DeXXHd_Fg","Apotek"
"Apotek Meteor","4.8","15","Jl. Meteor Tengah IV No.124","Kota Bandung","Jawa Barat","ID",,"","Apotek",,,,,,,,,,"https://www.google.com/maps/search/?api=1&query=Apotek%20Meteor&query_place_id=ChIJ9aoJ2CLoaC4RCFrbCA50ztY","Apotek"
"Dcs Komputer","4.6","77","Jl. AH. Nasution No.80","Kota Bandung","Jawa Barat","ID","https://linktr.ee/Dcs_Komputer","+62 852-2138-8010","Grosir komputer","Toko Aksesori Komputer","Pabrikan perangkat keras komputer","Pusat jaringan komputer","Jasa Reparasi Komputer","Servis Komputer","Toko Software Komputer","Toko Komputer","Layanan dan Dukungan Komputer","Toko Komputer Bekas","https://www.google.com/maps/search/?api=1&query=Dcs%20Komputer&query_place_id=ChIJtflbNDjdaC4RdTq_kmfk5ms","Grosir komputer"
"Apotek Metro","4.7","77","Jl. Soekarno-Hatta No.634","Kota Bandung","Jawa Barat","ID",,"+62 812-8888-0634","Apotek",,,,,,,,,,"https://www.google.com/maps/search/?api=1&query=Apotek%20Metro&query_place_id=ChIJbxznpR3oaC4Rj4Wi3f0FzcE","Apotek"
"Apotek Baladewa Farma 6","5","26","Jl. Melong Asih No.46","Kota Bandung","Jawa Barat","ID",,"+62 822-6140-1168","Apotek",,,,,,,,,,"https://www.google.com/maps/search/?api=1&query=Apotek%20Baladewa%20Farma%206&query_place_id=ChIJuwL-ElDlaC4Rq5UiQeI26sM","Apotek"
"Radhiz Multiverse","5","27","Jl. Sukaasih Raya No.26, RT.001/RW.007","Kota Bandung","Jawa Barat","ID","https://linktr.ee/radhiz.multiverse","+62 821-2845-9688","Toko Komputer","Pemasok Pakaian","Toko Biskuit","Toko Kesehatan dan Kecantikan","Toko Hobi","Toko Sepeda Motor","Perusahaan Manajemen Properti",,,,"https://www.google.com/maps/search/?api=1&query=Radhiz%20Multiverse&query_place_id=ChIJlbpw2k_paC4RVvucXzjSTiE","Toko Komputer"
"Apotek Griya Farma","3.8","28","Ruko Riung Saluyu, Jl. Riung Bandung Raya Jl. Gedebage Selatan No.IV","Kota Bandung","Jawa Barat","ID","https://apotekgriyafarma.com/outlet/","+62 22 7506407","Apotek",,,,,,,,,,"https://www.google.com/maps/search/?api=1&query=Apotek%20Griya%20Farma&query_place_id=ChIJNxMRGZfCaC4RqVdQjwHlpBY","Apotek"
"Apotek kurnia farma sehat II","4.7","91","Jl. Sanggar Kencana Utama No.1a, RT.02/RW.09","Kota Bandung","Jawa Barat","ID",,"+62 821-1874-8740","Apotek",,,,,,,,,,"https://www.google.com/maps/search/?api=1&query=Apotek%20kurnia%20farma%20sehat%20II&query_place_id=ChIJ3TYeXtDpaC4Rx9m9V8CZcIA","Apotek"
"Apotek Karunia Farma","4.3","21","Jl. Purwakarta No.186","Kota Bandung","Jawa Barat","ID",,"+62 22 7206823","Apotek",,,,,,,,,,"https://www.google.com/maps/search/?api=1&query=Apotek%20Karunia%20Farma&query_place_id=ChIJxe859fznaC4RdJKMBncjpBE","Apotek"
"Apotek Al Ma'soem ""C""","5","3","Jl. AH. Nasution No.124","Kota Bandung","Jawa Barat","ID",,"","Apotek",,,,,,,,,,"https://www.google.com/maps/search/?api=1&query=Apotek%20Al%20Ma'soem%20%22C%22&query_place_id=ChIJN_sR4yfDaC4R_YO5hH0OP4U","Apotek"
"MTeg Speed Matic","4.8","45","Jl. Hajah Juariah No.27, RT.04/RW.01","Kota Bandung","Jawa Barat","ID",,"+62 813-2203-3455","Bengkel Sepeda Motor",,,,,,,,,,"https://www.google.com/maps/search/?api=1&query=MTeg%20Speed%20Matic&query_place_id=ChIJB0BWcs7laC4RUpFG9_UGdNg","Bengkel Sepeda Motor"
"Heinzy Komputer (PC Rakitan Bandung)","4.9","166","Bandung trade mall lantai GF Blok A1 No.9","Kota Bandung","Jawa Barat","ID","https://www.bandungkomputer.com/","+62 812-2704-0777","Toko Komputer",,,,,,,,,,"https://www.google.com/maps/search/?api=1&query=Heinzy%20Komputer%20(PC%20Rakitan%20Bandung)&query_place_id=ChIJJ_rqH8LnaC4RDVkgGf8STos","Toko Komputer"
"Gurah mesin, bengkel mobil","5","2","Jl. Cidurian Utara No.30","Kota Bandung","Jawa Barat","ID","http://www.montirroso.com/","+62 859-5663-4629","Bengkel Mobil",,,,,,,,,,"https://www.google.com/maps/search/?api=1&query=Gurah%20mesin%2C%20bengkel%20mobil&query_place_id=ChIJq8vW1NbpaC4RXiCMBWLw8nI","Bengkel Mobil"
"Persada Computer Bandung","4.6","107","Bandung Trade Mall Jalan Ibrahim Adjie 47, Lantai 2 Blok EE no 5 Kiara condong , Kec","Kota Bandung","Jawa Barat","ID","https://persadateknologi.com/","+62 895-1221-2832","Toko Komputer",,,,,,,,,,"https://www.google.com/maps/search/?api=1&query=Persada%20Computer%20Bandung&query_place_id=ChIJAecqIMDnaC4RPlm-Q62VEJI","Toko Komputer"
"Mekar Harapan Elektronik - Pasar Cikapundung Lt.ll Blok N.9","4.7","15","Ps. Cikapundung Elektrik Center, Jl. ABC B No.16","Kota Bandung","Jawa Barat","ID","http://mekarharapan.com/","+62 812-2373-6828","Toko Elektronik",,,,,,,,,,"https://www.google.com/maps/search/?api=1&query=Mekar%20Harapan%20Elektronik%20-%20Pasar%20Cikapundung%20Lt.ll%20Blok%20N.9&query_place_id=ChIJX130aiXmaC4RM6CUKDVvXds","Toko Elektronik"
"ELEVENBYTE STORE","4.8","4","Gg. Babakan Hegar No.29, RT.03/RW.03","Kota Bandung","Jawa Barat","ID",,"+62 812-1459-0022","Toko Komputer",,,,,,,,,,"https://www.google.com/maps/search/?api=1&query=ELEVENBYTE%20STORE&query_place_id=ChIJ-yb4ihrlaC4RIB6SiEGgkFk","Toko Komputer"
"Bengkel Mobil Cahaya Cemerlang","4","30","Jl. AH. Nasution No.14","Kota Bandung","Jawa Barat","ID",,"+62 813-1956-7096","Bengkel Mobil","Tempat Pencucian Mobil",,,,,,,,,"https://www.google.com/maps/search/?api=1&query=Bengkel%20Mobil%20Cahaya%20Cemerlang&query_place_id=ChIJSx-DVdPCaC4RVHVNKasYt1M","Bengkel Mobil"
"Apotek SBS Farma Mekarwangi","4.4","83","Jl. Mekar Utama No.1 M, RT.002/RW.006","Kota Bandung","Jawa Barat","ID","http://pt-sbs.net/home","+62 853-5127-6705","Apotek",,,,,,,,,,"https://www.google.com/maps/search/?api=1&query=Apotek%20SBS%20Farma%20Mekarwangi&query_place_id=ChIJ_d-EKgPpaC4RVvIRgEwFZ28","Apotek"
"Yasa Elektronik","4.9","20","Jl. Margacinta No.165","Kota Bandung","Jawa Barat","ID",,"+62 821-1506-5506","Toko Elektronik",,,,,,,,,,"https://www.google.com/maps/search/?api=1&query=Yasa%20Elektronik&query_place_id=ChIJaY8J6UboaC4RgAc-7nPxho0","Toko Elektronik"
"INFORMA ELECTRONICS IBCC BANDUNG","5","1366","Living plaza IBCC","Kota Bandung","Jawa Barat","ID","https://www.ruparupa.com/informastore/ms/informa-electronics","+62 815-1100-2000","Toko Elektronik","Pusat Perbelanjaan",,,,,,,,,"https://www.google.com/maps/search/?api=1&query=INFORMA%20ELECTRONICS%20IBCC%20BANDUNG&query_place_id=ChIJbcvEmG3naC4REfsxfpKF8JM","Toko Elektronik"
"Cibeunying Apotek",,,"Jl. Jend. Gatot Subroto No. 21 Burangrang Lengkong Bandung Jawa Barat","Kota Bandung","Jawa Barat","ID",,"+62 22 7312224","Apotek",,,,,,,,,,"https://www.google.com/maps/search/?api=1&query=Cibeunying%20Apotek&query_place_id=ChIJ5XTisirmaC4Rp9llfvk0NXs","Apotek"
"Bintang Agung Elektronic","4.5","49","Jl. A. Yani No.463","Kota Bandung","Jawa Barat","ID",,"+62 22 7278843","Toko Elektronik",,,,,,,,,,"https://www.google.com/maps/search/?api=1&query=Bintang%20Agung%20Elektronic&query_place_id=ChIJvT3mN8HnaC4RcRYHGztQreI","Toko Elektronik"
"PT.Gallery Notebook Indonesia","4.8","24","Jl. Madani Regency No.B7","Kota Bandung","Jawa Barat","ID",,"+62 811-2001-307","Toko Elektronik",,,,,,,,,,"https://www.google.com/maps/search/?api=1&query=PT.Gallery%20Notebook%20Indonesia&query_place_id=ChIJ9WTPgMLnaC4Rml6wn_KnrRE","Toko Elektronik"
"Apotek Sehat Jaya","5","2","Jl. Gempol Asri Raya No.8","Kota Bandung","Jawa Barat","ID",,"","Apotek",,,,,,,,,,"https://www.google.com/maps/search/?api=1&query=Apotek%20Sehat%20Jaya&query_place_id=ChIJC_6k-ljvaC4RkzoZkI7rHrQ","Apotek"
"Top Electronic","5","2","Jl. Ir. H. Juanda No.216","Kota Bandung","Jawa Barat","ID","https://www.electronicsolution.co.id/","+62 22 2509130","Toko Elektronik",,,,,,,,,,"https://www.google.com/maps/search/?api=1&query=Top%20Electronic&query_place_id=ChIJOUMsIvnmaC4RaaD-0YI6qJE","Toko Elektronik"
"Veezee Computindo","4.5","11","Komplek Graha Pesona, Jl. Pesona II No.B15","Kota Bandung","Jawa Barat","ID","https://linktr.ee/veezeecomp","+62 822-2777-4317","Toko Komputer","Grosir komputer",,,,,,,,,"https://www.google.com/maps/search/?api=1&query=Veezee%20Computindo&query_place_id=ChIJtb1dpkbdaC4RQ5Bj8vYDLHk","Toko Komputer"
"Service Laptop Bandung Bisa Langsung Di Tunggu (8 Computer)","4.9","143","Jl. Soekarno-Hatta No.844","Kota Bandung","Jawa Barat","ID",,"+62 851-7310-0900","Servis Komputer","Toko Komputer",,,,,,,,,"https://www.google.com/maps/search/?api=1&query=Service%20Laptop%20Bandung%20Bisa%20Langsung%20Di%20Tunggu%20(8%20Computer)&query_place_id=ChIJ4y6scvTnaC4RnbYGehb3tv4","Servis Komputer"
"Apotek Kosambi","3.2","99","Jl. A. Yani No.172","Kota Bandung","Jawa Barat","ID",,"+62 813-2038-1688","Apotek",,,,,,,,,,"https://www.google.com/maps/search/?api=1&query=Apotek%20Kosambi&query_place_id=ChIJN60_J8TnaC4RH5kf6EdkkyU","Apotek"
"Liemos Computer","4.3","4","Jl. Tenis Meja No.26","Kota Bandung","Jawa Barat","ID",,"+62 877-2281-3737","Toko Komputer",,,,,,,,,,"https://www.google.com/maps/search/?api=1&query=Liemos%20Computer&query_place_id=ChIJI68WgU_daC4RGWTgWyy-lvA","Toko Komputer"
"Apotek Otista","4.5","16","Jl. Otto Iskandar Dinata No.511","Kota Bandung","Jawa Barat","ID",,"+62 22 5200213","Apotek",,,,,,,,,,"https://www.google.com/maps/search/?api=1&query=Apotek%20Otista&query_place_id=ChIJU9s3n57oaC4RNmXy7H5elA0","Apotek"
"Satyr Computer","4.9","49","Jl. Kembar Timur II No.6","Kota Bandung","Jawa Barat","ID",,"+62 812-2376-868","Toko Komputer",,,,,,,,,,"https://www.google.com/maps/search/?api=1&query=Satyr%20Computer&query_place_id=ChIJP4aa7cfpaC4R0MD0uZs_RZo","Toko Komputer"
"Apotek Baladewa Farma 5","4.3","32","Jl. AH. Nasution No.144","Kota Bandung","Jawa Barat","ID",,"+62 815-1164-4972","Apotek",,,,,,,,,,"https://www.google.com/maps/search/?api=1&query=Apotek%20Baladewa%20Farma%205&query_place_id=ChIJ3ftc2PrdaC4Riumj7dxgCtY","Apotek"
"Apotek Mega","4.9","55","Jl. Kuningan Raya No.93","Kota Bandung","Jawa Barat","ID",,"+62 895-1980-8002","Apotek",,,,,,,,,,"https://www.google.com/maps/search/?api=1&query=Apotek%20Mega&query_place_id=ChIJDXvtgfnnaC4RlzMfYrh1nWA","Apotek"
"Jaya Bandung Computer","4.8","25","Ruko Segitiga Mas Jln.A.Yani No 221-223 Blok C No.7, Komplek Segitiga Mas","Kota Bandung","Jawa Barat","ID",,"+62 851-0045-1877","Toko Komputer",,,,,,,,,,"https://www.google.com/maps/search/?api=1&query=Jaya%20Bandung%20Computer&query_place_id=ChIJtR7AGdLnaC4Rl8qqhKoKP4I","Toko Komputer"
"Grosir Elektronik123","4.5","486","3H6F+7P9","Kota Bandung","Jawa Barat","ID",,"+62 812-2200-0768","Toko Elektronik",,,,,,,,,,"https://www.google.com/maps/search/?api=1&query=Grosir%20Elektronik123&query_place_id=ChIJ4_-z5LbpaC4RSg47FiHNs3Q","Toko Elektronik"
"Apotek Rancabolang","4.8","21","DENIZ BUILDING, Jl. Rancabolang No.167","Kota Bandung","Jawa Barat","ID",,"+62 881-0221-07172","Apotek",,,,,,,,,,"https://www.google.com/maps/search/?api=1&query=Apotek%20Rancabolang&query_place_id=ChIJKW5WO2DpaC4RRG_x4xVUmiw","Apotek"
"Riva Computer","4.6","20","Jl. Buni Sari No.60","Kota Bandung","Jawa Barat","ID",,"+62 813-2220-5636","Toko Komputer",,,,,,,,,,"https://www.google.com/maps/search/?api=1&query=Riva%20Computer&query_place_id=ChIJGTnWvJnnaC4RTxGK3L9ZWI4","Toko Komputer"
"Berkat Jaya Electronic","5","340","Jl. Sudirman No.459","Kota Bandung","Jawa Barat","ID",,"+62 811-2048-485","Toko Elektronik",,,,,,,,,,"https://www.google.com/maps/search/?api=1&query=Berkat%20Jaya%20Electronic&query_place_id=ChIJDWq2hhrmaC4R3DyHox5W61E","Toko Elektronik"
"Electronic City Paskal 23","4.8","117","Paskal Hypersquare 23, Paskal Shopping Center, Jl. Pasir Kaliki No.25-27","Kota Bandung","Jawa Barat","ID","https://eci.id/","+62 1 500 032","Toko Elektronik",,,,,,,,,,"https://www.google.com/maps/search/?api=1&query=Electronic%20City%20Paskal%2023&query_place_id=ChIJ516R8PXnaC4RkVT5y23Sibc","Toko Elektronik"
"Bengkel spesialis AC mobil bandung timur","4.6","7","Jl. Cipamokolan Jl. Rancacili No.4","Kota Bandung","Jawa Barat","ID",,"+62 821-2432-0528","Bengkel AC",,,,,,,,,,"https://www.google.com/maps/search/?api=1&query=Bengkel%20spesialis%20AC%20mobil%20bandung%20timur&query_place_id=ChIJM7vTe1vDaC4RVq6drjzbynE","Bengkel AC"
"Apotek || cytotec bandung terpercaya || miso bandung || original ||","1","1","Jl. ABC No.21","Kota Bandung","Jawa Barat","ID",,"+62 895-4288-32901","Apotek",,,,,,,,,,"https://www.google.com/maps/search/?api=1&query=Apotek%20%7C%7C%20cytotec%20bandung%20terpercaya%20%7C%7C%20miso%20bandung%20%7C%7C%20original%20%7C%7C&query_place_id=ChIJnX3zuVTnaC4Ra0joez-ePcA","Apotek"
"AA Computer Bandung","5","178","Bandung Trade Mall, Jl. Ibrahim Adjie No.47","Kota Bandung","Jawa Barat","ID","https://sites.google.com/view/aa-computer-bandung/beranda","+62 896-6447-7562","Toko Komputer",,,,,,,,,,"https://www.google.com/maps/search/?api=1&query=AA%20Computer%20Bandung&query_place_id=ChIJy_6BLOLvaC4RYKbviJ8Kf48","Toko Komputer"
"Apotek & Praktek Dokter KK Medika","4.5","59","Jl. Ciwastra No.181","Kota Bandung","Jawa Barat","ID","https://r.grab.com/g/2-2-6-C4MXN7B2BBA2RA","+62 22 87510745","Apotek","Dokter Umum",,,,,,,,,"https://www.google.com/maps/search/?api=1&query=Apotek%20%26%20Praktek%20Dokter%20KK%20Medika&query_place_id=ChIJt3P8I9npaC4R9Su9AlAPkdU","Apotek"
"Spesialis Laptop Second Terbaik di Kota Bandung | Laptop Milenial Official | Good Quality - Amanah - Bergaransi","5","741","Gg. Samsi 1 No.11, RT.3/RW.3","Kota Bandung","Jawa Barat","ID","http://shopee.co.id/laptopmilenial","+62 811-2000-380","Toko Komputer","Toko Komputer Bekas",,,,,,,,,"https://www.google.com/maps/search/?api=1&query=Spesialis%20Laptop%20Second%20Terbaik%20di%20Kota%20Bandung%20%7C%20Laptop%20Milenial%20Official%20%7C%20Good%20Quality%20-%20Amanah%20-%20Bergaransi&query_place_id=ChIJc0T5NRDvaC4RNuWtljxHjnY","Toko Komputer"
"Prima Parahyangan Computer","4.2","180","Jl. Cijagra No.11","Kota Bandung","Jawa Barat","ID",,"+62 812-1274-3092","Toko Elektronik",,,,,,,,,,"https://www.google.com/maps/search/?api=1&query=Prima%20Parahyangan%20Computer&query_place_id=ChIJ85s0NGHoaC4RE5kIcsEO3-Q","Toko Elektronik"
"CASH/CREDIT ALL TYPE ELEKTRONIK BANDUNG",,,"Jl. Cipamokolan No.41","Kota Bandung","Jawa Barat","ID","https://wa.me/6281572737154","+62 815-7273-7154","Toko Elektronik",,,,,,,,,,"https://www.google.com/maps/search/?api=1&query=CASH%2FCREDIT%20ALL%20TYPE%20ELEKTRONIK%20BANDUNG&query_place_id=ChIJqYLzoWrpaC4RKaSf2Wys73I","Toko Elektronik"
"Service Laptop Computer & Printer serta Aneka Sparepart Original Murah Repoeblic Comp 2","4.8","16","Jl. Desa Cipadung Jl. Rumah Cemara No.Depan","Kota Bandung","Jawa Barat","ID",,"+62 896-7535-8899","Toko Komputer","Toko Aksesori Komputer","Servis Komputer","Grosir komputer",,,,,,,"https://www.google.com/maps/search/?api=1&query=Service%20Laptop%20Computer%20%26%20Printer%20serta%20Aneka%20Sparepart%20Original%20Murah%20Repoeblic%20Comp%202&query_place_id=ChIJd_Zacp7daC4RJUOUVXEM7_w","Toko Komputer"
"NAP Computer Bandung","5","52","Jl. Dadali II No.1","Kota Bandung","Jawa Barat","ID",,"+62 852-2266-3656","Servis Komputer",,,,,,,,,,"https://www.google.com/maps/search/?api=1&query=NAP%20Computer%20Bandung&query_place_id=ChIJJwNgVQrmaC4RsFjKPXWFT0A","Servis Komputer"
"Vin Computer Bandung","5","11","Jaya Plaza Jalan Jendral Ahmad Yani No.238 Lt 1 blok H 10","Kota Bandung","Jawa Barat","ID","https://www.tokopedia.com/vincomputerbandu","+62 822-1900-0184","Toko Komputer",,,,,,,,,,"https://www.google.com/maps/search/?api=1&query=Vin%20Computer%20Bandung&query_place_id=ChIJvQIy0yXnaC4RAeM0kkv14QU","Toko Komputer"
"Republic Laptop","4.9","1605","Jl. Perintis No.1","Kota Bandung","Jawa Barat","ID","https://republiclaptop.id/","+62 877-7770-8083","Toko Komputer","Servis Komputer",,,,,,,,,"https://www.google.com/maps/search/?api=1&query=Republic%20Laptop&query_place_id=ChIJyY8lqlXlaC4RBQlwEKWP-Uk","Toko Komputer"
"Bhineka Global Solutions Bandung","5","2","Jl. Soekarno Hatta, Ruko Jl. MTC Barat No.590 Blok H","Kota Bandung","Jawa Barat","ID","https://bhinekaglobalsolutions.com/","+62 813-8042-9056","Toko Komputer",,,,,,,,,,"https://www.google.com/maps/search/?api=1&query=Bhineka%20Global%20Solutions%20Bandung&query_place_id=ChIJhYwAfrfpaC4R2tzBmlkZbms","Toko Komputer"
"Bintang Sembilan Motor Nissan Datsun Bandung","4.7","130","Jl. Cidurian Utara No.1","Kota Bandung","Jawa Barat","ID",,"+62 811-8888-8580","Bengkel Mobil",,,,,,,,,,"https://www.google.com/maps/search/?api=1&query=Bintang%20Sembilan%20Motor%20Nissan%20Datsun%20Bandung&query_place_id=ChIJwzE0WtbpaC4RYkb6LvJBHJ0","Bengkel Mobil"
"Jasob Komputer (Servis Komputer/Laptop)","5","100","Jl. Desa Cipadung No.2, RT.02/RW.13","Kota Bandung","Jawa Barat","ID",,"+62 852-2377-7354","Servis Komputer","Toko Komputer",,,,,,,,,"https://www.google.com/maps/search/?api=1&query=Jasob%20Komputer%20(Servis%20Komputer%2FLaptop)&query_place_id=ChIJcwEUO7XDaC4RpjLnxNNOlFQ","Servis Komputer"
"SERVICE LAPTOP BANDUNG ( UFO COMPUTER )","5","12","Jl. M.A. Winata No.20, RT.02/RW.08","Kota Bandung","Jawa Barat","ID","http://www.specialist-notebook.blogspot.com/","+62 813-1291-0242","Toko Komputer",,,,,,,,,,"https://www.google.com/maps/search/?api=1&query=SERVICE%20LAPTOP%20BANDUNG%20(%20UFO%20COMPUTER%20)&query_place_id=ChIJoVURSs_DaC4RRDlC_qPj3bs","Toko Komputer"
"Issota Store","5","1","Jl. Ciwastra No.82A","Kota Bandung","Jawa Barat","ID",,"+62 878-2451-8565","Toko Komputer",,,,,,,,,,"https://www.google.com/maps/search/?api=1&query=Issota%20Store&query_place_id=ChIJlSES_i_oaC4R0Ot4yWlB8dk","Toko Komputer"
"Dedas Computer Bandung","5","3","Jalan H. Ibrahim Adjie No.47, Bandung Trade Mall, Lantai 2, Blok AA.14, RW.15","Kota Bandung","Jawa Barat","ID",,"+62 813-1340-0071","Toko Komputer",,,,,,,,,,"https://www.google.com/maps/search/?api=1&query=Dedas%20Computer%20Bandung&query_place_id=ChIJobYV9sHnaC4RBLyY2fDsiHQ","Toko Komputer"
"Jual Beli Laptop Notebook Macbook Bekas di Bandung","3.9","60","Ruko, Jl. Saturnus Raya No.46","Kota Bandung","Jawa Barat","ID",,"+62 818-630-662","Toko Komputer Bekas",,,,,,,,,,"https://www.google.com/maps/search/?api=1&query=Jual%20Beli%20Laptop%20Notebook%20Macbook%20Bekas%20di%20Bandung&query_place_id=ChIJV4ax0iPoaC4RuwUNmxmEbKA","Toko Komputer Bekas"
"Apotek ER Farma","4.7","54","Jl. Buah Batu No.201G","Kota Bandung","Jawa Barat","ID",,"+62 852-9414-4091","Apotek",,,,,,,,,,"https://www.google.com/maps/search/?api=1&query=Apotek%20ER%20Farma&query_place_id=ChIJazDfva3paC4RmU4sXS6DV9E","Apotek"
"Apotek Singgasana Farma","4.9","54","Jl. Indrayasa No.19","Kota Bandung","Jawa Barat","ID","https://linkbio.co/singgasanafarma","+62 812-4343-1001","Apotek","Toko Kesehatan dan Kecantikan",,,,,,,,,"https://www.google.com/maps/search/?api=1&query=Apotek%20Singgasana%20Farma&query_place_id=ChIJV01N0HbpaC4RLZJTkD7r9sM","Apotek"
"Dan's Komputer","4.1","9","Jl. Ciwastra Ruko A 3 No.147","Kota Bandung","Jawa Barat","ID",,"+62 895-2502-2211","Toko Komputer",,,,,,,,,,"https://www.google.com/maps/search/?api=1&query=Dan's%20Komputer&query_place_id=ChIJm7AfujroaC4RoqCn_tM7wyI","Toko Komputer"
"A1 Electronic SHRM","4.6","203","banyak lampu, Jl. Sudirman No.682","Kota Bandung","Jawa Barat","ID","https://www.tokopedia.com/elektronik-997","","Toko Elektronik",,,,,,,,,,"https://www.google.com/maps/search/?api=1&query=A1%20Electronic%20SHRM&query_place_id=ChIJIQlX36TpaC4RiCin0sDZ6yE","Toko Elektronik"
"Bengkel Wong Cilik Tune Project Bandung","4.9","21","Jl. Parakan Mas Raya No.32-A Rt02, RW.12","Kota Bandung","Jawa Barat","ID",,"+62 878-2415-9258","Bengkel Sepeda Motor",,,,,,,,,,"https://www.google.com/maps/search/?api=1&query=Bengkel%20Wong%20Cilik%20Tune%20Project%20Bandung&query_place_id=ChIJz35VAQLoaC4RvkBtDd4npVs","Bengkel Sepeda Motor"
"APOTEK B88","4.5","17","Komplek Puri Dago, Jl. Terusan Jakarta","Kota Bandung","Jawa Barat","ID",,"+62 822-6286-4155","Apotek",,,,,,,,,,"https://www.google.com/maps/search/?api=1&query=APOTEK%20B88&query_place_id=ChIJkaDmwyPnaC4RAqXL_8jBDZY","Apotek"
"Syams Prestasi Media","4.7","33",,"Kota Bandung","Jawa Barat","ID",,"+62 22 87826558","Toko Komputer","Peralatan Elektronik",,,,,,,,,"https://www.google.com/maps/search/?api=1&query=Syams%20Prestasi%20Media&query_place_id=ChIJSwutndbcaC4R-xfAsPS4j5Y","Toko Komputer"
"Vinaya Computer","2.3","76","Gedung BEC lantai 1 blok G.06 Istana BEC, Jl. Purnawarman No.06 Blok G","Kota Bandung","Jawa Barat","ID","https://www.tokopedia.com/vinayacomp","+62 22 4216311","Toko Komputer",,,,,,,,,,"https://www.google.com/maps/search/?api=1&query=Vinaya%20Computer&query_place_id=ChIJhe0iFjjmaC4RqM9WUTogV3Q","Toko Komputer"
"Apotek Otka Medika","4.5","36","Melrose Residance, Jl. Parakan Saat No.A.5","Kota Bandung","Jawa Barat","ID",,"+62 821-2957-026","Apotek",,,,,,,,,,"https://www.google.com/maps/search/?api=1&query=Apotek%20Otka%20Medika&query_place_id=ChIJkyj9uTrpaC4RBZWjCFotxSQ","Apotek"
"Bandung Jaya Computer","4.5","49","Jaya Plaza, Jl. A. Yani No.238 Lt. 1 Blok K No.8-9","Kota Bandung","Jawa Barat","ID",,"+62 22 87243350","Toko Komputer",,,,,,,,,,"https://www.google.com/maps/search/?api=1&query=Bandung%20Jaya%20Computer&query_place_id=ChIJ1VyBrMHnaC4RZrHpt1bQ2mQ","Toko Komputer"
"Jaya plaza komputer mall","4.5","661","Vin computer 40271, Unnamed Road Jl. A. Yani No.238 Blk. H10","Kota Bandung","Jawa Barat","ID",,"+62 878-2712-2812","Pusat Perbelanjaan",,,,,,,,,,"https://www.google.com/maps/search/?api=1&query=Jaya%20plaza%20komputer%20mall&query_place_id=ChIJi4CM8L7naC4RP6NmaoBmBa0","Pusat Perbelanjaan"
"Service Laptop Bandung Bisa Di Tunggu (Babacombandung)","4.7","502","Jl. Terusan Buah Batu No.8","Kota Bandung","Jawa Barat","ID",,"+62 851-7310-0200","Toko Komputer","Servis Komputer",,,,,,,,,"https://www.google.com/maps/search/?api=1&query=Service%20Laptop%20Bandung%20Bisa%20Di%20Tunggu%20(Babacombandung)&query_place_id=ChIJNQu6dNLnaC4RqKw3rZeOwiA","Toko Komputer"
"Bersama Plaza Computer","4.7","26","3JJG+RPJ","Kota Bandung","Jawa Barat","ID",,"+62 22 7231367","Toko Komputer",,,,,,,,,,"https://www.google.com/maps/search/?api=1&query=Bersama%20Plaza%20Computer&query_place_id=ChIJf4TKEdLnaC4RH84__g0KH3o","Toko Komputer"
"Santika Agrapana Tech","4.9","79","Jl. Setra Dago Raya No.7","Kota Bandung","Jawa Barat","ID","https://www.tokopedia.com/agrapana-tech","+62 878-2333-8246","Toko Komputer",,,,,,,,,,"https://www.google.com/maps/search/?api=1&query=Santika%20Agrapana%20Tech&query_place_id=ChIJv_EbVZbnaC4RcQydavLIztk","Toko Komputer"
"Indojaya Computer","4.9","307","Bandung Trade Mall, Jl. Ibrahim Adjie Jl. Kiara Condong","Kota Bandung","Jawa Barat","ID","https://id.shp.ee/imKg5UX","+62 821-1162-1635","Toko Komputer",,,,,,,,,,"https://www.google.com/maps/search/?api=1&query=Indojaya%20Computer&query_place_id=ChIJ-5foDzjmaC4RH9M7DElEh20","Toko Komputer"
"ITCorner Bandung (Sales, Service Printer/Laptop/PC)","5","29","Jaya Plaza, Jl. A. Yani","Kota Bandung","Jawa Barat","ID",,"+62 856-4712-9641","Toko Komputer",,,,,,,,,,"https://www.google.com/maps/search/?api=1&query=ITCorner%20Bandung%20(Sales%2C%20Service%20Printer%2FLaptop%2FPC)&query_place_id=ChIJaTu6XcPnaC4RlFBcqJ6zQH4","Toko Komputer"
"Ruang Teknologi Official","5","4","Jl. Riung Bandung Raya No.06","Kota Bandung","Jawa Barat","ID",,"+62 858-7122-7148","Toko Komputer",,,,,,,,,,"https://www.google.com/maps/search/?api=1&query=Ruang%20Teknologi%20Official&query_place_id=ChIJs0IwKgDDaC4Rkr5MazhauPo","Toko Komputer"
"Vegas Laptop dan Komputer","5","2","Jl. Golf Sel. IⅤ No.3A","Kota Bandung","Jawa Barat","ID",,"+62 859-1067-1053","Toko Komputer",,,,,,,,,,"https://www.google.com/maps/search/?api=1&query=Vegas%20Laptop%20dan%20Komputer&query_place_id=ChIJxeVugUPdaC4RIEDSmH02dD8","Toko Komputer"
"Doraemon Computer Accesories","3.4","5","Kw. Niaga Metro Trade Center, Jl. Soekarno-Hatta No.590 Blok E 12","Kota Bandung","Jawa Barat","ID",,"+62 22 21115841","Toko Komputer",,,,,,,,,,"https://www.google.com/maps/search/?api=1&query=Doraemon%20Computer%20Accesories&query_place_id=ChIJ90QvPRroaC4RI8nq1q-bdS0","Toko Komputer"
"Mega Comp Grosir Aksesoris Komputer","4.6","79","Komplek Ruko Segitiga Mas, Kosambi Jl. A. Yani No.14","Kota Bandung","Jawa Barat","ID",,"+62 22 7237069","Toko Aksesori Komputer","Grosir",,,,,,,,,"https://www.google.com/maps/search/?api=1&query=Mega%20Comp%20Grosir%20Aksesoris%20Komputer&query_place_id=ChIJvdJ0983naC4RZdd76qnD3KQ","Toko Aksesori Komputer"
"DISCOUNT NOTEBOOK BANDUNG - Jaya Plaza","4.9","123","Jl Ahmad Yani No 238 Pertokoan Jaya Plaza Blok R-08","Kota Bandung","Jawa Barat","ID","https://linktr.ee/discountnotebookofficial","+62 821-2081-4348","Toko Komputer","Toko Aksesori Komputer",,,,,,,,,"https://www.google.com/maps/search/?api=1&query=DISCOUNT%20NOTEBOOK%20BANDUNG%20-%20Jaya%20Plaza&query_place_id=ChIJZ6jmqoDnaC4R623sUpr7T_Y","Toko Komputer"
"AGRES ID BANDUNG ELECTRONIC CENTRE 1 (LAPTOP SPESIALIS)","5","442","BANDUNG ELECTRONIC CENTER, LANTAI 1 BLOK T09-T10","Kota Bandung","Jawa Barat","ID","https://agresidbandung01.taplink.id/","+62 811-1902-9221","Toko Komputer",,,,,,,,,,"https://www.google.com/maps/search/?api=1&query=AGRES%20ID%20BANDUNG%20ELECTRONIC%20CENTRE%201%20(LAPTOP%20SPESIALIS)&query_place_id=ChIJl5pMVcXnaC4R7TxFD5H6IWc","Toko Komputer"
"Juara Laptop","5","4","Jl. Tata Surya No.58","Kota Bandung","Jawa Barat","ID",,"+62 811-2347-897","Toko Komputer Bekas",,,,,,,,,,"https://www.google.com/maps/search/?api=1&query=Juara%20Laptop&query_place_id=ChIJ783lOPTpaC4RiQHlZ0q4qwU","Toko Komputer Bekas"
"GGid COMPUTER","4.3","6","Jl. AH. Nasution No.122","Kota Bandung","Jawa Barat","ID","https://www.tokopedia.com/tabcom","+62 813-2051-4090","Toko Komputer",,,,,,,,,,"https://www.google.com/maps/search/?api=1&query=GGid%20COMPUTER&query_place_id=ChIJlbAIVQDdaC4R1DENL3Pk2DA","Toko Komputer"
"Toko elektronik","5","1","3P99+3JF, Jl. Manisi","Kota Bandung","Jawa Barat","ID",,"","Pembangunan Perumahan",,,,,,,,,,"https://www.google.com/maps/search/?api=1&query=Toko%20elektronik&query_place_id=ChIJqf5YcQDDaC4R5ekY9iZNJEM","Pembangunan Perumahan"
"Kencana Elektronik","4","134","Jl. Kiara Condong","Kota Bandung","Jawa Barat","ID",,"","Toko Elektronik",,,,,,,,,,"https://www.google.com/maps/search/?api=1&query=Kencana%20Elektronik&query_place_id=ChIJvR_83N_naC4RYQQndsuxbSM","Toko Elektronik"
"Clover Gaming Indonesia","5","2946","Jl. Purnawarman.13-15, Bandung Electronic Center Lt. 3 Blok G02 - G05","Kota Bandung","Jawa Barat","ID",,"+62 877-7729-1249","Toko Game","Toko Komputer",,,,,,,,,"https://www.google.com/maps/search/?api=1&query=Clover%20Gaming%20Indonesia&query_place_id=ChIJaWtboynnaC4Rt1YjjI8I14E","Toko Game"
"Bengkel Mobil Andi Motor","4.9","11","2MWG+GHG, Jl. Rancacili","Kota Bandung","Jawa Barat","ID",,"+62 813-2491-6584","Bengkel Mobil",,,,,,,,,,"https://www.google.com/maps/search/?api=1&query=Bengkel%20Mobil%20Andi%20Motor&query_place_id=ChIJ9w-BU4HDaC4R-S7-vNwmWm0","Bengkel Mobil"
"DarmaSpion specialis lampu & spion mobil","4.9","98","Belakang sman24, Jl. Cijalupang No.18","Kota Bandung","Jawa Barat","ID","https://darmaspion.geogle.site/?utm_source=gmb&utm_medium=referral","+62 896-5563-1258","Bengkel Mobil","Bengkel Kelistrikan Mobil","Jasa perbaikan kaca mobil","Toko Aksesori Mobil","Bengkel Kaca Mobil",,,,,,"https://www.google.com/maps/search/?api=1&query=DarmaSpion%20specialis%20lampu%20%26%20spion%20mobil&query_place_id=ChIJ_Y8VEkHdaC4RM6dIef-9NI0","Bengkel Mobil"
"Salaam Part, Service Laptop Bandung bisa Panggilan dan Sparepart Adaptor Baterai Keyboard LCD Laptop","5","632","Istana Bandung Electronic Centre 2, Lantai 2 Blok. Z08","Kota Bandung","Jawa Barat","ID","http://salaampart.com/","","Servis Komputer","Toko Baterai","Grosir baterai","Jasa Reparasi Komputer","Toko Komputer","Layanan dan Dukungan Komputer",,,,,"https://www.google.com/maps/search/?api=1&query=Salaam%20Part%2C%20Service%20Laptop%20Bandung%20bisa%20Panggilan%20dan%20Sparepart%20Adaptor%20Baterai%20Keyboard%20LCD%20Laptop&query_place_id=ChIJ66K-CDjmaC4R_o1bWc2jHL8","Servis Komputer"
"Eksekutif Computer (Jual & Service Laptop; Service Macbook HP & Iphone di Bandung)","4.8","1260","Jl. Tata Surya Jl. Yupiter Barat XII No.62","Kota Bandung","Jawa Barat","ID","http://eksekutifcomputer.com/","+62 823-0430-0400","Toko Komputer Bekas","Jasa Reparasi Komputer","Servis Komputer","Layanan dan Dukungan Komputer","Layanan reparasi",,,,,,"https://www.google.com/maps/search/?api=1&query=Eksekutif%20Computer%20(Jual%20%26%20Service%20Laptop%3B%20Service%20Macbook%20HP%20%26%20Iphone%20di%20Bandung)&query_place_id=ChIJqREKuvjmaC4R01LgfGnIoHg","Toko Komputer Bekas"
"Zocom Laptop Bandung",,,"Metro Trade Centre, Jl. Soekarno-Hatta No.590 Blok J5","Kota Bandung","Jawa Barat","ID",,"+62 858-6337-2962","Toko Komputer",,,,,,,,,,"https://www.google.com/maps/search/?api=1&query=Zocom%20Laptop%20Bandung&query_place_id=ChIJy8SrznXpaC4RHLC7gFwgf4Y","Toko Komputer"
"Jakartanotebook Bandung","4.6","3366","Cicadas Gateway Apartment Ruko, Jl. A. Yani No.669 Kel","Kota Bandung","Jawa Barat","ID","https://www.jakartanotebook.com/","+62 895-2984-9599","Toko Komputer",,,,,,,,,,"https://www.google.com/maps/search/?api=1&query=Jakartanotebook%20Bandung&query_place_id=ChIJo5NvHcDnaC4RfahvhRR81s4","Toko Komputer"
"Indo Rental Bandung","4.8","30","Jalan Soekarno Hatta. 590, Ruko MIM BLOK H. 55","Kota Bandung","Jawa Barat","ID","https://www.indorentalmedia.com/","+62 812-2888-4845","Toko Komputer",,,,,,,,,,"https://www.google.com/maps/search/?api=1&query=Indo%20Rental%20Bandung&query_place_id=ChIJszWXnxnoaC4R9HfmQXQyzRc","Toko Komputer"
"Nusantara Notebook BEC","4.9","35","Istana BEC (Bandung Elektronik Center) lantai 1 blok w21","Kota Bandung","Jawa Barat","ID","https://www.tokopedia.com/partnotebookstore","+62 813-2255-1299","Jasa Reparasi Komputer","Pabrikan perangkat keras komputer","Servis Komputer","Toko Komputer",,,,,,,"https://www.google.com/maps/search/?api=1&query=Nusantara%20Notebook%20BEC&query_place_id=ChIJGakWeeHnaC4RGw9n2gJGyKs","Jasa Reparasi Komputer"
"ISTIQOMAH.NET","4.4","27","Jl. Cilengkrang II, RT.:01/09","Kota Bandung","Jawa Barat","ID","https://istiqomahnet.mygostore.com/","+62 856-5966-2255","Toko Komputer",,,,,,,,,,"https://www.google.com/maps/search/?api=1&query=ISTIQOMAH.NET&query_place_id=ChIJPfzHYPzdaC4RyAtX_VgaOMU","Toko Komputer"
"Glory elektronik","5","6","Alamat, Jl. ABC No.27 47, RT.51/RW.44","Kota Bandung","Jawa Barat","ID",,"+62 819-5162-916","Toko Elektronik",,,,,,,,,,"https://www.google.com/maps/search/?api=1&query=Glory%20elektronik&query_place_id=ChIJo9eHrKbnaC4ReRiYE3acDas","Toko Elektronik"
"Toko Remaja Tehnik (Electronic Store)","4.5","12","Jl. Kiara Condong No.318","Kota Bandung","Jawa Barat","ID",,"+62 22 7311813","Toko Alat Listrik","Toko Elektronik",,,,,,,,,"https://www.google.com/maps/search/?api=1&query=Toko%20Remaja%20Tehnik%20(Electronic%20Store)&query_place_id=ChIJZXSlAXPoaC4RVZbn1P-f-6k","Toko Alat Listrik"
"Format Komputer Bandung","5","1","jalan parahyangan no.18, komp. panghegar permai I, ujung berung, Jl. Parahyangan No.16","Kota Bandung","Jawa Barat","ID","http://format-komputer-bandung.blogspot.co.id/p/kontak.html","+62 857-2126-1437","Toko Komputer","Servis Komputer","Toko Software Komputer","Layanan dan Dukungan Komputer",,,,,,,"https://www.google.com/maps/search/?api=1&query=Format%20Komputer%20Bandung&query_place_id=ChIJN0p0yDLdaC4Rx8j7PHYclmU","Toko Komputer"
"XT komputer","3.8","32","Jl. Arcamanik Endah No.127","Kota Bandung","Jawa Barat","ID","https://tokopedia.link/pvUXnd3IzCb","+62 821-1536-4446","Toko Komputer","Layanan dan Dukungan Komputer","Toko Komputer Bekas",,,,,,,,"https://www.google.com/maps/search/?api=1&query=XT%20komputer&query_place_id=ChIJu-ly8y_daC4RQ0fBZ188oYo","Toko Komputer"
"toko laptop murah kota bandung",,,"Jalan purnawarman no.34 babakan ciamis ,sumur bandung BEC Lt 1 blok E-08","Kota Bandung","Jawa Barat","ID",,"+62 877-3725-6808","Toko Komputer",,,,,,,,,,"https://www.google.com/maps/search/?api=1&query=toko%20laptop%20murah%20kota%20bandung&query_place_id=ChIJs1K9sZXnaC4RBXWZEnxH4ak","Toko Komputer"
"Garasi Komputer 77","5","6","Jl. Purna Bakti V No.1","Kota Bandung","Jawa Barat","ID",,"+62 897-9235-166","Toko Komputer",,,,,,,,,,"https://www.google.com/maps/search/?api=1&query=Garasi%20Komputer%2077&query_place_id=ChIJVdazWcHDaC4RxrfpN36F6QU","Toko Komputer"
"EL.Store","5","12","Jl. Cisaranten Kulon No.107","Kota Bandung","Jawa Barat","ID","https://linktr.ee/el.st0re","+62 857-2367-2720","Toko Komputer","Toko Elektronik",,,,,,,,,"https://www.google.com/maps/search/?api=1&query=EL.Store&query_place_id=ChIJYVSejWrdaC4Rw8wFGzov2LQ","Toko Komputer"
"Toko Elektronik",,,"Paskal shoping center, 23, Mall 23 Paskal shoping center","Kota Bandung","Jawa Barat","ID",,"+62 851-3766-7751","Toko Elektronik",,,,,,,,,,"https://www.google.com/maps/search/?api=1&query=Toko%20Elektronik&query_place_id=ChIJM4LeUQjnaC4RWiYTyPtoDME","Toko Elektronik"
"Daya Elektronik","1","1","Jl. ABC No.112","Kota Bandung","Jawa Barat","ID",,"+62 22 4207624","Toko Elektronik",,,,,,,,,,"https://www.google.com/maps/search/?api=1&query=Daya%20Elektronik&query_place_id=ChIJd-e_RiXmaC4R8BnyVyC9qHw","Toko Elektronik"
"Bandung Online Pusat","4.7","221","Jl. PLN Dalam I No.47b","Kota Bandung","Jawa Barat","ID",,"+62 822-1443-3333","Toko Elektronik",,,,,,,,,,"https://www.google.com/maps/search/?api=1&query=Bandung%20Online%20Pusat&query_place_id=ChIJ6V9YNPLoaC4RtYVg6_ofZoU","Toko Elektronik"
"Jaya Agung Elektronik Bandung","1","1","Jl. A. Yani No.546","Kota Bandung","Jawa Barat","ID",,"+62 897-1171-835","Toko Elektronik",,,,,,,,,,"https://www.google.com/maps/search/?api=1&query=Jaya%20Agung%20Elektronik%20Bandung&query_place_id=ChIJL0WBMpfnaC4R1MALvQHUJeI","Toko Elektronik"
"Bizmedia Computer","4.7","44","Ruko Segitiga Mas Kosambi Blok G. 3, Jl. A. Yani No.221-223","Kota Bandung","Jawa Barat","ID","http://www.bizmedia.co.id/","+62 22 7237008","Toko Komputer",,,,,,,,,,"https://www.google.com/maps/search/?api=1&query=Bizmedia%20Computer&query_place_id=ChIJB6GP9s3naC4R2lpbwrfTW9M","Toko Komputer"
"KREDIT ELEKTRONIK BANDUNG RAYA","5","4","TOKO LOGIN MEGASTORE ELEKTRONIK TERLENGKAP, Jl. ABC","Kota Bandung","Jawa Barat","ID",,"+62 895-3346-94048","Toko Elektronik",,,,,,,,,,"https://www.google.com/maps/search/?api=1&query=KREDIT%20ELEKTRONIK%20BANDUNG%20RAYA&query_place_id=ChIJ9XpMgLznaC4RV6xylZ7bJVA","Toko Elektronik"
"WG STORE ( Jual & Beli Laptop Bandung )","4.8","23","Jl. Babakan Kajaksan No.7","Kota Bandung","Jawa Barat","ID","http://rumahlaptopbundung.my.id/","+62 813-2069-2038","Toko Komputer Bekas",,,,,,,,,,"https://www.google.com/maps/search/?api=1&query=WG%20STORE%20(%20Jual%20%26%20Beli%20Laptop%20Bandung%20)&query_place_id=ChIJA7eD1kXpaC4R41Ot7aMg_fE","Toko Komputer Bekas"
"Lenovo Authorized Service Center & HP Authorized Service Center - Platinum Computer","4.4","430","Jl. Kartini No.9","Kota Bandung","Jawa Barat","ID","http://www.platinumkomputer.com/","+62 811-2226-058","Toko Komputer","Servis Komputer",,,,,,,,,"https://www.google.com/maps/search/?api=1&query=Lenovo%20Authorized%20Service%20Center%20%26%20HP%20Authorized%20Service%20Center%20-%20Platinum%20Computer&query_place_id=ChIJaUDn7i3maC4RPTLNX9QNdjI","Toko Komputer"
"Toko Bandung Raya","4.7","15","Jl. Otto Iskandar Dinata No.322","Kota Bandung","Jawa Barat","ID",,"","Toko Elektronik",,,,,,,,,,"https://www.google.com/maps/search/?api=1&query=Toko%20Bandung%20Raya&query_place_id=ChIJ1YdS0ybmaC4RgBaCFGqId3w","Toko Elektronik"
"Duta Nada Electronics","4.3","27","Jl. Braga No.46","Kota Bandung","Jawa Barat","ID",,"+62 22 4206330","Toko Elektronik",,,,,,,,,,"https://www.google.com/maps/search/?api=1&query=Duta%20Nada%20Electronics&query_place_id=ChIJ_cHpqjrmaC4R0LuZL_XFXm4","Toko Elektronik"
"Toko Kim Hien","4.4","735","Jl. Banceuy No.31","Kota Bandung","Jawa Barat","ID","https://www.instagram.com/tokokimhien","+62 22 4231286","Toko Alat Listrik","Toko Elektronik",,,,,,,,,"https://www.google.com/maps/search/?api=1&query=Toko%20Kim%20Hien&query_place_id=ChIJNWvY4STmaC4R9cSiI-vEEec","Toko Alat Listrik"
"Central Bandung Sparepart. Aksesories dan alat service","4.5","180","ITC Kebon Kalapa, Lt. 3 Blok A9. 6,7,8, Jl. Moch. Toha No.1","Kota Bandung","Jawa Barat","ID",,"+62 812-1830-7773","Toko Elektronik",,,,,,,,,,"https://www.google.com/maps/search/?api=1&query=Central%20Bandung%20Sparepart.%20Aksesories%20dan%20alat%20service&query_place_id=ChIJNaeuhJ3oaC4RByjpJAUpblw","Toko Elektronik"
"Toko Serba Mulia","3.6","15","Jl. ABC","Kota Bandung","Jawa Barat","ID",,"+62 22 4236393","Toko Elektronik",,,,,,,,,,"https://www.google.com/maps/search/?api=1&query=Toko%20Serba%20Mulia&query_place_id=ChIJRSU9xSTmaC4RSeJe2qp56TU","Toko Elektronik"
"Persada Computer Bandung - Ruko Segitigamas Kosambi","4.4","35","Jl. A. Yani Ruko Segitigamas No.221-223 Kav.A12","Kota Bandung","Jawa Barat","ID",,"+62 812-1470-4899","Toko Aksesori Komputer",,,,,,,,,,"https://www.google.com/maps/search/?api=1&query=Persada%20Computer%20Bandung%20-%20Ruko%20Segitigamas%20Kosambi&query_place_id=ChIJyb_GXgDnaC4RlhFDMTd6wqE","Toko Aksesori Komputer"
"Andi Jaya Elektronik","4.8","6","Ps. Cikapundung Elektrik Center, Jl. ABC Blok Los TT No.36 Lt.2","Kota Bandung","Jawa Barat","ID",,"+62 838-7046-8000","Toko Elektronik",,,,,,,,,,"https://www.google.com/maps/search/?api=1&query=Andi%20Jaya%20Elektronik&query_place_id=ChIJJ-FNQiXmaC4R58fbX4B23Hw","Toko Elektronik"
"SEWAKOMPUTER","4.6","25","Metro Indah Mall, Blk. 1 No.19","Kota Bandung","Jawa Barat","ID",,"+62 813-8181-3737","Layanan dan Dukungan Komputer","Toko Software Komputer","Agen Persewaan Peralatan","Layanan Rental Alat",,,,,,,"https://www.google.com/maps/search/?api=1&query=SEWAKOMPUTER&query_place_id=ChIJfQY8oBnoaC4RVD0mfFHneU8","Layanan dan Dukungan Komputer"
"Kredit handphone dan playstation bandung timur","5","26",,"Kota Bandung","Jawa Barat","ID","https://www.instagram.com/homecreditbandung.aldi?igsh=MTl6d25pZWNicjQ3eg==&utm_source=qr","+62 878-3057-9826","Toko Elektronik",,,,,,,,,,"https://www.google.com/maps/search/?api=1&query=Kredit%20handphone%20dan%20playstation%20bandung%20timur&query_place_id=ChIJgRWpXmTDaC4Rjge8ULnKoTs","Toko Elektronik"
"Tang Electric","4.6","70","Jl. Ciwastra No.54","Kota Bandung","Jawa Barat","ID",,"+62 852-2068-1807","Toko Elektronik",,,,,,,,,,"https://www.google.com/maps/search/?api=1&query=Tang%20Electric&query_place_id=ChIJoRwlqjroaC4RcYfWZQslwas","Toko Elektronik"
"Elcowebsite","4.9","32","Gg. Sukapakir No.197/87B","Kota Bandung","Jawa Barat","ID",,"+62 851-9458-8097","Toko Komputer","Servis Komputer","Toko Software Komputer","Perusahaan Software","Perancang Situs Web",,,,,,"https://www.google.com/maps/search/?api=1&query=Elcowebsite&query_place_id=ChIJtemXnBvmaC4RwL6u7F8Tk5g","Toko Komputer"
"Roemah Elektronik Bandung Jual Beli TV, Kulkas, Speaker, dll baru dan bekas","4","69","Dekat Mall Festival Citylink atau, Jl. Sukamulya No. 2, Kopo Kecamatan Bojongloa Kaler","Kota Bandung","Jawa Barat","ID","https://wa.me/62895396539100?text=Halo!","+62 895-3965-39100","Toko Elektronik",,,,,,,,,,"https://www.google.com/maps/search/?api=1&query=Roemah%20Elektronik%20Bandung%20Jual%20Beli%20TV%2C%20Kulkas%2C%20Speaker%2C%20dll%20baru%20dan%20bekas&query_place_id=ChIJrRo7AVrpaC4RBYZWWzQ2T68","Toko Elektronik"
"TECNO STORE SUMARECON MALL BANDUNG","5","11","Lt. 1f no.888","Kota Bandung","Jawa Barat","ID","https://wa.me/089696135785","+62 896-9613-5785","Toko Elektronik",,,,,,,,,,"https://www.google.com/maps/search/?api=1&query=TECNO%20STORE%20SUMARECON%20MALL%20BANDUNG&query_place_id=ChIJRyJyCzjDaC4RR23ct-QxB-o","Toko Elektronik"
"Farta Electronics","5","1","Jalan Pratista Barat Ruko No.6","Kota Bandung","Jawa Barat","ID",,"+62 822-1616-3616","Toko Alat Listrik",,,,,,,,,,"https://www.google.com/maps/search/?api=1&query=Farta%20Electronics&query_place_id=ChIJh-vSNwfoaC4RxceYGqP5RlQ","Toko Alat Listrik"
"Next Level Computer","5","169","Lt 1 Blok T06 - T07, BEC, Jl. Purnawarman No.7-11/13-15","Kota Bandung","Jawa Barat","ID","https://www.tokopedia.com/nextlevelbec","+62 877-2331-7051","Toko Komputer",,,,,,,,,,"https://www.google.com/maps/search/?api=1&query=Next%20Level%20Computer&query_place_id=ChIJ6wG_vH_naC4RWDTpBnKyUsk","Toko Komputer"
"NARACOMP,FIAQUATIC & KEDAI KATSU FIA","4.7","7","Jl. Parakan Saat III No.18","Kota Bandung","Jawa Barat","ID",,"+62 857-9844-2109","Toko Komputer",,,,,,,,,,"https://www.google.com/maps/search/?api=1&query=NARACOMP%2CFIAQUATIC%20%26%20KEDAI%20KATSU%20FIA&query_place_id=ChIJiY13G6XDaC4RbgxXU_MRbvg","Toko Komputer"
"Toko Elektronik dan Listrik.Menerima servis .Suplier produk Toa dan narae . Bel sekolah manual otomatis.","4.5","24","AMANAH SHOPELEKTRONIKA Komplek Kamayangan Residence, Blk. C4 No.3, Kel","Kota Bandung","Jawa Barat","ID","http://tokoklikbandung.blogspot.co.id/","+62 818-0989-7870","Toko Elektronik","Toko Alat Listrik","Jasa perbaikan mesin",,,,,,,,"https://www.google.com/maps/search/?api=1&query=Toko%20Elektronik%20dan%20Listrik.Menerima%20servis%20.Suplier%20produk%20Toa%20dan%20narae%20.%20Bel%20sekolah%20manual%20otomatis.&query_place_id=ChIJA3lEzAfoaC4RQBJX_bfiTnQ","Toko Elektronik"
"Toko Linggar Jaya Ujung Berung","4.7","6","Jl. Raya Ujung Berung No.135","Kota Bandung","Jawa Barat","ID",,"+62 22 63725852","Toko Elektronik",,,,,,,,,,"https://www.google.com/maps/search/?api=1&query=Toko%20Linggar%20Jaya%20Ujung%20Berung&query_place_id=ChIJRzu1-JDdaC4ROgWWSjUPaz0","Toko Elektronik"
"Reykom Bandung Menjual Thinkpad Bekas Berkualitas","5","6","Grand Calista, Jl. Cicukang Cluster no.10","Kota Bandung","Jawa Barat","ID","http://bit.ly/3UXEls6","+62 853-1536-6691","Toko Komputer",,,,,,,,,,"https://www.google.com/maps/search/?api=1&query=Reykom%20Bandung%20Menjual%20Thinkpad%20Bekas%20Berkualitas&query_place_id=ChIJk9_iE67daC4RvirWZPNcMXw","Toko Komputer"
"Crystal Computer BEC Cash dan Kredit Laptop","4.2","21","Bandung Electronik Center, Jl. Purnawarman No.13-15 Lantai 1 Blok Y18","Kota Bandung","Jawa Barat","ID",,"+62 813-2248-0952","Toko Komputer",,,,,,,,,,"https://www.google.com/maps/search/?api=1&query=Crystal%20Computer%20BEC%20Cash%20dan%20Kredit%20Laptop&query_place_id=ChIJy0KGfGLnaC4RkMjdKd0kpjk","Toko Komputer"
"Toko Central","4.6","19","Jl. Moch. Toha No.74","Kota Bandung","Jawa Barat","ID",,"+62 812-2342-171","Toko Elektronik",,,,,,,,,,"https://www.google.com/maps/search/?api=1&query=Toko%20Central&query_place_id=ChIJ83KAd5roaC4Rl38By2f4OvQ","Toko Elektronik"
"Toko Inti Buana","4.6","20","Jl. Kalipah Apo No.20c","Kota Bandung","Jawa Barat","ID","https://www.tokopedia.com/archive-tokointibuana?fbclid=PAZXh0bgNhZW0CMTEAAaaJsEzMvUqgWrIPkL46L9ro1-bH6sgzhxPcWXv0I55Jg6Rh5SZtJv1J5ZU_aem_x4HtwvPGhcCnTT68RgatlQ","+62 22 4260006","Toko Elektronik",,,,,,,,,,"https://www.google.com/maps/search/?api=1&query=Toko%20Inti%20Buana&query_place_id=ChIJFwxQfiHmaC4RMQkR1CmCzGA","Toko Elektronik"
"Eagle 99","3.7","3","Electronic Center Lantai LG Blok F16, Purnawarman No.13 Bandung","Kota Bandung","Jawa Barat","ID",,"+62 877-3950-9413","Toko Elektronik",,,,,,,,,,"https://www.google.com/maps/search/?api=1&query=Eagle%2099&query_place_id=ChIJM1VVlTnmaC4RgvKnkRcUMfU","Toko Elektronik"
"Agus Elektronik","4","1","Jl. ABC No.112","Kota Bandung","Jawa Barat","ID",,"+62 22 4207662","Toko Elektronik",,,,,,,,,,"https://www.google.com/maps/search/?api=1&query=Agus%20Elektronik&query_place_id=ChIJZc-yRiXmaC4RDtGKofMJkF8","Toko Elektronik"
"""Nugraha Electronics"" Service Stabilizer di Bandung","4.9","7","Ps. Cikapundung Elektrik Center, Blok V No.3 Timur, Lantai 2","Kota Bandung","Jawa Barat","ID",,"+62 857-9706-9578","Toko Elektronik",,,,,,,,,,"https://www.google.com/maps/search/?api=1&query=%22Nugraha%20Electronics%22%20Service%20Stabilizer%20di%20Bandung&query_place_id=ChIJM0aGZyXmaC4RplQJjoqSJFw","Toko Elektronik"
"Lenovo Bandung By iT Zone","5","71","Jl. Purnawarman No.15-17","Kota Bandung","Jawa Barat","ID","https://wa.me/c/6282354366245","+62 823-5436-6245","Toko Komputer",,,,,,,,,,"https://www.google.com/maps/search/?api=1&query=Lenovo%20Bandung%20By%20iT%20Zone&query_place_id=ChIJu5NA7OnnaC4RgXNf9D_rO5k","Toko Komputer"
"GT Computer","3.2","29","Kompel Setradago Blok IV No 1","Kota Bandung","Jawa Barat","ID","https://shopee.co.id/shop/98542647/?page=0","+62 812-2226-9501","Toko Komputer",,,,,,,,,,"https://www.google.com/maps/search/?api=1&query=GT%20Computer&query_place_id=ChIJvRMnVS3naC4RieDoV3tWBQU","Toko Komputer"
"Power Electronics","5","3","Jaya Plaza, Jl. A. Yani No.238 Lantai Dasar, Blok J-1 * K-1,2","Kota Bandung","Jawa Barat","ID",,"+62 22 7271813","Toko Elektronik",,,,,,,,,,"https://www.google.com/maps/search/?api=1&query=Power%20Electronics&query_place_id=ChIJ2RYcENLnaC4RZ4YwJBBmTVU","Toko Elektronik"
"PT. Samsung Electronics Indonesia","4.7","46","Trans Studio Mall Lantai G, JL Jend. Gatot Subroto, No. 289, Kebon Gedang","Kota Bandung","Jawa Barat","ID",,"+62 22 86012391","Toko Elektronik",,,,,,,,,,"https://www.google.com/maps/search/?api=1&query=PT.%20Samsung%20Electronics%20Indonesia&query_place_id=ChIJNbVb9NjnaC4R9Z7nXzcwBW0","Toko Elektronik"
"Toko sejahtera","3.4","29","Wa O&l2lllOO74O, Jl. ABC No.20","Kota Bandung","Jawa Barat","ID",,"+62 877-8719-7020","Toko Elektronik",,,,,,,,,,"https://www.google.com/maps/search/?api=1&query=Toko%20sejahtera&query_place_id=ChIJ976wtyTmaC4RLtmNBC66U74","Toko Elektronik"
"siliconONE Computer","4.6","188","Jl. Lengkong Kecil No.45A","Kota Bandung","Jawa Barat","ID","http://www.thesystemone.com/","+62 822-4040-8020","Toko Komputer",,,,,,,,,,"https://www.google.com/maps/search/?api=1&query=siliconONE%20Computer&query_place_id=ChIJ_QneSynmaC4R2Q_FHPGYtvQ","Toko Komputer"
"bandung laptop service ( jual beli laptop - service laptop - sparepart laptop)","4.9","87","MALL ISTANA, Bandung Electronic Center, lantai 2 blok t29","Kota Bandung","Jawa Barat","ID",,"+62 815-7332-7735","Servis Komputer","Toko Aksesori Komputer","Jasa Reparasi Komputer","Toko Komputer","Jasa perbaikan mesin",,,,,,"https://www.google.com/maps/search/?api=1&query=bandung%20laptop%20service%20(%20jual%20beli%20laptop%20-%20service%20laptop%20-%20sparepart%20laptop)&query_place_id=ChIJd8xVAiznaC4Rc8DbNJZQ9Rs","Servis Komputer"
"Gembira","5","2","Jl. ABC No.73","Kota Bandung","Jawa Barat","ID",,"","Toko Elektronik",,,,,,,,,,"https://www.google.com/maps/search/?api=1&query=Gembira&query_place_id=ChIJUfSjJyXmaC4RaMTYeyMX3BY","Toko Elektronik"
"Jabbar Part - Service Laptop Bandung Panggilan, Perbaikan Laptop Cimahi, dan Dapat ditunggu","5","123","Jl. Purnawarman No.13 - 15","Kota Bandung","Jawa Barat","ID",,"+62 811-2111-1149","Servis Komputer","Toko Baterai","Grosir baterai","Toko Aksesori Komputer","Konsultan Komputer","Jasa Reparasi Komputer","Toko Software Komputer","Layanan dan Dukungan Komputer",,,"https://www.google.com/maps/search/?api=1&query=Jabbar%20Part%20-%20Service%20Laptop%20Bandung%20Panggilan%2C%20Perbaikan%20Laptop%20Cimahi%2C%20dan%20Dapat%20ditunggu&query_place_id=ChIJZ3urg0fnaC4Req91w5dPYV4","Servis Komputer"
"Toko elektronik",,,"Jl. A. Yani No.296","Kota Bandung","Jawa Barat","ID",,"+62 851-9973-5861","Toko",,,,,,,,,,"https://www.google.com/maps/search/?api=1&query=Toko%20elektronik&query_place_id=ChIJcRxyRDLnaC4RG-AE7keLNEk","Toko"
"AGRES ID BANDUNG 05","5","241","BEC Mall, Jl. Purnawarman Lt.1","Kota Bandung","Jawa Barat","ID",,"+62 811-9002-9688","Toko Komputer",,,,,,,,,,"https://www.google.com/maps/search/?api=1&query=AGRES%20ID%20BANDUNG%2005&query_place_id=ChIJ2Y0EIwDnaC4RZDlNlXJhgDI","Toko Komputer"
"Restu Computer","5","3","Jl. Riung Asri No.18","Kota Bandung","Jawa Barat","ID",,"+62 853-2010-1112","Toko Komputer",,,,,,,,,,"https://www.google.com/maps/search/?api=1&query=Restu%20Computer&query_place_id=ChIJV_iHQsHnaC4R8cbxYisv7Bg","Toko Komputer"
"KREDIT HP DAN ELEKRONIK BANDUNG TIMUR","5","1","https://maps.app.goo.gl/EJX87FX8jrkTbsJH8, Jl. AH. Nasution No.2","Kota Bandung","Jawa Barat","ID","https://wa.me/6287834807405","+62 878-3480-7405","Toko Elektronik","Toko AC",,,,,,,,,"https://www.google.com/maps/search/?api=1&query=KREDIT%20HP%20DAN%20ELEKRONIK%20BANDUNG%20TIMUR&query_place_id=ChIJ8WOA4nHDaC4REIe4hCOGp8o","Toko Elektronik"
"Toko Merpati","4.7","116","Jl. Otto Iskandar Dinata No.339","Kota Bandung","Jawa Barat","ID",,"+62 22 4234083","Toko Elektronik",,,,,,,,,,"https://www.google.com/maps/search/?api=1&query=Toko%20Merpati&query_place_id=ChIJJx0NkZPnaC4RJJMjyaP-xKA","Toko Elektronik"
"Dukomsel","4.2","3271","Jl. Raya Kopo No.599 Lantai 1","Kota Bandung","Jawa Barat","ID",,"+62 813-2135-8989","Toko Ponsel","Toko Kamera","Toko Komputer","Printer Digital","Toko Elektronik","Toko Jam",,,,,"https://www.google.com/maps/search/?api=1&query=Dukomsel&query_place_id=ChIJU5BW_U7maC4RPKqnsXn5YC4","Toko Ponsel"
"Service elektronik ""Yon service""","4.8","33","depan kantor kelurahan, Jl. Nagrog No.17, RT.03/RW.07","Kota Bandung","Jawa Barat","ID",,"+62 858-1718-1011","Toko Elektronik",,,,,,,,,,"https://www.google.com/maps/search/?api=1&query=Service%20elektronik%20%22Yon%20service%22&query_place_id=ChIJnS3RiiPdaC4RFsQkaitwW0M","Toko Elektronik"
"Megaraya","4.9","29","Jl. ABC No.11A","Kota Bandung","Jawa Barat","ID","https://www.tokopedia.com/megarayaelectron","+62 878-2165-2466","Grosir elektronik",,,,,,,,,,"https://www.google.com/maps/search/?api=1&query=Megaraya&query_place_id=ChIJdYHAsyTmaC4RVZY4s045J6M","Grosir elektronik"
"Perdagangan elektronik bandung",,,"Pasar cikapundung lt 2","Kota Bandung","Jawa Barat","ID",,"+62 898-2154-471","Toko Elektronik",,,,,,,,,,"https://www.google.com/maps/search/?api=1&query=Perdagangan%20elektronik%20bandung&query_place_id=ChIJBZDeD0fnaC4RSlRQQQUkoiU","Toko Elektronik"
"Tridjaya Elektronik Cibaduyut","5","286","Jl. Cibaduyut Lama No.10","Kota Bandung","Jawa Barat","ID",,"","Toko Elektronik",,,,,,,,,,"https://www.google.com/maps/search/?api=1&query=Tridjaya%20Elektronik%20Cibaduyut&query_place_id=ChIJdRA0KgDpaC4RAJNiddlPAxA","Toko Elektronik"
"DUTA IRAMA, Electronic Components Supplier","4.6","46","Komplek Ruko Segitiga Mas, Jl. A. Yani No.221-223 Blok B-5","Kota Bandung","Jawa Barat","ID","https://www.tokopedia.com/archive-dewillow-bdg","+62 813-2289-9994","Pemasok Komponen Elektronik",,,,,,,,,,"https://www.google.com/maps/search/?api=1&query=DUTA%20IRAMA%2C%20Electronic%20Components%20Supplier&query_place_id=ChIJoTtRhM_naC4REV2snKxvVJA","Pemasok Komponen Elektronik"
"Sinar Terang Bandung","3.3","14","M-Square Apartemen, Kios Oval M-Square A106-A107, Jl. Cibaduyut No.142","Kota Bandung","Jawa Barat","ID","https://tk.tokopedia.com/ZSkGBjC7s/","+62 821-1000-2654","Toko Elektronik",,,,,,,,,,"https://www.google.com/maps/search/?api=1&query=Sinar%20Terang%20Bandung&query_place_id=ChIJ9SWw7kvpaC4RZi0DQP-12ws","Toko Elektronik"
"Toko Suryalaya","4.6","47","Komp. Banceuy Permai, Jl. ABC A No.60","Kota Bandung","Jawa Barat","ID",,"","Toko Elektronik",,,,,,,,,,"https://www.google.com/maps/search/?api=1&query=Toko%20Suryalaya&query_place_id=ChIJdXC2JiXmaC4RIWIbKBUkQFM","Toko Elektronik"
"KREDIT HP & ELEKTRONIK MURAH BANDUNG TIMUR","5","5","Jl. AH. Nasution No.12","Kota Bandung","Jawa Barat","ID","https://wa.me/6281312025405","+62 813-1202-5405","Toko Elektronik",,,,,,,,,,"https://www.google.com/maps/search/?api=1&query=KREDIT%20HP%20%26%20ELEKTRONIK%20MURAH%20BANDUNG%20TIMUR&query_place_id=ChIJndpfEAzDaC4Rk99O1Io_JnE","Toko Elektronik"
"Jual Beli TV Bandung (Bandung Elektronik)","4.2","37","Jl. Cakradireja No.197-18B","Kota Bandung","Jawa Barat","ID","https://www.instagram.com/jual_beli_tv_bandung?igsh=MWkzbXgxejl5aTFuNg==","+62 812-2255-5660","Perusahaan elektronik",,,,,,,,,,"https://www.google.com/maps/search/?api=1&query=Jual%20Beli%20TV%20Bandung%20(Bandung%20Elektronik)&query_place_id=ChIJJfDlRfznaC4RQQU5oW2PD6s","Perusahaan elektronik"
