"title","totalScore","reviewsCount","street","city","state","countryCode","website","phone","categories/0","categories/1","categories/2","categories/3","categories/4","categories/5","categories/6","categories/7","categories/8","categories/9","url","categoryName"
"Service audio mobil,service berbagai speaker","5","1","Jl jatihandap 118, gang aliyaqub No.rt05rw05","Kota Bandung","Jawa Barat","ID",,"+62 821-2909-3116","Toko Audio Mobil",,,,,,,,,,"https://www.google.com/maps/search/?api=1&query=Service%20audio%20mobil%2Cservice%20berbagai%20speaker&query_place_id=ChIJx61hDhLnaC4RfYZLy6EUGeI","Toko Audio Mobil"
"Toko Victory Electronic","4.6","103","Jl. Moch. Toha No.80 A","Kota Bandung","Jawa Barat","ID",,"+62 896-0895-1582","Toko Elektronik",,,,,,,,,,"https://www.google.com/maps/search/?api=1&query=Toko%20Victory%20Electronic&query_place_id=ChIJTXDDgpDoaC4RlogKYUYOxHA","Toko Elektronik"
"Audio mobil dan instalasi audio mobil bandung","4.5","2","Komplek mutiara bandung asri No.A5, RT.04/RW.06","Kota Bandung","Jawa Barat","ID",,"+62 821-1746-4987","Toko Audio Mobil",,,,,,,,,,"https://www.google.com/maps/search/?api=1&query=Audio%20mobil%20dan%20instalasi%20audio%20mobil%20bandung&query_place_id=ChIJdVSVYrDdaC4RwIpLQLcoap0","Toko Audio Mobil"
"Bengkel Service Radiator",,,"Jl. Jatihandap Timur No.4","Kota Bandung","Jawa Barat","ID",,"","Bengkel Mobil",,,,,,,,,,"https://www.google.com/maps/search/?api=1&query=Bengkel%20Service%20Radiator&query_place_id=ChIJ_58jZADnaC4RThFB3IC3V9o","Bengkel Mobil"
"Toko Laris Elektronik","4.4","228","Jl. Sukajadi No.104","Kota Bandung","Jawa Barat","ID","https://wa.me/6281222348886","+62 812-2234-8886","Toko Elektronik",,,,,,,,,,"https://www.google.com/maps/search/?api=1&query=Toko%20Laris%20Elektronik&query_place_id=ChIJOf6Fu2DmaC4RV5hTUDj9Cu0","Toko Elektronik"
"Bengkel Las Listrik Dadan",,,"4M67+4RJ, Jl. Sasak Batu","Kota Bandung","Jawa Barat","ID",,"","Bengkel Sepeda Motor",,,,,,,,,,"https://www.google.com/maps/search/?api=1&query=Bengkel%20Las%20Listrik%20Dadan&query_place_id=ChIJM3J8QwDnaC4RRnl3cIeRsEY","Bengkel Sepeda Motor"
"Bengkel las listrik Dadan","5","1","4M67+4RJ, Jl. Jatihandap Timur No.10A","Kota Bandung","Jawa Barat","ID",,"","Bengkel Sepeda Motor",,,,,,,,,,"https://www.google.com/maps/search/?api=1&query=Bengkel%20las%20listrik%20Dadan&query_place_id=ChIJ4T5yBADnaC4RKAlTQdOPDy4","Bengkel Sepeda Motor"
"Auto Brilliant Body & Paint","4.7","241","Jl. Cisaranten Kulon No.177","Kota Bandung","Jawa Barat","ID",,"+62 22 63750171","Bengkel Perbaikan Bodi Mobil",,,,,,,,,,"https://www.google.com/maps/search/?api=1&query=Auto%20Brilliant%20Body%20%26%20Paint&query_place_id=ChIJIz8fBEPoaC4RegpNLzLWmGI","Bengkel Perbaikan Bodi Mobil"
"Alat Soundsystem. sparepart Electronik murah & servic alat alat audio .Toko BSP Elctronik","4.7","34","Pasar Cikapundung, Lantai 2.Blok R.06, Jl. ABC","Kota Bandung","Jawa Barat","ID",,"+62 853-1919-7847","Toko Elektronik","Toko Audio Rumah",,,,,,,,,"https://www.google.com/maps/search/?api=1&query=Alat%20Soundsystem.%20sparepart%20Electronik%20murah%20%26%20servic%20alat%20alat%20audio%20.Toko%20BSP%20Elctronik&query_place_id=ChIJHVbXWiXmaC4R0sP46AyZTeE","Toko Elektronik"
"Ketok Magic Sedyo Utomo","4.7","42","Jl. AH. Nasution Gg. Andir Wetan No.8","Kota Bandung","Jawa Barat","ID",,"+62 813-2056-7702","Bengkel Ketok Magic",,,,,,,,,,"https://www.google.com/maps/search/?api=1&query=Ketok%20Magic%20Sedyo%20Utomo&query_place_id=ChIJnazwhC7daC4RF4wfZxjnNt4","Bengkel Ketok Magic"
"Bengkel las ketok cat duco",,,"bengkel, Jl. AH. Nasution Jl. Arcamanik No.303","Kota Bandung","Jawa Barat","ID",,"+62 878-0144-3838","Bengkel Mobil",,,,,,,,,,"https://www.google.com/maps/search/?api=1&query=Bengkel%20las%20ketok%20cat%20duco&query_place_id=ChIJ8QO5C-jdaC4RnmLJzXABY-U","Bengkel Mobil"
"Servis radiator Kurnia Blora","4.9","543","Jl. Khp Hasan Mustopa No.141","Kota Bandung","Jawa Barat","ID","https://serviceradiatorkurnia.biz.id/","+62 812-2280-0376","Bengkel Radiator Mobil",,,,,,,,,,"https://www.google.com/maps/search/?api=1&query=Servis%20radiator%20Kurnia%20Blora&query_place_id=ChIJXVsvzcTnaC4RJm4SdEhabeI","Bengkel Radiator Mobil"
"Bengkel las knalpot","4","1","Jl. AH. Nasution No.150","Kota Bandung","Jawa Barat","ID",,"+62 822-1169-0820","Bengkel Mobil",,,,,,,,,,"https://www.google.com/maps/search/?api=1&query=Bengkel%20las%20knalpot&query_place_id=ChIJBfmP2hDdaC4RqrW1dluV3QM","Bengkel Mobil"
"ASEP KNALPOT ( AK EXHAUST SYSTEM )","4.4","103","Jl. Moch Syahri No.1","Kota Bandung","Jawa Barat","ID",,"+62 821-1557-0278","Bengkel Mesin",,,,,,,,,,"https://www.google.com/maps/search/?api=1&query=ASEP%20KNALPOT%20(%20AK%20EXHAUST%20SYSTEM%20)&query_place_id=ChIJjSe0g4LdaC4RglrRlSDV6ZA","Bengkel Mesin"
"Bengkel mobil 24jam bandung","4","42","Jl. Cikutra No.203","Kota Bandung","Jawa Barat","ID","https://nalaktak-injection.com/","+62 821-3011-1207","Bengkel Mobil",,,,,,,,,,"https://www.google.com/maps/search/?api=1&query=Bengkel%20mobil%2024jam%20bandung&query_place_id=ChIJ8xFyNaLnaC4RnCe51Hvz2_I","Bengkel Mobil"
"Authorized Bodi & Cat Wicaksana - Bandung","4.9","913","Jl. Soekarno-Hatta No.849","Kota Bandung","Jawa Barat","ID",,"+62 22 63723458","Bengkel Perbaikan Bodi Mobil","Bengkel Perawatan Bodi Mobil",,,,,,,,,"https://www.google.com/maps/search/?api=1&query=Authorized%20Bodi%20%26%20Cat%20Wicaksana%20-%20Bandung&query_place_id=ChIJP_LStNrCaC4R1J0C1wNn4Rg","Bengkel Perbaikan Bodi Mobil"
"Las ketok mobil dan cat mobil panggilan",,,"Jl. Babakan Teureup","Kota Bandung","Jawa Barat","ID",,"+62 857-2439-0230","Bengkel Mobil",,,,,,,,,,"https://www.google.com/maps/search/?api=1&query=Las%20ketok%20mobil%20dan%20cat%20mobil%20panggilan&query_place_id=ChIJTSc1K8_daC4RcSuzngo_z54","Bengkel Mobil"
"Bengkel cat dan salon mobil bandung di (Denis Bodyrepair))","4.9","72","Jl. Cijambe No.1a","Kota Bandung","Jawa Barat","ID",,"+62 812-2285-0611","Bengkel Perbaikan Bodi Mobil",,,,,,,,,,"https://www.google.com/maps/search/?api=1&query=Bengkel%20cat%20dan%20salon%20mobil%20bandung%20di%20(Denis%20Bodyrepair))&query_place_id=ChIJVRQz0THpaC4RP3dSJvz0grA","Bengkel Perbaikan Bodi Mobil"
"Bengkel Cat Mobil & Las Mobil Bandung","4.7","18","Jl. Pawenang II No.3","Kota Bandung","Jawa Barat","ID","https://bengkelcatlasmobilbdg.blogspot.com/","+62 895-3740-75521","Bengkel Mobil",,,,,,,,,,"https://www.google.com/maps/search/?api=1&query=Bengkel%20Cat%20Mobil%20%26%20Las%20Mobil%20Bandung&query_place_id=ChIJx6QZCy3daC4RiInUNQUwU-4","Bengkel Mobil"
"EasyWare Electronics","4.5","205","Jalan Ahmad Yani. 238 Jaya Plaza, Lantai Dasar Blok F 02-03","Kota Bandung","Jawa Barat","ID",,"+62 899-0862-025","Toko Elektronik",,,,,,,,,,"https://www.google.com/maps/search/?api=1&query=EasyWare%20Electronics&query_place_id=ChIJv9jpD9LnaC4Rs30zeSJN3OM","Toko Elektronik"
"Jaya Agung Elektronik Bandung","4.5","131","Jl. Sudirman No.479","Kota Bandung","Jawa Barat","ID",,"+62 22 6017057","Toko Elektronik",,,,,,,,,,"https://www.google.com/maps/search/?api=1&query=Jaya%20Agung%20Elektronik%20Bandung&query_place_id=ChIJm6-EnhrmaC4R7FVh0w4Fky8","Toko Elektronik"
"Sinar Bahagia Electronic","4.6","170","Jl. A. Yani No.546","Kota Bandung","Jawa Barat","ID","https://linktr.ee/sinarbahagiaelectro","+62 853-1402-6226","Toko Elektronik","Grosir elektronik",,,,,,,,,"https://www.google.com/maps/search/?api=1&query=Sinar%20Bahagia%20Electronic&query_place_id=ChIJJ8caOcHnaC4Rb0C_4TCOmvM","Toko Elektronik"
"Bengkel Mobil 24Jam dan panggilan Bandung auto joint","4.8","208","Jl. Maleber Barat No.19","Kota Bandung","Jawa Barat","ID",,"+62 895-3335-63521","Bengkel Mobil",,,,,,,,,,"https://www.google.com/maps/search/?api=1&query=Bengkel%20Mobil%2024Jam%20dan%20panggilan%20Bandung%20auto%20joint&query_place_id=ChIJ5SexB9vlaC4ReoEUKvpfrSo","Bengkel Mobil"
"Berkah Jaya","5","1","3MVV+JQQ, Jl. Pasir Jati","Kota Bandung","Jawa Barat","ID",,"+62 857-2459-9501","Bengkel Mobil",,,,,,,,,,"https://www.google.com/maps/search/?api=1&query=Berkah%20Jaya&query_place_id=ChIJZ68IyD_daC4Ru2fN2o24onE","Bengkel Mobil"
"Bengkel mobil Jhon auto service","4.7","42","Jl. Lap. Radar Jl. Babakan Sari III No.814, RT.01/RW.09","Kota Bandung","Jawa Barat","ID",,"+62 813-2111-1250","Bengkel Mobil",,,,,,,,,,"https://www.google.com/maps/search/?api=1&query=Bengkel%20mobil%20Jhon%20auto%20service&query_place_id=ChIJw8NaPW3naC4R7OGCp91pdMs","Bengkel Mobil"
"Central Electronics","4.2","58","Jaya Plaza, Jl. A. Yani No.238 Blok B4, Basefloor","Kota Bandung","Jawa Barat","ID","https://www.tokopedia.com/celectro","+62 812-2484-965","Toko Elektronik",,,,,,,,,,"https://www.google.com/maps/search/?api=1&query=Central%20Electronics&query_place_id=ChIJ1XzscX7naC4RpLz0PGdHz2Y","Toko Elektronik"
"Toko elektronic angkasa bandung","4.5","14","Pasar Cikapundung Los N 19","Kota Bandung","Jawa Barat","ID",,"","Toko Elektronik",,,,,,,,,,"https://www.google.com/maps/search/?api=1&query=Toko%20elektronic%20angkasa%20bandung&query_place_id=ChIJIfdrSCXmaC4RnmZjtakmak4","Toko Elektronik"
"GUDANG SA ELEKTRONIK","5","1","Ruko Segitiga Mas Blok H 2","Kota Bandung","Jawa Barat","ID",,"","Pemasok Komponen Elektronik",,,,,,,,,,"https://www.google.com/maps/search/?api=1&query=GUDANG%20SA%20ELEKTRONIK&query_place_id=ChIJZ3e0agznaC4RdotJ0Kw3r_k","Pemasok Komponen Elektronik"
"Central Bandung Sparepart. Aksesories dan alat service","4.5","180","ITC Kebon Kalapa, Lt. 3 Blok A9. 6,7,8, Jl. Moch. Toha No.1","Kota Bandung","Jawa Barat","ID",,"+62 812-1830-7773","Toko Elektronik",,,,,,,,,,"https://www.google.com/maps/search/?api=1&query=Central%20Bandung%20Sparepart.%20Aksesories%20dan%20alat%20service&query_place_id=ChIJNaeuhJ3oaC4RByjpJAUpblw","Toko Elektronik"
"Yasa Elektronik","4.9","20","Jl. Margacinta No.165","Kota Bandung","Jawa Barat","ID",,"+62 821-1506-5506","Toko Elektronik",,,,,,,,,,"https://www.google.com/maps/search/?api=1&query=Yasa%20Elektronik&query_place_id=ChIJaY8J6UboaC4RgAc-7nPxho0","Toko Elektronik"
"Bengkel Las Ketok Magic Cat Duco LP Sukamiskin","4.5","29","Jl.Saharjo","Kota Bandung","Jawa Barat","ID",,"+62 852-2100-7622","Bengkel Mobil Antik",,,,,,,,,,"https://www.google.com/maps/search/?api=1&query=Bengkel%20Las%20Ketok%20Magic%20Cat%20Duco%20LP%20Sukamiskin&query_place_id=ChIJgzeJD17daC4RHI3InPvg7wk","Bengkel Mobil Antik"
"CNC Store Bandung","4.9","653","Komplek Jl. Soekarno-Hatta No.2 Blok AA, RW.3","Kota Bandung","Jawa Barat","ID","https://cncstorebandung.com/","+62 811-2077-027","Toko Elektronik","Pemasok Komponen Elektronik",,,,,,,,,"https://www.google.com/maps/search/?api=1&query=CNC%20Store%20Bandung&query_place_id=ChIJzWRKevXCaC4R7SHvIVVVPRw","Toko Elektronik"
"Sinar Restu Elektronik","4.3","20","Jl. Terusan Kiaracondong No.50","Kota Bandung","Jawa Barat","ID",,"+62 22 7562979","Toko Elektronik",,,,,,,,,,"https://www.google.com/maps/search/?api=1&query=Sinar%20Restu%20Elektronik&query_place_id=ChIJzeRxuUboaC4RDGpy_Q__l_g","Toko Elektronik"
"DUTA IRAMA, Electronic Components Supplier","4.6","46","Komplek Ruko Segitiga Mas, Jl. A. Yani No.221-223 Blok B-5","Kota Bandung","Jawa Barat","ID","https://www.tokopedia.com/archive-dewillow-bdg","+62 813-2289-9994","Pemasok Komponen Elektronik",,,,,,,,,,"https://www.google.com/maps/search/?api=1&query=DUTA%20IRAMA%2C%20Electronic%20Components%20Supplier&query_place_id=ChIJoTtRhM_naC4REV2snKxvVJA","Pemasok Komponen Elektronik"
"Sukses Jaya Elektronik","4.3","13","Jl. Subang No.55","Kota Bandung","Jawa Barat","ID",,"+62 852-2092-8260","Toko Elektronik",,,,,,,,,,"https://www.google.com/maps/search/?api=1&query=Sukses%20Jaya%20Elektronik&query_place_id=ChIJGZ5DQunnaC4Rz-B9nnHpBT0","Toko Elektronik"
"Sinarmaju Elektronics","4.7","1239","Jl. A. Yani No.308","Kota Bandung","Jawa Barat","ID","http://www.sinarmaju.co.id/","+62 877-0870-8128","Toko Elektronik","Toko Alat Dapur",,,,,,,,,"https://www.google.com/maps/search/?api=1&query=Sinarmaju%20Elektronics&query_place_id=ChIJbVSpmsXnaC4RDBJEtxpjx8w","Toko Elektronik"
"Log In Megastore ABC","4.4","7962","Jl. ABC No.44-46","Kota Bandung","Jawa Barat","ID","https://loginmegastore.com/","+62 815-7305-8888","Toko Elektronik",,,,,,,,,,"https://www.google.com/maps/search/?api=1&query=Log%20In%20Megastore%20ABC&query_place_id=ChIJu8tl2yTmaC4Raf4W6AOF3P8","Toko Elektronik"
"SUMBER AGUNG ELECTRONIC STORE","4.8","1477","Jl. ABC No.29 - 31","Bandung IT","Jawa Barat","ID",,"","Toko Elektronik",,,,,,,,,,"https://www.google.com/maps/search/?api=1&query=SUMBER%20AGUNG%20ELECTRONIC%20STORE&query_place_id=ChIJn_SGfjnnaC4RVVKSsXhyiUM","Toko Elektronik"
"Toko Anam Elektronik","4.7","274","Jl. Kb. Kembang No.3","Kota Bandung","Jawa Barat","ID","http://www.tokopedia.com/anam-elektronik","+62 22 4260998","Toko Alat Listrik","Pemasok Komponen Elektronik","Insinyur Teknik",,,,,,,,"https://www.google.com/maps/search/?api=1&query=Toko%20Anam%20Elektronik&query_place_id=ChIJUzG6cUXmaC4RGiun0LAjBGI","Toko Alat Listrik"
"Giri Knalpot","4","2","Jl. Dr. Setiabudi No.74","Kota Bandung","Jawa Barat","ID",,"+62 22 2031591","Toko Knalpot","Bengkel Mobil",,,,,,,,,"https://www.google.com/maps/search/?api=1&query=Giri%20Knalpot&query_place_id=ChIJCe_ZJ_PmaC4R092qnerMptQ","Toko Knalpot"
"Berkah Motor","4.6","70","Jl. Setra Indah No.30-40","Kota Bandung","Jawa Barat","ID",,"+62 821-1794-5253","Bengkel Mobil",,,,,,,,,,"https://www.google.com/maps/search/?api=1&query=Berkah%20Motor&query_place_id=ChIJ3d8k0ojmaC4RNQKfEYEF_h8","Bengkel Mobil"
"Cece Concept","5","2","4JM8+Q85","Kota Bandung","Jawa Barat","ID",,"+62 812-1435-8068","Bengkel Sepeda Motor",,,,,,,,,,"https://www.google.com/maps/search/?api=1&query=Cece%20Concept&query_place_id=ChIJwynNAMvnaC4RfdGY1_ht7eg","Bengkel Sepeda Motor"
"Toko Power Elektronik","4.4","23","Jl. Terusan Pasirkoja No.39","Kota Bandung","Jawa Barat","ID",,"","Toko Elektronik",,,,,,,,,,"https://www.google.com/maps/search/?api=1&query=Toko%20Power%20Elektronik&query_place_id=ChIJlVrdoh_maC4Rb6_sW_SgN94","Toko Elektronik"
"Bengkel aa las","5","1","Jl. Rereongan Sarupi No.46","Kota Bandung","Jawa Barat","ID",,"+62 853-1831-7979","Bengkel Sepeda Motor",,,,,,,,,,"https://www.google.com/maps/search/?api=1&query=Bengkel%20aa%20las&query_place_id=ChIJy0ARBe_naC4R-xzRYDpNSrE","Bengkel Sepeda Motor"
"NK JAYA KNALPOT","5","4",,"Kota Bandung","Jawa Barat","ID",,"","Bengkel Mobil",,,,,,,,,,"https://www.google.com/maps/search/?api=1&query=NK%20JAYA%20KNALPOT&query_place_id=ChIJl4jrTrfmaC4RuXQhLHexFpw","Bengkel Mobil"
"NS maticbox","4.3","43","Jl.Surapati No.235, Ruko Pusat Motor dan Elektronik (PME) No.1-2","Kota Bandung","Jawa Barat","ID",,"","Toko Suku Cadang Motor",,,,,,,,,,"https://www.google.com/maps/search/?api=1&query=NS%20maticbox&query_place_id=ChIJIXPLErDnaC4RTjKmbcDmtdU","Toko Suku Cadang Motor"
"Bengkel Custom",,,"3PX3+WV6, Jl. Cinangka","Kota Bandung","Jawa Barat","ID",,"+62 813-9399-9385","Bengkel Ketok Magic",,,,,,,,,,"https://www.google.com/maps/search/?api=1&query=Bengkel%20Custom&query_place_id=ChIJfd1VpcvdaC4RFX_FzhqPZYI","Bengkel Ketok Magic"
"Jaya Bor Bandung","5","4","Jl.Dr.DJungjunan Dalam 4, Pasteur, Belakang Griya Pasteur","Kota Bandung","Jawa Barat","ID",,"+62 821-1903-9442","Bengkel Mesin Diesel","Bengkel Bubut","Bengkel Mesin","Toko Peralatan Las",,,,,,,"https://www.google.com/maps/search/?api=1&query=Jaya%20Bor%20Bandung&query_place_id=ChIJvV6Yt3nnaC4Rses6Ghaajzs","Bengkel Mesin Diesel"
"Inti Health Store","4.5","282","Jl. Buah Batu No.263A","Kota Bandung","Jawa Barat","ID",,"+62 821-2023-3942","Toko Kesehatan dan Kecantikan",,,,,,,,,,"https://www.google.com/maps/search/?api=1&query=Inti%20Health%20Store&query_place_id=ChIJ16dMuGfoaC4RfYsc0pCVVWY","Toko Kesehatan dan Kecantikan"
"Body Press LOMBOK MOTOR Bandung","4.7","935","Jl. Lombok No.11 S","Kota Bandung","Jawa Barat","ID","http://lombokmotor.com/","+62 822-1497-7125","Bengkel Sepeda Motor",,,,,,,,,,"https://www.google.com/maps/search/?api=1&query=Body%20Press%20LOMBOK%20MOTOR%20Bandung&query_place_id=ChIJx9fdWTTmaC4R2yAlS8S8qzU","Bengkel Sepeda Motor"
"Bengkel Bubut Hadi Putera Dago","4.2","5","Jl. Tanjakan Elos No. 28, Kelurahan, RT.03/RW.01","Kota Bandung","Jawa Barat","ID","http://wa.me/6285864562867","+62 858-6456-2867","Bengkel Bubut",,,,,,,,,,"https://www.google.com/maps/search/?api=1&query=Bengkel%20Bubut%20Hadi%20Putera%20Dago&query_place_id=ChIJ3S053evnaC4RZoQDInw6AQU","Bengkel Bubut"
"Restorasi mobil",,,"Kp Jl. Mulyasari No.7, RT.07 rw18/RW.no.60","Kota Bandung","Jawa Barat","ID",,"+62 896-5576-4034","Bengkel Mobil",,,,,,,,,,"https://www.google.com/maps/search/?api=1&query=Restorasi%20mobil&query_place_id=ChIJDUtfT53naC4RUk69fIaXhoQ","Bengkel Mobil"
"Scooter KAPE-U","5","11","A Jl. Sidomukti No.308 No.308 A/L","Kota Bandung","Jawa Barat","ID",,"+62 812-2385-8688","Bengkel Sepeda Motor",,,,,,,,,,"https://www.google.com/maps/search/?api=1&query=Scooter%20KAPE-U&query_place_id=ChIJjcZOPa7naC4Rv_9SheDwx0Q","Bengkel Sepeda Motor"
"CBR Ritel Buahbatu","4.2","39","Jl. Buah Batu C No.151","Kota Bandung","Jawa Barat","ID","https://centralbandungraya.wordpress.com/sitemap/hubungi-kami/comment-page-1/","+62 22 7320936","Toko Perlengkapan Medis",,,,,,,,,,"https://www.google.com/maps/search/?api=1&query=CBR%20Ritel%20Buahbatu&query_place_id=ChIJV-wn1GLoaC4RSd89HGkkHdA","Toko Perlengkapan Medis"
"Praktik Mandiri drg Suzana Salam","5","1","Jl. Sawunggaling No.3","Kota Bandung","Jawa Barat","ID",,"","Dokter Gigi",,,,,,,,,,"https://www.google.com/maps/search/?api=1&query=Praktik%20Mandiri%20drg%20Suzana%20Salam&query_place_id=ChIJ_XqDOgDnaC4RZRobuaPJ548","Dokter Gigi"
"Toko Alkes","3.9","28","Jl. Pasir Kaliki No.239-B","Kota Bandung","Jawa Barat","ID",,"+62 822-1446-2386","Pemasok peralatan medis",,,,,,,,,,"https://www.google.com/maps/search/?api=1&query=Toko%20Alkes&query_place_id=ChIJG6IwgRXmaC4Ru3Oa6jeT3T0","Pemasok peralatan medis"
"Bengkel casis sasis","5","1","5H3X+RM5","Kota Bandung","Jawa Barat","ID",,"","Bengkel Bongkar Pasang Mesin",,,,,,,,,,"https://www.google.com/maps/search/?api=1&query=Bengkel%20casis%20sasis&query_place_id=ChIJeWACwj3haC4RxF144eXmzYg","Bengkel Bongkar Pasang Mesin"
"Bandung Sehat Abadi","4.9","9","Jl. Jati Indah 2 No.20","Kota Bandung","Jawa Barat","ID","https://sites.google.com/view/bandungsehatabadi","+62 812-2011-7100","Toko Perlengkapan Medis","Jasa Medis Lokal",,,,,,,,,"https://www.google.com/maps/search/?api=1&query=Bandung%20Sehat%20Abadi&query_place_id=ChIJM1JY-FbpaC4R4x8piu28HeQ","Toko Perlengkapan Medis"
"Casa Medika Dokter Umum & Dokter Gigi","3.8","24","Jl. Padasuka No.49","Kota Bandung","Jawa Barat","ID",,"","Dokter Gigi",,,,,,,,,,"https://www.google.com/maps/search/?api=1&query=Casa%20Medika%20Dokter%20Umum%20%26%20Dokter%20Gigi&query_place_id=ChIJafSkFJHnaC4RE7JZ7AJ7X5o","Dokter Gigi"
"Sunda Medical","4.5","10","Jl. Sunda No.64A","Kota Bandung","Jawa Barat","ID",,"+62 22 4237756","Pemasok peralatan medis","Pemasok peralatan oksigen",,,,,,,,,"https://www.google.com/maps/search/?api=1&query=Sunda%20Medical&query_place_id=ChIJTZHugC3maC4RuRCflO2m7bI","Pemasok peralatan medis"
"PT. Central Bandung Raya","4.2","160","Jl. Komodor Udara Supadio No.31","Kota Bandung","Jawa Barat","ID",,"+62 22 6014183","Pemasok peralatan medis",,,,,,,,,,"https://www.google.com/maps/search/?api=1&query=PT.%20Central%20Bandung%20Raya&query_place_id=ChIJ26OnQQ3maC4RKQB9RX3ofAw","Pemasok peralatan medis"
"Medicalogy Bandung Toko Alat Kesehatan","4.9","104","Jl. Ibrahim Adjie No.455","Kota Bandung","Jawa Barat","ID","http://www.medicalogy.com/","+62 895-3258-22096","Toko Perlengkapan Medis",,,,,,,,,,"https://www.google.com/maps/search/?api=1&query=Medicalogy%20Bandung%20Toko%20Alat%20Kesehatan&query_place_id=ChIJ5dc4TGTpaC4Re-OIZbC12J8","Toko Perlengkapan Medis"
"Sam Medical Pusat Alat Kesehatan","4.2","87","Jl. Pajajaran No.123 A","Kota Bandung","Jawa Barat","ID","http://www.sammedical.co.id/","+62 811-2225-123","Toko Perlengkapan Medis","Pemasok Peralatan Laboratorium","Pemasok peralatan medis","Pemasok peralatan oksigen",,,,,,,"https://www.google.com/maps/search/?api=1&query=Sam%20Medical%20Pusat%20Alat%20Kesehatan&query_place_id=ChIJUyvRvWzmaC4RoJZpIqKoj94","Toko Perlengkapan Medis"
"Mutiara Super Kitchen Ujungberung","4.3","4952","Jl. AH. Nasution No.35, RT.1/RW.1","Kota Bandung","Jawa Barat","ID",,"+62 815-8397-775","Toko Alat Dapur","Toko Mebel Dapur","Toko",,,,,,,,"https://www.google.com/maps/search/?api=1&query=Mutiara%20Super%20Kitchen%20Ujungberung&query_place_id=ChIJ61wafzjdaC4RdweJ5trCwAo","Toko Alat Dapur"
"Toko Aas Elektronic","4.6","19","Jl. Cipedes Tengah No.53","Kota Bandung","Jawa Barat","ID",,"+62 877-2236-3738","Toko Elektronik",,,,,,,,,,"https://www.google.com/maps/search/?api=1&query=Toko%20Aas%20Elektronic&query_place_id=ChIJBWDOEWLmaC4RAIjBHTZ-g4o","Toko Elektronik"
"Toko Sakura Medical","4.2","275","Jl. Pajajaran No.15","Kota Bandung","Jawa Barat","ID","http://www.sakuramedical.id/","+62 22 4235708","Toko Perlengkapan Medis","Toko Pasokan Peralatan Gigi","Pemasok Peralatan Laboratorium","Pemasok peralatan ilmiah",,,,,,,"https://www.google.com/maps/search/?api=1&query=Toko%20Sakura%20Medical&query_place_id=ChIJYVlqekfmaC4R0xq56GBXkt0","Toko Perlengkapan Medis"
"Klinik Pratama Sehat Mandiri (Dokter Umum, Dokter Gigi, Apotek)","4.8","103","Jl. Abdul Rahman Saleh No.23","Kota Bandung","Jawa Barat","ID","https://pratamasehatmandiri.id/","+62 811-1012-6909","Dokter Umum","Klinik Gigi","Dokter","Apotek",,,,,,,"https://www.google.com/maps/search/?api=1&query=Klinik%20Pratama%20Sehat%20Mandiri%20(Dokter%20Umum%2C%20Dokter%20Gigi%2C%20Apotek)&query_place_id=ChIJM3rDvnLmaC4RNC54LHaghIk","Dokter Umum"
"Praktik Mandiri Terapis Gigi dan Mulut",,,"Jl. Riung Arum Barat 1 No.77","Kota Bandung","Jawa Barat","ID",,"","Klinik Gigi",,,,,,,,,,"https://www.google.com/maps/search/?api=1&query=Praktik%20Mandiri%20Terapis%20Gigi%20dan%20Mulut&query_place_id=ChIJz4_eOKjDaC4RdCOhVyakYYM","Klinik Gigi"
"NATAMA MEDIKA (Praktik Mandiri Dokter Gigi)","4.9","305","Jl. Raya Panyileukan Komp. Bumi Panyileukan Blok G 9 kav 15","Kota Bandung","Jawa Barat","ID","https://wa.me/qr/YJDVL7WNLXOHK1","","Dokter Gigi",,,,,,,,,,"https://www.google.com/maps/search/?api=1&query=NATAMA%20MEDIKA%20(Praktik%20Mandiri%20Dokter%20Gigi)&query_place_id=ChIJ1dmpq1bDaC4RonzNwFkNXsM","Dokter Gigi"
"CBR Ritel Sanggar Hurip","4.5","15","Jl. Sanggar Kencana Utama No.39C","Kota Bandung","Jawa Barat","ID",,"+62 22 7313224","Toko Perlengkapan Medis",,,,,,,,,,"https://www.google.com/maps/search/?api=1&query=CBR%20Ritel%20Sanggar%20Hurip&query_place_id=ChIJ71EkFx3oaC4RkYYk65LNtLI","Toko Perlengkapan Medis"
"Toko Kesehatan","3.7","3","3MHC+F6V","Kota Bandung","Jawa Barat","ID",,"+62 859-5625-2002","Toko Obat-Obatan Herbal",,,,,,,,,,"https://www.google.com/maps/search/?api=1&query=Toko%20Kesehatan&query_place_id=ChIJTUguRvTdaC4RAiKK_LLz_KU","Toko Obat-Obatan Herbal"
"Toko Alat Kesehatan Lampung Medika","4.2","79","Jl. AH. Nasution No.373","Kota Bandung","Jawa Barat","ID",,"+62 815-4811-1382","Pemasok Alat Bantu Jalan","Pemasok peralatan oksigen",,,,,,,,,"https://www.google.com/maps/search/?api=1&query=Toko%20Alat%20Kesehatan%20Lampung%20Medika&query_place_id=ChIJCXtNZSzdaC4RbiG1_QjtvZs","Pemasok Alat Bantu Jalan"
"PRAKTIK MANDIRI TERAPIS GIGI DAN MULUT SUSI PURWATI AMKG KOTA BANDUNG","5","14","Komp.Griya Asri, Jl. Ulil Albab No.2","Kota Bandung","Jawa Barat","ID",,"+62 821-2837-8250","Klinik Gigi",,,,,,,,,,"https://www.google.com/maps/search/?api=1&query=PRAKTIK%20MANDIRI%20TERAPIS%20GIGI%20DAN%20MULUT%20SUSI%20PURWATI%20AMKG%20KOTA%20BANDUNG&query_place_id=ChIJ4XGM9zzDaC4RS2Zp3m03VVs","Klinik Gigi"
"Istana Medika","4.7","7","Rajawali Plaza, Jalan Rajawali Timur.27, Komplek Ruko No.48","Kota Bandung","Jawa Barat","ID","http://istanamedika.com/","+62 821-2604-6749","Toko Perlengkapan Medis",,,,,,,,,,"https://www.google.com/maps/search/?api=1&query=Istana%20Medika&query_place_id=ChIJV0DYVBDmaC4R2VAm96HI_TM","Toko Perlengkapan Medis"
"Praktek Mandiri Drg Paula Ariotejo","5","3","Ruko Cluster Pesona, Jl. Kosar","Kota Bandung","Jawa Barat","ID",,"+62 881-5875-070","Dokter Gigi",,,,,,,,,,"https://www.google.com/maps/search/?api=1&query=Praktek%20Mandiri%20Drg%20Paula%20Ariotejo&query_place_id=ChIJ53zUWi3daC4RJbHmgjHwef8","Dokter Gigi"
"Radhit Modifikasi","5","5","Parahyangan Village No.A1","Kabupaten Bandung","Jawa Barat","ID",,"+62 813-1717-8418","Toko Motorsport",,,,,,,,,,"https://www.google.com/maps/search/?api=1&query=Radhit%20Modifikasi&query_place_id=ChIJjT4DNyTnaC4RQMbonDqOn2k","Toko Motorsport"
"Griyakami Homecare","4.9","150","Jl. Brantas No.7","Kota Bandung","Jawa Barat","ID","https://www.griyakami.co.id/","+62 811-2072-416","Layanan Kesehatan di Rumah","Agen Persewaan Peralatan","Pemasok peralatan medis","Toko Perlengkapan Medis","Pemasok Alat Bantu Jalan","Pemasok peralatan oksigen","Layanan penyewaan kursi roda","Reparasi Kursi Roda","Toko Kursi Roda",,"https://www.google.com/maps/search/?api=1&query=Griyakami%20Homecare&query_place_id=ChIJ3QTZb8rnaC4RSJsYFbKNo1s","Layanan Kesehatan di Rumah"
"ACEP PURWA KNALPOT","4.9","192","Jl.Gegerkalong Hilir No.116 Sukarasa Kecamatan sukasari kelurahan Gegerkalong, RT.006/RW.04","Kota Bandung","Jawa Barat","ID",,"+62 812-2252-3677","Bengkel Mobil",,,,,,,,,,"https://www.google.com/maps/search/?api=1&query=ACEP%20PURWA%20KNALPOT&query_place_id=ChIJ4x9Q-sjnaC4RpriAhlN_c8U","Bengkel Mobil"
"Ditech Injection","4.6","879","Jl. Cipedes Tengah No.196","Kota Bandung","Jawa Barat","ID","https://www.ditechinjection.com/","+62 22 2011428","Bengkel Mobil",,,,,,,,,,"https://www.google.com/maps/search/?api=1&query=Ditech%20Injection&query_place_id=ChIJ4f6uaY7maC4RgxKGEIeACo8","Bengkel Mobil"
"HDC (Praktek Mandiri drg.Hilma)","5","390","Jl. Sukamaju No.47, RT.:03/RW.:05","Kota Bandung","Jawa Barat","ID","https://www.instagram.com/reel/C130xhSxbdz/?igsh=MWE3YnV4MTBuMnRpYg==","+62 821-2342-8340","Dokter Gigi",,,,,,,,,,"https://www.google.com/maps/search/?api=1&query=HDC%20(Praktek%20Mandiri%20drg.Hilma)&query_place_id=ChIJ6V5tvfPdaC4RFu8KBtCArzc","Dokter Gigi"
"Ady Water","4.9","230","Jl. Raya Mande No.26","Kabupaten Bandung","Jawa Barat","ID","http://distributorpasirsilika.com/","+62 812-2165-4304","Pemasok pasir dan kerikil",,,,,,,,,,"https://www.google.com/maps/search/?api=1&query=Ady%20Water&query_place_id=ChIJ06epQnzdaC4R9znvAQnNVe0","Pemasok pasir dan kerikil"
"Praktik Dokter Gigi Cikutra Bandung","4.6","12","Jl. Cikutra No.168c","Kota Bandung","Jawa Barat","ID","https://bit.ly/35SnVdY","+62 811-2108-828","Klinik Gigi",,,,,,,,,,"https://www.google.com/maps/search/?api=1&query=Praktik%20Dokter%20Gigi%20Cikutra%20Bandung&query_place_id=ChIJAw__lernaC4REOORgCQZie8","Klinik Gigi"
"Inti Medika Store | Pusat Alat Kesehatan Kedokteran","4.8","1028","Jl. Sudirman No.693","Kota Bandung","Jawa Barat","ID","https://www.tokopedia.com/intimedikabdg","+62 822-888-693","Toko Perlengkapan Medis","Layanan E-Niaga",,,,,,,,,"https://www.google.com/maps/search/?api=1&query=Inti%20Medika%20Store%20%7C%20Pusat%20Alat%20Kesehatan%20Kedokteran&query_place_id=ChIJX1VtPAjmaC4R8SsNmps2lK4","Toko Perlengkapan Medis"
"IDOY BENGKEL","4.8","33","Jl. Dr. Djunjunan No.180","Kota Bandung","Jawa Barat","ID",,"+62 882-0028-34541","Bengkel Mobil","Bengkel Perbaikan Bodi Mobil",,,,,,,,,"https://www.google.com/maps/search/?api=1&query=IDOY%20BENGKEL&query_place_id=ChIJSXYaTGfnaC4Ro5kZPFDEVIA","Bengkel Mobil"
"NPR Auto Bengkel Mobil & Motor",,,"Jl. Dr. Djunjunan","Kota Bandung","Jawa Barat","ID",,"+62 882-0028-34541","Bengkel Mobil","Bengkel Perbaikan Bodi Mobil",,,,,,,,,"https://www.google.com/maps/search/?api=1&query=NPR%20Auto%20Bengkel%20Mobil%20%26%20Motor&query_place_id=ChIJw349o5HnaC4RVnW4hK242RA","Bengkel Mobil"
"Las Karbit mobil motor",,,"4HCP+PR4, Jl. Prof. Dr. Sutami","Kota Bandung","Jawa Barat","ID",,"","Bengkel Mobil",,,,,,,,,,"https://www.google.com/maps/search/?api=1&query=Las%20Karbit%20mobil%20motor&query_place_id=ChIJ_bWxNgDnaC4RGuZ8W1pHa9E","Bengkel Mobil"
"SINAR INDAH KOSAMBI","4.2","453","Jl. A. Yani No.198","Kota Bandung","Jawa Barat","ID","https://sites.google.com/view/kosambielektronik","+62 858-7232-3363","Toko Elektronik",,,,,,,,,,"https://www.google.com/maps/search/?api=1&query=SINAR%20INDAH%20KOSAMBI&query_place_id=ChIJvS1E5tLnaC4RhK1NeBaLprE","Toko Elektronik"
"Inti Medical Bandung","4.5","660","139-141 Ruko, Jl. Dulatip Jl. Suniaraja No.A3","Kota Bandung","Jawa Barat","ID","https://www.tokopedia.com/intimedikabdg","+62 813-9944-0688","Toko Perlengkapan Medis",,,,,,,,,,"https://www.google.com/maps/search/?api=1&query=Inti%20Medical%20Bandung&query_place_id=ChIJRZ94kjzmaC4RpkD9_N42xPM","Toko Perlengkapan Medis"
"Sederhana Electronic","4.8","13","Jl. Jurang No.2","Kota Bandung","Jawa Barat","ID",,"+62 857-9347-5109","Toko Elektronik",,,,,,,,,,"https://www.google.com/maps/search/?api=1&query=Sederhana%20Electronic&query_place_id=ChIJi_sXT17maC4R4FDrnoeLykw","Toko Elektronik"
"Warung Service Bemper, Cat Body","4.4","14","3JXX+98J Sebrang auto 2000, Jl. Khp Hasan Mustopa","Kota Bandung","Jawa Barat","ID",,"+62 819-1015-3678","Bengkel Mobil",,,,,,,,,,"https://www.google.com/maps/search/?api=1&query=Warung%20Service%20Bemper%2C%20Cat%20Body&query_place_id=ChIJ7Yk5CxDnaC4RCfvMqKTjiQQ","Bengkel Mobil"
"DENTISCA (Praktek Mandiri drg.Nadia Amanda)","5","121","Jl. Pamekar Bar. X No.3","Kota Bandung","Jawa Barat","ID","http://instagram.com/dentisca.id","+62 813-2022-1166","Klinik Gigi",,,,,,,,,,"https://www.google.com/maps/search/?api=1&query=DENTISCA%20(Praktek%20Mandiri%20drg.Nadia%20Amanda)&query_place_id=ChIJmf7J2yXDaC4RreOP4nXbqGE","Klinik Gigi"
"MMP speed",,,"Kp Sekejulang, RT.01/RW.02","Kota Bandung","Jawa Barat","ID",,"+62 831-3132-2021","Bengkel Sepeda Motor",,,,,,,,,,"https://www.google.com/maps/search/?api=1&query=MMP%20speed&query_place_id=ChIJESZokDTnaC4RdM2Qyg3nM0s","Bengkel Sepeda Motor"
"PRAKTIK MANDIRI TERAPIS GIGI DAN MULUT NURHADI","5","21","Jl. Terusan Panyileukan Gg. Darussalam Blok P Kav, RT./RW/RW.05/09","Kota Bandung","Jawa Barat","ID",,"+62 811-2244-376","Klinik Gigi",,,,,,,,,,"https://www.google.com/maps/search/?api=1&query=PRAKTIK%20MANDIRI%20TERAPIS%20GIGI%20DAN%20MULUT%20NURHADI&query_place_id=ChIJZXKhtZHDaC4Rjw9OwnIhlo0","Klinik Gigi"
"Sun Electronic Bandung","4.5","331","Jl. ABC No.10","Kota Bandung","Jawa Barat","ID","https://www.tokopedia.com/sun-electronic?source=universe&st=product","+62 811-1112-0972","Toko Elektronik",,,,,,,,,,"https://www.google.com/maps/search/?api=1&query=Sun%20Electronic%20Bandung&query_place_id=ChIJv7v-tiTmaC4RXbe3TaPGhHs","Toko Elektronik"
"Bengkel Las Ketok&Cat Pak Ace","5","3","4JMC+M6J, Jl. Citra Green","Kota Bandung","Jawa Barat","ID",,"","Bengkel Mobil",,,,,,,,,,"https://www.google.com/maps/search/?api=1&query=Bengkel%20Las%20Ketok%26Cat%20Pak%20Ace&query_place_id=ChIJDzrOMT7naC4R-jZlFdznugw","Bengkel Mobil"
"Bengkel Las Cinta","5","1","Jl. Jemb. Cinta No.48","Kota Bandung","Jawa Barat","ID",,"+62 22 92089827","Bengkel Mobil",,,,,,,,,,"https://www.google.com/maps/search/?api=1&query=Bengkel%20Las%20Cinta&query_place_id=ChIJo7--5UTmaC4RdR9glnCYmXE","Bengkel Mobil"
"Bengkel Bubut Mang Jana Sparepart Motor Custom","5","9","Jalan Terusan Cicabe No.94b, RT.3/RW.6","Kota Bandung","Jawa Barat","ID",,"+62 813-3102-9304","Bengkel Bubut",,,,,,,,,,"https://www.google.com/maps/search/?api=1&query=Bengkel%20Bubut%20Mang%20Jana%20Sparepart%20Motor%20Custom&query_place_id=ChIJtYWed2znaC4RJMZFkDjG-x8","Bengkel Bubut"
"Bengkel Knalpot (RADAR KNALPOT)","4.6","100","Jl. Khp Hasan Mustopa No.129","Kota Bandung","Jawa Barat","ID",,"+62 813-2090-2299","Toko Knalpot",,,,,,,,,,"https://www.google.com/maps/search/?api=1&query=Bengkel%20Knalpot%20(RADAR%20KNALPOT)&query_place_id=ChIJD8Jjf5bnaC4R-DJ4RDGAKvc","Toko Knalpot"
"Praktek Mandiri Terapis Gigi dan Mulut Resti Lestari AmKg","5","27","Jl. Cinambo Indah No.17","Kota Bandung","Jawa Barat","ID",,"+62 899-7939-015","Klinik Gigi",,,,,,,,,,"https://www.google.com/maps/search/?api=1&query=Praktek%20Mandiri%20Terapis%20Gigi%20dan%20Mulut%20Resti%20Lestari%20AmKg&query_place_id=ChIJ01ICg8fdaC4Rli6lKozbhmw","Klinik Gigi"
"Gamo Cat Oven & Body Repair","4.7","162","Jl. Cihampelas No.92","Kota Bandung","Jawa Barat","ID",,"+62 22 2032066","Bengkel Mobil",,,,,,,,,,"https://www.google.com/maps/search/?api=1&query=Gamo%20Cat%20Oven%20%26%20Body%20Repair&query_place_id=ChIJ_8NeYFvmaC4RmfgwVYiEKRY","Bengkel Mobil"
"Bengkel Las Pak Tata","4.3","4","4HGV+PR7, Jl. Budiasih","Kota Bandung","Jawa Barat","ID",,"+62 812-2172-7945","Bengkel Mobil",,,,,,,,,,"https://www.google.com/maps/search/?api=1&query=Bengkel%20Las%20Pak%20Tata&query_place_id=ChIJO1jGnpPmaC4RY_efKGNMjYY","Bengkel Mobil"
"Bengkel 28dr","4.6","14","3MVM+G4R","Kota Bandung","Jawa Barat","ID",,"+62 813-9506-2515","Bengkel Sepeda Motor",,,,,,,,,,"https://www.google.com/maps/search/?api=1&query=Bengkel%2028dr&query_place_id=ChIJPcc9jUvdaC4R2F1OnWbZUWk","Bengkel Sepeda Motor"
"Las Karbit MDQ Saputra","4.9","32","4J6G+F6P, Jl. Sadang Serang","Kota Bandung","Jawa Barat","ID",,"+62 852-2005-3698","Bengkel Mobil","Bengkel Sepeda Motor",,,,,,,,,"https://www.google.com/maps/search/?api=1&query=Las%20Karbit%20MDQ%20Saputra&query_place_id=ChIJrU-9S6rnaC4RS01MWI2KeLk","Bengkel Mobil"
"Gearsecond Bandung - Modifikasi dan Repair Speedometer","5","575","Jl. Kiara Sari Utama I Jl. Margacinta No.24","Kota Bandung","Jawa Barat","ID",,"+62 813-1777-3044","Bengkel Sepeda Motor","Toko perawatan otomotif",,,,,,,,,"https://www.google.com/maps/search/?api=1&query=Gearsecond%20Bandung%20-%20Modifikasi%20dan%20Repair%20Speedometer&query_place_id=ChIJcUV23vDpaC4Rvd3uzv7Hzng","Bengkel Sepeda Motor"
"Bengkel Las Subur Jaya","5","2","Jl. Sersan Bajuri No.93","Kota Bandung","Jawa Barat","ID",,"","Jasa Konstruksi dan Bangunan",,,,,,,,,,"https://www.google.com/maps/search/?api=1&query=Bengkel%20Las%20Subur%20Jaya&query_place_id=ChIJJ6X_eg7naC4R9ExnJCfJGgE","Jasa Konstruksi dan Bangunan"
"Bartech","4.8","41","4HPQ+72C, Jl. Pak Gatot Raya","Kota Bandung","Jawa Barat","ID",,"+62 811-2225-080","Bengkel Mobil",,,,,,,,,,"https://www.google.com/maps/search/?api=1&query=Bartech&query_place_id=ChIJs0xn57zmaC4RnF9qBqaNjQw","Bengkel Mobil"
"DOKTER SUSPENSION CICAHEUM","4.8","241","Jl. A. Yani No.640","Kota Bandung","Jawa Barat","ID","https://doktersuspension.taplink.bio/","+62 851-7441-1640","Bengkel Sepeda Motor",,,,,,,,,,"https://www.google.com/maps/search/?api=1&query=DOKTER%20SUSPENSION%20CICAHEUM&query_place_id=ChIJc0InWnXnaC4RbEufJjJ8_2o","Bengkel Sepeda Motor"
"JOKER Variasi + Modifikasi motor Bandung. Rek BCA: . . . . 0176. a/n. Andre Wiguna (selain nama ini palsu).","4.2","321","Jl. Sukamaju No.45","Kota Bandung","Jawa Barat","ID",,"+62 813-2030-8008","Bengkel Sepeda Motor",,,,,,,,,,"https://www.google.com/maps/search/?api=1&query=JOKER%20Variasi%20%2B%20Modifikasi%20motor%20Bandung.%20Rek%20BCA%3A%20.%20.%20.%20.%200176.%20a%2Fn.%20Andre%20Wiguna%20(selain%20nama%20ini%20palsu).&query_place_id=ChIJXSmEs1_maC4R2ld7SxZ8fck","Bengkel Sepeda Motor"
"Bengkel 48 Motor","4.6","45","Jl. Trs Pesantren V No.76","Kota Bandung","Jawa Barat","ID",,"+62 813-2033-8033","Bengkel Mobil",,,,,,,,,,"https://www.google.com/maps/search/?api=1&query=Bengkel%2048%20Motor&query_place_id=ChIJl-7_RVvdaC4RXCBh5ZxMDpQ","Bengkel Mobil"
"Bengkel custom bandung,Hillbilly Motorworks","5","10","Jalan moch.toha gang aki afandi rt 07/05, RT.07/05/RW.no 36","Kota Bandung","Jawa Barat","ID",,"+62 881-3005-942","Bengkel Sepeda Motor",,,,,,,,,,"https://www.google.com/maps/search/?api=1&query=Bengkel%20custom%20bandung%2CHillbilly%20Motorworks&query_place_id=ChIJA_hWKJPpaC4Rs2tVeOlfCFs","Bengkel Sepeda Motor"
"Hartono Bandung","5","6202","Jl. Diponegoro No.2","Kota Bandung","Jawa Barat","ID","http://www.myhartono.com/","+62 31 7321212","Toko Elektronik",,,,,,,,,,"https://www.google.com/maps/search/?api=1&query=Hartono%20Bandung&query_place_id=ChIJ72pzqqXnaC4RiwngV5XlHkQ","Toko Elektronik"
"Motorcustom.bdg (dealer & workshop)","4.8","98","3PP7+3FF, jl puri asih","Kota Bandung","Jawa Barat","ID",,"+62 896-6242-3355","Bengkel Sepeda Motor",,,,,,,,,,"https://www.google.com/maps/search/?api=1&query=Motorcustom.bdg%20(dealer%20%26%20workshop)&query_place_id=ChIJwam473_daC4RE3aEDu6fPpQ","Bengkel Sepeda Motor"
"Cat ketok duco ( Abah Huis )","4.5","17","Jln Tamansari atas, dpn No.32","Kota Bandung","Jawa Barat","ID",,"+62 853-2024-7535","Bengkel Perbaikan Bodi Mobil",,,,,,,,,,"https://www.google.com/maps/search/?api=1&query=Cat%20ketok%20duco%20(%20Abah%20Huis%20)&query_place_id=ChIJ1Xv7r8PnaC4RSCNi0m8mbjE","Bengkel Perbaikan Bodi Mobil"
"Bengkel Custom all motorcycle,build,repair,restoration,painting and all","5","2","Jl. Nuansa Valley Regency No.48 blok C","Kota Bandung","Jawa Barat","ID",,"+62 812-2340-0992","Bengkel Sepeda Motor",,,,,,,,,,"https://www.google.com/maps/search/?api=1&query=Bengkel%20Custom%20all%20motorcycle%2Cbuild%2Crepair%2Crestoration%2Cpainting%20and%20all&query_place_id=ChIJ7RDAyYbdaC4REjRK241r8I4","Bengkel Sepeda Motor"
"Bengkel Cat Mobil Inline","4.7","96","Jalan Palad Jaya Raya. 41, Jl. Cikutra Baru VI No.41","Kota Bandung","Jawa Barat","ID",,"+62 822-1627-3600","Bengkel Perbaikan Bodi Mobil",,,,,,,,,,"https://www.google.com/maps/search/?api=1&query=Bengkel%20Cat%20Mobil%20Inline&query_place_id=ChIJU6wtE67naC4Rdyn60yejr_A","Bengkel Perbaikan Bodi Mobil"
"BENGKEL LAS TAAMWELDSERVICE","5","8","Dekat, Jl. Tubagus Ismail No.57e","Kota Bandung","Jawa Barat","ID","https://www.instagram.com/taamweldservice?igsh=aG8wcTYwbGVmaWg1","+62 877-6461-4094","Bengkel Mobil",,,,,,,,,,"https://www.google.com/maps/search/?api=1&query=BENGKEL%20LAS%20TAAMWELDSERVICE&query_place_id=ChIJyVGFWwDnaC4RKzAhZDYgRpY","Bengkel Mobil"
"Setiabudi Garage","4.8","33","Jl. Cipaganti Permai No.3","Kota Bandung","Jawa Barat","ID",,"+62 877-5297-3621","Bengkel Perbaikan Bodi Mobil","Pengecatan Mobil","Bengkel Perawatan Bodi Mobil","Bengkel Mobil","Bengkel Fiberglass",,,,,,"https://www.google.com/maps/search/?api=1&query=Setiabudi%20Garage&query_place_id=ChIJzbTO6VnnaC4R-4YPLuMlI1U","Bengkel Perbaikan Bodi Mobil"
"Bengkel Las Mobil & Motor",,,"4J6G+P2P, Jl. Sadang Serang","Kota Bandung","Jawa Barat","ID",,"","Bengkel Mobil",,,,,,,,,,"https://www.google.com/maps/search/?api=1&query=Bengkel%20Las%20Mobil%20%26%20Motor&query_place_id=ChIJ7R4VTKrnaC4Rpc8y7wBKg-k","Bengkel Mobil"
"Praktek Dokter Gigi","3.3","6","Jl. Bekamin No.18","Kota Bandung","Jawa Barat","ID",,"+62 22 7230425","Dokter Gigi",,,,,,,,,,"https://www.google.com/maps/search/?api=1&query=Praktek%20Dokter%20Gigi&query_place_id=ChIJMbmJJ7znaC4R5Aq5T2AxlnI","Dokter Gigi"
"Yasashii Garage (Motorcycle Custom)","4.9","13","Jl. Sribentang No.33, RT./RW/RW.03/02","Kota Bandung","Jawa Barat","ID","https://shope.ee/5KoZaKWFcJ","+62 815-6263-217","Bengkel Sepeda Motor",,,,,,,,,,"https://www.google.com/maps/search/?api=1&query=Yasashii%20Garage%20(Motorcycle%20Custom)&query_place_id=ChIJ7TNlOIbpaC4R-ERh0Bav_iA","Bengkel Sepeda Motor"
"BENGKEL AC MOBIL & BENGKEL MOBIL , GANTI OLIE ,TUNE- UP Dll SEGALA MEREK EROPHA, JEPANG & KOREA "" JAYA OIL"" BISA DI PANGGIL","4.7","49","Jl. Singa Perbangsa No.1 50","Kota Bandung","Jawa Barat","ID","https://sites.google.com/view/servicemobilnos/home","+62 812-2066-2253","Bengkel Mobil",,,,,,,,,,"https://www.google.com/maps/search/?api=1&query=BENGKEL%20AC%20MOBIL%20%26%20BENGKEL%20MOBIL%20%2C%20GANTI%20OLIE%20%2CTUNE-%20UP%20Dll%20SEGALA%20MEREK%20EROPHA%2C%20JEPANG%20%26%20KOREA%20%22%20JAYA%20OIL%22%20BISA%20DI%20PANGGIL&query_place_id=ChIJOR8mFgDnaC4RVOV3DfPii0Y","Bengkel Mobil"
"Toko elektronik",,,"Jl. A. Yani No.296","Kota Bandung","Jawa Barat","ID",,"+62 851-9973-5861","Toko",,,,,,,,,,"https://www.google.com/maps/search/?api=1&query=Toko%20elektronik&query_place_id=ChIJcRxyRDLnaC4RG-AE7keLNEk","Toko"
"Roemah Elektronik Bandung Jual Beli TV, Kulkas, Speaker, dll baru dan bekas","4","69","Dekat Mall Festival Citylink atau, Jl. Sukamulya No. 2, Kopo Kecamatan Bojongloa Kaler","Kota Bandung","Jawa Barat","ID","https://wa.me/62895396539100?text=Halo!","+62 895-3965-39100","Toko Elektronik",,,,,,,,,,"https://www.google.com/maps/search/?api=1&query=Roemah%20Elektronik%20Bandung%20Jual%20Beli%20TV%2C%20Kulkas%2C%20Speaker%2C%20dll%20baru%20dan%20bekas&query_place_id=ChIJrRo7AVrpaC4RBYZWWzQ2T68","Toko Elektronik"
"MWhite Dental Clinic Bandung - Klinik Dokter Gigi Spesialis - Dokter Gigi Anak Pasteur Kota Bandung","5","88","Jl. Sampurna No.29","Kota Bandung","Jawa Barat","ID","http://mwhiteclinic.id/","+62 812-2351-4390","Klinik Gigi","Dokter Gigi Kosmetik","Dokter Spesialis Periodontis Implan Gigi","Agen Asuransi Gigi","Radiologi Gigi","Dokter Gigi","Layanan pemutihan gigi",,,,"https://www.google.com/maps/search/?api=1&query=MWhite%20Dental%20Clinic%20Bandung%20-%20Klinik%20Dokter%20Gigi%20Spesialis%20-%20Dokter%20Gigi%20Anak%20Pasteur%20Kota%20Bandung&query_place_id=ChIJh4KrW17maC4RaoHTHO_E5uM","Klinik Gigi"
"ID Custom 19","5","3","Jl. Cigiringsing, RT.03/RW.03","Kota Bandung","Jawa Barat","ID",,"+62 851-1740-8184","Toko Suku Cadang Motor",,,,,,,,,,"https://www.google.com/maps/search/?api=1&query=ID%20Custom%2019&query_place_id=ChIJKcTRMtDnaC4ROqXBwKtDxN4","Toko Suku Cadang Motor"
"Modifikasi Garasi 81","4.9","17","Jl. Cikutra Barat No.81","Kota Bandung","Jawa Barat","ID",,"+62 888-9117-202","Bengkel Sepeda Motor",,,,,,,,,,"https://www.google.com/maps/search/?api=1&query=Modifikasi%20Garasi%2081&query_place_id=ChIJYRwe2q7naC4ROaE3RlgB0Cc","Bengkel Sepeda Motor"
"Bengkel T-ras custom tanto","4.9","21","Jl. Babakan Sari No.211a","Kota Bandung","Jawa Barat","ID",,"+62 812-2232-2284","Bengkel Sepeda Motor",,,,,,,,,,"https://www.google.com/maps/search/?api=1&query=Bengkel%20T-ras%20custom%20tanto&query_place_id=ChIJD3tlsPnnaC4RyGdwPzG2DFQ","Bengkel Sepeda Motor"
"Bengkel las ketok duco and sparepart lodaya","5","3","Bengkel riky depan seikiri, Jl. Lodaya No.61","Kota Bandung","Jawa Barat","ID",,"+62 812-2352-1399","Bengkel Mobil",,,,,,,,,,"https://www.google.com/maps/search/?api=1&query=Bengkel%20las%20ketok%20duco%20and%20sparepart%20lodaya&query_place_id=ChIJyXExmTTpaC4RW8IrCemq-mk","Bengkel Mobil"
"Bengkel Motor dan Las Abah Surip","4.8","64","Jl. Maleer Utara No.97","Kota Bandung","Jawa Barat","ID",,"+62 881-0227-14755","Montir","Jasa Pernikahan",,,,,,,,,"https://www.google.com/maps/search/?api=1&query=Bengkel%20Motor%20dan%20Las%20Abah%20Surip&query_place_id=ChIJVT97VqPnaC4RIrUoEOAvNGo","Montir"
"TP GARAGE KNALPOT","4.7","34","Jl. Margacinta No.420","Kota Bandung","Jawa Barat","ID",,"+62 895-3347-24094","Bengkel Mobil",,,,,,,,,,"https://www.google.com/maps/search/?api=1&query=TP%20GARAGE%20KNALPOT&query_place_id=ChIJtXjTUdHpaC4RRQZtbLW7V_Y","Bengkel Mobil"
"Dr.CVT performance Spesialis CVT Racing & Harian","5","106","Jl. A. Yani No.640","Kota Bandung","Jawa Barat","ID","https://wa.me/6285174372096","+62 851-7437-2096","Bengkel Sepeda Motor","Toko Motor Elektrik","Bengkel Bubut","Bengkel Motor Skuter","Dealer Sepeda Motor","Toko Suku Cadang Motor","Toko Motorsport","Grosir",,,"https://www.google.com/maps/search/?api=1&query=Dr.CVT%20performance%20Spesialis%20CVT%20Racing%20%26%20Harian&query_place_id=ChIJSaDCTAPnaC4R4eqDfOPQ3Kk","Bengkel Sepeda Motor"
"dnf motorworks","4.6","25","Jl. Siliwangi No.31 A","Kota Bandung","Jawa Barat","ID",,"","Bengkel Sepeda Motor",,,,,,,,,,"https://www.google.com/maps/search/?api=1&query=dnf%20motorworks&query_place_id=ChIJ--mVCSvnaC4REHLnkv28YtQ","Bengkel Sepeda Motor"
"Gumz Customz Motorcycle,bengkel custom bandung","4.7","79","Jl. Propelat Tim. I komp.permata rancasawo No.B1","Kota Bandung","Jawa Barat","ID",,"","Bengkel Sepeda Motor",,,,,,,,,,"https://www.google.com/maps/search/?api=1&query=Gumz%20Customz%20Motorcycle%2Cbengkel%20custom%20bandung&query_place_id=ChIJWeJ1R53CaC4RZxjXryGZWLQ","Bengkel Sepeda Motor"
"Bandung Parts dba Mogeparts","4.6","32","Jl. Terusan Karang Tineung No.19","Kota Bandung","Jawa Barat","ID","https://www.tokopedia.com/mogepartsbandung","+62 813-2071-7999","Toko Sepeda Motor","Dealer Harley-Davidson",,,,,,,,,"https://www.google.com/maps/search/?api=1&query=Bandung%20Parts%20dba%20Mogeparts&query_place_id=ChIJ8QgDuojmaC4RUD_JJO3pegI","Toko Sepeda Motor"
"AI Carbon - Custom your favourite thing with carbon",,,"Gg. Sukawarna II No.11 a","Kota Bandung","Jawa Barat","ID",,"+62 821-3055-1585","Toko Suku Cadang Motor",,,,,,,,,,"https://www.google.com/maps/search/?api=1&query=AI%20Carbon%20-%20Custom%20your%20favourite%20thing%20with%20carbon&query_place_id=ChIJ16G2fWPnaC4Rq_hs_N0RrJk","Toko Suku Cadang Motor"
"DISINIADASETANG (Jasa Roll Pipa & Bengkel Motor Custom )","5","5","Jl. Khp Hasan Mustopa No.46","Kota Bandung","Jawa Barat","ID",,"+62 895-6330-77543","Bengkel Sepeda Motor",,,,,,,,,,"https://www.google.com/maps/search/?api=1&query=DISINIADASETANG%20(Jasa%20Roll%20Pipa%20%26%20Bengkel%20Motor%20Custom%20)&query_place_id=ChIJBUEqHgDnaC4RXovIASM4DYQ","Bengkel Sepeda Motor"
"Bengkel garasi 81 custom concept","5","1","Jl. Palintang No.18-73, RT.07/RW.06","Kota Bandung","Jawa Barat","ID",,"","Bengkel Sepeda Motor",,,,,,,,,,"https://www.google.com/maps/search/?api=1&query=Bengkel%20garasi%2081%20custom%20concept&query_place_id=ChIJNxWrph_daC4Rcv064QgWbw4","Bengkel Sepeda Motor"
"Bengkel Cat Mobil ( Body Repair) Sumarsana Motor Bandung","4.5","18","Jl. Gudang Utara No.29 A","Kota Bandung","Jawa Barat","ID","https://bengkelbodyrepair.com/","+62 813-2069-9777","Bengkel Perbaikan Bodi Mobil","Bengkel Mobil",,,,,,,,,"https://www.google.com/maps/search/?api=1&query=Bengkel%20Cat%20Mobil%20(%20Body%20Repair)%20Sumarsana%20Motor%20Bandung&query_place_id=ChIJ__pA7c3naC4Rkej2hyCuurM","Bengkel Perbaikan Bodi Mobil"
"Bengkel Las Modifikasi Moge Costums","5","3","3HJM+9J2, Jl. Nawawi","Kota Bandung","Jawa Barat","ID",,"+62 878-2999-6599","Bengkel Bongkar Pasang Mesin",,,,,,,,,,"https://www.google.com/maps/search/?api=1&query=Bengkel%20Las%20Modifikasi%20Moge%20Costums&query_place_id=ChIJqaufYwXmaC4RLQiE7VWeTic","Bengkel Bongkar Pasang Mesin"
"Alamanda Dental Care-Dokter gigi anak Henri Hartman,drg.Sp.KGA & Dokter Gigi Prostodonsia-Wenny Awalia,drg.Sp.Prost","4.8","47","Alamanda F80, Jl. Tubagus Ismail","Kota Bandung","Jawa Barat","ID","http://sigigianak.blogspot.com/","+62 813-1271-8403","Dokter Gigi Anak","Dokter Gigi","Pusat Layanan Gigi Palsu","Spesialis Prostodonsia",,,,,,,"https://www.google.com/maps/search/?api=1&query=Alamanda%20Dental%20Care-Dokter%20gigi%20anak%20Henri%20Hartman%2Cdrg.Sp.KGA%20%26%20Dokter%20Gigi%20Prostodonsia-Wenny%20Awalia%2Cdrg.Sp.Prost&query_place_id=ChIJPS2SHqvnaC4Rtt3z9crvXIk","Dokter Gigi Anak"
"Las Karbit Abah PSM","5","1","3JCW+6JH, Jl. PSM","Kota Bandung","Jawa Barat","ID",,"","Bengkel Sepeda Motor",,,,,,,,,,"https://www.google.com/maps/search/?api=1&query=Las%20Karbit%20Abah%20PSM&query_place_id=ChIJVXsdOgDpaC4RYoc2qyTUDPE","Bengkel Sepeda Motor"
"Karapitan Jaya Knalpot","5","7","Jl. Emong No.1B","Kota Bandung","Jawa Barat","ID",,"+62 821-1529-5379","Toko Knalpot","Tukang Las",,,,,,,,,"https://www.google.com/maps/search/?api=1&query=Karapitan%20Jaya%20Knalpot&query_place_id=ChIJ0YYUsSvmaC4RkikfhXSz8Kc","Toko Knalpot"
"BENGKEL LAS KNALPOT REMUS","4.9","36","Jl. Soekarno-Hatta No.535","Kota Bandung","Jawa Barat","ID",,"","Bengkel Mobil",,,,,,,,,,"https://www.google.com/maps/search/?api=1&query=BENGKEL%20LAS%20KNALPOT%20REMUS&query_place_id=ChIJS7lbO2joaC4Rs2oR6T4L2mo","Bengkel Mobil"
"Toko Elektronik","4.6","69","Jl. ABC No.43","Kota Bandung","Jawa Barat","ID","https://www.tokopedia.com/abcmegaria","+62 811-223-599","Toko Elektronik",,,,,,,,,,"https://www.google.com/maps/search/?api=1&query=Toko%20Elektronik&query_place_id=ChIJ1a-OV3fnaC4RDG8l9VPhL44","Toko Elektronik"
"Zebra knalpot","5","12","Jl. Sadakeling No.12 B","Kota Bandung","Jawa Barat","ID",,"+62 896-0402-4427","Toko Knalpot",,,,,,,,,,"https://www.google.com/maps/search/?api=1&query=Zebra%20knalpot&query_place_id=ChIJKW6l1YHoaC4RLxbQ5TXMBTA","Toko Knalpot"
"Bengkel Mobil Arfi Motor","4.2","6","Jl. Turangga no 100","Kota Bandung","Jawa Barat","ID",,"+62 22 7315980","Bengkel Mobil",,,,,,,,,,"https://www.google.com/maps/search/?api=1&query=Bengkel%20Mobil%20Arfi%20Motor&query_place_id=ChIJqUT1znHpaC4RMlPRfc5enEM","Bengkel Mobil"
"Anugerah Toko Parts Mesin Cuci","5","3","Ps. Cikapundung Elektrik Center, Jl. ABC B No.16","Kota Bandung","Jawa Barat","ID",,"+62 831-6482-9815","Toko Elektronik",,,,,,,,,,"https://www.google.com/maps/search/?api=1&query=Anugerah%20Toko%20Parts%20Mesin%20Cuci&query_place_id=ChIJKafLYwDnaC4Rnbzbbbl_ANI","Toko Elektronik"
"Pedro Custom","4.7","13","Jl. Jenderal Ahmad Yani","Kota Bandung","Jawa Barat","ID",,"+62 812-1008-9081","Bengkel Jok Kursi Mobil",,,,,,,,,,"https://www.google.com/maps/search/?api=1&query=Pedro%20Custom&query_place_id=ChIJ2cFMUeLnaC4RNcbMth7vo8g","Bengkel Jok Kursi Mobil"
"Medikids Dago Bandung | Klinik Gigi Spesialis, Vaksin Anak & Keluarga","5","1796","Jl. Ir. H. Juanda No.50","Kota Bandung","Jawa Barat","ID","https://mhdc.co.id/","+62 811-8505-531","Klinik Gigi",,,,,,,,,,"https://www.google.com/maps/search/?api=1&query=Medikids%20Dago%20Bandung%20%7C%20Klinik%20Gigi%20Spesialis%2C%20Vaksin%20Anak%20%26%20Keluarga&query_place_id=ChIJRXGTLNfnaC4RMFnQNvLLZ7o","Klinik Gigi"
"Arnez De Lourdes Sentosa","4.8","23","Jl. Kebon Jati No.41","Kabupaten Bandung Barat","Jawa Barat","ID","http://www.inezamedika.com/","+62 821-1552-443","Toko",,,,,,,,,,"https://www.google.com/maps/search/?api=1&query=Arnez%20De%20Lourdes%20Sentosa&query_place_id=ChIJT3SuHD3maC4RtgX9R9XEK5k","Toko"
"Ajank Motor","4.3","12","no 1, Jl. Salendro Raya","Kota Bandung","Jawa Barat","ID",,"+62 812-9035-4082","Bengkel Ketok Magic",,,,,,,,,,"https://www.google.com/maps/search/?api=1&query=Ajank%20Motor&query_place_id=ChIJQVyz4G_oaC4Rti7JdehFxhE","Bengkel Ketok Magic"
"Bengkel AC Mobil Aqila","4.9","236","Jl. Leuwi Panjang No.70","Kota Bandung","Jawa Barat","ID",,"+62 812-2015-6088","Bengkel Mobil",,,,,,,,,,"https://www.google.com/maps/search/?api=1&query=Bengkel%20AC%20Mobil%20Aqila&query_place_id=ChIJ91qBCr3oaC4RNTBjqqtkP-g","Bengkel Mobil"
"Las Ketok","2","1","Jl. Sriwijaya No.22","Kota Bandung","Jawa Barat","ID",,"+62 851-0136-2936","Bengkel Mobil","Bengkel Perbaikan Bodi Mobil",,,,,,,,,"https://www.google.com/maps/search/?api=1&query=Las%20Ketok&query_place_id=ChIJz_tJdY_oaC4RRohpsKzxzsY","Bengkel Mobil"
"Delta Knalpot","3.9","37","Jl. Sadakeling No.1","Kota Bandung","Jawa Barat","ID",,"+62 22 7320155","Bengkel Mobil",,,,,,,,,,"https://www.google.com/maps/search/?api=1&query=Delta%20Knalpot&query_place_id=ChIJJdCi2oHoaC4RxW2eXOZ4W8g","Bengkel Mobil"
"Dnr Custom Hnalpot Motor","1","1","4J39+J4W, Jl. Singa Perbangsa","Kota Bandung","Jawa Barat","ID",,"","Bengkel Mobil",,,,,,,,,,"https://www.google.com/maps/search/?api=1&query=Dnr%20Custom%20Hnalpot%20Motor&query_place_id=ChIJXXsnZlLmaC4RPnKXqbkzndk","Bengkel Mobil"
"Garage Pasteur","4.9","12",,"Kota Bandung","Jawa Barat","ID",,"+62 821-1997-9568","Bengkel Bongkar Pasang Mesin",,,,,,,,,,"https://www.google.com/maps/search/?api=1&query=Garage%20Pasteur&query_place_id=ChIJR7aakNTnaC4RXwc3Tcmy4ZI","Bengkel Bongkar Pasang Mesin"
"Bengkel Cat Mobil Dadang Cs Motor","4.7","40","Jl. Karasak No.110 B","Kota Bandung","Jawa Barat","ID",,"+62 853-2113-2684","Bengkel Mobil",,,,,,,,,,"https://www.google.com/maps/search/?api=1&query=Bengkel%20Cat%20Mobil%20Dadang%20Cs%20Motor&query_place_id=ChIJOUywsuzoaC4R-OER1UTMUcU","Bengkel Mobil"
"Toko Pada Mulia","4.5","71","Jl. Belakang Pasar No.83","Kota Bandung","Jawa Barat","ID",,"+62 22 4204854","Grosir Produk Kebersihan","Grosir Perlengkapan Rumah Tangga",,,,,,,,,"https://www.google.com/maps/search/?api=1&query=Toko%20Pada%20Mulia&query_place_id=ChIJiUb1mU_naC4RBLP4_gCXy48","Grosir Produk Kebersihan"
"Ebelz Motorcycle/Car Repainting and Service","5","11","Jl. Cirapuhan, RT.07/RW.01","Kota Bandung","Jawa Barat","ID",,"+62 858-6091-0496","Mekanik Bagian Luar Mobil",,,,,,,,,,"https://www.google.com/maps/search/?api=1&query=Ebelz%20Motorcycle%2FCar%20Repainting%20and%20Service&query_place_id=ChIJz3LDb6jnaC4RI_hG7l-eLBw","Mekanik Bagian Luar Mobil"
"Sangkan Hurip Motor","4.3","155","Jl. Raya Derwati No.83","Kota Bandung","Jawa Barat","ID",,"+62 857-7777-1178","Bengkel Sepeda Motor",,,,,,,,,,"https://www.google.com/maps/search/?api=1&query=Sangkan%20Hurip%20Motor&query_place_id=ChIJQ-daTYjCaC4RwgWV2JcL1Bg","Bengkel Sepeda Motor"
"Bengkel Bubut Kasih Abadi","5","6","Jl. Bahagia Permai ll No.62","Kota Bandung","Jawa Barat","ID",,"+62 851-0070-7191","Bengkel Sepeda Motor",,,,,,,,,,"https://www.google.com/maps/search/?api=1&query=Bengkel%20Bubut%20Kasih%20Abadi&query_place_id=ChIJR0XaozjoaC4RMv4fgU1F5HY","Bengkel Sepeda Motor"
"Naripan Body Repair dan Paint","4.5","22","Jl. Sriwijaya No.3","Kota Bandung","Jawa Barat","ID","http://www.naripanmotor.com/body-repair-and-oven-painting","+62 895-3772-65511","Bengkel Perbaikan Bodi Mobil",,,,,,,,,,"https://www.google.com/maps/search/?api=1&query=Naripan%20Body%20Repair%20dan%20Paint&query_place_id=ChIJDQbzBI3oaC4RCoj9DwBm4tM","Bengkel Perbaikan Bodi Mobil"
"Bengkel Las HD","4.4","8","3MF9+8C7, Jl. Parakan Saat","Kota Bandung","Jawa Barat","ID",,"+62 813-2101-6751","Bengkel Mesin Diesel",,,,,,,,,,"https://www.google.com/maps/search/?api=1&query=Bengkel%20Las%20HD&query_place_id=ChIJXb2cHADoaC4RvArNlb5uDQs","Bengkel Mesin Diesel"
"Automaster Bengkel Antapani","4.3","1326","Jl. Terusan Jakarta No.118","Kota Bandung","Jawa Barat","ID","http://www.automasterbengkel.id/","+62 22 71520001","Bengkel Mobil","Tempat Pencucian Mobil",,,,,,,,,"https://www.google.com/maps/search/?api=1&query=Automaster%20Bengkel%20Antapani&query_place_id=ChIJTzZ8Ou7naC4RXDR4IkFM8rc","Bengkel Mobil"
"OtoXpert Bandung Peta - Bengkel Mobil Kota Bandung Terdekat Servis AC Ganti Oli Aki Ban Rem Tune Up Servis Berkala Spooring","4.9","686","Jl. Peta No.42","Kota Bandung","Jawa Barat","ID","https://wa.link/qeilr6","+62 21 80678378","Bengkel Mobil","Bengkel Tune Up","Bengkel Rem","Toko Aki Mobil","Jasa perbaikan mesin","Bengkel Ganti Oli","Jasa Balancing Roda",,,,"https://www.google.com/maps/search/?api=1&query=OtoXpert%20Bandung%20Peta%20-%20Bengkel%20Mobil%20Kota%20Bandung%20Terdekat%20Servis%20AC%20Ganti%20Oli%20Aki%20Ban%20Rem%20Tune%20Up%20Servis%20Berkala%20Spooring&query_place_id=ChIJ_xLH3nnpaC4RxTH8qVqCjDc","Bengkel Mobil"
"Younx's Variasi","4.6","50","Jl. Pajajaran No.99","Kota Bandung","Jawa Barat","ID","http://younxvariasi.blogspot.com/","+62 22 6013247","Toko Aksesori Mobil","Bengkel Mobil","Toko Audio Mobil",,,,,,,,"https://www.google.com/maps/search/?api=1&query=Younx's%20Variasi&query_place_id=ChIJDbH0QGvmaC4RXvj62YM-Co8","Toko Aksesori Mobil"
"Bengkel Las/Tralis Pak Awan","5","1","Pasar Besi Jatayu, Jl. Komud Supadio Bandung","Kota Bandung","Jawa Barat","ID",,"","Bengkel Bongkar Pasang Mesin",,,,,,,,,,"https://www.google.com/maps/search/?api=1&query=Bengkel%20Las%2FTralis%20Pak%20Awan&query_place_id=ChIJqTE1UwDnaC4R5-OGyBEq9k4","Bengkel Bongkar Pasang Mesin"
"service radiator panggilan","4.9","123","Jl. Banteng Kecil Jl. Lodaya No.25","Kota Bandung","Jawa Barat","ID",,"+62 822-1830-6352","Bengkel Radiator",,,,,,,,,,"https://www.google.com/maps/search/?api=1&query=service%20radiator%20panggilan&query_place_id=ChIJvYl4_b3naC4RP9_VpWAngMk","Bengkel Radiator"
"VOLTUS Knalpot","5","120","Jl Ciwastra.189, Ruko Jl. Kelapadua No.8","Kota Bandung","Jawa Barat","ID",,"+62 822-1131-1454","Bengkel Mobil",,,,,,,,,,"https://www.google.com/maps/search/?api=1&query=VOLTUS%20Knalpot&query_place_id=ChIJf4hD9XjpaC4RbbzvDZtkIRk","Bengkel Mobil"
"Bengkel Sinar Alami bengkel mobil, motor, las dan tambal ban","5","1","Jl. Sindangsari No.48","Kota Bandung","Jawa Barat","ID",,"+62 878-2593-9796","Bengkel Mobil",,,,,,,,,,"https://www.google.com/maps/search/?api=1&query=Bengkel%20Sinar%20Alami%20bengkel%20mobil%2C%20motor%2C%20las%20dan%20tambal%20ban&query_place_id=ChIJaYmnyaXdaC4RztSQ_lyeAfc","Bengkel Mobil"
"Las ketok panggilan",,,"3HRP+JM7","Kota Bandung","Jawa Barat","ID",,"","Bengkel Mobil",,,,,,,,,,"https://www.google.com/maps/search/?api=1&query=Las%20ketok%20panggilan&query_place_id=ChIJ7eCb5STnaC4RMinf1DW6jnQ","Bengkel Mobil"
"Arlene body care ( body repair bandung )","5","7","Jl. Parakan Saat No.51","Kota Bandung","Jawa Barat","ID",,"+62 878-2049-5777","Mekanik Bagian Luar Mobil",,,,,,,,,,"https://www.google.com/maps/search/?api=1&query=Arlene%20body%20care%20(%20body%20repair%20bandung%20)&query_place_id=ChIJQXWfBx7paC4RfdRCxO7pFbg","Mekanik Bagian Luar Mobil"
"Bengkel Las & Cat Duco",,,"Jl. Peta No.113","Kota Bandung","Jawa Barat","ID",,"","Bengkel Mobil",,,,,,,,,,"https://www.google.com/maps/search/?api=1&query=Bengkel%20Las%20%26%20Cat%20Duco&query_place_id=ChIJy10x6qLoaC4RB_nyFSec9K8","Bengkel Mobil"
"Bengkel Pa Didi","4.7","3","Jl. Cisaranten Wetan No.23","Kota Bandung","Jawa Barat","ID",,"+62 851-0049-3756","Bengkel Mobil",,,,,,,,,,"https://www.google.com/maps/search/?api=1&query=Bengkel%20Pa%20Didi&query_place_id=ChIJExOylnLDaC4RSzBBW2aJSG8","Bengkel Mobil"
"Bengkel Las Knalpot ""Berkah Knalpot Fajar""","4.8","30","Jl. Terusan Jakarta No.171","Kota Bandung","Jawa Barat","ID",,"+62 858-7142-3186","Bengkel Mobil",,,,,,,,,,"https://www.google.com/maps/search/?api=1&query=Bengkel%20Las%20Knalpot%20%22Berkah%20Knalpot%20Fajar%22&query_place_id=ChIJ6YdaQNLnaC4RjkGHfqaltw8","Bengkel Mobil"
"Zavi Bengkel/Las Motor","5","1","3JVP+3P6","Kota Bandung","Jawa Barat","ID",,"+62 822-2983-2040","Bengkel Sepeda Motor",,,,,,,,,,"https://www.google.com/maps/search/?api=1&query=Zavi%20Bengkel%2FLas%20Motor&query_place_id=ChIJN7G-HwDnaC4RwYl4lFkqEFw","Bengkel Sepeda Motor"
"Las Knalpot Motor","4.8","40","Jl. Karapitan No.29","Kota Bandung","Jawa Barat","ID",,"+62 895-4057-00412","Bengkel Sepeda Motor",,,,,,,,,,"https://www.google.com/maps/search/?api=1&query=Las%20Knalpot%20Motor&query_place_id=ChIJt_uAwl7naC4R0Q7xUWrFjLQ","Bengkel Sepeda Motor"
"DD AUTO Service - Repaint Velg mobil dan Motor","4.7","31","Jl. Ciwastra No.145","Kota Bandung","Jawa Barat","ID","https://servisvelg.com/","+62 813-2273-2414","Bengkel Sepeda Motor",,,,,,,,,,"https://www.google.com/maps/search/?api=1&query=DD%20AUTO%20Service%20-%20Repaint%20Velg%20mobil%20dan%20Motor&query_place_id=ChIJS8JmvzroaC4RUa8wsaVsRAw","Bengkel Sepeda Motor"
"Las Karbit Mdq","3.6","5","3H2Q+R7H, Jl. Raya Kopo","Kota Bandung","Jawa Barat","ID",,"+62 812-2167-7160","Bengkel Mobil",,,,,,,,,,"https://www.google.com/maps/search/?api=1&query=Las%20Karbit%20Mdq&query_place_id=ChIJIbjaRLjoaC4RVabDhGy7Kh8","Bengkel Mobil"
"Bengkel Ketok Magic Barokah","5","21","Jl. Rumah Sakit No.133","Kota Bandung","Jawa Barat","ID",,"+62 813-1240-1515","Montir",,,,,,,,,,"https://www.google.com/maps/search/?api=1&query=Bengkel%20Ketok%20Magic%20Barokah&query_place_id=ChIJXUX6U23DaC4Rt96hBj8StL4","Montir"
"Arnez De Lourdes Grosir Alat Kesehatan","5","3","Jl. Sukaraja No.109","Kota Bandung","Jawa Barat","ID",,"","Pemasok peralatan medis",,,,,,,,,,"https://www.google.com/maps/search/?api=1&query=Arnez%20De%20Lourdes%20Grosir%20Alat%20Kesehatan&query_place_id=ChIJKWnwlvDlaC4RYlPR_nk1DBQ","Pemasok peralatan medis"
"Bengkel Ketok Cat Arie","4.8","20","Jl. Karasak No.35","Kota Bandung","Jawa Barat","ID",,"+62 813-1297-1113","Bengkel Ketok Magic",,,,,,,,,,"https://www.google.com/maps/search/?api=1&query=Bengkel%20Ketok%20Cat%20Arie&query_place_id=ChIJZRImVOvoaC4Rrwwv4rwHtpw","Bengkel Ketok Magic"
"Rumah Alkes Arcamanik","4.7","12","3MGH+7R6","Kota Bandung","Jawa Barat","ID","https://www.instagram.com/rumahalkes.arcamanik?igsh=ZTduenk2Y2t5emgy&utm_source=qr","+62 898-9513-546","Pemasok peralatan medis",,,,,,,,,,"https://www.google.com/maps/search/?api=1&query=Rumah%20Alkes%20Arcamanik&query_place_id=ChIJhebMZADdaC4R-8VLd2PWuCs","Pemasok peralatan medis"
"Inti Medical Store","4.9","69","Jl. Sederhana No.63","Kota Bandung","Jawa Barat","ID","http://www.intihealthstore.com/","+62 821-2000-6093","Toko",,,,,,,,,,"https://www.google.com/maps/search/?api=1&query=Inti%20Medical%20Store&query_place_id=ChIJq3S_C17maC4R8i-Y5lZnVcc","Toko"
"Bengkel Las Ketok rrcs",,,"kebonkalapa blakang lapas Banceuy nomor 1A, RT.004/RW.002","Kota Bandung","Jawa Barat","ID",,"","Bengkel Perbaikan Bodi Mobil",,,,,,,,,,"https://www.google.com/maps/search/?api=1&query=Bengkel%20Las%20Ketok%20rrcs&query_place_id=ChIJ5RGAKb3paC4RqkXa1gOJgGs","Bengkel Perbaikan Bodi Mobil"
"Servis Dinamo","4.2","54","Awal, Jl. Buah Batu No.2","Kota Bandung","Jawa Barat","ID",,"","Bengkel Mobil",,,,,,,,,,"https://www.google.com/maps/search/?api=1&query=Servis%20Dinamo&query_place_id=ChIJm4XkMIfoaC4RC-_24j50nug","Bengkel Mobil"
"KETOK MAGIC ADEJAYA BLITAR Body Repair & Paint","4.5","15","Jl. Cijagra No.69","Kota Bandung","Jawa Barat","ID",,"+62 896-8748-1547","Pengecatan Mobil",,,,,,,,,,"https://www.google.com/maps/search/?api=1&query=KETOK%20MAGIC%20ADEJAYA%20BLITAR%20Body%20Repair%20%26%20Paint&query_place_id=ChIJg5HvZrbpaC4RkJdRS7LGheE","Pengecatan Mobil"
"ian bengkel velk, las aluminium, kuningan","3.3","4","Jl. Pajagalan No.85","Kota Bandung","Jawa Barat","ID",,"+62 838-7830-4545","Tukang Las",,,,,,,,,,"https://www.google.com/maps/search/?api=1&query=ian%20bengkel%20velk%2C%20las%20aluminium%2C%20kuningan&query_place_id=ChIJ2aYzPbXnaC4R-2cswd5v5bk","Tukang Las"
"Buana Raya Knalpot 19","4.7","26","Jl. Sadakeling No.19","Kota Bandung","Jawa Barat","ID",,"+62 851-7159-0616","Toko Knalpot",,,,,,,,,,"https://www.google.com/maps/search/?api=1&query=Buana%20Raya%20Knalpot%2019&query_place_id=ChIJb0YzMrzpaC4Re9NA2QTYZXQ","Toko Knalpot"
"Press Body Dyan Motor","4.9","273",,"Kota Bandung","Jawa Barat","ID",,"+62 817-2314-115","Bengkel Sepeda Motor","Bengkel Ketok Magic",,,,,,,,,"https://www.google.com/maps/search/?api=1&query=Press%20Body%20Dyan%20Motor&query_place_id=ChIJB_qlCKbCaC4RFB-6c7tnNqY","Bengkel Sepeda Motor"
"BENGKEL MOBIL 89","4.7","19","Jl. Margacinta No.89a","Kota Bandung","Jawa Barat","ID",,"+62 822-1497-4789","Bengkel Mobil",,,,,,,,,,"https://www.google.com/maps/search/?api=1&query=BENGKEL%20MOBIL%2089&query_place_id=ChIJvVt5GzDpaC4RH-n3yo6u3lY","Bengkel Mobil"
"Cipta Jaya","4.6","32","Jl. Terusan Pasirkoja No.144","Kota Bandung","Jawa Barat","ID","https://www.instagram.com/cjo.id/","+62 851-5966-2545","Bengkel Mobil",,,,,,,,,,"https://www.google.com/maps/search/?api=1&query=Cipta%20Jaya&query_place_id=ChIJK1OO6BzmaC4RUqHbiehZTsk","Bengkel Mobil"
"Bengkel Pengecatan Mobil Paspud","5","1","Jl. Parakan Saat No.2","Kota Bandung","Jawa Barat","ID",,"+62 815-6011-611","Bengkel Mobil",,,,,,,,,,"https://www.google.com/maps/search/?api=1&query=Bengkel%20Pengecatan%20Mobil%20Paspud&query_place_id=ChIJ6ahso6fCaC4RNJr-eT38Iqc","Bengkel Mobil"
"JAYA KNALPOT","5","3","Jl. Raya Kopo No.263","Kota Bandung","Jawa Barat","ID",,"","Bengkel Mobil",,,,,,,,,,"https://www.google.com/maps/search/?api=1&query=JAYA%20KNALPOT&query_place_id=ChIJMdAqkbzoaC4R62FU44yFz9I","Bengkel Mobil"
"Jacky Las Karbit & Listrik","5","1","Jl. Ibrahim Adjie Gg. H. Kurdi","Kota Bandung","Jawa Barat","ID",,"+62 838-2213-3210","Tukang Las","Bengkel Mobil",,,,,,,,,"https://www.google.com/maps/search/?api=1&query=Jacky%20Las%20Karbit%20%26%20Listrik&query_place_id=ChIJ8foebADpaC4RujDj55HkJzg","Tukang Las"
"Bengkel Las Ketok & Cat Duco","5","4","Jl. Panghegar No.10","Kota Bandung","Jawa Barat","ID",,"+62 853-2038-2818","Bengkel Ketok Magic",,,,,,,,,,"https://www.google.com/maps/search/?api=1&query=Bengkel%20Las%20Ketok%20%26%20Cat%20Duco&query_place_id=ChIJS2BPpzTdaC4REMDQ11epd10","Bengkel Ketok Magic"
"Bengkel Las Ketok dan Cat Duco Dadang Motor","5","1","Jl. Tirtasari I No.67","Kota Bandung","Jawa Barat","ID",,"+62 815-7288-8081","Bengkel Mobil",,,,,,,,,,"https://www.google.com/maps/search/?api=1&query=Bengkel%20Las%20Ketok%20dan%20Cat%20Duco%20Dadang%20Motor&query_place_id=ChIJO90ExyXDaC4RD8cJ3Lf0Z6k","Bengkel Mobil"
"ABADI JAYA KNALPOT","3.4","10","Jl. Sadakeling No.57","Kota Bandung","Jawa Barat","ID","http://www.instagram.com/knalpot_abadijaya57","+62 838-2650-3505","Toko Knalpot",,,,,,,,,,"https://www.google.com/maps/search/?api=1&query=ABADI%20JAYA%20KNALPOT&query_place_id=ChIJz5ALFRPpaC4REDmV0SquVd4","Toko Knalpot"
"Bengkel Las Ketok Haji Amin","5","2","Ruko Asri, Jl. Ciwastra","Kota Bandung","Jawa Barat","ID",,"+62 853-1431-2474","Bengkel Mobil",,,,,,,,,,"https://www.google.com/maps/search/?api=1&query=Bengkel%20Las%20Ketok%20Haji%20Amin&query_place_id=ChIJRwXYdwDpaC4RqYzpSLB4IN0","Bengkel Mobil"
"Bejo Ketok Halus","4.8","142","Jl. Gatot Subroto No.45B","Kota Bandung","Jawa Barat","ID",,"+62 877-8055-8370","Bengkel Mobil",,,,,,,,,,"https://www.google.com/maps/search/?api=1&query=Bejo%20Ketok%20Halus&query_place_id=ChIJs1QKkE_naC4R56UFeziqtr8","Bengkel Mobil"
"Bengkel Bubut YS Technical","4.9","173","Jl. Inhoftank No.70","Kota Bandung","Jawa Barat","ID",,"+62 812-1497-124","Bengkel Bubut",,,,,,,,,,"https://www.google.com/maps/search/?api=1&query=Bengkel%20Bubut%20YS%20Technical&query_place_id=ChIJ6yARxpboaC4RDD2dcPQ4TcY","Bengkel Bubut"
"Bengkel Las Kebon Jati",,,"Jl. Kebon Jati No.164","Kota Bandung","Jawa Barat","ID",,"+62 22 6011803","Bengkel Mobil","Pemasok Peralatan Industri",,,,,,,,,"https://www.google.com/maps/search/?api=1&query=Bengkel%20Las%20Kebon%20Jati&query_place_id=ChIJ9Zd3Az3maC4Ro63AUiqyXxU","Bengkel Mobil"
"Bengkel las ketok(cat duko)Pak.Ahmad","5","1","Jl. Soekarno-Hatta No.356","Kota Bandung","Jawa Barat","ID",,"","Bengkel Mobil",,,,,,,,,,"https://www.google.com/maps/search/?api=1&query=Bengkel%20las%20ketok(cat%20duko)Pak.Ahmad&query_place_id=ChIJX0Q0aADpaC4R-R1NJGn4MI8","Bengkel Mobil"
"BENGKEL AMA (Jasa Roll, Bending Pipa & Bengkel Las) Bandung","4.6","50","Jl. Karapitan No.46","Kota Bandung","Jawa Barat","ID","https://bengkelama.com/","+62 22 4204608","Produsen","Konsultan industri","Pabrik Baja","Tukang Las",,,,,,,"https://www.google.com/maps/search/?api=1&query=BENGKEL%20AMA%20(Jasa%20Roll%2C%20Bending%20Pipa%20%26%20Bengkel%20Las)%20Bandung&query_place_id=ChIJ_Zy874HoaC4R8B9u31-BKQo","Produsen"
"Rodatama Motor","4.5","47","Jl. Margacinta No.89","Kota Bandung","Jawa Barat","ID",,"+62 813-2260-3523","Bengkel Mobil",,,,,,,,,,"https://www.google.com/maps/search/?api=1&query=Rodatama%20Motor&query_place_id=ChIJr8pq9jjoaC4RvcI6Z3USUPo","Bengkel Mobil"
"9Autoworks","4","167","Jl. Kembar II No.9","Kota Bandung","Jawa Barat","ID","http://www.instagram.com/","+62 899-7972-048","Bengkel Perbaikan Bodi Mobil",,,,,,,,,,"https://www.google.com/maps/search/?api=1&query=9Autoworks&query_place_id=ChIJW3SAGZLoaC4RUMtWXZ94Atk","Bengkel Perbaikan Bodi Mobil"
"Otto Cemerlang Cat Oven & Body Repair","4.6","100","Jl. Komodor Udara Supadio No.30","Kota Bandung","Jawa Barat","ID","http://www.ottocemerlang.com/","+62 22 6075838","Bengkel Perbaikan Bodi Mobil",,,,,,,,,,"https://www.google.com/maps/search/?api=1&query=Otto%20Cemerlang%20Cat%20Oven%20%26%20Body%20Repair&query_place_id=ChIJ26OnQQ3maC4RduS79vslSRc","Bengkel Perbaikan Bodi Mobil"
"Bengkel Radiator Dua Saudara","4.7","225","Jl. Rajawali Timur No.82","Kota Bandung","Jawa Barat","ID",,"+62 813-2003-3637","Bengkel Mobil",,,,,,,,,,"https://www.google.com/maps/search/?api=1&query=Bengkel%20Radiator%20Dua%20Saudara&query_place_id=ChIJK5l-tRHmaC4RFaeP3W96u4c","Bengkel Mobil"
"Moel Auto Body","4.6","37","Jl. Gudang Utara No.29","Kota Bandung","Jawa Barat","ID",,"+62 812-6999-9422","Bengkel Mobil",,,,,,,,,,"https://www.google.com/maps/search/?api=1&query=Moel%20Auto%20Body&query_place_id=ChIJ1yMYOM3naC4R5j1jvQa6_fE","Bengkel Mobil"
"Dokter Mobil Bandung (Bengkel Mobil dan Bengkel Service AC Mobil)","4.6","792","Jl. Soekarno-Hatta No.372 lantai 2","Kota Bandung","Jawa Barat","ID","https://www.doktermobil.com/r/t-tune-up","+62 812-8688-4419","Bengkel Mobil",,,,,,,,,,"https://www.google.com/maps/search/?api=1&query=Dokter%20Mobil%20Bandung%20(Bengkel%20Mobil%20dan%20Bengkel%20Service%20AC%20Mobil)&query_place_id=ChIJld1bT4fpaC4RsKngB7YXVxk","Bengkel Mobil"
"Bengkel modifikasi",,,"Jl. Budi Luhur No.14","Kota Bandung","Jawa Barat","ID",,"+62 818-0919-8579","Jasa pengiriman mobil",,,,,,,,,,"https://www.google.com/maps/search/?api=1&query=Bengkel%20modifikasi&query_place_id=ChIJf7HDhlnnaC4RX_W5FpiSJnM","Jasa pengiriman mobil"
"Bengkel ws custom","5","3","4HHX+2CW","Kota Bandung","Jawa Barat","ID",,"","Bengkel Sepeda Motor",,,,,,,,,,"https://www.google.com/maps/search/?api=1&query=Bengkel%20ws%20custom&query_place_id=ChIJ50XWazDnaC4RWOMGmIFlij4","Bengkel Sepeda Motor"
"Ketok Magic Blitar Riona Jaya","4.5","99","Setelah Gd. Astra Biz Centre - Sebelum Gedung PLN (Stop an, Jl. Soekarno-Hatta Jl. Moch. Toha No.438","Kota Bandung","Jawa Barat","ID",,"+62 821-3178-6361","Bengkel Ketok Magic",,,,,,,,,,"https://www.google.com/maps/search/?api=1&query=Ketok%20Magic%20Blitar%20Riona%20Jaya&query_place_id=ChIJnVZyH17oaC4RVSv2Ml5lqJ8","Bengkel Ketok Magic"
"MULYA Motor","5","4","3J24+82M, Jl. Karasak Lama","Kota Bandung","Jawa Barat","ID",,"+62 813-8721-9240","Bengkel Mobil",,,,,,,,,,"https://www.google.com/maps/search/?api=1&query=MULYA%20Motor&query_place_id=ChIJnVGC2YDpaC4RUIBx2rn0FNw","Bengkel Mobil"
"CARGLOSS UBER (Body Repair & Paint Specialist)","5","87","Jl. Cidurian Utara No.77, RT.06/RW.13","Kota Bandung","Jawa Barat","ID",,"+62 878-3576-4923","Bengkel Mobil",,,,,,,,,,"https://www.google.com/maps/search/?api=1&query=CARGLOSS%20UBER%20(Body%20Repair%20%26%20Paint%20Specialist)&query_place_id=ChIJWUHHZpDnaC4RTX_QQMdBMUk","Bengkel Mobil"
"Cipapzs Motowork","4.5","91","Jl. Khp Hasan Mustopa No.148","Kota Bandung","Jawa Barat","ID","https://cipapzs-motowork.berdu.pw/","+62 857-2061-7716","Bengkel Sepeda Motor",,,,,,,,,,"https://www.google.com/maps/search/?api=1&query=Cipapzs%20Motowork&query_place_id=ChIJ9bg50OHlaC4R82xd4WstXh8","Bengkel Sepeda Motor"
"Berkah Jaya Motor","4.7","53","Gg. Nangkasuni No.17","Kota Bandung","Jawa Barat","ID","https://m.youtube.com/channel/UCL7GEytjg8hckCnUdSV_06A","+62 812-2107-6772","Bengkel Sepeda Motor",,,,,,,,,,"https://www.google.com/maps/search/?api=1&query=Berkah%20Jaya%20Motor&query_place_id=ChIJl6OPDHjnaC4Rs80IfqOPn5U","Bengkel Sepeda Motor"
"Custom Part Motor Bandung","4.5","2","Jl. Citepus III No.2","Kota Bandung","Jawa Barat","ID",,"+62 851-7241-0437","Bengkel Sepeda Motor",,,,,,,,,,"https://www.google.com/maps/search/?api=1&query=Custom%20Part%20Motor%20Bandung&query_place_id=ChIJ4yDenQLnaC4RoZoJcdTAPI0","Bengkel Sepeda Motor"
"Pratama Motor","4.7","138","Jl. Soekarno-Hatta No.463","Kota Bandung","Jawa Barat","ID",,"+62 22 5203422","Bengkel Mobil",,,,,,,,,,"https://www.google.com/maps/search/?api=1&query=Pratama%20Motor&query_place_id=ChIJccjGNvXoaC4RVq9fcTcOnl0","Bengkel Mobil"
"Das Auto Bandung (Bengkel Mobil Bandung)","4.9","145","Jl. BKR No.108","Kota Bandung","Jawa Barat","ID",,"+62 878-2051-5591","Bengkel Mobil",,,,,,,,,,"https://www.google.com/maps/search/?api=1&query=Das%20Auto%20Bandung%20(Bengkel%20Mobil%20Bandung)&query_place_id=ChIJP-DAHWPpaC4RpJrN8pcQg8c","Bengkel Mobil"
"Bandung Aksesoris","4.4","292","Sebrang Masjid Besar Baitun Nur, Pas depan gerbang GUPUSPAL / GUPUSMU, Jl. Cikutra No.201","Kota Bandung","Jawa Barat","ID",,"+62 853-5196-3096","Toko Suku Cadang Motor","Bengkel Kelistrikan Mobil","Toko Reparasi Lampu","Toko Lampu","Toko Sepeda Motor","Toko Lampu Neon",,,,,"https://www.google.com/maps/search/?api=1&query=Bandung%20Aksesoris&query_place_id=ChIJGZTt3KLnaC4RIUg8oIFMJLY","Toko Suku Cadang Motor"
"Cat mobil , cat motor , Cat mobil bandung , cat motor bandung , poles mobil , salon mobil , melayani panggilan bandung","5","35",,"Kota Bandung","Jawa Barat","ID","https://www.tiktok.com/@bcar1263?_t=8joXvsotApe&_r=1","+62 887-0632-8190","Bengkel Mobil",,,,,,,,,,"https://www.google.com/maps/search/?api=1&query=Cat%20mobil%20%2C%20cat%20motor%20%2C%20Cat%20mobil%20bandung%20%2C%20cat%20motor%20bandung%20%2C%20poles%20mobil%20%2C%20salon%20mobil%20%2C%20melayani%20panggilan%20bandung&query_place_id=ChIJ-To_S8vpaC4RS-_x1O77dgQ","Bengkel Mobil"
"Bage Body Repair & Cat Mobil Bandung","4.8","32","Jl. Balonggede No.34 B","Kota Bandung","Jawa Barat","ID","https://bodyrepairbandung.com/","+62 821-4848-1600","Bengkel Mobil","Layanan reparasi",,,,,,,,,"https://www.google.com/maps/search/?api=1&query=Bage%20Body%20Repair%20%26%20Cat%20Mobil%20Bandung&query_place_id=ChIJs7gnFIHnaC4RbgSUafqNCYY","Bengkel Mobil"
"Cahaya Jaya Mobil & jasa angkutan barang","4.7","21","Jl. Cingised","Kota Bandung","Jawa Barat","ID",,"+62 816-604-701","Bengkel Mobil","Jasa Kurir",,,,,,,,,"https://www.google.com/maps/search/?api=1&query=Cahaya%20Jaya%20Mobil%20%26%20jasa%20angkutan%20barang&query_place_id=ChIJBfyfPennaC4RkudsLJIxHfs","Bengkel Mobil"
"Bengkel Ketok Magic Sedyo Utomo 1","4.4","88","Jl. Soekarno-Hatta No.524A","Kota Bandung","Jawa Barat","ID","http://wa.me/6285871303537","+62 22 7505805","Bengkel Ketok Magic",,,,,,,,,,"https://www.google.com/maps/search/?api=1&query=Bengkel%20Ketok%20Magic%20Sedyo%20Utomo%201&query_place_id=ChIJ-QxpI2roaC4RxY-3r0JHw9w","Bengkel Ketok Magic"
"Las knalpot rdn ketok body cat duco dll","4","1","Jl. Sukabumi No.32","Kota Bandung","Jawa Barat","ID",,"","Bengkel Mobil",,,,,,,,,,"https://www.google.com/maps/search/?api=1&query=Las%20knalpot%20rdn%20ketok%20body%20cat%20duco%20dll&query_place_id=ChIJl_qgSwDnaC4RevXpkLtez6I","Bengkel Mobil"
"Bejo Ketok Halus","4.9","66","Jl. Soekarno-Hatta No.381","Kota Bandung","Jawa Barat","ID",,"+62 813-2165-3442","Bengkel Perawatan Bodi Mobil",,,,,,,,,,"https://www.google.com/maps/search/?api=1&query=Bejo%20Ketok%20Halus&query_place_id=ChIJG5-d06LpaC4RTeLdaRG7tlY","Bengkel Perawatan Bodi Mobil"
"Bengkel cat , body repair Art Retro Garage","5","45","Jl. Cipamokolan","Kota Bandung","Jawa Barat","ID","http://www.instagram.com/artretro_garage/","+62 812-8187-0727","Bengkel Mobil",,,,,,,,,,"https://www.google.com/maps/search/?api=1&query=Bengkel%20cat%20%2C%20body%20repair%20Art%20Retro%20Garage&query_place_id=ChIJXaLmDZnDaC4RePHfljoRs6o","Bengkel Mobil"
"Bengkel Las Icha Knalpot","4.9","41","Jl. Rumah Sakit No.135","Kota Bandung","Jawa Barat","ID",,"+62 813-2018-2964","Bengkel Mobil",,,,,,,,,,"https://www.google.com/maps/search/?api=1&query=Bengkel%20Las%20Icha%20Knalpot&query_place_id=ChIJK5SbLMjCaC4RR3aEmiLqCEo","Bengkel Mobil"
"COLLONY","4.1","35","Jl. Cikutra Barat No.1e","Kota Bandung","Jawa Barat","ID","http://www.collony.id/","+62 813-1627-7877","Bengkel Sepeda Motor",,,,,,,,,,"https://www.google.com/maps/search/?api=1&query=COLLONY&query_place_id=ChIJtwJ-egDnaC4Rx-ePqplKOZ0","Bengkel Sepeda Motor"
"GarageTechSpeed","4.8","36","Jl. Cisitu Lama gang 4 No.57","Kota Bandung","Jawa Barat","ID",,"+62 898-8688-192","Bengkel Sepeda Motor",,,,,,,,,,"https://www.google.com/maps/search/?api=1&query=GarageTechSpeed&query_place_id=ChIJuytcMfrmaC4RWwz4tj8aERw","Bengkel Sepeda Motor"
"Bengkel CTS","4.6","103","4J69+FHJ, Jl. Sekeloa Sel. I No.1","Kota Bandung","Jawa Barat","ID","http://shopee.co.id/bengkelcts","+62 821-1921-8286","Bengkel Sepeda Motor","Tempat Ibadah",,,,,,,,,"https://www.google.com/maps/search/?api=1&query=Bengkel%20CTS&query_place_id=ChIJTeGEBlXmaC4R-bhUU0hGLcI","Bengkel Sepeda Motor"
"NR Custom Garage","5","4","Jl. Sukarajin II Gg. Sastrodihardjo IV No.IV no.16","Kota Bandung","Jawa Barat","ID",,"+62 859-7474-7222","Bengkel Sepeda Motor",,,,,,,,,,"https://www.google.com/maps/search/?api=1&query=NR%20Custom%20Garage&query_place_id=ChIJLdM1Ek3naC4RstBNjkbl2MM","Bengkel Sepeda Motor"
"Bengkel cat/las NSR","5","3","Jl. Rancabolang No.49","Kota Bandung","Jawa Barat","ID",,"","Bengkel Mobil",,,,,,,,,,"https://www.google.com/maps/search/?api=1&query=Bengkel%20cat%2Flas%20NSR&query_place_id=ChIJpUkaIqrpaC4Rc_I0SKaBmM4","Bengkel Mobil"
"Niaga Elektronik","4.5","33","Komplek Jaya Plaza, Jl. A. Yani","Kota Bandung","Jawa Barat","ID","https://www.tokopedia.com/putraniagabdg","","Toko Elektronik",,,,,,,,,,"https://www.google.com/maps/search/?api=1&query=Niaga%20Elektronik&query_place_id=ChIJIYDCGdLnaC4ReqSvnnQRsuQ","Toko Elektronik"
"Belajar Custom","4.8","22","Jl. Abadi I No.7","Kota Bandung","Jawa Barat","ID",,"","Bengkel Sepeda Motor",,,,,,,,,,"https://www.google.com/maps/search/?api=1&query=Belajar%20Custom&query_place_id=ChIJwSdy6bTnaC4RafAb32g8j-U","Bengkel Sepeda Motor"
"Pusat Penjualan Segala Jenis Sparepart Mobil","4.2","216","No, Jl. Banceuy No.115","Kota Bandung","Jawa Barat","ID","https://muriabisnis.com/produk/10351/bengkel-dinamo-dan-panel-listrik-terbaik-bandung-jawa-barat-bengkel-jatnika-elektro-putra","+62 853-1582-5402","Toko Suku Cadang Mobil",,,,,,,,,,"https://www.google.com/maps/search/?api=1&query=Pusat%20Penjualan%20Segala%20Jenis%20Sparepart%20Mobil&query_place_id=ChIJvfr5GjvmaC4RI6xztyX9jKo","Toko Suku Cadang Mobil"
"BENGKEL LAS LUGINA BODY REPAIR .",,,"Pemancar RRI","Kota Bandung","Jawa Barat","ID",,"+62 896-1297-9553","Bengkel Perbaikan Bodi Mobil",,,,,,,,,,"https://www.google.com/maps/search/?api=1&query=BENGKEL%20LAS%20LUGINA%20BODY%20REPAIR%20.&query_place_id=ChIJ8Zbh8pfDaC4R4ppDYhZgzrI","Bengkel Perbaikan Bodi Mobil"
"Bengkel cat duco las ketok BAG","5","5","2JRX+676, Jl. Batu Permata","Kota Bandung","Jawa Barat","ID",,"+62 896-4662-3411","Bengkel Mobil",,,,,,,,,,"https://www.google.com/maps/search/?api=1&query=Bengkel%20cat%20duco%20las%20ketok%20BAG&query_place_id=ChIJ_wAg3MnpaC4Ryzmow0Gimio","Bengkel Mobil"
"Mobil Care Auto Service","4.7","154","Jl. Gatot Subroto No.176","Kota Bandung","Jawa Barat","ID","http://autoservice.co.id/","+62 22 7330575","Bengkel Mobil",,,,,,,,,,"https://www.google.com/maps/search/?api=1&query=Mobil%20Care%20Auto%20Service&query_place_id=ChIJwR_yZXboaC4RRhKO-TBDGVI","Bengkel Mobil"
"MINI CLASSIC GARAGE","5","4","Jl. Sekeloa Timur No.38","Kota Bandung","Jawa Barat","ID",,"+62 888-2397-571","Bengkel Sepeda Motor",,,,,,,,,,"https://www.google.com/maps/search/?api=1&query=MINI%20CLASSIC%20GARAGE&query_place_id=ChIJu1HGu3nnaC4RON9r_eQCGuc","Bengkel Sepeda Motor"
"Cau custom garage","5","5","Jl. Cigadung Pesantren No.5, RT.3/RW.6","Kota Bandung","Jawa Barat","ID",,"+62 895-3328-34268","Bengkel Sepeda Motor",,,,,,,,,,"https://www.google.com/maps/search/?api=1&query=Cau%20custom%20garage&query_place_id=ChIJBz127kDnaC4R89kdgUa-qyY","Bengkel Sepeda Motor"
"Dentco Klinik Dokter Gigi & Spesialis","4.9","117","Jl. Sadang Sari No.15","Kota Bandung","Jawa Barat","ID","https://dent.co.id/","+62 857-2211-6161","Klinik Gigi",,,,,,,,,,"https://www.google.com/maps/search/?api=1&query=Dentco%20Klinik%20Dokter%20Gigi%20%26%20Spesialis&query_place_id=ChIJAfQlqrrnaC4RWQUHMkEaPdc","Klinik Gigi"
"Praktik Praktek drg. Muhammad Hasan, MARS (Dokter Gigi Terdekat, Dokter Gigi Terbaik)","5","52","Jl. Sadang Serang No.5b","Kota Bandung","Jawa Barat","ID","https://www.instagram.com/muhammadthedentist/","+62 811-9156-083","Klinik Gigi",,,,,,,,,,"https://www.google.com/maps/search/?api=1&query=Praktik%20Praktek%20drg.%20Muhammad%20Hasan%2C%20MARS%20(Dokter%20Gigi%20Terdekat%2C%20Dokter%20Gigi%20Terbaik)&query_place_id=ChIJh2WtOz3naC4Rs6fUOt5S8uc","Klinik Gigi"
"Bengkel Las Tunggal Jaya","4.1","68","3HHQ+596, Jl. Pagarsih","Kota Bandung","Jawa Barat","ID",,"+62 22 4019303","Tukang Las",,,,,,,,,,"https://www.google.com/maps/search/?api=1&query=Bengkel%20Las%20Tunggal%20Jaya&query_place_id=ChIJ3dlIDhvmaC4RvnWvSxb3SB4","Tukang Las"
"Cat Mobil Bandung J Auto","4.8","49","Jl. Cibodas Raya No.40","Kota Bandung","Jawa Barat","ID",,"+62 818-0980-9020","Bengkel Mobil",,,,,,,,,,"https://www.google.com/maps/search/?api=1&query=Cat%20Mobil%20Bandung%20J%20Auto&query_place_id=ChIJqS1JemDdaC4Rb5WM3_nh0CM","Bengkel Mobil"
"Toko Kim Hien","4.4","735","Jl. Banceuy No.31","Kota Bandung","Jawa Barat","ID","https://www.instagram.com/tokokimhien","+62 22 4231286","Toko Alat Listrik","Toko Elektronik",,,,,,,,,"https://www.google.com/maps/search/?api=1&query=Toko%20Kim%20Hien&query_place_id=ChIJNWvY4STmaC4R9cSiI-vEEec","Toko Alat Listrik"
"Mahfud Elektronik","4","10","Jl. Terusan Buah Batu No.154","Kota Bandung","Jawa Barat","ID",,"","Toko Alat Listrik","Toko Elektronik",,,,,,,,,"https://www.google.com/maps/search/?api=1&query=Mahfud%20Elektronik&query_place_id=ChIJCdyXK0ToaC4RjNzSzrix_cA","Toko Alat Listrik"
"Praktek Dokter Gigi Mochammad Nova Hendriyanto, drg. (Kota Bandung)","5","73","Jl. Gegerkalong Tengah No.97","Kota Bandung","Jawa Barat","ID",,"+62 856-2236-163","Dokter Gigi","Klinik Gigi","Pusat Layanan Gigi Palsu","Dokter",,,,,,,"https://www.google.com/maps/search/?api=1&query=Praktek%20Dokter%20Gigi%20Mochammad%20Nova%20Hendriyanto%2C%20drg.%20(Kota%20Bandung)&query_place_id=ChIJiZnDLLzmaC4RtIW2GrkAcUc","Dokter Gigi"
"TARI GALIS (WELLDEUH CUSTOM METAL WORK)","5","4","Jl. Rereongan Sarupi No.128 A","Kota Bandung","Jawa Barat","ID",,"","Bengkel Sepeda Motor",,,,,,,,,,"https://www.google.com/maps/search/?api=1&query=TARI%20GALIS%20(WELLDEUH%20CUSTOM%20METAL%20WORK)&query_place_id=ChIJF4yhLQDnaC4RiEetxEyOeHg","Bengkel Sepeda Motor"
"AUTO ONE Car Body Repair & Detailing","4.4","173","Jl. Soekarno-Hatta No.785a","Kota Bandung","Jawa Barat","ID","https://www.araksa.com/pelayanansingle/bengkel-rekanan","+62 22 63725188","Bengkel Mobil",,,,,,,,,,"https://www.google.com/maps/search/?api=1&query=AUTO%20ONE%20Car%20Body%20Repair%20%26%20Detailing&query_place_id=ChIJAzOuu7DCaC4Rk-B6mx4n-bw","Bengkel Mobil"
"D2P MOTOR/HOME CUSTOM","5","3","Jl. Cikutra No.36","Kota Bandung","Jawa Barat","ID","https://s.shopee.co.id/7ATeHhnfCa","","Bengkel Bubut",,,,,,,,,,"https://www.google.com/maps/search/?api=1&query=D2P%20MOTOR%2FHOME%20CUSTOM&query_place_id=ChIJpf0sEgDnaC4RO5NQ2qNlNXw","Bengkel Bubut"
"Trio Jok Variasi 2 & Jok Motor Custom","4.9","43","Jl. Khp Hasan Mustopa No.92","Kota Bandung","Jawa Barat","ID",,"+62 812-2002-7848","Bengkel Jok Kursi Mobil",,,,,,,,,,"https://www.google.com/maps/search/?api=1&query=Trio%20Jok%20Variasi%202%20%26%20Jok%20Motor%20Custom&query_place_id=ChIJjauRb33naC4RAtBJY2A_-3U","Bengkel Jok Kursi Mobil"
"Rumah Sakit Khusus Gigi dan Mulut","4.4","2400","Jl. L. L. R.E. Martadinata No.45","Kota Bandung","Jawa Barat","ID","http://rskgm.bandung.go.id/","+62 22 4234058","Klinik Gigi",,,,,,,,,,"https://www.google.com/maps/search/?api=1&query=Rumah%20Sakit%20Khusus%20Gigi%20dan%20Mulut&query_place_id=ChIJoQQiwEnmaC4RZeTtiaJme84","Klinik Gigi"
"Megalos Auto Cemerlang (Mac) Body Repair Bandung","4.4","185","Jalan Raya Kopo No. 443, Babakan Ciparay","Kota Bandung","Jawa Barat","ID",,"+62 22 88885967","Bengkel Mobil",,,,,,,,,,"https://www.google.com/maps/search/?api=1&query=Megalos%20Auto%20Cemerlang%20(Mac)%20Body%20Repair%20Bandung&query_place_id=ChIJQ5O_5sfoaC4RxHhrBLRgA9k","Bengkel Mobil"
"BJM.M bengkel specialis tranmisi metik","4.8","144","Jl. Irigasi Utama Jl. Cijawura Girang Ⅴ","Kota Bandung","Jawa Barat","ID",,"+62 823-2146-4619","Bengkel Mobil",,,,,,,,,,"https://www.google.com/maps/search/?api=1&query=BJM.M%20bengkel%20specialis%20tranmisi%20metik&query_place_id=ChIJ5TwtzT3oaC4RvMeEaz5VFfM","Bengkel Mobil"
"Doel Motor Las Ketok Dan Cat Duco","4.7","14","Jl. Soekarno-Hatta No.532","Kota Bandung","Jawa Barat","ID",,"+62 895-3651-74213","Bengkel Perbaikan Bodi Mobil",,,,,,,,,,"https://www.google.com/maps/search/?api=1&query=Doel%20Motor%20Las%20Ketok%20Dan%20Cat%20Duco&query_place_id=ChIJTaEH7hToaC4R3Xi4_3r5Ybo","Bengkel Perbaikan Bodi Mobil"
"Pasir Indah Motor","5","3","3M2Q+C4R, Jl. Gedebage Selatan","Kota Bandung","Jawa Barat","ID",,"","Bengkel Sepeda Motor",,,,,,,,,,"https://www.google.com/maps/search/?api=1&query=Pasir%20Indah%20Motor&query_place_id=ChIJJxmMH8nDaC4RY6bO3_qdweY","Bengkel Sepeda Motor"
"SagalaAya MotoShop","4.6","434","Ruko, Jl. Kurdi Barat I No.7B Ruko Kurdi Regency","Kota Bandung","Jawa Barat","ID","https://heylink.me/sagalaayamotoshop","+62 857-2143-3536","Toko Suku Cadang Motor","Toko Motorsport",,,,,,,,,"https://www.google.com/maps/search/?api=1&query=SagalaAya%20MotoShop&query_place_id=ChIJ35uwyZboaC4RLAdxPudd1ZE","Toko Suku Cadang Motor"
"Kiarsa custom",,,"Jl. Babakan Leuwi Bandung No.10, RT.01/RW.14","Kabupaten Bandung","Jawa Barat","ID",,"","Bengkel Sepeda Motor",,,,,,,,,,"https://www.google.com/maps/search/?api=1&query=Kiarsa%20custom&query_place_id=ChIJnblgCDfpaC4RSM8vrJAOTbQ","Bengkel Sepeda Motor"
"Mikamotoland","4.8","21","2HQM+MPH, Gg, DT II, KODYA Jl. Mayapada Dalam","Kota Bandung","Jawa Barat","ID",,"+62 858-6151-5337","Bengkel Sepeda Motor",,,,,,,,,,"https://www.google.com/maps/search/?api=1&query=Mikamotoland&query_place_id=ChIJR4kikLHpaC4R0m6Y1y-ZKoQ","Bengkel Sepeda Motor"
"KP16 Knalpot","4.5","666","Jl. Moch. Toha No.221","Kota Bandung","Jawa Barat","ID",,"+62 812-9770-8022","Toko Suku Cadang Mobil","Toko Knalpot",,,,,,,,,"https://www.google.com/maps/search/?api=1&query=KP16%20Knalpot&query_place_id=ChIJNbtJr5HoaC4RW0CjZnQZG6o","Toko Suku Cadang Mobil"
"SS Performance Shop","4.6","371","Jl. Supratman No.40","Kota Bandung","Jawa Barat","ID",,"+62 22 7278335","Bengkel Mobil",,,,,,,,,,"https://www.google.com/maps/search/?api=1&query=SS%20Performance%20Shop&query_place_id=ChIJiYrymcjnaC4R2TpKi80Iano","Bengkel Mobil"
"Bengkel Las Karbit Bah Eden","4.9","11","Jl. Burangrang","Kota Bandung","Jawa Barat","ID",,"+62 813-2283-8206","Bengkel Ketok Magic",,,,,,,,,,"https://www.google.com/maps/search/?api=1&query=Bengkel%20Las%20Karbit%20Bah%20Eden&query_place_id=ChIJ-w44ESvmaC4RnlD7Pf5Eu9E","Bengkel Ketok Magic"
"Vijaya Car Painting (Bengkel Cat Mobil Bandung)","4.8","103","Jl cibolerang 203, pergudangan pepsi kavling No.15","Kota Bandung","Jawa Barat","ID",,"+62 821-2195-0678","Bengkel Perbaikan Bodi Mobil",,,,,,,,,,"https://www.google.com/maps/search/?api=1&query=Vijaya%20Car%20Painting%20(Bengkel%20Cat%20Mobil%20Bandung)&query_place_id=ChIJ75E1787oaC4RPZODwEZmdAo","Bengkel Perbaikan Bodi Mobil"
"sticker wrapping D custom bandung","5","11",,"Kota Bandung","Jawa Barat","ID",,"+62 821-1547-5093","Bengkel Sepeda Motor",,,,,,,,,,"https://www.google.com/maps/search/?api=1&query=sticker%20wrapping%20D%20custom%20bandung&query_place_id=ChIJuYGQAIPpaC4RKvp2Ql7yq6s","Bengkel Sepeda Motor"
"CUCI MOTOR AUTO CAR WASH BENGKEL Las listrik KANOPI PAGAR","5","5","Jl. Elang Raya No.29","Kota Bandung","Jawa Barat","ID","https://autocarwas.com/","+62 821-2935-9778","Bengkel Mobil",,,,,,,,,,"https://www.google.com/maps/search/?api=1&query=CUCI%20MOTOR%20AUTO%20CAR%20WASH%20BENGKEL%20Las%20listrik%20KANOPI%20PAGAR&query_place_id=ChIJ_cc7nJTvaC4RgMZiH9DbfXI","Bengkel Mobil"
"Garuda Motor Cat Oven","4.3","126","Jl. Garuda No.2","Kota Bandung","Jawa Barat","ID","https://garudamotorbandung.wordpress.com/","+62 22 6016744","Bengkel Mobil",,,,,,,,,,"https://www.google.com/maps/search/?api=1&query=Garuda%20Motor%20Cat%20Oven&query_place_id=ChIJL8SDUAjmaC4RFkCBuiDhGao","Bengkel Mobil"
"Bengkel Body Repair Bandung","5","64","Bengkel cat zaenal, Jl. Parakan Saat I samping komplek arya graha No.41, RT.01 rw01/RW.01","Kota Bandung","Jawa Barat","ID",,"+62 852-2128-2641","Pengecatan Mobil",,,,,,,,,,"https://www.google.com/maps/search/?api=1&query=Bengkel%20Body%20Repair%20Bandung&query_place_id=ChIJXw4ysufDaC4R_tDXF1xfbBg","Pengecatan Mobil"
"Kuys Cover Jok Mobil Bandung Cimahi","5","65","Jl. Pasir Salam VIII No.345/205a, RT.03/RW.09","Kota Bandung","Jawa Barat","ID",,"+62 895-1981-9254","Bengkel Jok Kursi Mobil",,,,,,,,,,"https://www.google.com/maps/search/?api=1&query=Kuys%20Cover%20Jok%20Mobil%20Bandung%20Cimahi&query_place_id=ChIJ7Sc9YSjpaC4RiWdVEk7BBIs","Bengkel Jok Kursi Mobil"
"Bandung Jual Spare Part","3","2","Jl. Leuwi Panjang No.74","Kota Bandung","Jawa Barat","ID",,"+62 812-2069-1333","Pemasok Suku Cadang Peralatan Rumah Tangga","Toko Alat Pembakaran",,,,,,,,,"https://www.google.com/maps/search/?api=1&query=Bandung%20Jual%20Spare%20Part&query_place_id=ChIJGTzECr3oaC4RT4QZWaQWBpo","Pemasok Suku Cadang Peralatan Rumah Tangga"
"GARASI SANGKURIANG BANDUNG","5","2","4J5C+PF3, Jl. Sekeloa Timur","Kota Bandung","Jawa Barat","ID",,"","Bengkel Sepeda Motor",,,,,,,,,,"https://www.google.com/maps/search/?api=1&query=GARASI%20SANGKURIANG%20BANDUNG&query_place_id=ChIJPdegj6vnaC4Ra4qLotBNVwg","Bengkel Sepeda Motor"
"26 Custom Garage","3.8","4","Jl. Tamansari Bawah No.1","Kota Bandung","Jawa Barat","ID",,"+62 821-2140-6407","Bengkel Sepeda Motor",,,,,,,,,,"https://www.google.com/maps/search/?api=1&query=26%20Custom%20Garage&query_place_id=ChIJKZE0QUbmaC4RyplzonEvYHc","Bengkel Sepeda Motor"
"FRESHA CUSTOM DETAILING & NANO CERAMIC COATING BANDUNG","4.9","57","Sarie bunga bakung residence no, Blk. E No.11","Kota Bandung","Jawa Barat","ID","https://linktr.ee/FreshaCustomDetailingBandung","+62 819-0999-1393","Bengkel Mobil",,,,,,,,,,"https://www.google.com/maps/search/?api=1&query=FRESHA%20CUSTOM%20DETAILING%20%26%20NANO%20CERAMIC%20COATING%20BANDUNG&query_place_id=ChIJS8eP8QnpaC4RqqFg152Tcc4","Bengkel Mobil"
"Bengkel las Latip","5","2","Jl. Makam Caringin No.46","Kota Bandung","Jawa Barat","ID",,"","Bengkel Mobil",,,,,,,,,,"https://www.google.com/maps/search/?api=1&query=Bengkel%20las%20Latip&query_place_id=ChIJVXMbb3npaC4RuJxNnp57uq4","Bengkel Mobil"
"D25garage","4.6","24","Jl. Tubagus Ismail Dalam No.25","Kota Bandung","Jawa Barat","ID",,"+62 813-9539-2530","Bengkel Sepeda Motor",,,,,,,,,,"https://www.google.com/maps/search/?api=1&query=D25garage&query_place_id=ChIJOxvP7lXmaC4RPKIku29HesY","Bengkel Sepeda Motor"
"Jok Motor (AG J_team)","4.9","129","Gg. Kubang Sari VII Gg. Flamboyan No.44","Kota Bandung","Jawa Barat","ID",,"+62 822-4477-4200","Toko Suku Cadang Motor",,,,,,,,,,"https://www.google.com/maps/search/?api=1&query=Jok%20Motor%20(AG%20J_team)&query_place_id=ChIJK2xFR1LmaC4RHb-1wGsmoDc","Toko Suku Cadang Motor"
"Yonk Jaya Motor Bandung 640 - Cicaheum","4.9","3260","Jl. A. Yani No.640","Kota Bandung","Jawa Barat","ID","https://taplink.cc/six40","+62 851-7437-2096","Bengkel Sepeda Motor","Bengkel Per Mobil","Agensi penjenamaan","Layanan Distribusi","Bengkel Motor Skuter","Dealer Kendaraan Bermotor","Dealer Sepeda Motor","Toko Suku Cadang Motor","Toko Sepeda Motor","Layanan ban","https://www.google.com/maps/search/?api=1&query=Yonk%20Jaya%20Motor%20Bandung%20640%20-%20Cicaheum&query_place_id=ChIJTYB1YB7naC4RHdmLkKlxN64","Bengkel Sepeda Motor"
"Bengkel motor cjr bandung (offline)","3.8","84","Jl. Gatot Subroto No.204","Kota Bandung","Jawa Barat","ID",,"+62 896-6942-6565","Bengkel Sepeda Motor",,,,,,,,,,"https://www.google.com/maps/search/?api=1&query=Bengkel%20motor%20cjr%20bandung%20(offline)&query_place_id=ChIJf8Y69G_paC4R90KZrW0YX_o","Bengkel Sepeda Motor"
"JEGEUR RIDE","5","8","Gg. H. Jakaria, RT.03 Rw02","Kota Bandung","Jawa Barat","ID","https://jegeur-ride.business.site/?utm_source=gmb&utm_medium=referral","+62 831-1999-9976","Bengkel Sepeda Motor","Toko Kaos Custom","Toko Sepeda Motor",,,,,,,,"https://www.google.com/maps/search/?api=1&query=JEGEUR%20RIDE&query_place_id=ChIJPWDSoevdaC4RRdpPYdsSsOE","Bengkel Sepeda Motor"
"BABEH MOTOR ( HELM & AKSESORIS MOTOR )","4.6","38","Jl. Terusan Derwati No.64","Kota Bandung","Jawa Barat","ID",,"+62 821-2940-6550","Toko",,,,,,,,,,"https://www.google.com/maps/search/?api=1&query=BABEH%20MOTOR%20(%20HELM%20%26%20AKSESORIS%20MOTOR%20)&query_place_id=ChIJadOmWxbDaC4RziJMkF55bSk","Toko"
"newforrider","4.9","27","Jl. A. Yani No.244","Kota Bandung","Jawa Barat","ID",,"+62 857-5922-4334","Toko Sepeda Motor",,,,,,,,,,"https://www.google.com/maps/search/?api=1&query=newforrider&query_place_id=ChIJD1Ni6aLoaC4RWH3K_f6aOnU","Toko Sepeda Motor"
"Kirari Dental Care","4.9","437","Jl. Buah Batu No.136","Kota Bandung","Jawa Barat","ID","http://www.kiraridentalcare.com/","+62 877-8502-0868","Klinik Gigi","Dokter Spesialis Periodontis Implan Gigi","Penyedia layanan implan gigi","Dokter Gigi","Klinik Medis","Dokter Bedah Mulut","Ortodontis","Dokter Gigi Anak","Spesialis Prostodonsia",,"https://www.google.com/maps/search/?api=1&query=Kirari%20Dental%20Care&query_place_id=ChIJn7_HeQDpaC4RxaOJuuRaDGE","Klinik Gigi"
"Praktik Dokter Gigi","5","7","Jl. Titimplik No.60","Kota Bandung","Jawa Barat","ID","https://praktikgigi.com/","+62 812-8091-7087","Dokter Gigi",,,,,,,,,,"https://www.google.com/maps/search/?api=1&query=Praktik%20Dokter%20Gigi&query_place_id=ChIJ9fkAKUDnaC4RAwrCCQdlo7E","Dokter Gigi"
"Molars Dental Aesthetics Sukajadi - KLINIK GIGI BANDUNG","5","185","Jl. Sukajadi No.228","Kota Bandung","Jawa Barat","ID",,"+62 823-1565-2010","Klinik Gigi",,,,,,,,,,"https://www.google.com/maps/search/?api=1&query=Molars%20Dental%20Aesthetics%20Sukajadi%20-%20KLINIK%20GIGI%20BANDUNG&query_place_id=ChIJDSnL6C_naC4RDC34GGuY1mc","Klinik Gigi"
"Klinik Gigi Oratio","4.5","104","Jl. Trunojoyo No.14","Kota Bandung","Jawa Barat","ID","https://www.oratioclinic.com/","+62 22 4239948","Klinik Gigi","Klinik Medis",,,,,,,,,"https://www.google.com/maps/search/?api=1&query=Klinik%20Gigi%20Oratio&query_place_id=ChIJx9hBdtsaEQURTF4OjoJIVxc","Klinik Gigi"
"Edi Knalpot Racing","4.5","93","Jl. Cijambe No.38","Kota Bandung","Jawa Barat","ID",,"+62 823-1832-3173","Bengkel Sepeda Motor",,,,,,,,,,"https://www.google.com/maps/search/?api=1&query=Edi%20Knalpot%20Racing&query_place_id=ChIJxXLrsz_daC4RM2SjgK97RTE","Bengkel Sepeda Motor"
"DANTE Dental Care | Klinik Dokter Gigi Bandung","5","1100","Jl. Cendana No.10","Kota Bandung","Jawa Barat","ID","http://dantedentalcare.com/","+62 817-1729-2009","Klinik Gigi","Dokter Gigi",,,,,,,,,"https://www.google.com/maps/search/?api=1&query=DANTE%20Dental%20Care%20%7C%20Klinik%20Dokter%20Gigi%20Bandung&query_place_id=ChIJ9w2Iki3naC4R8TXlv4urp_s","Klinik Gigi"
"Praktik Dokter Gigi","3.2","6","Jl. Dr. Setiabudi No.192 A","Kota Bandung","Jawa Barat","ID",,"+62 22 70780988","Klinik Gigi",,,,,,,,,,"https://www.google.com/maps/search/?api=1&query=Praktik%20Dokter%20Gigi&query_place_id=ChIJhUKXtpXmaC4R8Cw4ryzIEIY","Klinik Gigi"
"Bandung Dental Center","4.6","511","Jl. Sunda No.27d","Kota Bandung","Jawa Barat","ID",,"+62 813-2009-6077","Klinik Gigi","Dokter Gigi Kosmetik","Dokter Gigi","Unit Gawat Darurat Gigi","Dokter Gigi Anak",,,,,,"https://www.google.com/maps/search/?api=1&query=Bandung%20Dental%20Center&query_place_id=ChIJMXSJ8YHoaC4RBOwTCJZOsaA","Klinik Gigi"
"Alinea Dental Pajajaran - Praktek Dokter Gigi Anak & Dewasa di Bandung","4.9","57","Jl. Pajajaran No.149","Kota Bandung","Jawa Barat","ID",,"+62 811-860-555","Klinik Gigi",,,,,,,,,,"https://www.google.com/maps/search/?api=1&query=Alinea%20Dental%20Pajajaran%20-%20Praktek%20Dokter%20Gigi%20Anak%20%26%20Dewasa%20di%20Bandung&query_place_id=ChIJA06gON3naC4RQS5axYvD-K4","Klinik Gigi"
"Oto Mj Garage Modification","4.6","10","Jl. Sukaati Permai IV No.5","Kota Bandung","Jawa Barat","ID",,"+62 813-2159-2585","Bengkel Sepeda Motor",,,,,,,,,,"https://www.google.com/maps/search/?api=1&query=Oto%20Mj%20Garage%20Modification&query_place_id=ChIJtRiL6fXoaC4RAJf3gyM4qF4","Bengkel Sepeda Motor"
"Klinik Gigi dan Umum Raga by Kirari Dental Care","5","90","Jl. Jatayu No.76","Kota Bandung","Jawa Barat","ID","http://www.kiraridentalcare.com/","+62 812-3482-7700","Klinik Medis","Klinik Gigi","Dokter Gigi","Pusat Layanan Gigi Palsu","Dokter","Klinik Tanpa Perjanjian",,,,,"https://www.google.com/maps/search/?api=1&query=Klinik%20Gigi%20dan%20Umum%20Raga%20by%20Kirari%20Dental%20Care&query_place_id=ChIJA97rB2fnaC4R4-1DhcDaCjo","Klinik Medis"
"Bandung Smile Studio (Praktek Dokter Gigi Bandung)","5","448","Jl. Buah Batu No.302","Kota Bandung","Jawa Barat","ID","https://www.instagram.com/bandungsmilestudio/","+62 852-8000-6191","Klinik Gigi",,,,,,,,,,"https://www.google.com/maps/search/?api=1&query=Bandung%20Smile%20Studio%20(Praktek%20Dokter%20Gigi%20Bandung)&query_place_id=ChIJyfwQzEbpaC4RZ-suPEX6mpI","Klinik Gigi"
"Wans Motor","4.7","43","Jl. Babakan Surabaya No.18","Kota Bandung","Jawa Barat","ID",,"+62 22 7100976","Bengkel Sepeda Motor",,,,,,,,,,"https://www.google.com/maps/search/?api=1&query=Wans%20Motor&query_place_id=ChIJe7xCrufnaC4RaPhkYCEsZpI","Bengkel Sepeda Motor"
"Ammah Dental - Managed by @adadoktergigi - Cabang Cigadung Bandung","4.9","319","Jl. Cigadung Raya Timur Sebrang No.24B","Kota Bandung","Jawa Barat","ID","https://instagram.com/ammah.dental","+62 887-2039-145","Dokter Gigi","Dokter Gigi Kosmetik","Klinik Gigi","Dokter Gigi Anak",,,,,,,"https://www.google.com/maps/search/?api=1&query=Ammah%20Dental%20-%20Managed%20by%20%40adadoktergigi%20-%20Cabang%20Cigadung%20Bandung&query_place_id=ChIJvxPP70nFaC4Rn5F659XSYIk","Dokter Gigi"
"Alinea Dental Cihampelas - Praktek Dokter Gigi Anak & Dewasa","4.9","118","Jl. Cihampelas No.11","Kota Bandung","Jawa Barat","ID",,"+62 811-860-555","Klinik Gigi",,,,,,,,,,"https://www.google.com/maps/search/?api=1&query=Alinea%20Dental%20Cihampelas%20-%20Praktek%20Dokter%20Gigi%20Anak%20%26%20Dewasa&query_place_id=ChIJtQZk6HPnaC4R0FwsFNC4FX4","Klinik Gigi"
"Arkan Motor Sport","4.1","9","Jl. Raya Derwati gang M.zhakaria No.141","Kota Bandung","Jawa Barat","ID",,"+62 821-2145-6457","Bengkel Sepeda Motor",,,,,,,,,,"https://www.google.com/maps/search/?api=1&query=Arkan%20Motor%20Sport&query_place_id=ChIJy8lrH4rCaC4Rw7gIHwTYc78","Bengkel Sepeda Motor"
"Yong's Motor","4.6","160","Jl. Lengkong Besar No.65","Kota Bandung","Jawa Barat","ID","https://instagram.com/mgerry28?utm_medium=copy_link","+62 812-2032-828","Bengkel Sepeda Motor","Bengkel Tune Up","Bengkel Mesin",,,,,,,,"https://www.google.com/maps/search/?api=1&query=Yong's%20Motor&query_place_id=ChIJs2kUTinmaC4RhbueGrAC2aE","Bengkel Sepeda Motor"
"ER Mekanik Part Cb C70 Custom Dan Bengkel Motor","4.7","62","Jl. Paledang No.4","Kota Cimahi","Jawa Barat","ID",,"+62 878-2137-7374","Bengkel Sepeda Motor",,,,,,,,,,"https://www.google.com/maps/search/?api=1&query=ER%20Mekanik%20Part%20Cb%20C70%20Custom%20Dan%20Bengkel%20Motor&query_place_id=ChIJLTf1iwvlaC4RDWgRO7yRDqA","Bengkel Sepeda Motor"
"Bengkel Kendaraan Listrik Vector Motors Indonesia","5","25","Jl. Babakan Sari No.4, RT.1/RW.14","Kota Bandung","Jawa Barat","ID",,"+62 821-1162-2592","Toko Suku Cadang Motor",,,,,,,,,,"https://www.google.com/maps/search/?api=1&query=Bengkel%20Kendaraan%20Listrik%20Vector%20Motors%20Indonesia&query_place_id=ChIJae5coXXnaC4RgMejExdOO_Q","Toko Suku Cadang Motor"
"A ER JOK MODIFIKASI","5","26","Jl. Rumah Sakit","Kota Bandung","Jawa Barat","ID",,"+62 857-2724-7472","Bengkel Sepeda Motor",,,,,,,,,,"https://www.google.com/maps/search/?api=1&query=A%20ER%20JOK%20MODIFIKASI&query_place_id=ChIJnYpRZ5LdaC4Rp8RTHK0D1HY","Bengkel Sepeda Motor"
"Toko Megaria","4.1","493","Jl. Kalipah Apo No.17","Kota Bandung","Jawa Barat","ID",,"+62 811-2122-108","Toko Alat Dapur","Kafe","Pemasok makanan dan minuman katering","Pemasok mesin kopi","Toko Peralatan Makan","Toko Elektronik","Toko Suvenir","Hotel",,,"https://www.google.com/maps/search/?api=1&query=Toko%20Megaria&query_place_id=ChIJD17aiiHmaC4RTgvBtU-J_xc","Toko Alat Dapur"
"Yonk Jaya Motor","4.4","1021","Jl. A. Yani No.358","Kota Bandung","Jawa Barat","ID","https://wa.me/+6282219909925","+62 822-1990-9925","Toko Suku Cadang Motor",,,,,,,,,,"https://www.google.com/maps/search/?api=1&query=Yonk%20Jaya%20Motor&query_place_id=ChIJtQjYpJTnaC4RPfOiDKpLUeU","Toko Suku Cadang Motor"
"HW OTOPAINT Vapor Blasting & Powder Coating Bandung","5","7","Jl. Cijawura Girang V No.34","Kota Bandung","Jawa Barat","ID","https://hwotopaint.com/","+62 812-1717-4962","Bengkel Sepeda Motor","Toko perawatan otomotif","Pengecatan Mobil","Bengkel Bongkar Pasang Mesin","Layanan pengupasan cat",,,,,,"https://www.google.com/maps/search/?api=1&query=HW%20OTOPAINT%20Vapor%20Blasting%20%26%20Powder%20Coating%20Bandung&query_place_id=ChIJXRJYGWfpaC4Rr6zjpEm8qn0","Bengkel Sepeda Motor"
"BAD FOX COMPANY","5","6","3J3G+67P","Kota Bandung","Jawa Barat","ID",,"+62 881-9427-474","Bengkel Sepeda Motor",,,,,,,,,,"https://www.google.com/maps/search/?api=1&query=BAD%20FOX%20COMPANY&query_place_id=ChIJaxA262DoaC4RkhXfEuMogHs","Bengkel Sepeda Motor"
"NoLimitz Maticshop","4.7","1244","Jl. Cijagra No.14 B-C","Kota Bandung","Jawa Barat","ID","http://nolimitz.id/","+62 858-6090-1990","Toko Suku Cadang Motor",,,,,,,,,,"https://www.google.com/maps/search/?api=1&query=NoLimitz%20Maticshop&query_place_id=ChIJcT7_UWHoaC4Rj09hKeCl1g4","Toko Suku Cadang Motor"
"Bengkel Bubut Lss","4.3","3","3HJJ+CFX, Jl. Suryani","Kota Bandung","Jawa Barat","ID",,"","Bengkel Mobil",,,,,,,,,,"https://www.google.com/maps/search/?api=1&query=Bengkel%20Bubut%20Lss&query_place_id=ChIJkXUyXw_maC4Rpbze9Tz30w0","Bengkel Mobil"
"PIN PROJECT CARBON KEVLAR","4.9","43","Jl. Moch. Ramdan","Kota Bandung","Jawa Barat","ID",,"+62 896-1259-4122","Bengkel Sepeda Motor",,,,,,,,,,"https://www.google.com/maps/search/?api=1&query=PIN%20PROJECT%20CARBON%20KEVLAR&query_place_id=ChIJ5xIS97fpaC4RkvFHb7XX0v8","Bengkel Sepeda Motor"
"Ducks.Garage","4.8","579","Jl. K.H. Ahmad Dahlan No.3","Kota Bandung","Jawa Barat","ID",,"+62 896-6231-6541","Toko Suku Cadang Motor",,,,,,,,,,"https://www.google.com/maps/search/?api=1&query=Ducks.Garage&query_place_id=ChIJab2NKtDnaC4RDh0Yi80zAyY","Toko Suku Cadang Motor"
"PSG Motor Accessories","4.6","38","Jl. Astana Anyar No.266","Kota Bandung","Jawa Barat","ID",,"+62 22 5206354","Toko Suku Cadang Motor",,,,,,,,,,"https://www.google.com/maps/search/?api=1&query=PSG%20Motor%20Accessories&query_place_id=ChIJjR1A7p7oaC4RNlB5pXo-How","Toko Suku Cadang Motor"
"Las Karbit Abah","5","3","Jl. Caringin No.337","Kota Bandung","Jawa Barat","ID",,"","Bengkel Mobil",,,,,,,,,,"https://www.google.com/maps/search/?api=1&query=Las%20Karbit%20Abah&query_place_id=ChIJdRxVn03vaC4RUnAmTPjzbV4","Bengkel Mobil"
"Yobel Autolight","4.7","258","Jl. Moch. Toha No.153","Kota Bandung","Jawa Barat","ID","https://www.tokopedia.com/yobelautolight","+62 878-2509-5717","Toko Reparasi Lampu","Bengkel Mobil",,,,,,,,,"https://www.google.com/maps/search/?api=1&query=Yobel%20Autolight&query_place_id=ChIJbXIMswbpaC4RwfyHs4DmvVY","Toko Reparasi Lampu"
"spare part motor yamaha borriespart","4.8","110","Jl. Sekelimus Tengah No.35","Kota Bandung","Jawa Barat","ID","https://shopee.co.id/borriespart","+62 821-2185-5869","Toko Suku Cadang Motor",,,,,,,,,,"https://www.google.com/maps/search/?api=1&query=spare%20part%20motor%20yamaha%20borriespart&query_place_id=ChIJQXad14npaC4R9fa89oeYgiI","Toko Suku Cadang Motor"
"WS CUSTOM","3.4","5","Jl. Karapitan No.19","Kota Bandung","Jawa Barat","ID",,"","Bengkel Bongkar Pasang Mesin",,,,,,,,,,"https://www.google.com/maps/search/?api=1&query=WS%20CUSTOM&query_place_id=ChIJ5VRlYsrnaC4Rnon0XZhuAk4","Bengkel Bongkar Pasang Mesin"
"Bobok knalpot custom murah holic","4.6","174","belakang RS Immanuel, Jl. Leuwi Panjang","Kota Bandung","Jawa Barat","ID",,"+62 852-2225-8026","Bengkel Sepeda Motor",,,,,,,,,,"https://www.google.com/maps/search/?api=1&query=Bobok%20knalpot%20custom%20murah%20holic&query_place_id=ChIJ4TyG1a7paC4R37Zgn2lpoBM","Bengkel Sepeda Motor"
"Kitchen Centre","4.9","34","Jl. Raya Cijerah No.67","Kota Bandung","Jawa Barat","ID","http://heylink.me/%20kitchen67","+62 857-9337-4090","Toko Alat Dapur",,,,,,,,,,"https://www.google.com/maps/search/?api=1&query=Kitchen%20Centre&query_place_id=ChIJhz--zPzlaC4RshPf0w-LbDk","Toko Alat Dapur"
"Service Radiator jaya abadi","4.7","20","Jl. Soekarno-Hatta No.56","Kota Bandung","Jawa Barat","ID",,"","Bengkel Mobil",,,,,,,,,,"https://www.google.com/maps/search/?api=1&query=Service%20Radiator%20jaya%20abadi&query_place_id=ChIJ9e5VWgfmaC4RQbIaARLNbEU","Bengkel Mobil"
"DSaksesoris ( speedometer servis )","4.9","53","3JVQ+WV7, Jl. Lemah Neundeut I, RT.01/rw07","Kota Bandung","Jawa Barat","ID",,"+62 851-8576-9312","Bengkel Sepeda Motor",,,,,,,,,,"https://www.google.com/maps/search/?api=1&query=DSaksesoris%20(%20speedometer%20servis%20)&query_place_id=ChIJ7b2Amm3naC4R-dD7kvKoZT8","Bengkel Sepeda Motor"
"CV ASIA PITSTOP JAYA / cat oven-body repair-detailing-coating","4.4","112","Jl. Holis No.248","Kota Bandung","Jawa Barat","ID","https://instagram.com/pitstop_bodywork?utm_medium=copy_link","+62 22 6021621","Bengkel Mobil",,,,,,,,,,"https://www.google.com/maps/search/?api=1&query=CV%20ASIA%20PITSTOP%20JAYA%20%2F%20cat%20oven-body%20repair-detailing-coating&query_place_id=ChIJeRfh5v_laC4Roemg7Urnvk0","Bengkel Mobil"
"Vertical Motorsport - Servis/Service Repair Repaint Press Velg Mobil Bandung","4.6","256","Jl. Cikawao No.41","Kota Bandung","Jawa Barat","ID","https://www.instagram.com/verticalworksbdg?igsh=MWE4aHJ2eXpxdzh0ag==","+62 812-1122-6060","Toko Pelek","Toko Mesin Mobil","Gudang Mobil","Layanan reparasi","Toko Ban","Jasa Balancing Roda",,,,,"https://www.google.com/maps/search/?api=1&query=Vertical%20Motorsport%20-%20Servis%2FService%20Repair%20Repaint%20Press%20Velg%20Mobil%20Bandung&query_place_id=ChIJtRUe_SnmaC4RLdiOWQF3dZQ","Toko Pelek"
"Black Jok Motor Variasi Custom","4.6","27","Gg. Sayuran No.31, RT.001rw002","Kota Bandung","Jawa Barat","ID",,"+62 895-0867-1799","Bengkel Jok Kursi Mobil",,,,,,,,,,"https://www.google.com/maps/search/?api=1&query=Black%20Jok%20Motor%20Variasi%20Custom&query_place_id=ChIJ7RL-TcLpaC4RYcXeZhCRj_c","Bengkel Jok Kursi Mobil"
"Mb clasic 86 sparepart & aksesori","4.2","81","Jl. Rajamantri Wetan","Kota Bandung","Jawa Barat","ID",,"+62 819-3125-2429","Bengkel Sepeda Motor",,,,,,,,,,"https://www.google.com/maps/search/?api=1&query=Mb%20clasic%2086%20sparepart%20%26%20aksesori&query_place_id=ChIJ-8PbAjLpaC4ROpQg_FhPZTY","Bengkel Sepeda Motor"
"YOONG MOTOR BANDUNG - SPD x AUTONETCARE x LUMENS","5","10","Jl. Kiara Sari Utama I Jl. Margacinta No.24A","Kota Bandung","Jawa Barat","ID","https://powerplus.id/","+62 813-1777-3044","Bengkel Mesin",,,,,,,,,,"https://www.google.com/maps/search/?api=1&query=YOONG%20MOTOR%20BANDUNG%20-%20SPD%20x%20AUTONETCARE%20x%20LUMENS&query_place_id=ChIJZfj_jJbpaC4R5ciS7IdapqY","Bengkel Mesin"
"Bengkel Ketok Magic ADI Sedio Utomo","4.6","22","Jl. Soekarno Hatta (dpn, Jl. Ps. Induk Caringin","Kota Bandung","Jawa Barat","ID","https://sites.google.com/view/jualbelihp24jam/halaman-muka","+62 813-2054-3538","Bengkel Mobil",,,,,,,,,,"https://www.google.com/maps/search/?api=1&query=Bengkel%20Ketok%20Magic%20ADI%20Sedio%20Utomo&query_place_id=ChIJEwukVLDoaC4ReRhqUtp0UWw","Bengkel Mobil"
"ZC Distromotive INC ZCD","4.4","55","Jl. Burangrang No.43","Kota Bandung","Jawa Barat","ID","https://www.instagram.com/zcdistromotive/?hl=en","+62 818-216-226","Bengkel Mobil","Bengkel Mobil Antik","Toko Aksesori Mobil","Pemasok Decal","Toko Reparasi Lampu","Toko Motorsport","Pabrik stiker",,,,"https://www.google.com/maps/search/?api=1&query=ZC%20Distromotive%20INC%20ZCD&query_place_id=ChIJ6f4DXHvmaC4RIQY7lyoclw4","Bengkel Mobil"
"Bengkel Custom","5","5","3J6H+5CP, Jl. Sekar Gambir I","Kota Bandung","Jawa Barat","ID",,"+62 821-2253-2011","Kantor Perusahaan",,,,,,,,,,"https://www.google.com/maps/search/?api=1&query=Bengkel%20Custom&query_place_id=ChIJaTpjkWToaC4RU8fqHmcu3WU","Kantor Perusahaan"
"BENZ Custom","4.8","4","3JJG+F63, Jl. Kembang Sapatu","Kota Bandung","Jawa Barat","ID",,"+62 818-0933-3309","Bengkel Bongkar Pasang Mesin",,,,,,,,,,"https://www.google.com/maps/search/?api=1&query=BENZ%20Custom&query_place_id=ChIJMVFjRlXnaC4RlLT44RO-T3Q","Bengkel Bongkar Pasang Mesin"
"Bacip Moto Shop","4.8","772","Jl. Kebon Jati No.214/216","Kota Bandung","Jawa Barat","ID","https://www.instagram.com/bacipmotoshop/","+62 811-2002-773","Bengkel Sepeda Motor",,,,,,,,,,"https://www.google.com/maps/search/?api=1&query=Bacip%20Moto%20Shop&query_place_id=ChIJOZeXZLLoaC4RClZfJPajRxo","Bengkel Sepeda Motor"
"SPD Bandung - Custom & Service Speedometer Mobil","5","368","Jl. Kiara Sari Utama I No.24","Kota Bandung","Jawa Barat","ID","http://spdspeedometer.com/","+62 813-1777-3044","Bengkel Mobil","Toko Aksesori Mobil","Layanan reparasi",,,,,,,,"https://www.google.com/maps/search/?api=1&query=SPD%20Bandung%20-%20Custom%20%26%20Service%20Speedometer%20Mobil&query_place_id=ChIJPanSckfpaC4RjmvXXnp1QRI","Bengkel Mobil"
"BIG ROAD 43 Bengkel Modifikasi Moge SM V16 250cc","5","4","Jl. Raya Derwati No.43a","Kota Bandung","Jawa Barat","ID",,"+62 812-8954-2999","Bengkel Motor Elektrik",,,,,,,,,,"https://www.google.com/maps/search/?api=1&query=BIG%20ROAD%2043%20Bengkel%20Modifikasi%20Moge%20SM%20V16%20250cc&query_place_id=ChIJkfX6uanDaC4RlCvgwREUAJI","Bengkel Motor Elektrik"
"AZKO Batununggal Bandung","4.8","323","Jl. Batununggal Indah IV No.1-3, RT.08/RW.01","Kota Bandung","Jawa Barat","ID","https://www.ruparupa.com/store/bandung---azko-batununggal?utm_source=google&utm_medium=gmb&utm_campaign=azko_store","+62 855-1500-582","Toko Perlengkapan Rumah",,,,,,,,,,"https://www.google.com/maps/search/?api=1&query=AZKO%20Batununggal%20Bandung&query_place_id=ChIJxWUSQIDpaC4RUPp-q2f2iPY","Toko Perlengkapan Rumah"
"Sejati Food Service (Toko Sejati)","4.3","1808","Jl. Suniaraja No.120","Kota Bandung","Jawa Barat","ID",,"+62 22 4201760","Toko Perlengkapan Restoran","Toko Kelontong Asia","Perlengkapan Membuat Roti","Distributor minuman","Pemasok Produk Makanan","Toko Daging Premium","Toko Kelontong India","Toko makanan grosir",,,"https://www.google.com/maps/search/?api=1&query=Sejati%20Food%20Service%20(Toko%20Sejati)&query_place_id=ChIJ50xfgTzmaC4RwS0wOf3ETvY","Toko Perlengkapan Restoran"
"Asep Tumbak ( Bubut, Las, Matras autopart )","5","5",,"Kota Bandung","Jawa Barat","ID",,"","Bengkel Bubut",,,,,,,,,,"https://www.google.com/maps/search/?api=1&query=Asep%20Tumbak%20(%20Bubut%2C%20Las%2C%20Matras%20autopart%20)&query_place_id=ChIJNZ9OrILpaC4RGXfMBmgOews","Bengkel Bubut"
"Klinik Utama Elim","3.7","230","Jl. Sudirman No.190","Kota Bandung","Jawa Barat","ID",,"+62 22 6029696","Klinik Medis","Dokter Gigi",,,,,,,,,"https://www.google.com/maps/search/?api=1&query=Klinik%20Utama%20Elim&query_place_id=ChIJJVRPbRjmaC4RPRc3Gt7X3Aw","Klinik Medis"
"PANGLIMA CUSTOM BENGKEL MOTOR & BUBUT CVT","5","25","3HHR+366, Jl. Pagarsih","Kota Bandung","Jawa Barat","ID","http://shopee.co.id/panglimacustom","+62 817-622-724","Bengkel Sepeda Motor",,,,,,,,,,"https://www.google.com/maps/search/?api=1&query=PANGLIMA%20CUSTOM%20BENGKEL%20MOTOR%20%26%20BUBUT%20CVT&query_place_id=ChIJhaQ3TwDnaC4RLqzXRqaudgM","Bengkel Sepeda Motor"
"MY DENTAL CLINIC","4.9","304","My Dental Clinic, Jl. L. L. R.E. Martadinata No.12 Lt M","Kota Bandung","Jawa Barat","ID","http://mydentalclinicbandung.com/","+62 812-2107-794","Klinik Gigi",,,,,,,,,,"https://www.google.com/maps/search/?api=1&query=MY%20DENTAL%20CLINIC&query_place_id=ChIJt94-AUjmaC4Rq4OWmwFQkA4","Klinik Gigi"
"Habemotor","4.3","142","Jl. Raya Kopo No.378","Kota Bandung","Jawa Barat","ID","https://linktr.ee/habemotor","+62 878-2587-5461","Bengkel Sepeda Motor",,,,,,,,,,"https://www.google.com/maps/search/?api=1&query=Habemotor&query_place_id=ChIJKXcuWorpaC4R0YyGlP5lEtc","Bengkel Sepeda Motor"
"L J M racing clinik","4.4","34","Alamat baru, Jl. Cibodas Raya No.36, RT.1/RW.6","Kota Bandung","Jawa Barat","ID",,"+62 812-2459-451","Bengkel Sepeda Motor",,,,,,,,,,"https://www.google.com/maps/search/?api=1&query=L%20J%20M%20racing%20clinik&query_place_id=ChIJeQMEXw_haC4ROvAhi7E8Ym8","Bengkel Sepeda Motor"
"RK motor Bengkel Motor","4.9","18","Jl. Kawaluyaan","Kota Bandung","Jawa Barat","ID",,"+62 882-2432-6779","Bengkel Sepeda Motor",,,,,,,,,,"https://www.google.com/maps/search/?api=1&query=RK%20motor%20Bengkel%20Motor&query_place_id=ChIJoSgt6HTpaC4RPb5bpo2IxFo","Bengkel Sepeda Motor"
"Klinik Gigi Bandung - FDC Bandung Paskal","4.9","14700","Jl. Kebon Kawung No.2","Kota Bandung","Jawa Barat","ID","https://fdcdentalclinic.co.id/lokasi/fdc-bandung","+62 811-1220-5818","Klinik Gigi","Dokter Gigi Kosmetik","Dokter Gigi","Ortodontis","Dokter Gigi Anak","Periodontis",,,,,"https://www.google.com/maps/search/?api=1&query=Klinik%20Gigi%20Bandung%20-%20FDC%20Bandung%20Paskal&query_place_id=ChIJ64QVTjbnaC4R5r_OM2xy1Mk","Klinik Gigi"
"Eiji Dental Specialist by drg Sheena Lionie Sp.KG (Konservasi Gigi) & drg Hendri Pribadi Sp.Ort (Ortodontis)","5","232","Jl. Mekar Puspita No.41A","Kota Bandung","Jawa Barat","ID","https://www.instagram.com/eijidentalspecialist?igsh=MWh2NmN2YWxscGdieQ%3D%3D&utm_source=qr","+62 811-8886-0040","Ahli Endodontologi","Klinik Gigi","Dokter Gigi","Ortodontis",,,,,,,"https://www.google.com/maps/search/?api=1&query=Eiji%20Dental%20Specialist%20by%20drg%20Sheena%20Lionie%20Sp.KG%20(Konservasi%20Gigi)%20%26%20drg%20Hendri%20Pribadi%20Sp.Ort%20(Ortodontis)&query_place_id=ChIJ1QT_bZbpaC4RaPCUmOMIOYo","Ahli Endodontologi"
"PT. Pramtama Surya Perkasa Mandiri","4.7","190","JL. A. Yani No. 296 - West Java IBCC-Istana Building Commodities Center Blok C2 No. 6, 12a, 40261","Kota Bandung","Jawa Barat","ID","https://www.tokopedia.com/butiklampu","+62 899-0520-000","Toko Elektronik","Jasa Instalasi Listrik","Toko Alat Listrik","Grosir produk kelistrikan","Toko Lampu",,,,,,"https://www.google.com/maps/search/?api=1&query=PT.%20Pramtama%20Surya%20Perkasa%20Mandiri&query_place_id=ChIJc-dAY8XnaC4RH_Mb0q0ohZ0","Toko Elektronik"
"Mc Glow klinik pratama","4.7","81","Komplek Cibaduyut Permai, Jl. Borobudur No.1","Kota Bandung","Jawa Barat","ID",,"+62 858-7878-7863","Dokter",,,,,,,,,,"https://www.google.com/maps/search/?api=1&query=Mc%20Glow%20klinik%20pratama&query_place_id=ChIJHWwNnkfpaC4R7sUFbTApFo0","Dokter"
"Sinarmaju Electronics","4.5","834","Jl. Sudirman No.451","Kota Bandung","Jawa Barat","ID","http://www.sinarmaju.co.id/","+62 877-0870-8128","Toko Elektronik","Toko Alat Dapur",,,,,,,,,"https://www.google.com/maps/search/?api=1&query=Sinarmaju%20Electronics&query_place_id=ChIJm-lPhxrmaC4RqE4t0UKENzI","Toko Elektronik"
"Logos Variasi Motor","2.7","375","Jl. Pungkur No.178","Kota Bandung","Jawa Barat","ID",,"+62 812-1064-9029","Toko Suku Cadang Motor",,,,,,,,,,"https://www.google.com/maps/search/?api=1&query=Logos%20Variasi%20Motor&query_place_id=ChIJqZ_3BYPoaC4RrJD7CEof5Nk","Toko Suku Cadang Motor"
"MSCGARAGE35","5","5","Jl.terusan pesantren cipagalo No 35, RT.03/RW.11","Kota Bandung","Jawa Barat","ID",,"+62 896-9912-9682","Bengkel Sepeda Motor",,,,,,,,,,"https://www.google.com/maps/search/?api=1&query=MSCGARAGE35&query_place_id=ChIJ79V2CQDdaC4RAUfxCHmNJRI","Bengkel Sepeda Motor"
"Klinik Pratama ADADOKTERGIGI - Cabang Cikutra Bandung","5","11","Jl. Cikutra Barat Ruko 3 No.34, RT.06/RW.12","Kota Bandung","Jawa Barat","ID","https://instagram.com/adadoktergigi","+62 887-2039-145","Dokter Gigi",,,,,,,,,,"https://www.google.com/maps/search/?api=1&query=Klinik%20Pratama%20ADADOKTERGIGI%20-%20Cabang%20Cikutra%20Bandung&query_place_id=ChIJO8uF5YnnaC4RrU16uZXIsUU","Dokter Gigi"
"D'Gigi Dental Clinic (Gigi Priority)","4.6","107","No Jl. Anggrek No.36","Kota Bandung","Jawa Barat","ID",,"+62 811-2146-161","Klinik Gigi","Dokter Gigi Kosmetik","Dokter Gigi","Dokter Bedah Mulut",,,,,,,"https://www.google.com/maps/search/?api=1&query=D'Gigi%20Dental%20Clinic%20(Gigi%20Priority)&query_place_id=ChIJDRjtyc7naC4RQ4TI9v6yqB4","Klinik Gigi"
"CUSTOM MOTOR PREMIUM GARAGE","3.7","3","Jl. Pagarsih No.88","Kota Bandung","Jawa Barat","ID",,"+62 822-1037-5068","Bengkel Sepeda Motor",,,,,,,,,,"https://www.google.com/maps/search/?api=1&query=CUSTOM%20MOTOR%20PREMIUM%20GARAGE&query_place_id=ChIJ9_Cy3-bnaC4R2fV_cJsUKOY","Bengkel Sepeda Motor"
"DMR custom","4.4","48","Jl. Babakan Sari No.108","Kota Bandung","Jawa Barat","ID",,"+62 897-7193-308","Bengkel Motor Elektrik",,,,,,,,,,"https://www.google.com/maps/search/?api=1&query=DMR%20custom&query_place_id=ChIJZaW0veLnaC4RlYpnIMjJJws","Bengkel Motor Elektrik"
"A4 custom motorcycles","3.4","31","jl.terusan pasirkoja babakan irigasi, Gg. Remaja VIII, RT.11 rw02/RW.no.20","Kota Bandung","Jawa Barat","ID",,"","Bengkel Sepeda Motor","Bengkel Tune Up","Bengkel Mesin","Montir","Dealer Kendaraan Bermotor","Dealer Sepeda Motor","Toko Sepeda Motor",,,,"https://www.google.com/maps/search/?api=1&query=A4%20custom%20motorcycles&query_place_id=ChIJ3_nF4h3maC4RXyB8B1Mt3-M","Bengkel Sepeda Motor"
"99 Custom Choppers / Garage 99 Custom","4.6","159","Jl. Astana Anyar No.251","Kota Bandung","Jawa Barat","ID","http://www.facebook.com/99customchoppers","+62 838-2900-3006","Toko Sepeda Motor","Bengkel Sepeda Motor",,,,,,,,,"https://www.google.com/maps/search/?api=1&query=99%20Custom%20Choppers%20%2F%20Garage%2099%20Custom&query_place_id=ChIJY0bm04XoaC4REmXbxxWTsN4","Toko Sepeda Motor"
"Dokter Gigi (Spesialis Gigi Anak) drg. Diah Prastuti Warastri, SpKGA","3","6","Jl. Denki No.20","Kota Bandung","Jawa Barat","ID",,"+62 821-2009-9649","Klinik Gigi",,,,,,,,,,"https://www.google.com/maps/search/?api=1&query=Dokter%20Gigi%20(Spesialis%20Gigi%20Anak)%20drg.%20Diah%20Prastuti%20Warastri%2C%20SpKGA&query_place_id=ChIJ6c8Zf43oaC4RQO16gyVq5FQ","Klinik Gigi"
"Grosir Elektronik123","4.5","486","3H6F+7P9","Kota Bandung","Jawa Barat","ID",,"+62 812-2200-0768","Toko Elektronik",,,,,,,,,,"https://www.google.com/maps/search/?api=1&query=Grosir%20Elektronik123&query_place_id=ChIJ4_-z5LbpaC4RSg47FiHNs3Q","Toko Elektronik"
"Modif Motor","5","1","2JW6+P63, Gg. Ciseureuh VI, RW.05","Kota Bandung","Jawa Barat","ID",,"","Bengkel Sepeda Motor",,,,,,,,,,"https://www.google.com/maps/search/?api=1&query=Modif%20Motor&query_place_id=ChIJicgltLbpaC4RRTBpgAu1kTY","Bengkel Sepeda Motor"
"Audy Dental Bandung Gatsu | Klinik Dokter Gigi Spesialis","4.9","4593","Jl. Gatot Subroto No.47A","Kota Bandung","Jawa Barat","ID","http://www.audydental.com/","+62 22 87327952","Klinik Gigi","Dokter Gigi Kosmetik","Dokter Gigi","Ahli Endodontologi","Dokter Bedah Mulut","Ortodontis","Dokter Gigi Anak","Periodontis","Spesialis Prostodonsia","Layanan pemutihan gigi","https://www.google.com/maps/search/?api=1&query=Audy%20Dental%20Bandung%20Gatsu%20%7C%20Klinik%20Dokter%20Gigi%20Spesialis&query_place_id=ChIJcf2EhKznaC4RMoRyDKWnsAs","Klinik Gigi"
"CENTRAL ALAT KESEHATAN","5","1",,,,,,"",,,,,,,,,,,"https://www.google.com/maps/search/?api=1&query=CENTRAL%20ALAT%20KESEHATAN&query_place_id=ChIJkQeT1mLoaC4RnAkHQe70_zY",
"Gihon Variasi Bandung","4.3","6","Jl. Katapang Kaler No.3/9","Kota Bandung","Jawa Barat","ID",,"+62 852-9500-4205","Bengkel Sepeda Motor",,,,,,,,,,"https://www.google.com/maps/search/?api=1&query=Gihon%20Variasi%20Bandung&query_place_id=ChIJlwC3xizmaC4RMEKYi_ReAG0","Bengkel Sepeda Motor"
"Yobel Variasi Motor","4.4","14","Jl. Katapang Kaler No.8","Kota Bandung","Jawa Barat","ID",,"+62 817-9254-787","Bengkel Sepeda Motor",,,,,,,,,,"https://www.google.com/maps/search/?api=1&query=Yobel%20Variasi%20Motor&query_place_id=ChIJRfe_qQ7naC4RsRhzGKc4qmg","Bengkel Sepeda Motor"
"OMDC DENTAL & OMDC KIDZ DENTAL BANDUNG","5","425","Jl. Cimanuk No.2","Kota Bandung","Jawa Barat","ID","http://wa.me/+6281288835560","+62 812-900-900","Klinik Gigi",,,,,,,,,,"https://www.google.com/maps/search/?api=1&query=OMDC%20DENTAL%20%26%20OMDC%20KIDZ%20DENTAL%20BANDUNG&query_place_id=ChIJi-ATnEnnaC4RDYTrzlWuvXI","Klinik Gigi"
"Zoomin Clinic By Banteng Dental","4.9","688","Jl. K.H. Ahmad Dahlan No.76","Kota Bandung","Jawa Barat","ID","https://wa.me/6287821735662","+62 878-2173-5662","Klinik Gigi",,,,,,,,,,"https://www.google.com/maps/search/?api=1&query=Zoomin%20Clinic%20By%20Banteng%20Dental&query_place_id=ChIJrQJrwn3oaC4RXNr2s7fo1mc","Klinik Gigi"
"RS27motoshop - variasi motor","4.5","44","Jl. Sriwijaya No.111","Kota Bandung","Jawa Barat","ID",,"+62 812-2279-7172","Toko Suku Cadang Motor","Bengkel Sepeda Motor",,,,,,,,,"https://www.google.com/maps/search/?api=1&query=RS27motoshop%20-%20variasi%20motor&query_place_id=ChIJSVvkdsLoaC4RCfKpkBev2io","Toko Suku Cadang Motor"
"Praktik dr.Atti Semiati Semaun. MM& drg.Ibnu Suryatmojo., SpKG., M.KG","4.6","9","Jl. Suryalaya IV No.23","Kota Bandung","Jawa Barat","ID",,"+62 877-1719-1036","Dokter Gigi",,,,,,,,,,"https://www.google.com/maps/search/?api=1&query=Praktik%20dr.Atti%20Semiati%20Semaun.%20MM%26%20drg.Ibnu%20Suryatmojo.%2C%20SpKG.%2C%20M.KG&query_place_id=ChIJkWS4BgDpaC4RyLScSwS9X2s","Dokter Gigi"
"DOME MODIFIED","4.5","18","Jl. Lengkong Kecil No.42","Kota Bandung","Jawa Barat","ID",,"+62 812-1439-2333","Bengkel Sepeda Motor",,,,,,,,,,"https://www.google.com/maps/search/?api=1&query=DOME%20MODIFIED&query_place_id=ChIJY3jqk4PoaC4RS1ypwYeiTuE","Bengkel Sepeda Motor"
"Prophet Custom Powder Coating","4.6","34","Jl. Leuwi Panjang No.165","Kota Bandung","Jawa Barat","ID",,"+62 878-2266-4100","Bengkel Motor Elektrik",,,,,,,,,,"https://www.google.com/maps/search/?api=1&query=Prophet%20Custom%20Powder%20Coating&query_place_id=ChIJ69A9Xb7oaC4RW9_LSDbHo0Q","Bengkel Motor Elektrik"
"Molars Dental Aesthetics PASKAL - DOKTER GIGI BANDUNG","4.9","1542","No. 25-27, Jl. Pasir Kaliki No.A-46","Kota Bandung","Jawa Barat","ID","http://www.molars.id/","+62 22 86060629","Klinik Gigi","Dokter Gigi Kosmetik","Ortodontis","Layanan pemutihan gigi",,,,,,,"https://www.google.com/maps/search/?api=1&query=Molars%20Dental%20Aesthetics%20PASKAL%20-%20DOKTER%20GIGI%20BANDUNG&query_place_id=ChIJaTffNxbmaC4R2fi6wApdPt8","Klinik Gigi"
"Dokter Gigi Bandung - EDental","5","429","Jl. Sarirasa No.2","Kota Bandung","Jawa Barat","ID","http://www.edental.id/","+62 812-8836-4747","Dokter Gigi",,,,,,,,,,"https://www.google.com/maps/search/?api=1&query=Dokter%20Gigi%20Bandung%20-%20EDental&query_place_id=ChIJ_zNrI37naC4RgtJGolyhWUM","Dokter Gigi"
"Haykal Service & Modifikasi Jok Motor","5","4","Jl. Astana Anyar No.306","Kota Bandung","Jawa Barat","ID",,"+62 838-3928-8472","Bengkel Sepeda Motor",,,,,,,,,,"https://www.google.com/maps/search/?api=1&query=Haykal%20Service%20%26%20Modifikasi%20Jok%20Motor&query_place_id=ChIJo25RyrPpaC4R7YMexKSa5xA","Bengkel Sepeda Motor"
"RC Motogarage Bandung","4.8","649","Jl. Pungkur No.122","Kota Bandung","Jawa Barat","ID","http://www.rcmotogarage.com/","+62 813-8672-7077","Toko",,,,,,,,,,"https://www.google.com/maps/search/?api=1&query=RC%20Motogarage%20Bandung&query_place_id=ChIJidaIfofoaC4Rb_Lg1jQEAkU","Toko"
"BENGKEL CAT RPROJECT GARAGE duco Custom","4.5","42","Masjid Nurul Iman, Jl merkuri timur 8 blok z no 187 samping","Kota Bandung","Jawa Barat","ID","http://www.instagram.com/rprojectgarage/","+62 858-6063-1288","Bengkel Sepeda Motor",,,,,,,,,,"https://www.google.com/maps/search/?api=1&query=BENGKEL%20CAT%20RPROJECT%20GARAGE%20duco%20Custom&query_place_id=ChIJ_-bsEqDCaC4RHegdRj7p2aM","Bengkel Sepeda Motor"
"ROB1 Sport Racing","4.7","138","Sekejati, Jl. Rancabolang No.62","Kota Bandung","Jawa Barat","ID",,"","Bengkel Sepeda Motor","Toko Aksesori Pakaian",,,,,,,,,"https://www.google.com/maps/search/?api=1&query=ROB1%20Sport%20Racing&query_place_id=ChIJKx_8g5vpaC4RUw1KzKloTgs","Bengkel Sepeda Motor"
"Azotbezot garage","5","9","Jl. Ibrahim Adjie No.4","Kota Bandung","Jawa Barat","ID","https://www.instagram.com/s/aGlnaGxpZ2h0OjE3OTAzODg0NzUxMzY1OTM3?igshid=YmMyMTA2M2Y=","+62 856-5939-5767","Bengkel Sepeda Motor",,,,,,,,,,"https://www.google.com/maps/search/?api=1&query=Azotbezot%20garage&query_place_id=ChIJPQBD5c3paC4RYsPSmTXl6lM","Bengkel Sepeda Motor"
"Ardigh car audio","5","2","Jl. Cihapit No.58","Kota Bandung","Jawa Barat","ID","https://wa.me/message/6285720729641","+62 857-2072-9641","Toko Audio Mobil",,,,,,,,,,"https://www.google.com/maps/search/?api=1&query=Ardigh%20car%20audio&query_place_id=ChIJASmBi23naC4RUE3vrFlxpAE","Toko Audio Mobil"
"Gepe Audio Mobil Bandung",,,"Jl. Cihapit","Kota Bandung","Jawa Barat","ID","https://www.youtube.com/GePeAudio","+62 813-2132-1373","Toko Audio Mobil",,,,,,,,,,"https://www.google.com/maps/search/?api=1&query=Gepe%20Audio%20Mobil%20Bandung&query_place_id=ChIJOefZTiLnaC4RCtav1409ad8","Toko Audio Mobil"
"Endang audio",,,"dpn taman audio, Jl. Taman Cibeunying Utara","Kota Bandung","Jawa Barat","ID",,"+62 858-6453-8030","Toko Audio Mobil",,,,,,,,,,"https://www.google.com/maps/search/?api=1&query=Endang%20audio&query_place_id=ChIJpew9a5jnaC4RTpdGhP2BBmE","Toko Audio Mobil"
"Big valve custom n repair","4.3","6","no 134","Kota Bandung","Jawa Barat","ID",,"+62 812-1265-5799","Bengkel Sepeda Motor",,,,,,,,,,"https://www.google.com/maps/search/?api=1&query=Big%20valve%20custom%20n%20repair&query_place_id=ChIJXdN9YQPDaC4Rheuuq4GoAeo","Bengkel Sepeda Motor"
"Sumber Jaya Utama","4.3","8","Jl. Cijawura Girang III No.I2","Kota Bandung","Jawa Barat","ID",,"+62 896-6174-7788","Toko Alat Listrik","Toko Elektronik","Toko Alat Dapur","Grosir Perlengkapan Rumah Tangga",,,,,,,"https://www.google.com/maps/search/?api=1&query=Sumber%20Jaya%20Utama&query_place_id=ChIJk154tUlXby4RMasMj7ZZaAg","Toko Alat Listrik"
"Sinarsakti Anekasarana. PT (Kenwood)","5","1","Jl. BKR No.61","Kota Bandung","Jawa Barat","ID",,"+62 22 5204114","Toko Audio Mobil",,,,,,,,,,"https://www.google.com/maps/search/?api=1&query=Sinarsakti%20Anekasarana.%20PT%20(Kenwood)&query_place_id=ChIJ4VVgYYXoaC4R7h1JuFGPCBY","Toko Audio Mobil"
"BCV50","4.9","126","Jl. Nyengseret No.50","Kota Bandung","Jawa Barat","ID","http://www.bcv50.wordpress.com/","+62 812-1416-697","Toko Suku Cadang Motor",,,,,,,,,,"https://www.google.com/maps/search/?api=1&query=BCV50&query_place_id=ChIJ12yI6ZjoaC4REzKqxCjLBE4","Toko Suku Cadang Motor"
"Sankyo Freon","4.3","138","Jl. Kiara Condong No.404","Kota Bandung","Jawa Barat","ID",,"+62 22 7333240","Jasa Reparasi Kulkas",,,,,,,,,,"https://www.google.com/maps/search/?api=1&query=Sankyo%20Freon&query_place_id=ChIJt0vIfGzoaC4RmvxXANEwYkE","Jasa Reparasi Kulkas"
"Service Center Rinnai - Miyako - Shimizu","4.8","1415","Jl. Garuda No.107B","Kota Bandung","Jawa Barat","ID",,"+62 22 6125960","Jasa Reparasi Peralatan Rumah Tangga","Toko Elektronik",,,,,,,,,"https://www.google.com/maps/search/?api=1&query=Service%20Center%20Rinnai%20-%20Miyako%20-%20Shimizu&query_place_id=ChIJL76gbQrmaC4RdYu3TfBBYio","Jasa Reparasi Peralatan Rumah Tangga"
"PMworks the garage","5","6","Jl. Hayam Wuruk No.28B","Kota Bandung","Jawa Barat","ID",,"+62 818-211-155","Toko Audio Mobil",,,,,,,,,,"https://www.google.com/maps/search/?api=1&query=PMworks%20the%20garage&query_place_id=ChIJhSM1EUvmaC4RRdh5rapwaiY","Toko Audio Mobil"
"Workshop Bandung Modifikasi","4.8","5","Jl. Naradireja No.57","Kota Bandung","Jawa Barat","ID",,"+62 817-7946-8152","Bengkel Fiberglass",,,,,,,,,,"https://www.google.com/maps/search/?api=1&query=Workshop%20Bandung%20Modifikasi&query_place_id=ChIJ9bHEPuXoaC4RMl6uDQ3Qod8","Bengkel Fiberglass"
"Klinik Utama Oratio Fide - Bandung","5","776","Jl. Dr. Cipto No.5","Kota Bandung","Jawa Barat","ID","https://oratioclinic.com/","+62 22 4231987","Klinik Medis","Klinik Gigi",,,,,,,,,"https://www.google.com/maps/search/?api=1&query=Klinik%20Utama%20Oratio%20Fide%20-%20Bandung&query_place_id=ChIJGUV2_cHnaC4RYMRBZWqOBdo","Klinik Medis"
"Audio 28",,,"Jalan taman ciliwung","Kota Bandung","Jawa Barat","ID",,"+62 831-3064-6157","Toko Audio Mobil",,,,,,,,,,"https://www.google.com/maps/search/?api=1&query=Audio%2028&query_place_id=ChIJeSCfCT3naC4RMQYiKDzxeSE","Toko Audio Mobil"
"AZKO Living Plaza Pasir Kaliki","4.7","2626","Jl. Pajajaran No.134","Kota Bandung","Jawa Barat","ID","https://www.ruparupa.com/store/bandung---azko-living-plaza-pasir-kaliki?utm_source=google&utm_medium=gmb&utm_campaign=azko_store","+62 855-1500-582","Toko Perlengkapan Rumah",,,,,,,,,,"https://www.google.com/maps/search/?api=1&query=AZKO%20Living%20Plaza%20Pasir%20Kaliki&query_place_id=ChIJwcnvn2rmaC4R5SrCCIRvQ3Q","Toko Perlengkapan Rumah"
"Bandung audio car tedi cihapit",,,"Jl. Ciliwung","Kota Bandung","Jawa Barat","ID",,"+62 878-2595-9802","Toko Audio Mobil",,,,,,,,,,"https://www.google.com/maps/search/?api=1&query=Bandung%20audio%20car%20tedi%20cihapit&query_place_id=ChIJ321Rn7XnaC4R8wkhW8zaKik","Toko Audio Mobil"
"Asep Galing car audio 57",,,,"Kota Bandung","Jawa Barat","ID",,"+62 821-1716-2828","Toko Audio Mobil",,,,,,,,,,"https://www.google.com/maps/search/?api=1&query=Asep%20Galing%20car%20audio%2057&query_place_id=ChIJQS0y_ZDnaC4RyT1dH9WccYE","Toko Audio Mobil"
"AZKO IBCC","4.8","4235","Jl. A. Yani No.296","Kota Bandung","Jawa Barat","ID","https://www.ruparupa.com/store/bandung---azko-plaza-ibcc-a.-yani?utm_source=google&utm_medium=gmb&utm_campaign=azko_store","+62 855-1500-582","Toko Perlengkapan Rumah",,,,,,,,,,"https://www.google.com/maps/search/?api=1&query=AZKO%20IBCC&query_place_id=ChIJF-4dZMXnaC4RDtRM50jIAWU","Toko Perlengkapan Rumah"
"133 CUSTOM BIKE","5","6","Jl. Terusan Pasirkoja No.154-136","Kota Bandung","Jawa Barat","ID",,"+62 812-2493-3342","Bengkel Motor Elektrik",,,,,,,,,,"https://www.google.com/maps/search/?api=1&query=133%20CUSTOM%20BIKE&query_place_id=ChIJLTea-hzmaC4RgA0r1xibRys","Bengkel Motor Elektrik"
"Bandung car audio ( aban audio 31 )","1","1","Jl. Ciliwung No.9-13","Kota Bandung","Jawa Barat","ID",,"+62 852-9423-9229","Toko Audio Mobil",,,,,,,,,,"https://www.google.com/maps/search/?api=1&query=Bandung%20car%20audio%20(%20aban%20audio%2031%20)&query_place_id=ChIJnbgRgc_naC4RNmfW5M4Yfk0","Toko Audio Mobil"
"Dahlia Dewantara. PT - Buah Batu","4.5","26","Jl. Kancra Jl. Buah Batu No.60","Kota Bandung","Jawa Barat","ID",,"+62 813-1269-1114","Toko Alat Dapur",,,,,,,,,,"https://www.google.com/maps/search/?api=1&query=Dahlia%20Dewantara.%20PT%20-%20Buah%20Batu&query_place_id=ChIJ5aLh34boaC4R9AOcD-Y7bXQ","Toko Alat Dapur"
"Binary plan","3","1","Jl. Sederhana No.8","Kota Bandung","Jawa Barat","ID","http://tonyguard31.blogspot.com/","+62 813-2461-4771","Pusat Suku Cadang Mobil","Mesin Jual Otomatis Elektronik",,,,,,,,,"https://www.google.com/maps/search/?api=1&query=Binary%20plan&query_place_id=ChIJhQTwSSPnaC4RQjAxUOkgmWM","Pusat Suku Cadang Mobil"
"Cep Car Audio","5","4","Jl. Cihapit No.55","Kota Bandung","Jawa Barat","ID",,"+62 812-1466-5376","Toko Audio Mobil",,,,,,,,,,"https://www.google.com/maps/search/?api=1&query=Cep%20Car%20Audio&query_place_id=ChIJ30RsDwDnaC4RtxLc1u-GUIs","Toko Audio Mobil"
"Kin's audio","5","1","depan mess dithubad, Jl. Cihapit","Kota Bandung","Jawa Barat","ID",,"+62 838-8987-941","Toko Audio Mobil",,,,,,,,,,"https://www.google.com/maps/search/?api=1&query=Kin's%20audio&query_place_id=ChIJmTBMDVXnaC4Rv31xhnWZ5hw","Toko Audio Mobil"
"Pahala Sound Systems","3.7","3","Jl. Cigadung Raya Barat No.29 A","Kabupaten Bandung","Jawa Barat","ID",,"+62 22 25310323","Toko Audio Mobil",,,,,,,,,,"https://www.google.com/maps/search/?api=1&query=Pahala%20Sound%20Systems&query_place_id=ChIJT2doXgHnaC4R34Iiq2lvCCU","Toko Audio Mobil"
"Rakha audio 12","5","1","Jl. Ciliwung audio No.11","Kota Bandung","Jawa Barat","ID",,"+62 851-7103-9639","Toko Audio Mobil",,,,,,,,,,"https://www.google.com/maps/search/?api=1&query=Rakha%20audio%2012&query_place_id=ChIJ_akHj4DnaC4RnBuDqe7KyQQ","Toko Audio Mobil"
"Jok Motor MR Modifiers","4.7","115","Jl. Pungkur No.182","Kota Bandung","Jawa Barat","ID","http://www.mrmodifiers.com/","+62 22 5203741","Grosir aksesori mobil",,,,,,,,,,"https://www.google.com/maps/search/?api=1&query=Jok%20Motor%20MR%20Modifiers&query_place_id=ChIJ_xBUt4LoaC4R7l_efwvbhbs","Grosir aksesori mobil"
"Taman Cibeunying","4.5","8288","Jl. Ciliwung","Kota Bandung","Jawa Barat","ID",,"+62 858-6398-3713","Toko Audio Mobil",,,,,,,,,,"https://www.google.com/maps/search/?api=1&query=Taman%20Cibeunying&query_place_id=ChIJZ4oPAbXnaC4ReIbiUW7xtu0","Toko Audio Mobil"
"CBR Ritel Kosambi","4.3","48","Jl. A. Yani No.158","Kota Bandung","Jawa Barat","ID",,"+62 22 20531672","Layanan Distribusi",,,,,,,,,,"https://www.google.com/maps/search/?api=1&query=CBR%20Ritel%20Kosambi&query_place_id=ChIJw1hDvS3maC4RzdvxY88fI5U","Layanan Distribusi"
"Modifikasi motor bandung","3","3","Jl. Pungkur No.120","Kota Bandung","Jawa Barat","ID",,"+62 878-0065-1333","Bengkel Sepeda Motor",,,,,,,,,,"https://www.google.com/maps/search/?api=1&query=Modifikasi%20motor%20bandung&query_place_id=ChIJT5YOdQjpaC4RrDPmi9WSru4","Bengkel Sepeda Motor"
"HO-Q car audio",,,,"Kota Bandung","Jawa Barat","ID",,"+62 821-2764-0488","Toko Audio Mobil",,,,,,,,,,"https://www.google.com/maps/search/?api=1&query=HO-Q%20car%20audio&query_place_id=ChIJsz1TG7vnaC4R7yhiaanBljs","Toko Audio Mobil"
"Accu Berkah Battery","4.6","127","Jl. Cihampelas No.78","Kota Bandung","Jawa Barat","ID",,"+62 895-2316-1354","Toko Aki Mobil","Toko Baterai","Toko Elektronik",,,,,,,,"https://www.google.com/maps/search/?api=1&query=Accu%20Berkah%20Battery&query_place_id=ChIJTQc3bcbnaC4RnwjMV8WNc7E","Toko Aki Mobil"
"Vic Audio cihapit",,,"pasar Electronik cihapit, Jl. Ciliwung No.1819","Kota Bandung","Jawa Barat","ID",,"+62 838-0686-8914","Toko Audio Mobil",,,,,,,,,,"https://www.google.com/maps/search/?api=1&query=Vic%20Audio%20cihapit&query_place_id=ChIJYTUnBqDnaC4R-nKjHL5DY_I","Toko Audio Mobil"
"Custom Soul Mang Ai","4.5","181","Jl. Astana Anyar No.264","Kota Bandung","Jawa Barat","ID",,"+62 822-1912-9448","Pusat Perbelanjaan",,,,,,,,,,"https://www.google.com/maps/search/?api=1&query=Custom%20Soul%20Mang%20Ai&query_place_id=ChIJJYkT7p7oaC4RTd_rmfAzKQg","Pusat Perbelanjaan"
"Alesha Car Audio57","5","56","Jl. Cihapit","Kota Bandung","Jawa Barat","ID",,"+62 822-9593-7759","Toko Audio Mobil",,,,,,,,,,"https://www.google.com/maps/search/?api=1&query=Alesha%20Car%20Audio57&query_place_id=ChIJqX-1VoPnaC4RgEllsooNTdw","Toko Audio Mobil"
"Toko Aki Priangan Battery III","4.9","137","Jl. Cemara No.7","Kota Bandung","Jawa Barat","ID",,"+62 851-4774-8474","Toko Aki Mobil",,,,,,,,,,"https://www.google.com/maps/search/?api=1&query=Toko%20Aki%20Priangan%20Battery%20III&query_place_id=ChIJsSJ--fTmaC4RLxaC8D7ESWQ","Toko Aki Mobil"
"Klinik Gigi Bandung: Passion Dental Care - PDC Melong Cijerah","5","401","Jl. Bojong Raya No.101","Kota Bandung","Jawa Barat","ID","http://passiondentalcare.com/","+62 821-1700-0624","Klinik Gigi",,,,,,,,,,"https://www.google.com/maps/search/?api=1&query=Klinik%20Gigi%20Bandung%3A%20Passion%20Dental%20Care%20-%20PDC%20Melong%20Cijerah&query_place_id=ChIJraXdHVXlaC4RuDNUPnANTNU","Klinik Gigi"
"GlanetsKustom MotorSickles","4","35","Jl. Cilacap No.5","Kota Bandung","Jawa Barat","ID","https://youtube.com/@glanetsmc77?si=SkStkNbLnwDxnPD3","+62 812-2287-6616","Bengkel Sepeda Motor",,,,,,,,,,"https://www.google.com/maps/search/?api=1&query=GlanetsKustom%20MotorSickles&query_place_id=ChIJb6xQrOTnaC4RQmoW0lLa7SY","Bengkel Sepeda Motor"
"AWG audio31","5","4","Jl. Ciliwung No.kios 31","Kota Bandung","Jawa Barat","ID",,"+62 852-2039-9462","Toko Audio Mobil","Toko Elektronik",,,,,,,,,"https://www.google.com/maps/search/?api=1&query=AWG%20audio31&query_place_id=ChIJR6qRQgDnaC4RruyOMhE_wUw","Toko Audio Mobil"
"Audio car mobil 56","5","9","samping bank ocbc nisp, Jl. Ciliwung No.56 no kios","Kota Bandung","Jawa Barat","ID",,"+62 821-1716-2828","Toko Audio Mobil",,,,,,,,,,"https://www.google.com/maps/search/?api=1&query=Audio%20car%20mobil%2056&query_place_id=ChIJHaLWmrXnaC4R5VZhF32ZdZM","Toko Audio Mobil"
"Seeker Garage","3.5","13","Jl. Katapang No.12","Kota Bandung","Jawa Barat","ID",,"+62 821-2761-1002","Toko","Bengkel Sepeda Motor",,,,,,,,,"https://www.google.com/maps/search/?api=1&query=Seeker%20Garage&query_place_id=ChIJDzRl9RHnaC4ROv5O_ha1D3Q","Toko"
"Ridwan audio 62 63","5","11","depan bank NISP LOS /toko, Jl. Cihapit No.62 63","Kota Bandung","Jawa Barat","ID",,"+62 822-1622-1116","Toko Audio Mobil",,,,,,,,,,"https://www.google.com/maps/search/?api=1&query=Ridwan%20audio%2062%2063&query_place_id=ChIJGeZEN0_naC4R4W0OX0O-jH8","Toko Audio Mobil"
"Mutiara Super Kitchen","4.4","12292","Jl. Soekarno-Hatta No.497","Kota Bandung","Jawa Barat","ID","http://www.mutiarasuperkitchen.com/","+62 22 7318888","Toko Perlengkapan Rumah",,,,,,,,,,"https://www.google.com/maps/search/?api=1&query=Mutiara%20Super%20Kitchen&query_place_id=ChIJFXGK4l3oaC4R-5PnwQL2Z14","Toko Perlengkapan Rumah"
"Folka Audio 58 bandung","5","13","Jl. Cihapit","Kota Bandung","Jawa Barat","ID",,"+62 896-7453-1633","Toko Audio Mobil",,,,,,,,,,"https://www.google.com/maps/search/?api=1&query=Folka%20Audio%2058%20bandung&query_place_id=ChIJxU52QwDnaC4RYOOqDJfLFCI","Toko Audio Mobil"
"AJ Car Audio70. Panggilan audio mobil bandung","5","184","AJ Car Audio70, Jl. Cihapit","Kota Bandung","Jawa Barat","ID","https://g.co/kgs/Br2Mxmv","+62 822-1953-0844","Toko Audio Mobil",,,,,,,,,,"https://www.google.com/maps/search/?api=1&query=AJ%20Car%20Audio70.%20Panggilan%20audio%20mobil%20bandung&query_place_id=ChIJU5l_1ErnaC4RF5E7ZUGQWBM","Toko Audio Mobil"
"Mitra Kamera","4.5","82","Balubur Town Square, Jl. Tamansari No.35 Lantai 1 Blok D32","Kota Bandung","Jawa Barat","ID",,"+62 821-2989-7611","Toko Kamera",,,,,,,,,,"https://www.google.com/maps/search/?api=1&query=Mitra%20Kamera&query_place_id=ChIJkSbNaUXmaC4RwrkBF-57sMk","Toko Kamera"
"audio mobil bandung 73","4.9","81","Jl. Taman Cibeunying Utara kios no 73","Kota Bandung","Jawa Barat","ID",,"+62 881-0222-47144","Toko Audio Mobil",,,,,,,,,,"https://www.google.com/maps/search/?api=1&query=audio%20mobil%20bandung%2073&query_place_id=ChIJDc4si5znaC4RodGUHlyjVhg","Toko Audio Mobil"
"Bengkel Motor The Goodfellas Garage","4.9","14","Jalan Rancasawo, Jl. Ciwastra No.74","Kota Bandung","Jawa Barat","ID",,"+62 858-9031-3990","Bengkel Sepeda Motor",,,,,,,,,,"https://www.google.com/maps/search/?api=1&query=Bengkel%20Motor%20The%20Goodfellas%20Garage&query_place_id=ChIJ-eYfPinoaC4R1L1ci9dosUo","Bengkel Sepeda Motor"
"toko audiomobil family 17 bandung","4.2","9","Jl. Ciliwung","Kota Bandung","Jawa Barat","ID","https://lapisaman.biz.id/produk/738114/toko-audiomobil-terlengkap-dan-termurah-di-bandung/","+62 878-0575-6040","Toko Audio Mobil",,,,,,,,,,"https://www.google.com/maps/search/?api=1&query=toko%20audiomobil%20family%2017%20bandung&query_place_id=ChIJW5K7XE7naC4RpsyWZ35thZ8","Toko Audio Mobil"
"Gigiku dental care","5","1235","Komplek, Jl. Terusan Sutami No.41","Kota Bandung","Jawa Barat","ID","https://instagram.com/gigikudentalcare?igshid=1mctz3zmxaf6t","+62 852-2018-3338","Klinik Gigi",,,,,,,,,,"https://www.google.com/maps/search/?api=1&query=Gigiku%20dental%20care&query_place_id=ChIJdTCXB2LnaC4RHhhmAtMnSjQ","Klinik Gigi"
"Bengkel Motor Cabinet Project #34","4.8","12",,"Kota Bandung","Jawa Barat","ID",,"+62 898-2953-929","Bengkel Sepeda Motor","Bengkel Ganti Oli",,,,,,,,,"https://www.google.com/maps/search/?api=1&query=Bengkel%20Motor%20Cabinet%20Project%20%2334&query_place_id=ChIJCbgrV1HnaC4RGm2gdQlP6Iw","Bengkel Sepeda Motor"
"JAY CAR AUDIO BANDUNG","5","2","Jl. Ciliwung Dalam No.7","Kota Bandung","Jawa Barat","ID","https://www.google.com/search?q=jay+car+audio&sca_esv=c1e6e51236f71463&authuser=1&sxsrf=AE3TifNRW6GhC-xpYwCTYtScgjpW6KiS4w:1764388866722&source=hp&ei=AnAqad3pKa2X4-EPo5iBiAw&oq=jay+car+audio&gs_lp=EhFtb2JpbGUtZ3dzLXdpei1ocCINamF5IGNhciBhdWRpbzILEAAYgAQYkQIYigUyCxAAGIAEGJECGIoFMgsQABiABBiRAhiKBTILEAAYgAQYkQIYigUyCRAAGIAEGAoYCzIJEAAYgAQYChgLMgkQABiABBgKGAsyCRAAGIAEGAoYC0j5QFCyFFjgPXABeACQAQCYAZ8BoAGnDaoBBDAuMTO4AQPIAQD4AQGYAg6gApQPqAIVwgINEC4YxwEYJxjqAhivAcICChAjGPAFGCcY6gLCAgcQIxgnGOoCwgIQEAAYAxi0AhjqAhiPAdgBAcICEBAuGAMYtAIY6gIYjwHYAQHCAgoQLhiABBhDGIoFwgIQEC4YgAQY0QMYQxjHARiKBcICCxAAGIAEGLEDGIMBwgIREAAYgAQYsQMYgwEYigUYjQbCAg4QABiABBixAxiDARiKBcICERAuGIAEGJECGNEDGMcBGIoFwgIKEAAYgAQYQxiKBcICGRAuGIAEGEMYxwEYmAUYmQUYigUYngUYrwHCAhAQLhiABBixAxhDGIMBGIoFwgIIEC4YgAQYsQPCAg0QLhiABBixAxhDGIoFwgIIEAAYgAQYsQPCAgUQABiABMICDRAuGIAEGEMY1AIYigXCAggQLhiABBjLAcICCBAAGIAEGMsBwgIKEAAYgAQYChjLAcICBRAuGIAEwgIMEAAYgAQYQxiKBRgKwgIHEAAYgAQYCpgDHfEF87dTIoFFQNS6BgQIARgKkgcEMS4xM6AH6myyBwQwLjEzuAf2DsIHBjMtMTIuMsgH5gE&sclient=mobile-gws-wiz-hp#vhid=/g/11yrnxtcxc&vssid=lcl","+62 896-5634-8281","Toko Audio Mobil",,,,,,,,,,"https://www.google.com/maps/search/?api=1&query=JAY%20CAR%20AUDIO%20BANDUNG&query_place_id=ChIJpxM9DzPnaC4Re5aUOeV3s2o","Toko Audio Mobil"
"Marnov Elektronik dan Listrik","4.7","43","Jl. Gegerkalong Hilir No.188","Kota Bandung","Jawa Barat","ID",,"+62 858-6199-1113","Toko Elektronik",,,,,,,,,,"https://www.google.com/maps/search/?api=1&query=Marnov%20Elektronik%20dan%20Listrik&query_place_id=ChIJ9VtqdcXnaC4RNhuVeiTPLWQ","Toko Elektronik"
"AR CAR AUDIO BANDUNG (BISA HOME SERVICE)","4.7","24","Jl. Ciliwung No.6","Kota Bandung","Jawa Barat","ID","https://www.instagram.com/13caraudiobandung_?igsh=MW9zaHd3Z2tpYjEzNA%3D%3D&utm_source=qr","+62 823-1809-1938","Toko Audio Mobil",,,,,,,,,,"https://www.google.com/maps/search/?api=1&query=AR%20CAR%20AUDIO%20BANDUNG%20(BISA%20HOME%20SERVICE)&query_place_id=ChIJCfitic3naC4RtKRqxBR1Qvs","Toko Audio Mobil"
"Toko Audio Mobil Opik Ambon","4.3","36","Jl. Tm. Cibeunying Sel.","Kota Bandung","Jawa Barat","ID",,"+62 856-2444-9172","Toko Audio Mobil",,,,,,,,,,"https://www.google.com/maps/search/?api=1&query=Toko%20Audio%20Mobil%20Opik%20Ambon&query_place_id=ChIJ1xAym7XnaC4Rp5ktCtna90Q","Toko Audio Mobil"
"Toko Universal","4.5","94","Jl. Ibu Inggit Garnasih","Kota Bandung","Jawa Barat","ID",,"+62 813-2003-9739","Toko Elektronik",,,,,,,,,,"https://www.google.com/maps/search/?api=1&query=Toko%20Universal&query_place_id=ChIJC7LY9J7oaC4Ri6AyDSfr2hw","Toko Elektronik"
"TJM RACING 79","4.8","11","Jl. Galumpit No.10","Kota Bandung","Jawa Barat","ID",,"+62 881-4583-045","Bengkel Motor Elektrik",,,,,,,,,,"https://www.google.com/maps/search/?api=1&query=TJM%20RACING%2079&query_place_id=ChIJz0TJGhzdaC4RvxZw0-Nx-CE","Bengkel Motor Elektrik"
"HMauto multimedia","5","4","Jl. Cihapit No.68 69","Kota Bandung","Jawa Barat","ID","https://www.tokopedia.com/hmauto","+62 819-1899-0900","Toko Audio Mobil",,,,,,,,,,"https://www.google.com/maps/search/?api=1&query=HMauto%20multimedia&query_place_id=ChIJmwMZ7sSxaC4Rn5-9dNbFpWM","Toko Audio Mobil"
"Plat Nomor Motor Mobil Custom Ujung Berung","5","2","Jl. AH. Nasution No.286","Kota Bandung","Jawa Barat","ID",,"+62 851-9437-8892","Bengkel Elektronik",,,,,,,,,,"https://www.google.com/maps/search/?api=1&query=Plat%20Nomor%20Motor%20Mobil%20Custom%20Ujung%20Berung&query_place_id=ChIJlSAzUQDdaC4RMN6O_czoVbU","Bengkel Elektronik"
"DJM Accesories.service.spion retrack&lampu.modifikasi spion manual menjadi lipat otomatis","4.9","155","Jl. AH. Nasution No.375b","Kota Bandung","Jawa Barat","ID",,"+62 812-2150-8128","Bengkel Mobil",,,,,,,,,,"https://www.google.com/maps/search/?api=1&query=DJM%20Accesories.service.spion%20retrack%26lampu.modifikasi%20spion%20manual%20menjadi%20lipat%20otomatis&query_place_id=ChIJEawWW_zdaC4R2cWJy1QPUcs","Bengkel Mobil"
"KOZY GARAGE","4.2","14","Jl. Ciporeat","Kota Bandung","Jawa Barat","ID",,"+62 813-2145-0450","Bengkel Sepeda Motor",,,,,,,,,,"https://www.google.com/maps/search/?api=1&query=KOZY%20GARAGE&query_place_id=ChIJi3V4IS_daC4RUukpRcbKzU4","Bengkel Sepeda Motor"
"Cipta Agung","4.4","175","Jl. Sudirman No.443","Kota Bandung","Jawa Barat","ID",,"+62 819-1011-1558","Toko Elektronik",,,,,,,,,,"https://www.google.com/maps/search/?api=1&query=Cipta%20Agung&query_place_id=ChIJ8YdofBrmaC4RYP_J51Ey7A8","Toko Elektronik"
"Eiruby71","4.8","4","Jalan Golf2,no.56 .binaharapan, RT.2 RW11","Kota Bandung","Jawa Barat","ID",,"+62 821-2908-2277","Bengkel Sepeda Motor",,,,,,,,,,"https://www.google.com/maps/search/?api=1&query=Eiruby71&query_place_id=ChIJeRV1UwndaC4Ru2oLBZaHAeE","Bengkel Sepeda Motor"
"Top Electronic","5","2","Jl. Ir. H. Juanda No.216","Kota Bandung","Jawa Barat","ID","https://www.electronicsolution.co.id/","+62 22 2509130","Toko Elektronik",,,,,,,,,,"https://www.google.com/maps/search/?api=1&query=Top%20Electronic&query_place_id=ChIJOUMsIvnmaC4RaaD-0YI6qJE","Toko Elektronik"
"Toko Linggar Jaya 1","4.4","534","Posisi toko ada disebelah kiri, jalan raya","Kota Bandung","Jawa Barat","ID","https://www.tokopedia.com/linggarjaya1","+62 813-8003-0513","Toko Elektronik",,,,,,,,,,"https://www.google.com/maps/search/?api=1&query=Toko%20Linggar%20Jaya%201&query_place_id=ChIJ39bCScHnaC4RXUApARZ7ktI","Toko Elektronik"
"Toko Setia Elektronik","5","7","Jl. Otto Iskandar Dinata No.550","Kota Bandung","Jawa Barat","ID",,"+62 821-2925-8550","Toko Elektronik","Toko Alat Listrik",,,,,,,,,"https://www.google.com/maps/search/?api=1&query=Toko%20Setia%20Elektronik&query_place_id=ChIJOzRSu57oaC4Rthrf-1A1I7Q","Toko Elektronik"
"M2M","4.8","13","Jl. Citepus III No.27A","Kota Bandung","Jawa Barat","ID",,"+62 822-1666-5563","Toko Alat Kecantikan","Toko Alat Tulis",,,,,,,,,"https://www.google.com/maps/search/?api=1&query=M2M&query_place_id=ChIJT8zAT27maC4Rc3QPq7mo90g","Toko Alat Kecantikan"
"Bengkel Motor Kang Dadi","4.3","7","Jl. Raya Cipadung No.457","Kota Bandung","Jawa Barat","ID",,"","Bengkel Sepeda Motor",,,,,,,,,,"https://www.google.com/maps/search/?api=1&query=Bengkel%20Motor%20Kang%20Dadi&query_place_id=ChIJNaVlSw_DaC4R47INUJUbwAA","Bengkel Sepeda Motor"
"OTTO AUDIO","5","1","Jl. Sukawarna No.38C","Kota Bandung","Jawa Barat","ID","https://tokopedia.link/Wj7IRh7CJKb","+62 895-1744-6821","Toko Audio Mobil",,,,,,,,,,"https://www.google.com/maps/search/?api=1&query=OTTO%20AUDIO&query_place_id=ChIJSUQ_GW7naC4RmuJC_ePFYxk","Toko Audio Mobil"
"Family Audio & DSX family audio car lembang",,,"bandung barat, Jl. Tm. Cibeunying Sel. jl maribya No.122","Kota Bandung","Jawa Barat","ID",,"+62 857-9574-2766","Toko Audio Mobil",,,,,,,,,,"https://www.google.com/maps/search/?api=1&query=Family%20Audio%20%26%20DSX%20family%20audio%20car%20lembang&query_place_id=ChIJEx_89GHnaC4RW7F4lQpXpVc","Toko Audio Mobil"
"Depo Bangunan Bandung","4.5","5984","Jl. Soekarno-Hatta No.648","Kota Bandung","Jawa Barat","ID","https://depobangunan.co.id/","+62 813-1675-0193","Toko Bahan Bangunan","Toko Perlengkapan Kamar Mandi","Toko Perlengkapan Rumah","Toko Alat Dapur","Toko Swalayan",,,,,,"https://www.google.com/maps/search/?api=1&query=Depo%20Bangunan%20Bandung&query_place_id=ChIJC5c6hxToaC4RJ39vkvWBzaQ","Toko Bahan Bangunan"
"I . Want Electronics","4.7","46","Jaya Plaza, Jl. A. Yani No.238 Lantai 1 Blok A.11","Kota Bandung","Jawa Barat","ID",,"+62 22 7231002","Toko Elektronik",,,,,,,,,,"https://www.google.com/maps/search/?api=1&query=I%20.%20Want%20Electronics&query_place_id=ChIJS4z0ENLnaC4RUlHJ0Glazfs","Toko Elektronik"
"Toko Central","4.6","19","Jl. Moch. Toha No.74","Kota Bandung","Jawa Barat","ID",,"+62 812-2342-171","Toko Elektronik",,,,,,,,,,"https://www.google.com/maps/search/?api=1&query=Toko%20Central&query_place_id=ChIJ83KAd5roaC4Rl38By2f4OvQ","Toko Elektronik"
"CBR Ritel Paskal","4.1","20","Jl. Pasirkaliki. 205 C Pasirkaliki","Kota Bandung","Jawa Barat","ID",,"+62 22 2037627","Pemasok peralatan medis",,,,,,,,,,"https://www.google.com/maps/search/?api=1&query=CBR%20Ritel%20Paskal&query_place_id=ChIJPXk2JWjmaC4RVfeOJpSWXS0","Pemasok peralatan medis"
"Cihampelas car audio","4.5","15","no.46Atamansari, Jl. Cihampelas","Kota Bandung","Jawa Barat","ID",,"+62 877-2220-3055","Toko Audio Mobil",,,,,,,,,,"https://www.google.com/maps/search/?api=1&query=Cihampelas%20car%20audio&query_place_id=ChIJW4UfntLnaC4Rpy1s3uEK0uU","Toko Audio Mobil"
"DJ - Service Jok Motor","4.7","19","3MQR+797, Jl. AH. Nasution","Kota Bandung","Jawa Barat","ID",,"+62 821-7022-6401","Bengkel Jok Kursi Mobil",,,,,,,,,,"https://www.google.com/maps/search/?api=1&query=DJ%20-%20Service%20Jok%20Motor&query_place_id=ChIJMZzjEkfdaC4ROhvySopyvOM","Bengkel Jok Kursi Mobil"
"Kojek ASLI Knalpot ADA DISINI (KAMI BELUM MEMBUKA CABANG)","4","29","Jl. AH. Nasution No.86","Kota Bandung","Jawa Barat","ID",,"+62 813-2028-0044","Toko Knalpot",,,,,,,,,,"https://www.google.com/maps/search/?api=1&query=Kojek%20ASLI%20Knalpot%20ADA%20DISINI%20(KAMI%20BELUM%20MEMBUKA%20CABANG)&query_place_id=ChIJdx_CSELdaC4RXOXqKMg4e2s","Toko Knalpot"
"Servis jok motor putra mandiri 018","5","64","Jl. AH. Nasution.3A, Pasir Endah, Kec. Ujung Berung, Kota Bandung, Jawa Barat 40619","Kota Bandung","Jawa Barat","ID",,"+62 812-6737-2539","Bengkel Sepeda Motor",,,,,,,,,,"https://www.google.com/maps/search/?api=1&query=Servis%20jok%20motor%20putra%20mandiri%20018&query_place_id=ChIJefILFgDdaC4R8aDzfNVs_7c","Bengkel Sepeda Motor"
"Vespuci Workshop","4.7","313","Jl. AH. Nasution No.151/61","Kota Bandung","Jawa Barat","ID","https://linktr.ee/vespuciworkshop","+62 822-1300-3434","Bengkel Motor Skuter","Toko Pakaian","Toko Suku Cadang Motor",,,,,,,,"https://www.google.com/maps/search/?api=1&query=Vespuci%20Workshop&query_place_id=ChIJx7E_YWDdaC4R_SmHqu51dZM","Bengkel Motor Skuter"
"Ujb Service Jok Motor","4.9","28","Jl. AH. Nasution No.66","Kota Bandung","Jawa Barat","ID",,"+62 822-1604-5876","Toko",,,,,,,,,,"https://www.google.com/maps/search/?api=1&query=Ujb%20Service%20Jok%20Motor&query_place_id=ChIJlax1-TndaC4RStrV0djz6yw","Toko"
"radiator custom bandung pembuatan radiator aluminium dan Service Radiator aluminium bandung motor trail, mobil alat berat","5","1","No Jl. Manisi No.2","Kota Bandung","Jawa Barat","ID",,"+62 821-1576-0707","Bengkel Radiator",,,,,,,,,,"https://www.google.com/maps/search/?api=1&query=radiator%20custom%20bandung%20pembuatan%20radiator%20aluminium%20dan%20Service%20Radiator%20aluminium%20bandung%20motor%20trail%2C%20mobil%20alat%20berat&query_place_id=ChIJ1_e3DSnDaC4Rq_gD9eX2JQs","Bengkel Radiator"
"Opik Audio Mobil Bandung Cihapit","5","2","Jl. Cihapit Jongko No.55","Kota Bandung","Jawa Barat","ID",,"+62 838-0686-8914","Toko Audio Mobil",,,,,,,,,,"https://www.google.com/maps/search/?api=1&query=Opik%20Audio%20Mobil%20Bandung%20Cihapit&query_place_id=ChIJJc86x7rnaC4RYoFxTw7FIuk","Toko Audio Mobil"
"Motor Custom Garage",,,"Jl. Cilengkrang 1 No.118","Kota Bandung","Jawa Barat","ID",,"","Bengkel Sepeda Motor",,,,,,,,,,"https://www.google.com/maps/search/?api=1&query=Motor%20Custom%20Garage&query_place_id=ChIJA_oGnA7daC4RqYFY6Bm9crs","Bengkel Sepeda Motor"
"Yons Knalpot","4","20","Jl. AH. Nasution No.150","Kota Bandung","Jawa Barat","ID",,"+62 813-9500-1551","Toko Knalpot",,,,,,,,,,"https://www.google.com/maps/search/?api=1&query=Yons%20Knalpot&query_place_id=ChIJNxZsFTvdaC4RIFfwQ3sIdlY","Toko Knalpot"
"ARTHA CAR AUDIO BANDUNG","5","1","Jl. Arcamanik No.25 rt 02/11","Kota Bandung","Jawa Barat","ID",,"+62 853-2035-8304","Toko Audio Mobil",,,,,,,,,,"https://www.google.com/maps/search/?api=1&query=ARTHA%20CAR%20AUDIO%20BANDUNG&query_place_id=ChIJw24VPlTdaC4RrpMLt9FCj6Q","Toko Audio Mobil"
"Apiks Cihapit Audio","5","2","Jl. Tm. Cibeunying Sel.","Kota Bandung","Jawa Barat","ID",,"+62 856-2444-9172","Toko Audio Mobil",,,,,,,,,,"https://www.google.com/maps/search/?api=1&query=Apiks%20Cihapit%20Audio&query_place_id=ChIJS1M3m7XnaC4RXZSDlB5gmSE","Toko Audio Mobil"
"TOP CAR AUDIO","5","5","komplek manglayang sari No.4 blok a8a","Kota Bandung","Jawa Barat","ID",,"+62 812-2418-496","Toko Audio Mobil",,,,,,,,,,"https://www.google.com/maps/search/?api=1&query=TOP%20CAR%20AUDIO&query_place_id=ChIJ0XxcXXzdaC4RI0Yw-bdJQPM","Toko Audio Mobil"
"Segi Empat (Workshop)","4.7","3","No. 2 Kelurahan, Jl. Raya Cipadung","Kota Bandung","Jawa Barat","ID","https://m.facebook.com/Ones-Modification-454927988023884/?_e_pi_=7%2CPAGE_ID10%2C8221018111","+62 898-3981-020","Bengkel Sepeda Motor",,,,,,,,,,"https://www.google.com/maps/search/?api=1&query=Segi%20Empat%20(Workshop)&query_place_id=ChIJvZm5qizdaC4R21-gkEbIHnM","Bengkel Sepeda Motor"
"Ascar audio",,,"Jl. Tm. Cibeunying Sel.","Kota Bandung","Jawa Barat","ID",,"+62 851-6139-2338","Toko Audio Mobil",,,,,,,,,,"https://www.google.com/maps/search/?api=1&query=Ascar%20audio&query_place_id=ChIJ4-EkmxTnaC4RAx1JUkUaF7M","Toko Audio Mobil"
"Agres Audio Car Bandung","5","1","Jl. Taman Cibeunying Utara","Kota Bandung","Jawa Barat","ID","https://wa.me/message/FOHF6SGL2GWDN1","+62 882-0001-37796","Toko Audio Mobil",,,,,,,,,,"https://www.google.com/maps/search/?api=1&query=Agres%20Audio%20Car%20Bandung&query_place_id=ChIJUQA0dsbnaC4RawHCQ2uSdTI","Toko Audio Mobil"
"Jl ciliwung","5","1","Jl. Ciliwung No.1","Kota Bandung","Jawa Barat","ID",,"","Toko Audio Mobil",,,,,,,,,,"https://www.google.com/maps/search/?api=1&query=Jl%20ciliwung&query_place_id=ChIJOe3INADnaC4RJLVDVqbXpaY","Toko Audio Mobil"
"""Car Audio""",,,"3JVG+59M, Jl. Taman Cibeunying Utara","Kota Bandung","Jawa Barat","ID",,"+62 821-2690-8447","Toko Audio Mobil",,,,,,,,,,"https://www.google.com/maps/search/?api=1&query=%22Car%20Audio%22&query_place_id=ChIJf_JZdcrnaC4RIkFwZEUmzSI","Toko Audio Mobil"
"MTeg Speed Matic","4.8","45","Jl. Hajah Juariah No.27, RT.04/RW.01","Kota Bandung","Jawa Barat","ID",,"+62 813-2203-3455","Bengkel Sepeda Motor",,,,,,,,,,"https://www.google.com/maps/search/?api=1&query=MTeg%20Speed%20Matic&query_place_id=ChIJB0BWcs7laC4RUpFG9_UGdNg","Bengkel Sepeda Motor"
"ZPROCUS AUTOMAX | Toko Variasi & Modifikasi Mobil | Profesional Pemasangan Projie Biled Custom|","5","8","Gor Bara Komplek Vijaya, Jl. Kusuma Lestari No.8","Kota Bandung","Jawa Barat","ID",,"","Bengkel Mobil",,,,,,,,,,"https://www.google.com/maps/search/?api=1&query=ZPROCUS%20AUTOMAX%20%7C%20Toko%20Variasi%20%26%20Modifikasi%20Mobil%20%7C%20Profesional%20Pemasangan%20Projie%20Biled%20Custom%7C&query_place_id=ChIJW8wURmrdaC4RnTyobcypseg","Bengkel Mobil"
"BENGKEL SPESIALIS KAWASAKI BANDUNG TERDEKAT SiJoeclass Racing ( Sparepart & Service )","5","2373","Jalan Sukaraja no 1A Ruko Sebelah Jembatan pertigaan Pasteur Bandung Rt 05/06 Kav. A gunung batu. Kel. Sukaraja","Kota Bandung","Jawa Barat","ID",,"+62 858-9970-3703","Toko Suku Cadang Motor","Tukang Garasi","Dealer Sepeda Motor","Bengkel Sepeda Motor","Toko Sepeda Motor","Toko Motorsport","Bengkel Mesin","Toko",,,"https://www.google.com/maps/search/?api=1&query=BENGKEL%20SPESIALIS%20KAWASAKI%20BANDUNG%20TERDEKAT%20SiJoeclass%20Racing%20(%20Sparepart%20%26%20Service%20)&query_place_id=ChIJ23ErPSrBaC4RJw39vyWfWHQ","Toko Suku Cadang Motor"
"TS 125 # MOGADEEN MX","4.9","20","Jl. Trs Pesantren Raya No.39/D","Kota Bandung","Jawa Barat","ID",,"+62 882-1861-6885","Toko Suku Cadang Motor","Toko",,,,,,,,,"https://www.google.com/maps/search/?api=1&query=TS%20125%20%23%20MOGADEEN%20MX&query_place_id=ChIJAWn7p13daC4RkAawQ3PX-sU","Toko Suku Cadang Motor"
"Rois Jok Motorsport","4.5","4","Jl. AH. Nasution No.325","Kota Bandung","Jawa Barat","ID",,"+62 856-0370-3909","Bengkel Sepeda Motor",,,,,,,,,,"https://www.google.com/maps/search/?api=1&query=Rois%20Jok%20Motorsport&query_place_id=ChIJJQfjoQTdaC4RIcJOSHrySR4","Bengkel Sepeda Motor"
"SHD Custom Paint","5","5","Jl. AH. Nasution No.111","Kota Bandung","Jawa Barat","ID",,"","Layanan pengupasan cat",,,,,,,,,,"https://www.google.com/maps/search/?api=1&query=SHD%20Custom%20Paint&query_place_id=ChIJf3A1BuvdaC4RFf0HPI1_tA0","Layanan pengupasan cat"
"Radius Audioworks","4.9","279","Jl. Wastukencana No.#11","Kota Bandung","Jawa Barat","ID","https://www.instagram.com/radiusaudio?utm_source=qr&igsh=MWltZW5rbDR6YXplcA==","+62 817-0211-818","Toko Audio Mobil",,,,,,,,,,"https://www.google.com/maps/search/?api=1&query=Radius%20Audioworks&query_place_id=ChIJv8eA8DnmaC4RimfjfqP3dFQ","Toko Audio Mobil"
"Uty Audio Mobil Bandung","5","207","Jl. Ciliwung No.1819","Kota Bandung","Jawa Barat","ID","https://linktr.ee/utyaudio.bdg?utm_source=linktree_profile_share&ltsid=674bc4e9-bc4f-41ab-99c5-a38205a339a2","+62 821-2613-7000","Toko Audio Mobil",,,,,,,,,,"https://www.google.com/maps/search/?api=1&query=Uty%20Audio%20Mobil%20Bandung&query_place_id=ChIJXzW4uQbnaC4RsJTWCQYHhyU","Toko Audio Mobil"
"TERRA Dental Care Cibiru","5","650","Jl. Raya Cipadung Ruko No.481","Kota Bandung","Jawa Barat","ID",,"+62 821-2160-0051","Dokter Gigi",,,,,,,,,,"https://www.google.com/maps/search/?api=1&query=TERRA%20Dental%20Care%20Cibiru&query_place_id=ChIJP98e0erDaC4R93o083CDTFk","Dokter Gigi"
"Workshop sm. AUDIO MOBIL","4.9","71","Jl. Nagrog No.31","Kota Bandung","Jawa Barat","ID",,"","Toko Audio Mobil",,,,,,,,,,"https://www.google.com/maps/search/?api=1&query=Workshop%20sm.%20AUDIO%20MOBIL&query_place_id=ChIJBQbYP-_daC4RxDXNVAkJi_Q","Toko Audio Mobil"
"Iyut Audio Mobil Ciwastra Bandung","5","36","Jl. Pesona Alam III","Kabupaten Bandung","Jawa Barat","ID",,"+62 812-1914-9135","Toko Audio Mobil",,,,,,,,,,"https://www.google.com/maps/search/?api=1&query=Iyut%20Audio%20Mobil%20Ciwastra%20Bandung&query_place_id=ChIJ4YSKJADDaC4RkuZYF8lSXjo","Toko Audio Mobil"
"Bengras Audio","4.8","4","3JVG+G39, Jl. Taman Cibeunying Utara","Kabupaten Bandung","Jawa Barat","ID",,"+62 852-2133-7077","Toko Audio Mobil",,,,,,,,,,"https://www.google.com/maps/search/?api=1&query=Bengras%20Audio&query_place_id=ChIJreJ4mrXnaC4RBFJ95IWx_0Q","Toko Audio Mobil"
"Car audio 59","4.4","14","Jl. Cihapit","Kota Bandung","Jawa Barat","ID",,"+62 878-3991-5234","Toko Audio Mobil",,,,,,,,,,"https://www.google.com/maps/search/?api=1&query=Car%20audio%2059&query_place_id=ChIJVwSF3VjnaC4RZmuh7PUUgMg","Toko Audio Mobil"
"IyanCarAudio","5","1","Gg. Dahlia No.21b 143E, RT.2/RW.9","Kota Bandung","Jawa Barat","ID",,"+62 813-8380-8081","Toko Audio Mobil",,,,,,,,,,"https://www.google.com/maps/search/?api=1&query=IyanCarAudio&query_place_id=ChIJC3EUmyfnaC4RyBoqYogqBDM","Toko Audio Mobil"
"CIPADUNG JAYA SPAREPART",,,"Jl. Embah Jaksa No.36, RT.06/RW.01","Kota Bandung","Jawa Barat","ID",,"+62 895-3757-97600","Toko perawatan otomotif",,,,,,,,,,"https://www.google.com/maps/search/?api=1&query=CIPADUNG%20JAYA%20SPAREPART&query_place_id=ChIJ2_siTtDDaC4RTcKgjdbJyko","Toko perawatan otomotif"
"Uho Audio",,,"Jl. Tm. Cibeunying Sel.","Kota Bandung","Jawa Barat","ID",,"+62 852-2244-0072","Toko Audio Mobil",,,,,,,,,,"https://www.google.com/maps/search/?api=1&query=Uho%20Audio&query_place_id=ChIJY5rsmrXnaC4RlgkmAAp1k4s","Toko Audio Mobil"
"Audio 78 specialist audio mobil",,,"Jl. Taman Cibeunying Utara","Kota Bandung","Jawa Barat","ID","http://www.devinms.co.id/","+62 821-2788-3477","Toko Audio Mobil",,,,,,,,,,"https://www.google.com/maps/search/?api=1&query=Audio%2078%20specialist%20audio%20mobil&query_place_id=ChIJOUy-kr7naC4Rl4QJWhxBgd0","Toko Audio Mobil"
"ALIF GARAGE SERVICE DAN CUSTOM MOTORCYCLE","5","1","Jl. Cilengkrang II KP.GANDOL, RT.03/RW.05","Kota Bandung","Jawa Barat","ID",,"+62 838-2958-2666","Bengkel Sepeda Motor","Kontraktor","Jasa Peramal","Pembangunan Perumahan","Dekorator interior","Jasa pemeliharaan mesin","Montir","Pembangun Rumah Moduler","Pembangun Rumah Kayu","Dealer Motor Bekas","https://www.google.com/maps/search/?api=1&query=ALIF%20GARAGE%20SERVICE%20DAN%20CUSTOM%20MOTORCYCLE&query_place_id=ChIJ9UqBCgDdaC4R2T1QorXhQ6w","Bengkel Sepeda Motor"
"AUDIO BANDUNG - FADH AUDIO 1011","5","5","Pasar Audio Cihapit) bisa di panggil ke tempat, Audio Bandung, Jl. Ciliwung No.10-11","Kota Bandung","Jawa Barat","ID",,"","Toko Audio Mobil",,,,,,,,,,"https://www.google.com/maps/search/?api=1&query=AUDIO%20BANDUNG%20-%20FADH%20AUDIO%201011&query_place_id=ChIJI7uhT5rnaC4RcLu1b_iK6a4","Toko Audio Mobil"
"Custom 27",,,"Jl. Rancasawo No.74","Kota Bandung","Jawa Barat","ID",,"","Bengkel Sepeda Motor",,,,,,,,,,"https://www.google.com/maps/search/?api=1&query=Custom%2027&query_place_id=ChIJ-couRgDDaC4Rkbhoq7lKPS8","Bengkel Sepeda Motor"
"A'Dental Care (Praktek Dokter Gigi Adrian)","4.9","86","Jl. Cilengkrang II No.50","Kota Bandung","Jawa Barat","ID",,"+62 812-8217-5757","Dokter Gigi","Klinik Gigi",,,,,,,,,"https://www.google.com/maps/search/?api=1&query=A'Dental%20Care%20(Praktek%20Dokter%20Gigi%20Adrian)&query_place_id=ChIJ67HW8gHdaC4R_q1fv24SDr8","Dokter Gigi"
"drg Elis Siti Sundari","5","100","Jl. Sekepanjang 2","Kota Bandung","Jawa Barat","ID",,"+62 819-3245-8873","Dokter Gigi",,,,,,,,,,"https://www.google.com/maps/search/?api=1&query=drg%20Elis%20Siti%20Sundari&query_place_id=ChIJJ6srU77naC4RxEFJ2wRlex0","Dokter Gigi"
"K-Walk by Jaco Bandung Indah Plaza","4.7","38","Pameran ( Depan Toko Skechers, Bandung Indah Plaza, Jl. Merdeka No.56 Lantai UG-k.04","Kota Bandung","Jawa Barat","ID","https://jaco.co.id/","+62 813-2051-9399","Toko Kesehatan dan Kecantikan",,,,,,,,,,"https://www.google.com/maps/search/?api=1&query=K-Walk%20by%20Jaco%20Bandung%20Indah%20Plaza&query_place_id=ChIJTbBmlTfmaC4RH4NbfHXpQJg","Toko Kesehatan dan Kecantikan"
"Grosir Alat Kesehetan","5","1","Ruko Istana Regency CR.A, JL. Dakota, No. 3, Town House Istana Pasteur Regency Blok CR A3","Kota Bandung","Jawa Barat","ID",,"+62 22 86065294","Toko Perlengkapan Medis",,,,,,,,,,"https://www.google.com/maps/search/?api=1&query=Grosir%20Alat%20Kesehetan&query_place_id=ChIJ2ZOmcNblaC4R1h3AMb3EnEI","Toko Perlengkapan Medis"
"Toko Mesin Cuci","4.5","11","3H8R+243, Jl. Peta","Kota Bandung","Jawa Barat","ID",,"","Toko Elektronik",,,,,,,,,,"https://www.google.com/maps/search/?api=1&query=Toko%20Mesin%20Cuci&query_place_id=ChIJiWXKPaToaC4Ry8Bx-1Aevy4","Toko Elektronik"
"A1 Electronic SHRM","4.6","203","banyak lampu, Jl. Sudirman No.682","Kota Bandung","Jawa Barat","ID","https://www.tokopedia.com/elektronik-997","","Toko Elektronik",,,,,,,,,,"https://www.google.com/maps/search/?api=1&query=A1%20Electronic%20SHRM&query_place_id=ChIJIQlX36TpaC4RiCin0sDZ6yE","Toko Elektronik"
"UNTUNGAudio.Bandung","4.9","14","Jl. Taman Cibeunying Utara","Kota Bandung","Jawa Barat","ID",,"+62 823-1880-0666","Toko Audio Mobil",,,,,,,,,,"https://www.google.com/maps/search/?api=1&query=UNTUNGAudio.Bandung&query_place_id=ChIJo_nmjrXnaC4R5__qPGpqRMo","Toko Audio Mobil"
"AG Car Audio Bandung","5","11","Jl. Murni I No.43","Kota Bandung","Jawa Barat","ID",,"+62 812-1440-3554","Toko Audio Mobil",,,,,,,,,,"https://www.google.com/maps/search/?api=1&query=AG%20Car%20Audio%20Bandung&query_place_id=ChIJwwsaGADpaC4RftFT5dYpq7c","Toko Audio Mobil"
"Yudi Audio","4.5","10","Jl. Panghegar","Kota Bandung","Jawa Barat","ID","https://adisafilin.blogspot.com/","+62 896-2300-0637","Toko Audio Mobil",,,,,,,,,,"https://www.google.com/maps/search/?api=1&query=Yudi%20Audio&query_place_id=ChIJPSy1uzTdaC4RMCCTvpu6TCw","Toko Audio Mobil"
"Elektronik Murah","4","1","Jl. Wastukencana No.36","Kota Bandung","Jawa Barat","ID",,"+62 813-2923-5363","Toko Elektronik",,,,,,,,,,"https://www.google.com/maps/search/?api=1&query=Elektronik%20Murah&query_place_id=ChIJ1QV95Z3naC4RGkUmNIMKqNI","Toko Elektronik"
"Rexy Garage 69","4.6","14","Jl. Kusuma Nusantara I","Kota Bandung","Jawa Barat","ID",,"+62 821-2101-4241","Bengkel Sepeda Motor",,,,,,,,,,"https://www.google.com/maps/search/?api=1&query=Rexy%20Garage%2069&query_place_id=ChIJLSlnNtHcaC4ReGqWPJCReCI","Bengkel Sepeda Motor"
"Kabisamx Trailshop Aksesoris Motor Trail","4.3","29","Jl. Manisi No.2, RT.5 rw4","Kota Bandung","Jawa Barat","ID",,"+62 821-1576-0707","Dealer Sepeda Motor",,,,,,,,,,"https://www.google.com/maps/search/?api=1&query=Kabisamx%20Trailshop%20Aksesoris%20Motor%20Trail&query_place_id=ChIJsd6sDynDaC4Rcz7LdOgEAi8","Dealer Sepeda Motor"
"Renan Store Bandung","4.9","7251","Jl. K.H. Ahmad Dahlan No.106","Kota Bandung","Jawa Barat","ID","http://www.renanstore.co.id/","+62 822-9700-9700","Toko Ponsel","Toko Elektronik",,,,,,,,,"https://www.google.com/maps/search/?api=1&query=Renan%20Store%20Bandung&query_place_id=ChIJ-x3Mtn3oaC4RwQD6XaayHm0","Toko Ponsel"
"Kerol Audio mobil bandung","4.9","56","Pasar elektronik, Jl. Taman Cibeunying Utara No.76 kios no.74,75","Kota Bandung","Jawa Barat","ID","https://www.tiktok.com/@kerolaudio?_r=1&_t=ZS-93PzoByAo0l","+62 812-2032-3220","Toko Audio Mobil",,,,,,,,,,"https://www.google.com/maps/search/?api=1&query=Kerol%20Audio%20mobil%20bandung&query_place_id=ChIJ02TrDabnaC4RAzhnLY9exoc","Toko Audio Mobil"
"DAALDEROP Bandung - Water Heater Distributor & Service Center","4.9","29","Jalan Batununggal Indah IX No.9 (Batununggal Mulia XIII No.9), Mengger, Bandung Kidul","Kota Bandung","Jawa Barat","ID","https://daalderop.id/","+62 22 7514481","Kantor Perusahaan","Pemasok Bahan Bangunan","Grosir bahan konstruksi","Toko Elektronik","Pemasok Peralatan Pemanas","Grosir Perlengkapan Rumah Tangga",,,,,"https://www.google.com/maps/search/?api=1&query=DAALDEROP%20Bandung%20-%20Water%20Heater%20Distributor%20%26%20Service%20Center&query_place_id=ChIJQyVeq1boaC4RfJzgxaPoRTI","Kantor Perusahaan"
"Indoprima Auto Accessories","4.7","72","Jl. Peta No.252 D","Kota Bandung","Jawa Barat","ID",,"+62 22 6124007","Bengkel Mobil","Pemasok Alarm Mobil","Toko Audio Mobil","Jasa Pemasangan Kaca Film",,,,,,,"https://www.google.com/maps/search/?api=1&query=Indoprima%20Auto%20Accessories&query_place_id=ChIJnUUFLR3maC4Ra6B872K8STc","Bengkel Mobil"
"Distributor Elektronik","5","1","Jl. Soekarno-Hatta No.112","Kota Bandung","Jawa Barat","ID",,"+62 813-8942-6277","Grosir elektronik",,,,,,,,,,"https://www.google.com/maps/search/?api=1&query=Distributor%20Elektronik&query_place_id=ChIJDeXgAa7oaC4RWVIIUfzzj2k","Grosir elektronik"
"BOS PENGERING (Pusat Peralatan Laundry Bandung, Paket Laundry, Dryer, Washer, Setrika Uap Boiler, Parfum, Deterjen)","4.6","481","Jl. Batu Indah Raya No.36","Kota Bandung","Jawa Barat","ID","https://bospengering.id/","+62 812-2167-3020","Toko Mesin Cuci & Pengering",,,,,,,,,,"https://www.google.com/maps/search/?api=1&query=BOS%20PENGERING%20(Pusat%20Peralatan%20Laundry%20Bandung%2C%20Paket%20Laundry%2C%20Dryer%2C%20Washer%2C%20Setrika%20Uap%20Boiler%2C%20Parfum%2C%20Deterjen)&query_place_id=ChIJTVPnHKzpaC4REtGdNMgLyJc","Toko Mesin Cuci & Pengering"
"Saluyu Elektronik","3.5","23","Jl. A. Yani No.943","Kota Bandung","Jawa Barat","ID",,"+62 22 7275782","Toko Elektronik","Toko Kosmetik","Toko Alat Listrik",,,,,,,,"https://www.google.com/maps/search/?api=1&query=Saluyu%20Elektronik&query_place_id=ChIJqarhDJLnaC4R7Z0uY8nA7g8","Toko Elektronik"
"53 Car Audio/Audio mobil Bandung","5","80","Jl. Tm. Cibeunying Sel. No.53","Kota Bandung","Jawa Barat","ID","https://53audiocar.wixsite.com/my-site","+62 822-1848-9688","Toko Audio Mobil",,,,,,,,,,"https://www.google.com/maps/search/?api=1&query=53%20Car%20Audio%2FAudio%20mobil%20Bandung&query_place_id=ChIJLUDpCcPnaC4RqHz3pJeiwB8","Toko Audio Mobil"
"Kios Audio Mobil Sulaksana","4.8","43","Jalan Sulaksana.2A/Samping Borma Antapani","Kota Bandung","Jawa Barat","ID",,"+62 851-0124-2466","Toko Audio Mobil",,,,,,,,,,"https://www.google.com/maps/search/?api=1&query=Kios%20Audio%20Mobil%20Sulaksana&query_place_id=ChIJbWYYQunnaC4RnW3P8OfTWyg","Toko Audio Mobil"
"Toko Linggar Jaya Elektronik","5","2","Jl. A. Yani No.404","Kota Bandung","Jawa Barat","ID","https://www.tokopedia.com/linggarjayaelektronik","+62 811-2352-004","Toko Elektronik",,,,,,,,,,"https://www.google.com/maps/search/?api=1&query=Toko%20Linggar%20Jaya%20Elektronik&query_place_id=ChIJrbf5CePnaC4RQkcyFOTBRsU","Toko Elektronik"
"Djahro Classik Shop","4.7","36","Jl. Terusan Jakarta No.130","Kota Bandung","Jawa Barat","ID",,"+62 878-2459-9699","Toko Sepeda Motor",,,,,,,,,,"https://www.google.com/maps/search/?api=1&query=Djahro%20Classik%20Shop&query_place_id=ChIJEc4azvHnaC4RSEbukGqxKNY","Toko Sepeda Motor"
"Quantum Land bike custom",,,"Jl. Pada Bakti No.99, RT.01/RW.013","Kota Bandung","Jawa Barat","ID",,"+62 895-3447-29191","Bengkel Sepeda Motor",,,,,,,,,,"https://www.google.com/maps/search/?api=1&query=Quantum%20Land%20bike%20custom&query_place_id=ChIJn-cXfFjdaC4RXL8FFWyGF3k","Bengkel Sepeda Motor"
"Toko elektronik","5","1","3P99+3JF, Jl. Manisi","Kota Bandung","Jawa Barat","ID",,"","Pembangunan Perumahan",,,,,,,,,,"https://www.google.com/maps/search/?api=1&query=Toko%20elektronik&query_place_id=ChIJqf5YcQDDaC4R5ekY9iZNJEM","Pembangunan Perumahan"
"Iam jok (Toko Jok Motor)","4.9","42","Jl. Khp Hasan Mustopa No.230","Kota Bandung","Jawa Barat","ID",,"+62 812-9557-6100","Bengkel Sepeda Motor",,,,,,,,,,"https://www.google.com/maps/search/?api=1&query=Iam%20jok%20(Toko%20Jok%20Motor)&query_place_id=ChIJgyTMcgXnaC4RuuuUsPLGwog","Bengkel Sepeda Motor"
"Rangka sasis, tangki dan jok motor trail custom bandung model klx crf ktm kxf yz yzf kx rmz jadul bintage bodyset","5","1","Jl. Manisi No.2, RT.5/RW.04","Kota Bandung","Jawa Barat","ID","https://youtube.com/shorts/-2K8MSDkcu4?si=i8rdX-ueP7gmDWf3","+62 821-1576-0707","Bengkel Sepeda Motor",,,,,,,,,,"https://www.google.com/maps/search/?api=1&query=Rangka%20sasis%2C%20tangki%20dan%20jok%20motor%20trail%20custom%20bandung%20model%20klx%20crf%20ktm%20kxf%20yz%20yzf%20kx%20rmz%20jadul%20bintage%20bodyset&query_place_id=ChIJ4fwq3fLDaC4RuDijI-1sQQo","Bengkel Sepeda Motor"
"Sudut Technology CCTV ( Toko pemasangan Cctv, gps kendaraan, Pabx, dan keamanan digital lainnya)","5","20","Jl. Cikutra No.266","Kota Bandung","Jawa Barat","ID","http://www.sudutdh.com/","+62 851-3670-0367","Jasa instalasi sistem keamanan","Toko Kamera","Pemasok Alarm Mobil","Pusat jaringan komputer","Pemasok Alarm Kebakaran","Pemasok GPS","Jasa Rekaman Video",,,,"https://www.google.com/maps/search/?api=1&query=Sudut%20Technology%20CCTV%20(%20Toko%20pemasangan%20Cctv%2C%20gps%20kendaraan%2C%20Pabx%2C%20dan%20keamanan%20digital%20lainnya)&query_place_id=ChIJOSIe0-jvaC4Rus0m2Fpd-Rg","Jasa instalasi sistem keamanan"
"Mulia Jaya Teknik AC GREE","4.8","141","Patokan Plang JNE, Jl. A. Yani No.510B","Kota Bandung","Jawa Barat","ID","https://www.tokopedia.com/mulia-jaya-1","+62 878-2238-8338","Toko Elektronik",,,,,,,,,,"https://www.google.com/maps/search/?api=1&query=Mulia%20Jaya%20Teknik%20AC%20GREE&query_place_id=ChIJ1_RMHLvnaC4REyHIgb416WY","Toko Elektronik"
"Prama Toserba","4.6","3344","Jl. Babakan Sari No.11","Kota Bandung","Jawa Barat","ID",,"+62 22 20507322","Toserba","Toko bahan makanan",,,,,,,,,"https://www.google.com/maps/search/?api=1&query=Prama%20Toserba&query_place_id=ChIJX3oYjyfnaC4RSbK4xd50ks4","Toserba"
"Queen jok motor","5","20","Jl. AH. Nasution No.82","Kota Bandung","Jawa Barat","ID",,"+62 896-4322-6230","Bengkel Sepeda Motor",,,,,,,,,,"https://www.google.com/maps/search/?api=1&query=Queen%20jok%20motor&query_place_id=ChIJLRX7PQDdaC4ReEGsqo3OzMg","Bengkel Sepeda Motor"
"LG Service Center Bandung","3.8","886","Komp. Kopo Plaza, Jl. Peta No.24 Blk. A","Kota Bandung","Jawa Barat","ID","https://www.lg.com/id/dukungan","+62 1 500 140","Toko Reparasi Elektronik","Layanan reparasi","Bengkel Elektronik",,,,,,,,"https://www.google.com/maps/search/?api=1&query=LG%20Service%20Center%20Bandung&query_place_id=ChIJnd6qoKboaC4RZI4CXvKBL_4","Toko Reparasi Elektronik"
"Herry Autocool - Bengkel AC Mobil Terdekat di Bandung Toko Spare Part AC Mobil Lengkap Merk Asia Eropa Online Offline","4.9","705","Jl. Kangkung Kidul No.22","Kota Bandung","Jawa Barat","ID","https://www.acherryautocool.com/","+62 859-2322-4888","Bengkel AC",,,,,,,,,,"https://www.google.com/maps/search/?api=1&query=Herry%20Autocool%20-%20Bengkel%20AC%20Mobil%20Terdekat%20di%20Bandung%20Toko%20Spare%20Part%20AC%20Mobil%20Lengkap%20Merk%20Asia%20Eropa%20Online%20Offline&query_place_id=ChIJ65XX60bpaC4RTpXm-Iw1bNk","Bengkel AC"
"Borma Toserba Pasirimpun","4.4","5168","Jl. AH. Nasution No.137","Kota Bandung","Jawa Barat","ID",,"+62 22 7275460","Toserba",,,,,,,,,,"https://www.google.com/maps/search/?api=1&query=Borma%20Toserba%20Pasirimpun&query_place_id=ChIJ7ZlQQ2fdaC4R57MnoPZZVNQ","Toserba"
"Sanyo Service Centre","4.2","18","Jl. Asmarandana No.19","Kota Bandung","Jawa Barat","ID",,"+62 816-621-150","Toko Reparasi Elektronik","Toko Elektronik",,,,,,,,,"https://www.google.com/maps/search/?api=1&query=Sanyo%20Service%20Centre&query_place_id=ChIJPd_JhXzoaC4RNUHnvHdHO9Y","Toko Reparasi Elektronik"
"Linggar Mulya","3.8","5","Jl. A. Yani No.459","Kota Bandung","Jawa Barat","ID",,"+62 812-2483-3420","Toko Elektronik",,,,,,,,,,"https://www.google.com/maps/search/?api=1&query=Linggar%20Mulya&query_place_id=ChIJ9afUScHnaC4R0vCcSF6ciKc","Toko Elektronik"
"Castello Car Audio","4.9","178","Jl. Moch. Toha No.178","Kota Bandung","Jawa Barat","ID",,"+62 897-0048-448","Toko Audio Mobil",,,,,,,,,,"https://www.google.com/maps/search/?api=1&query=Castello%20Car%20Audio&query_place_id=ChIJCXuHI5LoaC4RG3m3OHuwQeY","Toko Audio Mobil"
"AZKO Festlink Bandung","4.6","1018","32 - 36, Jl. Peta No.241","Kota Bandung","Jawa Barat","ID","https://www.ruparupa.com/store/bandung---azko-festival-citylink?utm_source=google&utm_medium=gmb&utm_campaign=azko_store","","Toko Perlengkapan Rumah",,,,,,,,,,"https://www.google.com/maps/search/?api=1&query=AZKO%20Festlink%20Bandung&query_place_id=ChIJG7mOZzrmaC4RHP8f5zfu_-E","Toko Perlengkapan Rumah"
"Sunny Dental Care Margahayu Soekarno Hatta","5","138","Jl. Soekarno-Hatta No.628 Kav. 7","Kota Bandung","Jawa Barat","ID","http://instagram.com/sunnydentalcare_","+62 811-2233-834","Dokter Gigi",,,,,,,,,,"https://www.google.com/maps/search/?api=1&query=Sunny%20Dental%20Care%20Margahayu%20Soekarno%20Hatta&query_place_id=ChIJdV4lYwTpaC4Rn6kR5FWI0Gc","Dokter Gigi"
"Mapletech AUDIO Flagship Store by Metta Audio","5","5","Jl. Moch. Ramdan No.77","Kota Bandung","Jawa Barat","ID",,"+62 813-2009-6161","Pemasok Perlengkapan Audio Visual","Toko Audio Mobil",,,,,,,,,"https://www.google.com/maps/search/?api=1&query=Mapletech%20AUDIO%20Flagship%20Store%20by%20Metta%20Audio&query_place_id=ChIJc0bRBgDpaC4Rzrd-zaAVz90","Pemasok Perlengkapan Audio Visual"
"Amanah variasi mobil pangilan","5","20","Jl. Cikudapateuh Dalam No.213","Kota Bandung","Jawa Barat","ID",,"+62 812-2150-1117","Pemasok Alarm Mobil","Jasa pengiriman mobil","Toko Audio Mobil",,,,,,,,"https://www.google.com/maps/search/?api=1&query=Amanah%20variasi%20mobil%20pangilan&query_place_id=ChIJ35iFnDTnaC4R6OZSxN31Ck8","Pemasok Alarm Mobil"
"Bandung Jaya Computer","4.5","49","Jaya Plaza, Jl. A. Yani No.238 Lt. 1 Blok K No.8-9","Kota Bandung","Jawa Barat","ID",,"+62 22 87243350","Toko Komputer",,,,,,,,,,"https://www.google.com/maps/search/?api=1&query=Bandung%20Jaya%20Computer&query_place_id=ChIJ1VyBrMHnaC4RZrHpt1bQ2mQ","Toko Komputer"
"Variasi-Electric mobil (psg/service bisa dipanggil)",,,"Jaya Plaza, Jl. A. Yani No.238 rt02/01","Kota Bandung","Jawa Barat","ID",,"+62 896-6880-0880","Toko Audio Mobil",,,,,,,,,,"https://www.google.com/maps/search/?api=1&query=Variasi-Electric%20mobil%20(psg%2Fservice%20bisa%20dipanggil)&query_place_id=ChIJ_Ql-URPnaC4Rd_AnSTPsHgY","Toko Audio Mobil"
"Mekar Raya Car Audio System","5","7","Jl. Ahmad yani no.238, pertokoan jaya plaza blok O.4","Kota Bandung","Jawa Barat","ID",,"+62 852-9492-4225","Toko Audio Mobil",,,,,,,,,,"https://www.google.com/maps/search/?api=1&query=Mekar%20Raya%20Car%20Audio%20System&query_place_id=ChIJ22lJYLvDaC4R74yudz5eZG0","Toko Audio Mobil"
"Pak. Ujang LISTRIK","5","4","3H6H+2W3","Kota Bandung","Jawa Barat","ID",,"","Toko Elektronik",,,,,,,,,,"https://www.google.com/maps/search/?api=1&query=Pak.%20Ujang%20LISTRIK&query_place_id=ChIJbSRuCLrpaC4RLRgfrRKuAaU","Toko Elektronik"
"Eversmile Dental | Dokter Gigi Bandung","5","653","Jl. Jamika No.99e","Kota Bandung","Jawa Barat","ID","https://instagram.com/eversmile_dentalaesthetic?igshid=MzRlODBiNWFlZA==","+62 823-6163-6161","Dokter Gigi","Dokter Gigi Kosmetik","Klinik Gigi","Ahli Perawatan Gigi","Penyedia layanan implan gigi","Agen Asuransi Gigi","Radiologi Gigi","Toko Pasokan Peralatan Gigi","Klinik Kesehatan","Dokter Gigi Anak","https://www.google.com/maps/search/?api=1&query=Eversmile%20Dental%20%7C%20Dokter%20Gigi%20Bandung&query_place_id=ChIJbc1Nnt3naC4RPrwHAkYEYAU","Dokter Gigi"
"Audy Dental Bandung Mekarwangi | Klinik Dokter Gigi Spesialis","5","780","Jl. Mekar Utama No.88","Kota Bandung","Jawa Barat","ID","https://www.audydental.com/","+62 811-1180-1989","Klinik Gigi",,,,,,,,,,"https://www.google.com/maps/search/?api=1&query=Audy%20Dental%20Bandung%20Mekarwangi%20%7C%20Klinik%20Dokter%20Gigi%20Spesialis&query_place_id=ChIJy_DTTc7paC4Rv0JSQBUrFvE","Klinik Gigi"
"Praktik mandiri bidan Medika Antapani","4.5","42","Jl. Purwakarta No.1","Kota Bandung","Jawa Barat","ID","https://www.instagram.com/medikaantapani/","+62 888-0206-2839","Bidan","Konsultan Kesehatan",,,,,,,,,"https://www.google.com/maps/search/?api=1&query=Praktik%20mandiri%20bidan%20Medika%20Antapani&query_place_id=ChIJzWCVvhTnaC4R2SwC8Hc5DBs","Bidan"
"BJ Home Supermarket Bangunan - Bandung","4.5","1134","Plaza Ibcc, Jl. A. Yani Blok E1","Kota Bandung","Jawa Barat","ID","http://www.bjhomeofficial.com/","+62 22 7208899","Pusat Perbelanjaan","Toko Swalayan",,,,,,,,,"https://www.google.com/maps/search/?api=1&query=BJ%20Home%20Supermarket%20Bangunan%20-%20Bandung&query_place_id=ChIJxdq408XnaC4RNldrE9EZ2sE","Pusat Perbelanjaan"
"NAFNAZ TEAM AUDIO MOBIL BANDUNG","4.9","83",,"Kota Bandung","Jawa Barat","ID",,"+62 852-2222-2231","Bengkel Mobil","Toko Audio Mobil",,,,,,,,,"https://www.google.com/maps/search/?api=1&query=NAFNAZ%20TEAM%20AUDIO%20MOBIL%20BANDUNG&query_place_id=ChIJnXKilufDaC4R-8lBdi2TMWM","Bengkel Mobil"
"Klinik Gigi drg Alexander Raphael (drg Agus Susianto) Graham Care Dokter Gigi Bandung","4.9","72","Jl. Ibu Inggit Garnasih No.148","Kota Bandung","Jawa Barat","ID","https://linktr.ee/klinikgigidrgalexander","+62 822-1917-6000","Klinik Gigi","Dokter Gigi Kosmetik","Ahli Perawatan Gigi","Dokter Spesialis Periodontis Implan Gigi","Penyedia layanan implan gigi","Dokter Gigi","Pusat Layanan Gigi Palsu","Dokter Gigi Anak","Layanan pemutihan gigi",,"https://www.google.com/maps/search/?api=1&query=Klinik%20Gigi%20drg%20Alexander%20Raphael%20(drg%20Agus%20Susianto)%20Graham%20Care%20Dokter%20Gigi%20Bandung&query_place_id=ChIJawLcbufpaC4R1il0TN12Gck","Klinik Gigi"
"Cliport Audio – Your Expertise Car Audio","4.8","107","Jl. Terusan Pasirkoja No.238","Kota Bandung","Jawa Barat","ID","http://www.cliportaudio.com/","+62 812-1288-2686","Toko Audio Mobil",,,,,,,,,,"https://www.google.com/maps/search/?api=1&query=Cliport%20Audio%20%E2%80%93%20Your%20Expertise%20Car%20Audio&query_place_id=ChIJN-MfFALmaC4Rek1xSxtX4Co","Toko Audio Mobil"
"Alvina Elektrik & Elektronik","4.7","27","WA O&l2lllOO74O, Jl. Terusan Gatot Subroto No.487","Kota Bandung","Jawa Barat","ID",,"","Toko Alat Listrik","Pemasok Komponen Elektronik",,,,,,,,,"https://www.google.com/maps/search/?api=1&query=Alvina%20Elektrik%20%26%20Elektronik&query_place_id=ChIJl2gcWnPoaC4R7vtIT7-mtgQ","Toko Alat Listrik"
"Informa IBCC Bandung","4.7","10282","Plaza Ibcc, Jl. A. Yani No.296","Kota Bandung","Jawa Barat","ID",,"+62 815-1100-2000","Toko Mebel","Layanan Pelanggan untuk Perlengkapan Rumah Tangga","Toko Seprai","Konsultan Bangunan","Toko Meja","Pemasok mebel sesuai pesanan","Toko Mebel Dapur","Grosir aksesori kantor","Toko Sofa","Toko Kursi","https://www.google.com/maps/search/?api=1&query=Informa%20IBCC%20Bandung&query_place_id=ChIJRxMtjs_naC4Rl-rabzacl1U","Toko Mebel"
"DEHA Dental Clinic","5","573","Jl. Arcamanik Endah No.20","Kota Bandung","Jawa Barat","ID",,"+62 811-2396-161","Klinik Gigi",,,,,,,,,,"https://www.google.com/maps/search/?api=1&query=DEHA%20Dental%20Clinic&query_place_id=ChIJc8vdR_sbNWoRVfKlu0fdT_4","Klinik Gigi"
"Wincar audio","5","3","Jl. Leuwi Anyar VII Jl. Raya Kopo No.83, RT.7/RW.04","Kota Bandung","Jawa Barat","ID",,"+62 895-4206-81900","Toko Audio Mobil",,,,,,,,,,"https://www.google.com/maps/search/?api=1&query=Wincar%20audio&query_place_id=ChIJYRD4ambnaC4RnocIiOL3M_U","Toko Audio Mobil"
"d-Volks Car Audio","3.7","9","Jl. Leuwi Panjang No.72","Kota Bandung","Jawa Barat","ID",,"+62 898-0868-207","Toko Audio Mobil",,,,,,,,,,"https://www.google.com/maps/search/?api=1&query=d-Volks%20Car%20Audio&query_place_id=ChIJsUDfdL3oaC4R1XkP89Jsjmw","Toko Audio Mobil"
"Art Audio","4.9","15","Jl. Srimahi No.29","Kota Bandung","Jawa Barat","ID",,"+62 22 42826569","Toko Audio Mobil",,,,,,,,,,"https://www.google.com/maps/search/?api=1&query=Art%20Audio&query_place_id=ChIJb53DOdTnaC4Ri4gLfG4GV50","Toko Audio Mobil"
"Klinik Gigi Bandung: Passion Dental Care - PDC Gegerkalong","5","336","Jl. Sukahaji No.12","Kota Bandung","Jawa Barat","ID","http://passiondentalcare.com/","+62 812-9009-9562","Klinik Gigi",,,,,,,,,,"https://www.google.com/maps/search/?api=1&query=Klinik%20Gigi%20Bandung%3A%20Passion%20Dental%20Care%20-%20PDC%20Gegerkalong&query_place_id=ChIJj3pJv_bnaC4RYvprARI4-cI","Klinik Gigi"
"Apotek Medika Antapani","4","174","Jl. Purwakarta No.3","Kota Bandung","Jawa Barat","ID",,"+62 22 7200736","Apotek",,,,,,,,,,"https://www.google.com/maps/search/?api=1&query=Apotek%20Medika%20Antapani&query_place_id=ChIJLxELi_DnaC4R76BaH4gPFtw","Apotek"
"Kawan Lama Solution / Krisbow Bandung (Kiara Condong)","4.4","303","Jl. Ibrahim Adjie No.388","Kota Bandung","Jawa Barat","ID","https://linktr.ee/KawanLamaSolutionKiaraCondong","+62 22 7337037","Toko Alat-Alat","Toko Perkakas","Pemasok Peralatan Industri",,,,,,,,"https://www.google.com/maps/search/?api=1&query=Kawan%20Lama%20Solution%20%2F%20Krisbow%20Bandung%20(Kiara%20Condong)&query_place_id=ChIJ46Msom3oaC4R__li30iAT7M","Toko Alat-Alat"
"Toko AC Bandung Ke-Rumah.com Dealer i-Shop","4.8","265","Jl. Buah Batu No.302d","Kota Bandung","Jawa Barat","ID","https://ke-rumah.com/","+62 889-1012-696","Toko AC","Kontraktor AC","Bengkel AC","Kantor Perusahaan",,,,,,,"https://www.google.com/maps/search/?api=1&query=Toko%20AC%20Bandung%20Ke-Rumah.com%20Dealer%20i-Shop&query_place_id=ChIJU993MjfpaC4R4gsWmjyQKvk","Toko AC"
"RSIA Grha Bunda","4.2","910","3JPW+P6X, Jl. Terusan Jakarta No.15 - 17","Kota Bandung","Jawa Barat","ID","http://www.rsia-grhabunda.com/","+62 22 87256789","Rumah Sakit Bersalin","Klinik Fertilitas","Rumah Sakit","Rumah Sakit Swasta",,,,,,,"https://www.google.com/maps/search/?api=1&query=RSIA%20Grha%20Bunda&query_place_id=ChIJ34uCIcH2aS4RniOvWHrTf_A","Rumah Sakit Bersalin"
"Klinik Utama Medika Antapani","4","808","Jl. Purwakarta No.3","Kota Bandung","Jawa Barat","ID","https://medikaantapani.co.id/id","+62 22 7200736","Klinik Medis","Dokter Gigi",,,,,,,,,"https://www.google.com/maps/search/?api=1&query=Klinik%20Utama%20Medika%20Antapani&query_place_id=ChIJw6I15O7naC4RcQDn4h8NXKk","Klinik Medis"
"Alinea Dental Antapani 2- Praktek Dokter Gigi (Klinik Gigi) Anak dan Dewasa","4.9","275","Jl. Kuningan Raya No.58","Kota Bandung","Jawa Barat","ID",,"+62 811-900-058","Dokter Gigi Anak",,,,,,,,,,"https://www.google.com/maps/search/?api=1&query=Alinea%20Dental%20Antapani%202-%20Praktek%20Dokter%20Gigi%20(Klinik%20Gigi)%20Anak%20dan%20Dewasa&query_place_id=ChIJO-3Qo6znaC4Ri1wA0JgjUqI","Dokter Gigi Anak"
"UPT Puskesmas Ibrahim Adjie","3.8","818","Jl. Ibrahim Adjie No.88","Kota Bandung","Jawa Barat","ID","https://www.puskesmas-ibrahim-adjie.com/","+62 22 7208355","Pusat Kesehatan Masyarakat","Klinik Tanpa Perjanjian",,,,,,,,,"https://www.google.com/maps/search/?api=1&query=UPT%20Puskesmas%20Ibrahim%20Adjie&query_place_id=ChIJ4WZAct3naC4RQ6q3Fux0X2E","Pusat Kesehatan Masyarakat"
"Bandung Car Audio","4.5","13","Jl. Sawah Kurung No.23","Kota Bandung","Jawa Barat","ID",,"+62 813-1357-8178","Toko Aksesori Mobil","Toko Reparasi Peralatan Audio Visual","Bengkel Kelistrikan Mobil","Jasa perbaikan kaca mobil","Bengkel Mobil","Instalatur sistem keamanan mobil","Toko Audio Mobil","Bengkel Elektronik",,,"https://www.google.com/maps/search/?api=1&query=Bandung%20Car%20Audio&query_place_id=ChIJ2e-hbyXmaC4RW2r6Wdolysc","Toko Aksesori Mobil"
"Provita Dental Care","4.4","30","Jl. Ciumbuleuit No.40","Kota Bandung","Jawa Barat","ID",,"+62 818-0205-7139","Klinik Gigi",,,,,,,,,,"https://www.google.com/maps/search/?api=1&query=Provita%20Dental%20Care&query_place_id=ChIJ377eU_HmaC4RHKkUOunMuMw","Klinik Gigi"
"Pasar Loak Barang Bekas Astana Anyar","4.3","2311","Jl. Astana Anyar No.328","Kota Bandung","Jawa Barat","ID",,"","Pasar Loak","Toko Suku Cadang Mobil",,,,,,,,,"https://www.google.com/maps/search/?api=1&query=Pasar%20Loak%20Barang%20Bekas%20Astana%20Anyar&query_place_id=ChIJQ4QCapnoaC4R81K_3jLChe8","Pasar Loak"
"Toserba Griya Pahlawan","4.5","4861","Jl. Pahlawan No.10 - 15","Kota Bandung","Jawa Barat","ID","https://yogyagroup.com/","+62 22 7235930","Toko Swalayan","Toserba",,,,,,,,,"https://www.google.com/maps/search/?api=1&query=Toserba%20Griya%20Pahlawan&query_place_id=ChIJ64eVP6XnaC4RRE0rT2Cb6bY","Toko Swalayan"
"Otoprog","4.9","77","Gg. Terusan Soma 1 No.5","Kota Bandung","Jawa Barat","ID","https://youtube.com/shorts/9JHkHaV1ZyI?si=HUuEidUPYJqyx2pw","+62 813-9491-145","Toko perawatan otomotif","Toko Mesin Mobil","Pusat Suku Cadang Mobil","Bengkel Tune Up","Bengkel Mobil","Pemasok Komponen Elektronik","Insinyur elektronik","Klinik Spesialis","Dealer Mobil Bekas","Jasa inspeksi kendaraan","https://www.google.com/maps/search/?api=1&query=Otoprog&query_place_id=ChIJ5SxkeLrnaC4RUI2LxwwtM2s","Toko perawatan otomotif"
"EIGER Adventure Store Ujung Berung Bandung","4.6","669","Jl. AH. Nasution No.283","Kota Bandung","Jawa Barat","ID",,"+62 22 87884587","Toko Pakaian dan Peralatan Luar Ruangan","Toko",,,,,,,,,"https://www.google.com/maps/search/?api=1&query=EIGER%20Adventure%20Store%20Ujung%20Berung%20Bandung&query_place_id=ChIJ_R072i_daC4RZ0M5Vc5o0sw","Toko Pakaian dan Peralatan Luar Ruangan"
"Hotel Dafam RIO Bandung","4.6","2205","Jl. L. L. R.E. Martadinata No.160","Kota Bandung","Jawa Barat","ID","https://artotelwanderlust.com/hotel/hotel-dafam-rio-bandung/g/Bandung-en.html?checkIn=2024-03-01&checkOut=2024-03-02&id=MA07100281-MA2205000010&encodeId=TUEyMjA1MDAwMDEw","+62 22 87243460","Hotel",,,,,,,,,,"https://www.google.com/maps/search/?api=1&query=Hotel%20Dafam%20RIO%20Bandung&query_place_id=ChIJuSia887naC4ReWNSnMDMBWQ","Hotel"
"Dokter Gigi Risyandi Anwar SPKGA","4.6","43","Jl. Cijambe No.35","Kota Bandung","Jawa Barat","ID",,"+62 896-9609-9910","Dokter Gigi",,,,,,,,,,"https://www.google.com/maps/search/?api=1&query=Dokter%20Gigi%20Risyandi%20Anwar%20SPKGA&query_place_id=ChIJtSzC7UDdaC4RfJRO3qWQ7kQ","Dokter Gigi"
"SHARFINA DENTAL CARE | DOKTER GIGI CIPADUNG","4.8","22","Jl. Desa Cipadung No.49, RT.005/RW.002","Kota Bandung","Jawa Barat","ID","https://linktr.ee/sharfinacipadung","+62 811-2233-882","Dokter Gigi","Dokter Gigi Kosmetik","Dokter Gawat Darurat","Dokter Keluarga","Dokter Umum","Dokter Kandungan","Dokter Syaraf","Dokter Nyeri","Dokter Gigi Anak",,"https://www.google.com/maps/search/?api=1&query=SHARFINA%20DENTAL%20CARE%20%7C%20DOKTER%20GIGI%20CIPADUNG&query_place_id=ChIJVQi5HADdaC4RftJwjNFDdmE","Dokter Gigi"
"Dr Gigi","5","18","Jl. Purwakarta No.97","Kota Bandung","Jawa Barat","ID","http://wa.me/+6281330626161","+62 813-3062-6161","Dokter Gigi",,,,,,,,,,"https://www.google.com/maps/search/?api=1&query=Dr%20Gigi&query_place_id=ChIJg9NASeXnaC4RK8d0yG-vVYY","Dokter Gigi"
"F.A AUDIO (Car System)","5","6","Jl. Peta No.135","Kota Bandung","Jawa Barat","ID",,"+62 878-7350-2250","Toko Audio Mobil",,,,,,,,,,"https://www.google.com/maps/search/?api=1&query=F.A%20AUDIO%20(Car%20System)&query_place_id=ChIJMXOcy2LpaC4RhM4jNPzRD0s","Toko Audio Mobil"
"Metta Audio","4.8","12","Jalan Ibu Inggit Garnasih. 47 d/h, Jl. Ibu Inggit Garnasih No.47","Kota Bandung","Jawa Barat","ID",,"+62 851-0060-6111","Toko Audio Mobil","Toko",,,,,,,,,"https://www.google.com/maps/search/?api=1&query=Metta%20Audio&query_place_id=ChIJT-k_N5zoaC4RKcuesfGifJE","Toko Audio Mobil"
"Jakartanotebook Bandung","4.6","3366","Cicadas Gateway Apartment Ruko, Jl. A. Yani No.669 Kel","Kota Bandung","Jawa Barat","ID","https://www.jakartanotebook.com/","+62 895-2984-9599","Toko Komputer",,,,,,,,,,"https://www.google.com/maps/search/?api=1&query=Jakartanotebook%20Bandung&query_place_id=ChIJo5NvHcDnaC4RfahvhRR81s4","Toko Komputer"
"Audio 41","4.7","112","Jl. Nyengseret No.41","Kota Bandung","Jawa Barat","ID",,"+62 22 5222528","Toko Audio Mobil",,,,,,,,,,"https://www.google.com/maps/search/?api=1&query=Audio%2041&query_place_id=ChIJfw6k6ZjoaC4RD6zSFzu-8qM","Toko Audio Mobil"
"DW Dental Workspace (Praktik Dokter Gigi Didi Wahyudi)","5","95","Jl. Kalijati Indah Bar. No.7","Kota Bandung","Jawa Barat","ID","https://wa.me/+6281214444725","+62 812-1444-4725","Dokter Gigi",,,,,,,,,,"https://www.google.com/maps/search/?api=1&query=DW%20Dental%20Workspace%20(Praktik%20Dokter%20Gigi%20Didi%20Wahyudi)&query_place_id=ChIJQWv2u4jnaC4RDIrN1rhQdyE","Dokter Gigi"
"Mitra Variasi Car Audio Car Alarm dan Kaca Film","4.5","20","Jl. BKR No.154D","Kota Bandung","Jawa Barat","ID",,"+62 812-2011-139","Toko Aksesori Mobil","Toko Audio Mobil","Jasa Pemasangan Kaca Film",,,,,,,,"https://www.google.com/maps/search/?api=1&query=Mitra%20Variasi%20Car%20Audio%20Car%20Alarm%20dan%20Kaca%20Film&query_place_id=ChIJZ3g2Z2ToaC4RSmHa75ddayw","Toko Aksesori Mobil"
"Rumah Sakit Immanuel Bandung","4.1","2788","Jl. Raya Kopo No.161","Kota Bandung","Jawa Barat","ID","https://www.rsimmanuel.com/","+62 22 5201656","Rumah Sakit Umum","Dokter Gigi","Rumah Sakit",,,,,,,,"https://www.google.com/maps/search/?api=1&query=Rumah%20Sakit%20Immanuel%20Bandung&query_place_id=ChIJ67iOZzrmaC4RHUTJZgyF108","Rumah Sakit Umum"
"Klinik Jaya Sentosa","3.4","88","Jl. Sunda No.75","Kota Bandung","Jawa Barat","ID",,"+62 851-0155-8597","Klinik Medis","Klinik Tanpa Perjanjian",,,,,,,,,"https://www.google.com/maps/search/?api=1&query=Klinik%20Jaya%20Sentosa&query_place_id=ChIJY7zzri3maC4R2nHt7vgwefM","Klinik Medis"
"Dental Clinic (Drg.Abel Tasman Yuza)","4.9","35","Jl. Reog No.4D","Kota Bandung","Jawa Barat","ID",,"+62 878-4740-2356","Dokter bedah mulut dan maksilofasial","Klinik Gigi","Dokter Gigi","Dokter",,,,,,,"https://www.google.com/maps/search/?api=1&query=Dental%20Clinic%20(Drg.Abel%20Tasman%20Yuza)&query_place_id=ChIJYbTXk3roaC4R76qIDYvCkss","Dokter bedah mulut dan maksilofasial"
"Rumah Sakit Umum Pindad","4","1141","Jl. Papanggungan No.517","Kota Bandung","Jawa Barat","ID","https://rsupindad.com/","+62 22 7322877","Rumah Sakit Umum","Dokter Gigi","Rumah Sakit",,,,,,,,"https://www.google.com/maps/search/?api=1&query=Rumah%20Sakit%20Umum%20Pindad&query_place_id=ChIJ1x3KqtfnaC4RNMKrUEhYTec","Rumah Sakit Umum"
"RECARO Car Audio dan peredam mobil Bandung","4.6","199","Jl. Cikawao No.25","Kota Bandung","Jawa Barat","ID","https://www.instagram.com/recarocaraudiospecialist/","+62 878-2416-4387","Toko Audio Mobil",,,,,,,,,,"https://www.google.com/maps/search/?api=1&query=RECARO%20Car%20Audio%20dan%20peredam%20mobil%20Bandung&query_place_id=ChIJIxWQ3inmaC4RrFPYWBZWKzA","Toko Audio Mobil"
"Edelweiss Hospital","4.4","2384","Jl. Soekarno-Hatta No.550","Kota Bandung","Jawa Barat","ID","https://edelweiss.id/","+62 22 86023000","Rumah Sakit","Layanan Kesehatan di Rumah","Pelayanan Kesehatan Kerja","Pusat layanan kesehatan darurat",,,,,,,"https://www.google.com/maps/search/?api=1&query=Edelweiss%20Hospital&query_place_id=ChIJd_nixzXpaC4RzXISV5zg85I","Rumah Sakit"
"Jaya Specialist Dental Centre","4.9","94","Jl. Lengkong Kecil No.7","Kota Bandung","Jawa Barat","ID","https://jayaspecialistdentalcentre.com/","+62 822-1893-6042","Klinik Gigi",,,,,,,,,,"https://www.google.com/maps/search/?api=1&query=Jaya%20Specialist%20Dental%20Centre&query_place_id=ChIJB0rHIz1pmi4RbWxdyIMePGI","Klinik Gigi"
"Praktek DR drg Irmaleny SpKG. Subspesialis.KR (K)","4.8","30","Jl. Turangga Tim. No.95","Kota Bandung","Jawa Barat","ID",,"+62 812-2109-534","Dokter Gigi",,,,,,,,,,"https://www.google.com/maps/search/?api=1&query=Praktek%20DR%20drg%20Irmaleny%20SpKG.%20Subspesialis.KR%20(K)&query_place_id=ChIJk5UeknDoaC4RnoFCf0ZCgSU","Dokter Gigi"
"Rumah Sakit Muhammadiyah Bandung","4.4","4451","Jl. K.H. Ahmad Dahlan No.53","Kota Bandung","Jawa Barat","ID","http://rsmb.co.id/","+62 22 7301062","Rumah Sakit Swasta","Rumah Sakit Umum","Rumah Sakit",,,,,,,,"https://www.google.com/maps/search/?api=1&query=Rumah%20Sakit%20Muhammadiyah%20Bandung&query_place_id=ChIJY1h6233oaC4RKpNpFeR-zBc","Rumah Sakit Swasta"
"Seno Medika Klinik Khitan","4.7","1098","Jl. A. Yani No.675","Kota Bandung","Jawa Barat","ID","http://linktr.ee/seno.medika","+62 22 7232007","Klinik Medis",,,,,,,,,,"https://www.google.com/maps/search/?api=1&query=Seno%20Medika%20Klinik%20Khitan&query_place_id=ChIJZXQepernaC4Rk_RE2vrpZsA","Klinik Medis"
"Andalas Elektronik","4.7","279","Jl. AH. Nasution No.146","Kota Bandung","Jawa Barat","ID",,"+62 857-2289-0921","Toko Elektronik",,,,,,,,,,"https://www.google.com/maps/search/?api=1&query=Andalas%20Elektronik&query_place_id=ChIJpfWCgTrdaC4REjHCfzmaBJE","Toko Elektronik"
"Tunas Medika","3.7","3","Jl. AH. Nasution No.57","Kota Bandung","Jawa Barat","ID",,"+62 22 63722079","Toko Perlengkapan Medis",,,,,,,,,,"https://www.google.com/maps/search/?api=1&query=Tunas%20Medika&query_place_id=ChIJ30SePEfdaC4RVU3IwUnJaWo","Toko Perlengkapan Medis"
"Toserba Yogya Gatot Subroto","4.4","2524","Jl. Gatot Subroto No.299","Kota Bandung","Jawa Barat","ID","https://yogyagroup.com/","+62 895-4287-35080","Toserba","Toko Swalayan",,,,,,,,,"https://www.google.com/maps/search/?api=1&query=Toserba%20Yogya%20Gatot%20Subroto&query_place_id=ChIJo6baPXboaC4RYZCoNEOahEk","Toserba"
"METRO Trans Studio Mall Bandung","4.5","1008","Jl. Gatot Subroto No.289","Kota Bandung","Jawa Barat","ID",,"","Toserba",,,,,,,,,,"https://www.google.com/maps/search/?api=1&query=METRO%20Trans%20Studio%20Mall%20Bandung&query_place_id=ChIJ5cKmkebnaC4R2u8WyC3LDSo","Toserba"
"Jaya Plaza Kosambi","4.2","7682","Jl. A. Yani No.238","Kota Bandung","Jawa Barat","ID",,"+62 822-1900-0184","Pusat Perbelanjaan",,,,,,,,,,"https://www.google.com/maps/search/?api=1&query=Jaya%20Plaza%20Kosambi&query_place_id=ChIJbYcYJ8TnaC4RPHnhpRVmKV0","Pusat Perbelanjaan"
"Klinik Pratama Ujungberung","4.6","1412","Jl. Rumah Sakit No.5","Kota Bandung","Jawa Barat","ID","https://www.instagram.com/klinikuber?igsh=MTB6ZW9obzBuc3lxYg==","+62 813-3330-6720","Klinik Medis","Dokter Gigi","Dokter Umum","Bidan",,,,,,,"https://www.google.com/maps/search/?api=1&query=Klinik%20Pratama%20Ujungberung&query_place_id=ChIJd1jACTrdaC4RVuYZB5x4IdU","Klinik Medis"
"Puskesmas Arcamanik","4.5","510","Jl. Olahraga No.7","Kota Bandung","Jawa Barat","ID",,"","Pusat Kesehatan Masyarakat",,,,,,,,,,"https://www.google.com/maps/search/?api=1&query=Puskesmas%20Arcamanik&query_place_id=ChIJD-wRkFrdaC4Ruihzb5S3r3g","Pusat Kesehatan Masyarakat"
"ZEN Store","4.5","22","Jl. Sukamulya No.10","Kota Bandung","Jawa Barat","ID","https://shopee.co.id/zenstore.id.bdg?v=e97&smtt=0.0.3","","Toko Suku Cadang Motor","Produsen","Pemasok filter air",,,,,,,,"https://www.google.com/maps/search/?api=1&query=ZEN%20Store&query_place_id=ChIJmxcad6_oaC4R9C1bf4qyM5I","Toko Suku Cadang Motor"
"Toms Audio","4.9","70","Jl. Cikawao No.50","Kota Bandung","Jawa Barat","ID",,"+62 22 4211702","Toko Audio Mobil",,,,,,,,,,"https://www.google.com/maps/search/?api=1&query=Toms%20Audio&query_place_id=ChIJ55Oe-IHoaC4RuPTZ4kYdUB0","Toko Audio Mobil"
"Klinik Mata Bandung (Prime Center A. Yani)","4.9","355","Jl. A. Yani No.271C","Kota Bandung","Jawa Barat","ID","https://primecenterclinics.id/prime-center-ahmad-yani/","+62 22 7270879","Pusat Perawatan Mata",,,,,,,,,,"https://www.google.com/maps/search/?api=1&query=Klinik%20Mata%20Bandung%20(Prime%20Center%20A.%20Yani)&query_place_id=ChIJG60RNu_naC4RL5Kd29NlEAQ","Pusat Perawatan Mata"
"Praktik Mandiri Bidan Sheila Rizky Amelia S.Keb","4.5","101","Jl. Cipagalo Girang","Kota Bandung","Jawa Barat","ID","https://linktr.ee/sekarwangi","+62 22 87792151","Bidan","Psikolog Anak","Dokter Gigi","Dokter Kandungan",,,,,,,"https://www.google.com/maps/search/?api=1&query=Praktik%20Mandiri%20Bidan%20Sheila%20Rizky%20Amelia%20S.Keb&query_place_id=ChIJm9dw1z7oaC4R6w5dYsCeJHM","Bidan"
"Praktik Mandiri Bd.Yunita","5","2","4JW9+CQJ","Kota Bandung","Jawa Barat","ID",,"","Klinik Kesehatan Reproduksi",,,,,,,,,,"https://www.google.com/maps/search/?api=1&query=Praktik%20Mandiri%20Bd.Yunita&query_place_id=ChIJl0YrVUvnaC4R39GGp3S_9CA","Klinik Kesehatan Reproduksi"
"PT Widya Bhakti Inti","3.6","141","Jl. Moch. Toha No.77","Kota Bandung","Jawa Barat","ID","https://widyabhakti.co.id/","+62 896-0776-9977","Klinik Tanpa Perjanjian",,,,,,,,,,"https://www.google.com/maps/search/?api=1&query=PT%20Widya%20Bhakti%20Inti&query_place_id=ChIJ7bKb3ZHoaC4RNabmfni5Cnk","Klinik Tanpa Perjanjian"
"Monalisa","4.3","600","Jl. Moch. Ramdan No.32","Kota Bandung","Jawa Barat","ID",,"+62 815-7080-000","Klinik Medis",,,,,,,,,,"https://www.google.com/maps/search/?api=1&query=Monalisa&query_place_id=ChIJ43YNC4ToaC4RO6bN1ANxSPA","Klinik Medis"
"Rumah Sakit Ibu dan Anak Al Islam Cicadas","4.6","1292","Jl. Awi Bitung No.29 - 31","Kota Bandung","Jawa Barat","ID","https://linktr.ee/rsia_alislam_bandung","+62 22 7208284","Rumah Sakit Swasta",,,,,,,,,,"https://www.google.com/maps/search/?api=1&query=Rumah%20Sakit%20Ibu%20dan%20Anak%20Al%20Islam%20Cicadas&query_place_id=ChIJNb2mzcbnaC4RdFFxWOW-b8g","Rumah Sakit Swasta"
"Klinik Dokter Gigi Spesialis Bedah Mulut Achmad Mauludin, drg., SpBM (K)","4.5","31","Jl. Terusan Jakarta No.254","Kota Bandung","Jawa Barat","ID",,"+62 812-2123-206","Dokter bedah mulut dan maksilofasial","Klinik Gigi",,,,,,,,,"https://www.google.com/maps/search/?api=1&query=Klinik%20Dokter%20Gigi%20Spesialis%20Bedah%20Mulut%20Achmad%20Mauludin%2C%20drg.%2C%20SpBM%20(K)&query_place_id=ChIJv0aOnO_naC4Ra2SBxzymA_c","Dokter bedah mulut dan maksilofasial"
"Molars Dental Aesthetics MTC - KLINIK GIGI BANDUNG","5","612","MTC, blok B.36, Jl. Soekarno-Hatta No.590","Kota Bandung","Jawa Barat","ID","http://www.molars.id/","+62 813-2251-2631","Klinik Gigi",,,,,,,,,,"https://www.google.com/maps/search/?api=1&query=Molars%20Dental%20Aesthetics%20MTC%20-%20KLINIK%20GIGI%20BANDUNG&query_place_id=ChIJIfYtd37paC4Rbz3b5OV_BPA","Klinik Gigi"
"Griya Antapani","4.5","7139","Jl. Purwakarta No.140","Kota Bandung","Jawa Barat","ID","https://yogyagroup.com/","+62 22 7216602","Toserba",,,,,,,,,,"https://www.google.com/maps/search/?api=1&query=Griya%20Antapani&query_place_id=ChIJxe859fznaC4RNx9qhviKZlw","Toserba"
"Drg. Asri Arumsari Sp.BM.","5","17","3JV7+QFP, Jl. Trunojoyo","Kota Bandung","Jawa Barat","ID",,"+62 22 4239948","Dokter",,,,,,,,,,"https://www.google.com/maps/search/?api=1&query=Drg.%20Asri%20Arumsari%20Sp.BM.&query_place_id=ChIJG_OypEnmaC4Rq-2uThDBC-Q","Dokter"
"Klinik Jaya Abadi","3","241","Jl. Buah Batu No.245","Kota Bandung","Jawa Barat","ID",,"+62 813-2179-8000","Klinik Medis",,,,,,,,,,"https://www.google.com/maps/search/?api=1&query=Klinik%20Jaya%20Abadi&query_place_id=ChIJidu9VmboaC4RPqkrdv7uE5k","Klinik Medis"
"Klinik Gigi Bandung - FDC Buah Batu","5","5123","Jl. Soekarno-Hatta No.541","Kota Bandung","Jawa Barat","ID","https://fdcdentalclinic.co.id/lokasi/fdc-buah-batu","+62 811-1922-4526","Klinik Gigi","Dokter Gigi Kosmetik","Dokter Gigi","Ortodontis","Dokter Gigi Anak","Periodontis",,,,,"https://www.google.com/maps/search/?api=1&query=Klinik%20Gigi%20Bandung%20-%20FDC%20Buah%20Batu&query_place_id=ChIJOeEtDfLpaC4Runo1bSnPzvQ","Klinik Gigi"
"Kimia Farma","3.6","633","Jl. Buah Batu No.259","Kota Bandung","Jawa Barat","ID","http://kimiafarmaapotek.co.id/","+62 811-2157-643","Apotek","Klinik Kesehatan",,,,,,,,,"https://www.google.com/maps/search/?api=1&query=Kimia%20Farma&query_place_id=ChIJi3pmDGPoaC4Rb5aUMcinLTg","Apotek"
"BIRU DENTAL CARE | Praktek Dokter Gigi","4.6","81",,"Kota Bandung","Jawa Barat","ID",,"+62 811-1112-1237","Dokter Gigi","Dokter Gigi Kosmetik","Klinik Gigi","Unit Gawat Darurat Gigi","Dokter Gigi Anak",,,,,,"https://www.google.com/maps/search/?api=1&query=BIRU%20DENTAL%20CARE%20%7C%20Praktek%20Dokter%20Gigi&query_place_id=ChIJ2dozH4rpaC4RDsiOHBxFNOk","Dokter Gigi"
"UPTD Puskesmas Sekejati","3.2","139","Jl. Jupiter Tengah IV No.10 Blok B2","Kota Bandung","Jawa Barat","ID",,"+62 22 7506501","Pusat Kesehatan Masyarakat",,,,,,,,,,"https://www.google.com/maps/search/?api=1&query=UPTD%20Puskesmas%20Sekejati&query_place_id=ChIJp7uZCSLoaC4RiTscVkZFwrg","Pusat Kesehatan Masyarakat"
