title;totalScore;reviewsCount;street;city;state;countryCode;website;phone;categories/0;categories/1;categories/2;categories/3;categories/4;categories/5;categories/6;categories/7;categories/8;categories/9;url;categoryName;;;;;;;
Ouval Research Buah Batu;4.5;457;Jl. Buah Batu No.64;Kota Bandung;Jawa Barat;ID;https://schofficial.com/en;+62 22 7306697;Toko Pakaian;;;;;;;;;;https://www.google.com/maps/search/?api=1&query=Ouval%20Research%20Buah%20Batu&query_place_id=ChIJi3pmDGPoaC4RsqvWQzoy-Aw;Toko Pakaian;;;;;;;
Jaya Aksesoris Tas Bandung;4.8;13;Jl. Karasak Utara IV No.53;Kota Bandung;Jawa Barat;ID;;+62 878-2114-6969;Toko Peralatan Jahit;Toko Pakaian;;;;;;;;;https://www.google.com/maps/search/?api=1&query=Jaya%20Aksesoris%20Tas%20Bandung&query_place_id=ChIJncjLve3paC4RD1n93uyvyW8;Toko Peralatan Jahit;;;;;;;
Elizabeth Ciateul;4.7;359;Jl. Ibu Inggit Garnasih No.15;Kota Bandung;Jawa Barat;ID;http://elizabeth.co.id/;+62 822-1813-6730;Toko Tas;Toko Pakaian;Toko Aksesori Pakaian;Toko Sepatu;;;;;;;https://www.google.com/maps/search/?api=1&query=Elizabeth%20Ciateul&query_place_id=ChIJUWz_DDfpaC4RSvCxfVKjjM8;Toko Tas;;;;;;;
Pabrik Tas CV. Kreasi Cipta Makmur;5;29;Jl. Leuwisari Raya No.39;Kota Bandung;Jawa Barat;ID;https://kreasiciptamakmur.com/;+62 818-389-966;Toko Tas;Toko Suvenir;Toko Tas Tangan;;;;;;;;https://www.google.com/maps/search/?api=1&query=Pabrik%20Tas%20CV.%20Kreasi%20Cipta%20Makmur&query_place_id=ChIJkUIv4GTpaC4RzqQ9mkpKHSM;Toko Tas;;;;;;;
Tegep Boots Workshop and Showroom;4.6;51;Jl. Pasirjaya VI No.18;Kota Bandung;Jawa Barat;ID;http://www.tegepboots.com/;+62 811-1631-122;Pabrik sepatu;Toko Tas;Toko Aksesori Pakaian;Toko Mantel Kulit;Pabrikan barang kulit;Toko Barang-barang Kulit;;;;;https://www.google.com/maps/search/?api=1&query=Tegep%20Boots%20Workshop%20and%20Showroom&query_place_id=ChIJUeebwn7oaC4RVBWcqwkSQCo;Pabrik sepatu;;;;;;;
Mr. Quilting;4.7;121;Jl. Cihapit No.33;Kota Bandung;Jawa Barat;ID;https://mrquilting.com/;+62 811-2209-099;Toko Tas;;;;;;;;;;https://www.google.com/maps/search/?api=1&query=Mr.%20Quilting&query_place_id=ChIJr7IOjarpaC4R5di7Ft0_PF4;Toko Tas;;;;;;;
Mr. Koelit Workshop;4.8;35;Gg. Polisi No.60/5A;Kota Bandung;Jawa Barat;ID;https://www.plugo.shop/mrkoelit;+62 852-9460-6688;Pabrikan barang kulit;Toko Barang-barang Kulit;;;;;;;;;https://www.google.com/maps/search/?api=1&query=Mr.%20Koelit%20Workshop&query_place_id=ChIJF-tomYfmaC4R-tx3ucB8o_Y;Pabrikan barang kulit;;;;;;;
Lumba Lumba;3.7;80;Jl. Sudirman No.156;Kota Bandung;Jawa Barat;ID;;+62 22 4233845;Reparasi Koper;Toko Tas;Toko Tas Tangan;Toko Reparasi Sepatu;;;;;;;https://www.google.com/maps/search/?api=1&query=Lumba%20Lumba&query_place_id=ChIJpydpnQ_maC4RdX_B079NbxA;Reparasi Koper;;;;;;;
Onassis Leather - Shoe Bag Repair;4.8;4;jalan cibaduyut raya no 189, Jl. Cibaduyut No.189;Kota Bandung;Jawa Barat;ID;https://www.instagram.com/onassisleather/;+62 22 5405294;Toko Barang-barang Kulit;Toko Sepatu;;;;;;;;;https://www.google.com/maps/search/?api=1&query=Onassis%20Leather%20-%20Shoe%20Bag%20Repair&query_place_id=ChIJv7O9zbjoaC4Re-CBwjTzHgQ;Toko Barang-barang Kulit;;;;;;;
Id card ; dompet & sovenir PUSAT UMKM PENGRAJIN KULIT BANDUNG;5;3;Kontrakan pa asep, Jl. Cijawura Hilir, RT.02/RW.14;Kota Bandung;Jawa Barat;ID;;+62 857-7173-2942;Pemasok Barang-Barang Kulit;;;;;;;;;;https://www.google.com/maps/search/?api=1&query=Id%20card%20%2C%20dompet%20%26%20sovenir%20PUSAT%20UMKM%20PENGRAJIN%20KULIT%20BANDUNG&query_place_id=ChIJcTRoC3_paC4ReSwbZjZSJt4;Pemasok Barang-Barang Kulit;;;;;;
Istana Sepatu;4.3;1565;Jl. Dalem Kaum No.25;Kota Bandung;Jawa Barat;ID;;+62 813-9555-2327;Toko Sepatu;;;;;;;;;;https://www.google.com/maps/search/?api=1&query=Istana%20Sepatu&query_place_id=ChIJL9wwEyTmaC4Rbgp2ImwZkSs;Toko Sepatu;;;;;;;
Label Kulit - Saerah Bandung;4.5;23;Jl. Leuwi Panjang No.144;Kota Bandung;Jawa Barat;ID;http://www.facebook.com/saerah.bandung;+62 878-2300-0092;Produsen;Toko;;;;;;;;;https://www.google.com/maps/search/?api=1&query=Label%20Kulit%20-%20Saerah%20Bandung&query_place_id=ChIJ92XeXb7oaC4RiSmiAUJZhy0;Produsen;;;;;;;
Savvy Leather;;;Jl. Merdeka No.56;Kota Bandung;Jawa Barat;ID;;;Toko Tas;Toko Tas Tangan;;;;;;;;;https://www.google.com/maps/search/?api=1&query=Savvy%20Leather&query_place_id=ChIJK2DC6zfmaC4RG84Ab-GQdRU;Toko Tas;;;;;;;
Syillara service tas;4.9;53;Jl. Ciparay No.101;Kota Bandung;Jawa Barat;ID;;+62 882-0005-37299;Toko Tas;;;;;;;;;;https://www.google.com/maps/search/?api=1&query=Syillara%20service%20tas&query_place_id=ChIJAUNAcQbpaC4RZKOUHUdaOqo;Toko Tas;;;;;;;
brisize tas serba kulit;1;1;2HWR+5XV, Gg. Pak Kasub;Kota Bandung;Jawa Barat;ID;;+62 853-2090-0709;Pusat Perbelanjaan;;;;;;;;;;https://www.google.com/maps/search/?api=1&query=brisize%20tas%20serba%20kulit&query_place_id=ChIJO-zLU3zpaC4RvgcOCXvVoxU;Pusat Perbelanjaan;;;;;;;
Kalibre Flagship Store Bandung;4.6;869;Jalan Cihampelas No.4 Pasir Kaliki Cicendo;Kota Bandung;Jawa Barat;ID;https://www.iamkalibre.com/;+62 22 4232625;Toko Aksesori Pakaian;;;;;;;;;;https://www.google.com/maps/search/?api=1&query=Kalibre%20Flagship%20Store%20Bandung&query_place_id=ChIJDfh1T0fmaC4RErfiuzZkqgQ;Toko Aksesori Pakaian;;;;;;;
Elizabeth Otista Bandung;4.6;650;Jl. Otto Iskandar Dinata No.520;Kota Bandung;Jawa Barat;ID;http://elizabeth.co.id/;+62 822-1813-6730;Toko Tas;Toko Pakaian;Toko Aksesori Pakaian;Toko Sepatu;;;;;;;https://www.google.com/maps/search/?api=1&query=Elizabeth%20Otista%20Bandung&query_place_id=ChIJjRxdmZ7oaC4RajYLVlJV94Y;Toko Tas;;;;;;;
Toko Anyar Enggal;4.9;445;Jl. Cibaduyut No.255;Kota Bandung;Jawa Barat;ID;https://www.instagram.com/shoesmaterial_anyar?igsh=MW5kejFlYTdrajNjZQ==;+62 22 5411333;Grosir Kulit;;;;;;;;;;https://www.google.com/maps/search/?api=1&query=Toko%20Anyar%20Enggal&query_place_id=ChIJ3W3VQcPoaC4RhTTdOVWX7wA;Grosir Kulit;;;;;;;
NIION;4.6;143;Jl. Kemuning No.8A;Kota Bandung;Jawa Barat;ID;https://niion.co/;+62 855-2074-1063;Toko Tas;Toko Aksesori Pakaian;Kios Yoghurt Beku;;;;;;;;https://www.google.com/maps/search/?api=1&query=NIION&query_place_id=ChIJ2fN4ygLnaC4RjtQgBO9Doa0;Toko Tas;;;;;;;
Toko Tas Banyumas;4;202;Jl. Cihapit No.23;Kota Bandung;Jawa Barat;ID;;+62 819-1028-2225;Toko Tas;;;;;;;;;;https://www.google.com/maps/search/?api=1&query=Toko%20Tas%20Banyumas&query_place_id=ChIJu_ivscrnaC4R7pUK3cI8ue8;Toko Tas;;;;;;;
Papillon Leather Bags;4.1;83;Bandung Indah Plaza Lt. 1 No.72, Jl. Merdeka No.56, Babakan Ciamis, Sumur Bandung;Kota Bandung;Jawa Barat;ID;http://papillonleather.com/;+62 22 4212732;Toko Sepatu;;;;;;;;;;https://www.google.com/maps/search/?api=1&query=Papillon%20Leather%20Bags&query_place_id=ChIJJSH4nTfmaC4RizKhGJBi9e0;Toko Sepatu;;;;;;;
Reparasi Sepatu Tas di Bandung Good Sole;4.9;117;Festival Citylink, Jl. Peta No.241 lantai LG;Kota Bandung;Jawa Barat;ID;http://wa.wizard.id/f01563;+62 838-7863-4808;Toko Reparasi Sepatu;Reparasi Koper;;;;;;;;;https://www.google.com/maps/search/?api=1&query=Reparasi%20Sepatu%20Tas%20di%20Bandung%20Good%20Sole&query_place_id=ChIJ7XlzairpaC4RJ-Y0r7cctN4;Toko Reparasi Sepatu;;;;;;;
JK Collection;4.4;182;Jl. Cibaduyut Kelurahan No.27;Kota Bandung;Jawa Barat;ID;;+62 22 5413146;Toko Sepatu;Toko Tas;;;;;;;;;https://www.google.com/maps/search/?api=1&query=JK%20Collection&query_place_id=ChIJefDP5cPoaC4RG3yCyo_5DHo;Toko Sepatu;;;;;;;
Toko Diana - Sentra Sepatu dan Tas;4.3;219;Gg. Pak Aip No..134;Kota Bandung;Jawa Barat;ID;;+62 22 5403044;Toko Sepatu;;;;;;;;;;https://www.google.com/maps/search/?api=1&query=Toko%20Diana%20-%20Sentra%20Sepatu%20dan%20Tas&query_place_id=ChIJv0C_4MDoaC4R1vo0ZxMgRYw;Toko Sepatu;;;;;;;
Sinar Kulit;3.9;20;Jl. Cibaduyut No.102;Kota Bandung;Jawa Barat;ID;;+62 22 5407340;Grosir Kulit;;;;;;;;;;https://www.google.com/maps/search/?api=1&query=Sinar%20Kulit&query_place_id=ChIJPQltXMHoaC4RzbpeqJOTD00;Grosir Kulit;;;;;;;
Toko Jaket Kulit Eko Barbara;4.7;46;35B, Jl. Leuwi Panjang No.35A;Kota Bandung;Jawa Barat;ID;;+62 812-2224-0777;Toko;;;;;;;;;;https://www.google.com/maps/search/?api=1&query=Toko%20Jaket%20Kulit%20Eko%20Barbara&query_place_id=ChIJbd9iRr3oaC4ReNcHl-VXRmY;Toko;;;;;;;
Elizabeth Buah Batu;4.7;365;Jl. Terusan Buah Batu No.214;Kota Bandung;Jawa Barat;ID;http://elizabeth.co.id/;+62 822-1813-6730;Toko Tas;;;;;;;;;;https://www.google.com/maps/search/?api=1&query=Elizabeth%20Buah%20Batu&query_place_id=ChIJa3a7CGLpaC4R3LxzNwsSPkc;Toko Tas;;;;;;;
Toko Tas Mawar Pasirkoja;5;859;Jl. Mekar Kencana No.10;Kota Bandung;Jawa Barat;ID;https://mawarpasirkoja.com/;+62 819-9668-6886;Toko Tas;Toko Alat Tulis Kantor;Kantor administrasi sekolah;;;;;;;;https://www.google.com/maps/search/?api=1&query=Toko%20Tas%20Mawar%20Pasirkoja&query_place_id=ChIJr0m47iDmaC4R7KSmw2RP1os;Toko Tas;;;;;;;
Grosir Tas Bandung;4.2;27;Jl. Cidurian Utara No.99, RT.04/RW.10;Kota Bandung;Jawa Barat;ID;;+62 821-2833-4519;Toko Tas;Grosir;;;;;;;;;https://www.google.com/maps/search/?api=1&query=Grosir%20Tas%20Bandung&query_place_id=ChIJMZkgUCjmaC4RNxYBV6stJM4;Toko Tas;;;;;;;
Hiji Crafter - Konveksi Tas Kulit;5;3;Jl. A. Yani Gg. Samsi IV No.99;Kota Bandung;Jawa Barat;ID;https://hiji.co.id/;+62 821-2817-0391;Pabrikan barang kulit;Toko Barang-barang Kulit;Pemasok Barang-Barang Kulit;;;;;;;;https://www.google.com/maps/search/?api=1&query=Hiji%20Crafter%20-%20Konveksi%20Tas%20Kulit&query_place_id=ChIJXZ0iSgTnaC4RI2SihSNus7w;Pabrikan barang kulit;;;;;;;
Dompet Kulit Bandung;3;2;Jl. Sukarma No.29;Kota Bandung;Jawa Barat;ID;http://www.instagram.com/dompet_kulit_bandung;+62 812-2407-1830;Kantor Perusahaan;;;;;;;;;;https://www.google.com/maps/search/?api=1&query=Dompet%20Kulit%20Bandung&query_place_id=ChIJ4xNsgFPpaC4RGbuwJT6pmNw;Kantor Perusahaan;;;;;;;
Dompet STNK Kulit Mobil / Leather Keywallet;5;2;Jl. Saluyu 10, A Jl. Riung Bandung Raya No.19;Kota Bandung;Jawa Barat;ID;http://www.mekafa.com/;+62 822-1400-4615;Toko Tas;;;;;;;;;;https://www.google.com/maps/search/?api=1&query=Dompet%20STNK%20Kulit%20Mobil%20%2F%20Leather%20Keywallet&query_place_id=ChIJ-yr_4n_DaC4RdVFT8UHgyzI;Toko Tas;;;;;;;
Toko Bahan Kulit Sintetis Jumbo;4.5;651;Jl. Cibaduyut No.174;Kota Bandung;Jawa Barat;ID;;+62 811-227-978;Pemasok Barang-Barang Kulit;Toko;;;;;;;;;https://www.google.com/maps/search/?api=1&query=Toko%20Bahan%20Kulit%20Sintetis%20Jumbo&query_place_id=ChIJARhv3cPoaC4RVGISib5VrVA;Pemasok Barang-Barang Kulit;;;;;;;
pabrik tas kulit;4;3;Jl. Gudang Utara No.25;Kota Bandung;Jawa Barat;ID;;+62 22 4268700;Produsen;;;;;;;;;;https://www.google.com/maps/search/?api=1&query=pabrik%20tas%20kulit&query_place_id=ChIJQ1_nP83naC4RhS7WteSXOns;Produsen;;;;;;;
Service Tas Bandung;4.5;203;Jl. Leuwi Panjang No.62;Kota Bandung;Jawa Barat;ID;;+62 878-2285-0239;Toko Tas;;;;;;;;;;https://www.google.com/maps/search/?api=1&query=Service%20Tas%20Bandung&query_place_id=ChIJ4b47a97paC4RlSWEe2z5qc4;Toko Tas;;;;;;;
Galeri Kulit Bandung;5;4;Jl. Kiara Condong No.351;Kota Bandung;Jawa Barat;ID;https://www.instagram.com/gallery.kulit.bandung/;+62 859-5490-1794;Toko Pakaian Pria;;;;;;;;;;https://www.google.com/maps/search/?api=1&query=Galeri%20Kulit%20Bandung&query_place_id=ChIJyR9ltvjpaC4RnOxfUb4wqFQ;Toko Pakaian Pria;;;;;;;
Jaket Kulit 25vaex Bandung;4.5;59;Jl. Cibaduyut No.46 No.46 & 48;Kota Bandung;Jawa Barat;ID;;+62 878-6000-2500;Toko Barang-barang Kulit;;;;;;;;;;https://www.google.com/maps/search/?api=1&query=Jaket%20Kulit%2025vaex%20Bandung&query_place_id=ChIJqSFL58DoaC4RjwkS-7R5tYs;Toko Barang-barang Kulit;;;;;;;
Toko Tas Diamond;4.7;21;Jl. Kalipah Apo No.55;Kota Bandung;Jawa Barat;ID;;+62 22 4232543;Toko Tas Tangan;Toko Aksesori Pakaian;;;;;;;;;https://www.google.com/maps/search/?api=1&query=Toko%20Tas%20Diamond&query_place_id=ChIJMfK71yPmaC4Rj_D5qKkElWw;Toko Tas Tangan;;;;;;;
Savvy Bags;4.3;193;Jl. Buah Batu No.186;Kota Bandung;Jawa Barat;ID;https://shopee.co.id/savvyleather;+62 22 7304884;Toko Tas;;;;;;;;;;https://www.google.com/maps/search/?api=1&query=Savvy%20Bags&query_place_id=ChIJoYQtGWPoaC4RuHxwKlXXFN4;Toko Tas;;;;;;;
Toko Kulit Prima;4.4;117;Jl. Cibaduyut No.74;Kota Bandung;Jawa Barat;ID;;+62 22 5407976;Toko Barang-barang Kulit;Pedagang tekstil;;;;;;;;;https://www.google.com/maps/search/?api=1&query=Toko%20Kulit%20Prima&query_place_id=ChIJRX-kwsPoaC4R3r3tk50IHtw;Toko Barang-barang Kulit;;;;;;;
Tas Kulit Andi;4.3;6;;Kota Bandung;Jawa Barat;ID;;+62 838-2050-9725;Toko Barang-barang Kulit;;;;;;;;;;https://www.google.com/maps/search/?api=1&query=Tas%20Kulit%20Andi&query_place_id=ChIJ47SCGDznaC4RE0yG0F4poBI;Toko Barang-barang Kulit;;;;;;;
Jaket Kulit mt anugrah 58 bandung;4.5;153;Jl. Cibaduyut No.58;Kota Bandung;Jawa Barat;ID;;+62 813-2408-7417;Toko Barang-barang Kulit;;;;;;;;;;https://www.google.com/maps/search/?api=1&query=Jaket%20Kulit%20mt%20anugrah%2058%20bandung&query_place_id=ChIJy5sX6cDoaC4RIyRkMaqJp6w;Toko Barang-barang Kulit;;;;;;;
Servis tas;5;28;Servis tas dll, Jl. Awi Bitung Gg. Jembar II No.23;Kota Bandung;Jawa Barat;ID;;+62 857-3052-7279;Toko Tas;;;;;;;;;;https://www.google.com/maps/search/?api=1&query=Servis%20tas&query_place_id=ChIJXeY7IxTnaC4RPbCgb4MAUFc;Toko Tas;;;;;;;
LWR Tas Sepatu Cibaduyut;4.5;201;Jl. Cibaduyut No.87;Kota Bandung;Jawa Barat;ID;http://bit.ly/2zdb6aY;+62 813-9501-1008;Pusat Perbelanjaan;Toko Tas;Toko Barang-barang Kulit;Toko Sepatu;;;;;;;https://www.google.com/maps/search/?api=1&query=LWR%20Tas%20Sepatu%20Cibaduyut&query_place_id=ChIJu3ZV68DoaC4RBY0Jd8CD1JA;Pusat Perbelanjaan;;;;;;;
Tas Kulit;5;4;Jl. Cikampek 1 No.36;Kota Bandung;Jawa Barat;ID;;;Toko Barang-barang Kulit;;;;;;;;;;https://www.google.com/maps/search/?api=1&query=Tas%20Kulit&query_place_id=ChIJcWWjXBHnaC4RVClDa8yeqV4;Toko Barang-barang Kulit;;;;;;;
HAI LEATHER ORIGINAL;5;1;Jl. Jati Indah 1 No.10;Kota Bandung;Jawa Barat;ID;;+62 821-1667-1977;Toko Tas;;;;;;;;;;https://www.google.com/maps/search/?api=1&query=HAI%20LEATHER%20ORIGINAL&query_place_id=ChIJlx8SyYXpaC4RojkSFR-2bvE;Toko Tas;;;;;;;
Toko Tas Dan Perawatan Bahan Dasar Kulit;4.7;26;Jl. Rereng Adumanis No.10;Kota Bandung;Jawa Barat;ID;;+62 821-3600-8687;Toko Tas;;;;;;;;;;https://www.google.com/maps/search/?api=1&query=Toko%20Tas%20Dan%20Perawatan%20Bahan%20Dasar%20Kulit&query_place_id=ChIJ0QJP3K_naC4RVp7kec-NVWw;Toko Tas;;;;;;;
Mekafa - Dompet dan Sabuk Kulit Premium;5;47;Jl. Keadilan 2 No 32 Rt02 Rw 09, kelurahan;Kota Bandung;Jawa Barat;ID;https://www.mekafa.com/;+62 822-1400-4615;Toko Barang-barang Kulit;Toko Tas;;;;;;;;;https://www.google.com/maps/search/?api=1&query=Mekafa%20-%20Dompet%20dan%20Sabuk%20Kulit%20Premium&query_place_id=ChIJP7Vn-ZHoaC4RFSbE27IRdKE;Toko Barang-barang Kulit;;;;;;;
Tas Kulit Exotic 324;4.5;113;Jl. Cikutra No.324;Kota Bandung;Jawa Barat;ID;;+62 877-2552-7622;Toko Barang-barang Kulit;;;;;;;;;;https://www.google.com/maps/search/?api=1&query=Tas%20Kulit%20Exotic%20324&query_place_id=ChIJ3V7SWKTnaC4R2xTX7QTMa0E;Toko Barang-barang Kulit;;;;;;;
Kaos Distro Bandung;4;1;Brigjen Katamso akur 10, Jl. Muararajeun Baru;Kota Bandung;Jawa Barat;ID;;+62 856-2409-1941;Perancang busana;Layanan Distribusi;;;;;;;;;https://www.google.com/maps/search/?api=1&query=Kaos%20Distro%20Bandung&query_place_id=ChIJgzq_DLfnaC4RaCn7jBbapxM;Perancang busana;;;;;;;
Portee Goods;4.9;1046;Jl. Anggrek No.15;Kota Bandung;Jawa Barat;ID;http://www.porteegoods.com/;+62 881-0241-11271;Toko Sepatu;Toko Barang-barang Kulit;;;;;;;;;https://www.google.com/maps/search/?api=1&query=Portee%20Goods&query_place_id=ChIJ--DFgjDmaC4R50rM09e0tOQ;Toko Sepatu;;;;;;;
Sch Sultan Agung;4.5;1142;Jl. Sultan Agung No.3;Kota Bandung;Jawa Barat;ID;https://schofficial.com/en;+62 22 4265105;Toko Pakaian;Toko Pakaian Anak;Toko Pakaian Pria;Toko Pakaian Wanita;;;;;;;https://www.google.com/maps/search/?api=1&query=Sch%20Sultan%20Agung&query_place_id=ChIJ59EhSUjmaC4RkFb_JhwJD68;Toko Pakaian;;;;;;;
Plaza Parahyangan;4.3;6109;Jl. Dalem Kaum No.54;Kota Bandung;Jawa Barat;ID;http://www.plazaparahyangan.com/;+62 22 4206365;Pusat Perbelanjaan;;;;;;;;;;https://www.google.com/maps/search/?api=1&query=Plaza%20Parahyangan&query_place_id=ChIJiVKXLyTmaC4RL-Y9rO4-YGs;Pusat Perbelanjaan;;;;;;;
LTHRKRFT - Leather Goods;5;27;Jl. Anggrek No.15;Kota Bandung;Jawa Barat;ID;http://lthrkrft.com/;+62 818-0930-9313;Toko Barang-barang Kulit;;;;;;;;;;https://www.google.com/maps/search/?api=1&query=LTHRKRFT%20-%20Leather%20Goods&query_place_id=ChIJKYZQYdvnaC4RQnsWhZV_ZB4;Toko Barang-barang Kulit;;;;;;;
Screamous;4.4;339;Jl. Geusan Ulun No.01;Kota Bandung;Jawa Barat;ID;http://www.screamous.com/;+62 22 4268116;Toko Pakaian;;;;;;;;;;https://www.google.com/maps/search/?api=1&query=Screamous&query_place_id=ChIJMRr0-kjmaC4RG6esHStxPBc;Toko Pakaian;;;;;;;
Distro Kaos Musik Band Rockjip;4.7;3;Metro indah mall, Jl. Soekarno-Hatta No.590;Kota Bandung;Jawa Barat;ID;https://gudangkaosrockjip.com/;+62 813-3972-7928;Toko Pakaian;;;;;;;;;;https://www.google.com/maps/search/?api=1&query=Distro%20Kaos%20Musik%20Band%20Rockjip&query_place_id=ChIJSw0MjCbmaC4RE0GuifoBbsc;Toko Pakaian;;;;;;;
347 Store (UNKL347 Headquarters);4.6;953;Jl. Trunojoyo No.4;Kota Bandung;Jawa Barat;ID;https://unkl347.com/;+62 22 4200515;Toko Pakaian;;;;;;;;;;https://www.google.com/maps/search/?api=1&query=347%20Store%20(UNKL347%20Headquarters)&query_place_id=ChIJg-QFG0nmaC4RZsqj3gmbt5Q;Toko Pakaian;;;;;;;
Grosir kaos Distro Hr_inc;4.2;59;Jl. Waringin;Kota Bandung;Jawa Barat;ID;;+62 822-4004-0221;Pasar Grosir Pakaian;;;;;;;;;;https://www.google.com/maps/search/?api=1&query=Grosir%20kaos%20Distro%20Hr_inc&query_place_id=ChIJD6cUuxDmaC4RxcRycfDdHsI;Pasar Grosir Pakaian;;;;;;;
Pusat Distro;4.7;66;Komplek Pertokoan Cicaheum Jalan Jendral Ahmad Yani No. 909 Cicaheum;Kota Bandung;Jawa Barat;ID;;+62 812-2481-6424;Toko Pakaian;;;;;;;;;;https://www.google.com/maps/search/?api=1&query=Pusat%20Distro&query_place_id=ChIJ0UobOZLnaC4RADXJoUL3FdU;Toko Pakaian;;;;;;;
Rinzha Distro Store; Toko Baju Bandung;5;7;Jl. Gatot Subroto No.135;Kota Bandung;Jawa Barat;ID;https://neonboxbandung-rmg.com/;+62 859-2181-6669;Toko Pakaian Luar;Toko Lampu Neon;;;;;;;;;https://www.google.com/maps/search/?api=1&query=Rinzha%20Distro%20Store%2C%20Toko%20Baju%20Bandung&query_place_id=ChIJRZWjW9PnaC4RxjOgMiHk6DE;Toko Pakaian Luar;;;;;;
Evil Army;4.5;68;Jl. Sultan Agung No.5;Kota Bandung;Jawa Barat;ID;https://www.evilfact.com/;+62 22 4265106;Toko Aksesori Pakaian;Grosir pakaian;Toko Pakaian Pria;;;;;;;;https://www.google.com/maps/search/?api=1&query=Evil%20Army&query_place_id=ChIJfQYFSUjmaC4RUIjXeasS6hs;Toko Aksesori Pakaian;;;;;;;
LOAK 0;0%;5;2;dekat masjid ann'ur, Gg abadi dalam RT 01 RW 03 Sukahaji , jawa barat;Kota Bandung;Jawa Barat;ID;;+62 851-3502-3879;Toko Barang Bekas;;;;;;;;;;https://www.google.com/maps/search/?api=1&query=LOAK%200%2C0%25&query_place_id=ChIJeaHbFVbnaC4RMlqv_fjP5P0;Toko Barang Bekas;;;;;;
The Secondshop Mojus;4.5;31;Gg. Moch. Yunus I No.11a;Kota Bandung;Jawa Barat;ID;;+62 819-1010-1696;Toko;;;;;;;;;;https://www.google.com/maps/search/?api=1&query=The%20Secondshop%20Mojus&query_place_id=ChIJY6MKd0DmaC4Rk26TiF-UemM;Toko;;;;;;;
Aden Farid Hakiki;4;1;Jl. Baturengat;Kota Bandung;Jawa Barat;ID;;+62 852-2159-6965;Toko Barang Bekas;;;;;;;;;;https://www.google.com/maps/search/?api=1&query=Aden%20Farid%20Hakiki&query_place_id=ChIJTVtcDFvvaC4Rm5N6F914X5I;Toko Barang Bekas;;;;;;;
tempat menjual rongsokan besi tembaga alumunium kaset vcd dvd komputer printer mesin cuci tv dll;4.8;22;RT.03/RW.01;Kota Bandung;Jawa Barat;ID;https://rongsokbandung.com/;+62 895-3514-93927;Toko Barang Bekas;;;;;;;;;;https://www.google.com/maps/search/?api=1&query=tempat%20menjual%20rongsokan%20besi%20tembaga%20alumunium%20kaset%20vcd%20dvd%20komputer%20printer%20mesin%20cuci%20tv%20dll&query_place_id=ChIJcZu4DHHvaC4Rz3yn8WbjflE;Toko Barang Bekas;;;;;;;
Garmenesia;4.9;89;Jl. Bungursari Raya No.22;Kota Bandung;Jawa Barat;ID;https://garmenesia.co.id/;+62 22 85402972;Produsen;Pemasok Pakaian;Kantor Perusahaan;;;;;;;;https://www.google.com/maps/search/?api=1&query=Garmenesia&query_place_id=ChIJ0fmsTZXnaC4RzOIvrIswqlY;Produsen;;;;;;;
Adzzahabi konveksi bandung - buat sablon kaos ;kemeja; jacket jacket topi almamter jas;5;1;Jl. Rana No.18;Kota Bandung;Jawa Barat;ID;https://redblackfull.blogspot.com/;+62 818-670-736;Eksportir garmen;Toko Pakaian;Penjahit Pesanan Khusus;Tukang Jahit;Jasa Bordir;Toko Sablon;;;;;https://www.google.com/maps/search/?api=1&query=Adzzahabi%20konveksi%20bandung%20-%20buat%20sablon%20kaos%20%2Ckemeja%2C%20jacket%20jacket%20topi%20almamter%20jas&query_place_id=ChIJ5alcm03naC4RPLFHz4-6OAM;Eksportir garmen;;;;;
Cutting Polyflex; Cutting Sticker; Flock; Sablon/Print DTF Bandung; Cetak/Print Sticker Online Bandung | VerticalMEDIA;5;11;Gg. Siti Mariah IV No.171 A, RT.08/RW.02;Kota Bandung;Jawa Barat;ID;;+62 852-2140-3310;Layanan cetak digital;Printer Digital;Toko Percetakan;Pabrik stiker;;;;;;;https://www.google.com/maps/search/?api=1&query=Cutting%20Polyflex%2C%20Cutting%20Sticker%2C%20Flock%2C%20Sablon%2FPrint%20DTF%20Bandung%2C%20Cetak%2FPrint%20Sticker%20Online%20Bandung%20%7C%20VerticalMEDIA&query_place_id=ChIJi7Q5jAjnaC4RjIRQzi9ngLU;Layanan cetak digital;;;
Home Zack - sablon murah bandung; konveksi kaos ; kemeja ; jacket;5;1;Jl. Rana No.18;Kota Bandung;Jawa Barat;ID;http://redblackfull.blogspot.com/;+62 818-670-736;Toko Pakaian;Layanan Airbrush;Percetakan Komersial;Eksportir garmen;Fotografer;Toko Sablon;Toko Kaos;;;;https://www.google.com/maps/search/?api=1&query=Home%20Zack%20-%20sablon%20murah%20bandung%2C%20konveksi%20kaos%20%2C%20kemeja%20%2C%20jacket&query_place_id=ChIJB0QMVADnaC4RlxuSuNs134c;Toko Pakaian;;;;
candybutton;4.7;23;Jl. Kb. Jukut No.3a;Kota Bandung;Jawa Barat;ID;http://www.candybuttonshop.com/;+62 22 4219675;Toko Pakaian Anak;;;;;;;;;;https://www.google.com/maps/search/?api=1&query=candybutton&query_place_id=ChIJRU6hvTvmaC4RZ_V1_dKjG8Q;Toko Pakaian Anak;;;;;;;
Toko Batik Timur Jaya;4;2;Jl. Pasar Utara No.12;Kota Bandung;Jawa Barat;ID;;+62 22 4208277;Toko Pakaian;;;;;;;;;;https://www.google.com/maps/search/?api=1&query=Toko%20Batik%20Timur%20Jaya&query_place_id=ChIJZV1dXjvmaC4R94Tl0cffvAs;Toko Pakaian;;;;;;;
SEINDAH BATIK;5;47;Jl. Dian Permai Raya No.A 1/8;Kota Bandung;Jawa Barat;ID;;+62 812-2325-3339;Toko pakaian batik;Toko Tekstil;Penjahit;;;;;;;;https://www.google.com/maps/search/?api=1&query=SEINDAH%20BATIK&query_place_id=ChIJn0TybUfvaC4R1ceVXObqeAA;Toko pakaian batik;;;;;;;
Gaya Batik Bandung;;;Jalan waringin lantai bestmen pintu, Jl. Pasar Selatan No.32 5 blok B;Kota Bandung;Jawa Barat;ID;;+62 812-2222-1181;Toko Pakaian Resmi;;;;;;;;;;https://www.google.com/maps/search/?api=1&query=Gaya%20Batik%20Bandung&query_place_id=ChIJf5aXao3naC4RVcXBkyo7cBE;Toko Pakaian Resmi;;;;;;;
Momiasi Indonesia;4.8;95;Jl. Permata Permai VIII No.28;Kota Bandung;Jawa Barat;ID;http://www.momiasi.id/;+62 821-1709-9942;Toko Pakaian Wanita;Toko Pakaian Bayi;Pasar pakaian;;;;;;;;https://www.google.com/maps/search/?api=1&query=Momiasi%20Indonesia&query_place_id=ChIJzavndTfpaC4Re_z0Rf2G6Lk;Toko Pakaian Wanita;;;;;;;
Ratu Batik Grosir & Eceran;3.7;3;ITC Kb. Kalapa, Jl. Pungkur Lantai Dasar;Kota Bandung;Jawa Barat;ID;;;Toko Pakaian;;;;;;;;;;https://www.google.com/maps/search/?api=1&query=Ratu%20Batik%20Grosir%20%26%20Eceran&query_place_id=ChIJkfAoeSfmaC4RT6FrOa8dcBc;Toko Pakaian;;;;;;;
Raja Sablon Satuan Sablon Kaos Satuan Murah Bandung;4.7;51;Jl. Kautamaan Istri No.6;Kota Bandung;Jawa Barat;ID;;;Toko Kaos Custom;;;;;;;;;;https://www.google.com/maps/search/?api=1&query=Raja%20Sablon%20Satuan%20Sablon%20Kaos%20Satuan%20Murah%20Bandung&query_place_id=ChIJiU3-1SbmaC4RT7bMhQH9R_Q;Toko Kaos Custom;;;;;;;
Inagi Batik Bandung;;;Jl Otista no 70 Lantai 1 Blok B1 no 44 - 45;Kota Bandung;Jawa Barat;ID;;+62 812-8983-0909;Grosir Kain;Toko pakaian batik;Toko Kain Sutra;;;;;;;;https://www.google.com/maps/search/?api=1&query=Inagi%20Batik%20Bandung&query_place_id=ChIJL-1lxtPnaC4RWcnnPTlTSNo;Grosir Kain;;;;;;;
La Wa Batik;4.9;17;Komplek Ruko, blok B77;Kota Bandung;Jawa Barat;ID;;+62 22 20578664;Toko pakaian batik;;;;;;;;;;https://www.google.com/maps/search/?api=1&query=La%20Wa%20Batik&query_place_id=ChIJySL9R0rnaC4RkKJk3WbHsgI;Toko pakaian batik;;;;;;;
Toko Batik ID Bandung;5;1;Jl. Kembar Mas Tim. No.Kav.10;Kota Bandung;Jawa Barat;ID;;;Gudang;;;;;;;;;;https://www.google.com/maps/search/?api=1&query=Toko%20Batik%20ID%20Bandung&query_place_id=ChIJHRZBxmHpaC4R1WMCMWjJUGM;Gudang;;;;;;;
Roemah Batik Toean Njonja;4.9;16;Jl. Dr. Cipto No.14;Kota Bandung;Jawa Barat;ID;;+62 812-2311-2323;Toko pakaian batik;;;;;;;;;;https://www.google.com/maps/search/?api=1&query=Roemah%20Batik%20Toean%20Njonja&query_place_id=ChIJ4yym62_naC4R2INyE4cHAxQ;Toko pakaian batik;;;;;;;
D'Fashion Textile & Tailor Bandung;4.6;1927;Jl. L. L. R.E. Martadinata No.26;Kota Bandung;Jawa Barat;ID;;+62 22 20533555;Toko Tekstil;;;;;;;;;;https://www.google.com/maps/search/?api=1&query=D'Fashion%20Textile%20%26%20Tailor%20Bandung&query_place_id=ChIJs8Sl9knmaC4RjvBdU-q8MIg;Toko Tekstil;;;;;;;
Masaga Kain Negeri;5;37;Jl. Sabang No.1A;Bandung - Kota;Jawa Barat;ID;https://shopee.co.id/masaga_kainnegeri?v=33a&smtt=0.0.3;+62 821-2636-1410;Toko pakaian batik;;;;;;;;;;https://www.google.com/maps/search/?api=1&query=Masaga%20Kain%20Negeri&query_place_id=ChIJvZliPlvnaC4RiLCC9HCPPqw;Toko pakaian batik;;;;;;;
Dama Kara Cihapit;5;793;Jl. Cihapit No.33;Kota Bandung;Jawa Barat;ID;https://damakara.com/;+62 813-8764-145;Toko Pakaian;;;;;;;;;;https://www.google.com/maps/search/?api=1&query=Dama%20Kara%20Cihapit&query_place_id=ChIJQXFWtY3naC4Rzb6NGMggA_U;Toko Pakaian;;;;;;;
Batik Garutan RM;5;6;komp pasirsalam asri e1/ e2, Jl. Pasir Salam Asri;Kota Bandung;Jawa Barat;ID;;+62 813-2170-4411;Toko Pakaian;;;;;;;;;;https://www.google.com/maps/search/?api=1&query=Batik%20Garutan%20RM&query_place_id=ChIJQTWaqV_paC4RQPFpE3On1HI;Toko Pakaian;;;;;;;
Omicraft&batik;5;21;Jl. Gatot Subroto No.42;Kota Bandung;Jawa Barat;ID;;+62 818-0592-2888;Toko Pakaian;;;;;;;;;;https://www.google.com/maps/search/?api=1&query=Omicraft%26batik&query_place_id=ChIJkafqFGjnaC4Rd92Z4EzBXLg;Toko Pakaian;;;;;;;
Batik Kristin Tamblong;4;7;Jl. Tamblong No.62;Kota Bandung;Jawa Barat;ID;;;Toko Pakaian;;;;;;;;;;https://www.google.com/maps/search/?api=1&query=Batik%20Kristin%20Tamblong&query_place_id=ChIJ6VZ4zS_maC4RbxfY5UP0xq0;Toko Pakaian;;;;;;;
KERIS GALLERY by Batik Keris Festival Citylink;5;64;Jl. Peta No.241;Kota Bandung;Jawa Barat;ID;https://www.batikkeris.co.id/;;Toko Pakaian;;;;;;;;;;https://www.google.com/maps/search/?api=1&query=KERIS%20GALLERY%20by%20Batik%20Keris%20Festival%20Citylink&query_place_id=ChIJDUxSDQDpaC4R5rkIJ2ENsSQ;Toko Pakaian;;;;;;;
Batik & Resto Salma;4.5;382;Jl. Citarum No.24;Kota Bandung;Jawa Barat;ID;http://www.batiksalma.com/;+62 22 7203050;Butik;Restoran;;;;;;;;;https://www.google.com/maps/search/?api=1&query=Batik%20%26%20Resto%20Salma&query_place_id=ChIJNdPei7TnaC4RzFjunl0R4_I;Butik;;;;;;;
Istana Batik;5;2;Ps. Baru Trade Center, Jl. Otto Iskandar Dinata H Blok H No.70 Lantai D1,No. 69;Kota Bandung;Jawa Barat;ID;;+62 22 4245755;Toko Pakaian;;;;;;;;;;https://www.google.com/maps/search/?api=1&query=Istana%20Batik&query_place_id=ChIJK63HpzzmaC4R7plR2TdDawU;Toko Pakaian;;;;;;;
Dama Kara Gandapura;5;920;Jl. Gandapura No.40;Kota Bandung;Jawa Barat;ID;https://damakara.com/;+62 813-1441-893;Toko Pakaian;;;;;;;;;;https://www.google.com/maps/search/?api=1&query=Dama%20Kara%20Gandapura&query_place_id=ChIJ67SWQgDnaC4RjDGITRPldTA;Toko Pakaian;;;;;;;
Buana Batik;4.9;10;Jl. Suryalaya XVIII No.2;Kota Bandung;Jawa Barat;ID;http://www.instagram.com/buanabatik;+62 22 7305587;Grosir pakaian dan kain;;;;;;;;;;https://www.google.com/maps/search/?api=1&query=Buana%20Batik&query_place_id=ChIJnZfF2F_oaC4RWIAiLxu6gME;Grosir pakaian dan kain;;;;;;;
Benangsari Batik;5;28;Jl. Naripan No.106B;Kota Bandung;Jawa Barat;ID;http://www.benangsari.com/;+62 22 20504857;Toko Pakaian;;;;;;;;;;https://www.google.com/maps/search/?api=1&query=Benangsari%20Batik&query_place_id=ChIJAY-fY9nnaC4RKt2BZnITaDo;Toko Pakaian;;;;;;;
PT. LIMANDARA KARYA UTAMA;5;8;Gg. Cikapundung No.31;Kota Bandung;Jawa Barat;ID;http://www.limandara.co.id/;+62 821-3008-5007;Toko Pakaian Seragam;Gudang;;;;;;;;;https://www.google.com/maps/search/?api=1&query=PT.%20LIMANDARA%20KARYA%20UTAMA&query_place_id=ChIJq3geLgDnaC4R9MgSWyFTWPc;Toko Pakaian Seragam;;;;;;;
Kain;4.3;4845;Jl. Otto Iskandar Dinata No.70;Kota Bandung;Jawa Barat;ID;;;Toko Kain Linen;Pusat Perbelanjaan;;;;;;;;;https://www.google.com/maps/search/?api=1&query=Kain&query_place_id=ChIJ-_ctqjzmaC4RZzFq5VG3X0k;Toko Kain Linen;;;;;;;
RUMAH BATIK WIJAYA;5;2;Jl. Kotabaru Raya No.28;Kota Bandung;Jawa Barat;ID;;;Toko Pakaian;;;;;;;;;;https://www.google.com/maps/search/?api=1&query=RUMAH%20BATIK%20WIJAYA&query_place_id=ChIJ6TQWxIjpaC4R9HjO22IIHaM;Toko Pakaian;;;;;;;
MANONJAYA BATIK;4.4;20;Jl. Sumatera No.17;Kota Bandung;Jawa Barat;ID;;+62 22 4206605;Toko pakaian batik;;;;;;;;;;https://www.google.com/maps/search/?api=1&query=MANONJAYA%20BATIK&query_place_id=ChIJPalpxjHmaC4RsyGIwQABoTQ;Toko pakaian batik;;;;;;;
Heritage Factory Outlet Bandung;4.4;12317;Jl. L. L. R.E. Martadinata No.63;Kota Bandung;Jawa Barat;ID;https://heritagefactoryoutlet.com/;+62 22 4267707;Toko outlet;Toko Pakaian;Pusat Perbelanjaan;Tujuan Wisata;;;;;;;https://www.google.com/maps/search/?api=1&query=Heritage%20Factory%20Outlet%20Bandung&query_place_id=ChIJGy1bMannaC4RSwaFl01qZ7g;Toko outlet;;;;;;;
Cigondewah Textil;4.4;2083;Kw. Tekstil Cigondewah, Jl. Cigondewah Kidul No.37;Kota Bandung;Jawa Barat;ID;;;Toko Tekstil;;;;;;;;;;https://www.google.com/maps/search/?api=1&query=Cigondewah%20Textil&query_place_id=ChIJR4XcxE7vaC4Rf-7KHrvtuDM;Toko Tekstil;;;;;;;
Kerabat Store by Dekranasda Jawa Barat;5;47;Jalan Ir. H. Juanda (Dago) No.19;Kota Bandung;Jawa Barat;ID;https://dekranasda.jabarprov.go.id/;+62 859-7800-2406;Toko Kerajinan Tangan;;;;;;;;;;https://www.google.com/maps/search/?api=1&query=Kerabat%20Store%20by%20Dekranasda%20Jawa%20Barat&query_place_id=ChIJ5ykWuaXnaC4RXnxwnkInfYc;Toko Kerajinan Tangan;;;;;;;
Toko kain gaya pinasti;5;13;Jl. Simpang No.6;Kota Bandung;Jawa Barat;ID;;+62 821-3434-1133;Toko Tekstil;;;;;;;;;;https://www.google.com/maps/search/?api=1&query=Toko%20kain%20gaya%20pinasti&query_place_id=ChIJEYpHKjTnaC4R_L-UH82xrJE;Toko Tekstil;;;;;;;
Batik Proud;3.9;15;Jl. Dulatip No.69;Kota Bandung;Jawa Barat;ID;https://instagram.com/batikproud?utm_source=ig_profile_share&igshid=1f3604tvf7h8v;;Toko Pakaian;;;;;;;;;;https://www.google.com/maps/search/?api=1&query=Batik%20Proud&query_place_id=ChIJxcuQmHnnaC4RPryHdAhoB58;Toko Pakaian;;;;;;;
Rumah Batik Mayapatra;5;8;Jl. Sadewa No.30;Kota Bandung;Jawa Barat;ID;;+62 813-1234-4086;Toko Pakaian;;;;;;;;;;https://www.google.com/maps/search/?api=1&query=Rumah%20Batik%20Mayapatra&query_place_id=ChIJ3wbCaMnnaC4RUzrP5SP0_rs;Toko Pakaian;;;;;;;
BATIK TRISNO - Pasar Andir Trade Center;4.4;5;Jl. Waringin No.66;Kota Bandung;Jawa Barat;ID;https://m.tokopedia.com/batiktrisno?tab=product;+62 852-2403-0990;Toko Pakaian;;;;;;;;;;https://www.google.com/maps/search/?api=1&query=BATIK%20TRISNO%20-%20Pasar%20Andir%20Trade%20Center&query_place_id=ChIJVVu3ohDmaC4RZwEnl3SDyBY;Toko Pakaian;;;;;;;
MOC 23Paskal;4.6;17656;Kec, Paskal Shooping Mall, 23, Jl. Pasir Kaliki No.25-27 Lt2-60A;Kota Bandung;Jawa Barat;ID;;;Toko Pakaian Pria;;;;;;;;;;https://www.google.com/maps/search/?api=1&query=MOC%2023Paskal&query_place_id=ChIJtW3ziT3maC4RGBJZiMhCOHI;Toko Pakaian Pria;;;;;;;
TOKO BATIK ANDRE;5;2;Ps. Baru Trade Center, Jl. Otto Iskandar Dinata Lantai 5 A2;Kabupaten Bandung Barat;Jawa Barat;ID;;+62 821-3005-6970;Toko pakaian batik;;;;;;;;;;https://www.google.com/maps/search/?api=1&query=TOKO%20BATIK%20ANDRE&query_place_id=ChIJy-pvbQDnaC4RJnazlDhb_O0;Toko pakaian batik;;;;;;;
Batik Agrapana Slimfit Baju Kemeja Batik Specialist - Grand Yogya Kepatihan - Batik Pria Slim Fit;5;13;Jl. Kepatihan No.18 Lantai 3;Kota Bandung;Jawa Barat;ID;;+62 859-2611-2636;Toko pakaian batik;Produsen pakaian dan kain;Pasar pakaian;Toko Pakaian;Pemasok Pakaian;Eksportir garmen;Produsen;Toko Pakaian Pria;Toko Pakaian Kerja;Toko Pakaian Remaja;https://www.google.com/maps/search/?api=1&query=Batik%20Agrapana%20Slimfit%20Baju%20Kemeja%20Batik%20Specialist%20-%20Grand%20Yogya%20Kepatihan%20-%20Batik%20Pria%20Slim%20Fit&query_place_id=ChIJwdCEQGbnaC4R5p9r6ZcxNjk;Toko pakaian batik;;;;;;;
Pasar Baru;4.5;10910;Jl. Otto Iskandar Dinata No.152;Kota Bandung;Jawa Barat;ID;;;Pusat Perbelanjaan;;;;;;;;;;https://www.google.com/maps/search/?api=1&query=Pasar%20Baru&query_place_id=ChIJ-6PVIbLnaC4Ry4eyhqyIP5c;Pusat Perbelanjaan;;;;;;;
Toko Batik Pangeran;3;4;TOKO Batik Pangeran, gedung pasar baru Bandung, Jl. Otto Iskandar Dinata No.70 Lantai 3;Kota Bandung;Jawa Barat;ID;;+62 857-2352-5169;Toko pakaian batik;;;;;;;;;;https://www.google.com/maps/search/?api=1&query=Toko%20Batik%20Pangeran&query_place_id=ChIJRzMUEvHnaC4R9Tnrfke3UXw;Toko pakaian batik;;;;;;;
TOKO BATIK ANDRE;5;3;Ps. Baru Trade Center, Jl. Otto Iskandar Dinata Lantai 5 A2;Kabupaten Bandung Barat;Jawa Barat;ID;;;Toko pakaian batik;;;;;;;;;;https://www.google.com/maps/search/?api=1&query=TOKO%20BATIK%20ANDRE&query_place_id=ChIJTfTnUwDnaC4RiLTHmfe5jLY;Toko pakaian batik;;;;;;;
PAPELARIA BATIK;4.7;34;Jl. Batununggal Indah I Ruko No.60;Kota Bandung;Jawa Barat;ID;;+62 22 7538760;Toko Pakaian;;;;;;;;;;https://www.google.com/maps/search/?api=1&query=PAPELARIA%20BATIK&query_place_id=ChIJ3Xy27VnoaC4R3yD43X5WCjM;Toko Pakaian;;;;;;;
Batik A8;4.9;8;Pasar Baru Trade Centre, Lantai D2 Blok M2-A No.12, Jalan Otto Iskandar Dinata No.70, Kebon Jeruk, Andir;Kota Bandung;Jawa Barat;ID;;+62 811-213-690;Toko Pakaian;;;;;;;;;;https://www.google.com/maps/search/?api=1&query=Batik%20A8&query_place_id=ChIJm_7CVzvmaC4RDMbNWf6ndlU;Toko Pakaian;;;;;;;
Rumah Batik Komar (Workshop dan Showroom);4.5;598;Jl. Cigadung Raya Timur No.1 No.5;Kota Bandung;Jawa Barat;ID;http://batikkomar.com/;+62 22 2514788;Toko pakaian batik;Toko Pakaian;Tujuan Wisata;;;;;;;;https://www.google.com/maps/search/?api=1&query=Rumah%20Batik%20Komar%20(Workshop%20dan%20Showroom)&query_place_id=ChIJm09x6qnnaC4R6R7VUMW5urw;Toko pakaian batik;;;;;;;
Toko Batik Kencana Ungu; Bandung;4.2;18;Pasar Baru Lantai Dasar 1 Blok M-1 B no. 26, Jl. Otto Iskandar Dinata No.70;Kota Bandung;Jawa Barat;ID;;+62 822-8060-7338;Toko pakaian batik;;;;;;;;;;https://www.google.com/maps/search/?api=1&query=Toko%20Batik%20Kencana%20Ungu%2C%20Bandung&query_place_id=ChIJ35RVWTvmaC4Rtu0K6kfoygc;Toko pakaian batik;;;;;;
BATIK 99;5;23;Pasar Baru Trade Center, Jl. Otto Iskandar Dinata.70, Lantai 3, Blok A1 No.63;Kota Bandung;Jawa Barat;ID;;+62 812-2410-7318;Toko pakaian batik;;;;;;;;;;https://www.google.com/maps/search/?api=1&query=BATIK%2099&query_place_id=ChIJc5OPWxPnaC4RbfPbMiXWHyc;Toko pakaian batik;;;;;;;
Batik Danar Hadi Bandung;4.4;184;Jl. L. L. R.E. Martadinata No.60;Kota Bandung;Jawa Barat;ID;http://danarhadibatik.com/;+62 22 4261665;Toko pakaian batik;Butik;;;;;;;;;https://www.google.com/maps/search/?api=1&query=Batik%20Danar%20Hadi%20Bandung&query_place_id=ChIJFbqs5cvnaC4RC1StHX3snJ4;Toko pakaian batik;;;;;;;
Rumah Batik Komar;4.6;239;Jl. Sumbawa No.22;Kota Bandung;Jawa Barat;ID;http://www.batikkomar.com/;+62 22 4237688;Toko pakaian batik;Butik;;;;;;;;;https://www.google.com/maps/search/?api=1&query=Rumah%20Batik%20Komar&query_place_id=ChIJ3wXekjPmaC4RtbpvoviuEeU;Toko pakaian batik;;;;;;;
Heru Santosa Sablon Kaos dan Konveksi;5;2;Jl. Cetarip Barat Kidul No.29, RT.09/RW.07;Kota Bandung;Jawa Barat;ID;;+62 821-2671-0809;Penjahit Pesanan Khusus;;;;;;;;;;https://www.google.com/maps/search/?api=1&query=Heru%20Santosa%20Sablon%20Kaos%20dan%20Konveksi&query_place_id=ChIJt_1OsR7paC4RLi3KDn0nTvg;Penjahit Pesanan Khusus;;;;;;;
Bumi Kaos;5;7;Jl. Cijagra Gg. I Gg. IV No.75;Kota Bandung;Jawa Barat;ID;;+62 812-2084-9250;Toko Kaos;Toko Kaos Custom;;;;;;;;;https://www.google.com/maps/search/?api=1&query=Bumi%20Kaos&query_place_id=ChIJD8eeYQnvaC4RZnaJipeNodI;Toko Kaos;;;;;;;
G92 Project | Sablon Satuan dan Konveksi Bandung;4;2;Jl. Gempol Asri I No.92;Kota Bandung;Jawa Barat;ID;;+62 821-3070-6231;Toko Kaos Custom;Pasar pakaian;;;;;;;;;https://www.google.com/maps/search/?api=1&query=G92%20Project%20%7C%20Sablon%20Satuan%20dan%20Konveksi%20Bandung&query_place_id=ChIJHS4Hv9zvaC4RVbfLc1aKjk4;Toko Kaos Custom;;;;;;;
Helai Kain;4.9;11;Jl. Lodaya No.51;Kota Bandung;Jawa Barat;ID;;+62 22 7324001;Toko Pakaian;;;;;;;;;;https://www.google.com/maps/search/?api=1&query=Helai%20Kain&query_place_id=ChIJyXhHfIDoaC4RhBgxdhd2dMU;Toko Pakaian;;;;;;;
Cahaya Laksana Batik;;;Pasar Baru Trade Centre, Jl. Otto Iskandar Dinata No.70, Lantai 3, Jl. Kb. Jeruk No.07 Blok C1;Kota Bandung;Jawa Barat;ID;;+62 857-8110-5465;Toko Pakaian;;;;;;;;;;https://www.google.com/maps/search/?api=1&query=Cahaya%20Laksana%20Batik&query_place_id=ChIJj2G3qTzmaC4RgKt8LskuL4Y;Toko Pakaian;;;;;;;
Batik Keris Grand Yogya Kepatihan;4.6;1260;Jl. Kepatihan No.18;Kota Bandung;Jawa Barat;ID;;;Toko pakaian batik;;;;;;;;;;https://www.google.com/maps/search/?api=1&query=Batik%20Keris%20Grand%20Yogya%20Kepatihan&query_place_id=ChIJt0jBJiTmaC4R1x48x8a5q6c;Toko pakaian batik;;;;;;;
FOCUS TEXTILE (Toko Bahan Kain Kaos Premium Termurah);4.6;224;Jl. Holis Regency No.M17;Kota Bandung;Jawa Barat;ID;http://www.focustextile.co.id/;+62 819-3838-8000;Toko Tekstil;;;;;;;;;;https://www.google.com/maps/search/?api=1&query=FOCUS%20TEXTILE%20(Toko%20Bahan%20Kain%20Kaos%20Premium%20Termurah)&query_place_id=ChIJ62NJhVTvaC4Rz7T5nBLYI4g;Toko Tekstil;;;;;;;
sablon kaos bandung | kaos polos bandung murah;1;1;Jl. Sunda No.70;Kota Bandung;Jawa Barat;ID;http://www.sablonkaossatuan.com/;+62 812-2224-3253;Toko Pakaian;Toko Kaos Custom;Layanan cetak digital;Jasa Bordir;Toko Alat Sulam;Toko Percetakan;Toko Pakaian Olahraga;Toko Kaos;Toko Pakaian Seragam;;https://www.google.com/maps/search/?api=1&query=sablon%20kaos%20bandung%20%7C%20kaos%20polos%20bandung%20murah&query_place_id=ChIJCTiSUSbnaC4R-XWyOIjtnJQ;Toko Pakaian;;;;;;;
Gudang Batik Unggul Jaya Bandung;5;3;Jl. Taman Mekar Abadi I No.88;Kota Bandung;Jawa Barat;ID;;+62 877-2201-2031;Grosir Kain;;;;;;;;;;https://www.google.com/maps/search/?api=1&query=Gudang%20Batik%20Unggul%20Jaya%20Bandung&query_place_id=ChIJ47cXF3jpaC4RTLUh4KAMxls;Grosir Kain;;;;;;;
Allo's Konveksi Kaos dan Sablon;4.9;8;Jl. Taman Holis Indah II Kp Blok Kasur Blok kasur No.28, RT.01/RW.05;Kota Bandung;Jawa Barat;ID;;+62 853-2124-3081;Toko Pakaian;Toko Sablon;;;;;;;;;https://www.google.com/maps/search/?api=1&query=Allo's%20Konveksi%20Kaos%20dan%20Sablon&query_place_id=ChIJ60z1VsHvaC4RO6UPTKY5xQ4;Toko Pakaian;;;;;;;
KAOS POLOS ( PREMIUM 30 S ;24 S KNITTO) & SABLON CUSTOM (Dago Distro);4.7;3;PASAR ANDIR TRADE CENTER LANTAI 2 SAMPING ESCALATOR Cibeureum;Kota Bandung;Jawa Barat;ID;;;Toko Pakaian;;;;;;;;;;https://www.google.com/maps/search/?api=1&query=KAOS%20POLOS%20(%20PREMIUM%2030%20S%20%2C24%20S%20KNITTO)%20%26%20SABLON%20CUSTOM%20(Dago%20Distro)&query_place_id=ChIJVVVVlhDmaC4REnvlqWwiz9s;Toko Pakaian;;;;;;
Sablon Satu Bandung | Sablon Kaos Satuan | Sablon Kaos Bandung | Sablon Kaos Murah;5;4;Jl. Terusan Pasirkoja No.184;Kota Bandung;Jawa Barat;ID;;+62 851-7244-0184;Layanan cetak digital;;;;;;;;;;https://www.google.com/maps/search/?api=1&query=Sablon%20Satu%20Bandung%20%7C%20Sablon%20Kaos%20Satuan%20%7C%20Sablon%20Kaos%20Bandung%20%7C%20Sablon%20Kaos%20Murah&query_place_id=ChIJRy_SpIHnaC4RR4Xq_McBUho;Layanan cetak digital;;;;;;;
Pabrik Kaos Bandung;3.6;22;Jl. Gudang Utara No.6;Kota Bandung;Jawa Barat;ID;;+62 819-0982-0000;Grosir Kain;Toko Pakaian;;;;;;;;;https://www.google.com/maps/search/?api=1&query=Pabrik%20Kaos%20Bandung&query_place_id=ChIJt6UYC83naC4RdxNSRoG5vlQ;Grosir Kain;;;;;;;
Bintang Sablon;4.1;47;Jl. Pagarsih No.175;Kota Bandung;Jawa Barat;ID;;+62 813-2105-7128;Toko Peralatan Sablon;;;;;;;;;;https://www.google.com/maps/search/?api=1&query=Bintang%20Sablon&query_place_id=ChIJycDGoBvmaC4R-dVYcUA9x4s;Toko Peralatan Sablon;;;;;;;
Rumah Batik Cipaku;4.8;532;Jl. Cipaku Indah I No.14;Kota Bandung;Jawa Barat;ID;https://www.instagram.com/rumahbatikcipaku;+62 811-2333-699;Toko pakaian batik;Toko Pakaian;;;;;;;;;https://www.google.com/maps/search/?api=1&query=Rumah%20Batik%20Cipaku&query_place_id=ChIJud8ghL_maC4RqzKgEXZDxss;Toko pakaian batik;;;;;;;
Ebol Sablon;5;16;Jl. Muara Tim. I;Kota Bandung;Jawa Barat;ID;;+62 895-4117-56837;Toko Sablon;Penjahit;;;;;;;;;https://www.google.com/maps/search/?api=1&query=Ebol%20Sablon&query_place_id=ChIJ1347DxrvaC4Rz-iYOWnBHoE;Toko Sablon;;;;;;;
Warung Kaos Bandung;4.6;63;3H28+9Q6, Jl. Cibolerang No.182;Kota Bandung;Jawa Barat;ID;;+62 877-2971-7138;Toko Pakaian;;;;;;;;;;https://www.google.com/maps/search/?api=1&query=Warung%20Kaos%20Bandung&query_place_id=ChIJxW8Ls0nvaC4RGTSInAbSQb4;Toko Pakaian;;;;;;;
aksa. sablon kaos; parasit; plastik dll;3.7;3;3H87+6H3;Kota Bandung;Jawa Barat;ID;;+62 831-5904-6972;Produsen;;;;;;;;;;https://www.google.com/maps/search/?api=1&query=aksa.%20sablon%20kaos%2C%20parasit%2C%20plastik%20dll&query_place_id=ChIJK6RLgXHvaC4R9aZUAlHBDAg;Produsen;;;;;
Sablon Kaos; DTF dan Bendera;5;2;2HX8+66J, terusan Jl. Cigondewah Kidul;Kota Bandung;Jawa Barat;ID;;+62 821-2696-3106;Toko Peralatan Sablon;;;;;;;;;;https://www.google.com/maps/search/?api=1&query=Sablon%20Kaos%2C%20DTF%20dan%20Bendera&query_place_id=ChIJI3v0KwDvaC4RTjwonoAjeeI;Toko Peralatan Sablon;;;;;;
FRIENDSHIP Grosir Batik;4.7;43;Jl. Suryani Indah No.1;Kota Bandung;Jawa Barat;ID;https://www.tiktok.com/@friendship.store;+62 811-118-552;Toko Pakaian;;;;;;;;;;https://www.google.com/maps/search/?api=1&query=FRIENDSHIP%20Grosir%20Batik&query_place_id=ChIJVyhwj0TnaC4RIJhlm3VJPf8;Toko Pakaian;;;;;;;
Hobbie Bdg (SABLON KAOS);5;1;Jl. Babakan Tarogong No.152;Kota Bandung;Jawa Barat;ID;;+62 812-5489-2092;Toko Kaos Custom;;;;;;;;;;https://www.google.com/maps/search/?api=1&query=Hobbie%20Bdg%20(SABLON%20KAOS)&query_place_id=ChIJVYpQR2XpaC4RobBjJn77-gA;Toko Kaos Custom;;;;;;;
BOSUBLIM (Print Kain Sublim dan vendor jersey);4.6;59;Komp. Pasadena Rukan, R2 No.35;Kota Bandung;Jawa Barat;ID;https://lynk.id/bosublim;+62 813-1961-9627;Pemasok Pakaian;;;;;;;;;;https://www.google.com/maps/search/?api=1&query=BOSUBLIM%20(Print%20Kain%20Sublim%20dan%20vendor%20jersey)&query_place_id=ChIJ3Qv3o7fpaC4Ra2sjn-KwF9g;Pemasok Pakaian;;;;;;;
Toko Sablon;4.6;21;3HGX+JC4, Jl. Astana Anyar;Kota Bandung;Jawa Barat;ID;;;Toko Peralatan Sablon;;;;;;;;;;https://www.google.com/maps/search/?api=1&query=Toko%20Sablon&query_place_id=ChIJm4KpAiLmaC4RgKYMhqGKCHc;Toko Peralatan Sablon;;;;;;;
CKP Textile Bandung;4.7;213;Jl. Komud Supadio Bandung Jl. Jatayu No.7;Kota Bandung;Jawa Barat;ID;https://www.ckptextile.com/;+62 22 6011537;Toko Tekstil;Toko Peralatan Sablon;;;;;;;;;https://www.google.com/maps/search/?api=1&query=CKP%20Textile%20Bandung&query_place_id=ChIJA99QUxLmaC4RmYwrS7Ak44c;Toko Tekstil;;;;;;;
Shaka konveksi;4.2;10;Jl. Babakan Ciparay Gg. Pa. Oyon No.43;Kota Bandung;Jawa Barat;ID;;+62 896-5428-7404;Toko Kaos Custom;;;;;;;;;;https://www.google.com/maps/search/?api=1&query=Shaka%20konveksi&query_place_id=ChIJa9aOlajoaC4RsVISGj4cGp8;Toko Kaos Custom;;;;;;;
Free Desain Custom Kaos; Kaos Polo; Kaos Partai; Jaket Rompi; Hoodie; Goodie Bag; Dan Jasa Sablon; Fridzi.id;5;3;3H6W+FGHGg, Gg. Bakti I No.6, RT.01/RW.07;Kota Bandung;Jawa Barat;ID;https://wa.me/message/5RXNJ7V5XDOAL1;+62 858-6153-2696;Toko Pakaian;Grosir pakaian;Toko Kaos Custom;Toko Pakaian Pria;Toko Pakaian Luar;Toko Sablon;Toko Peralatan Sablon;Toko Kaos;Toko Pakaian Remaja;;https://www.google.com/maps/search/?api=1&query=Free%20Desain%20Custom%20Kaos%2C%20Kaos%20Polo%2C%20Kaos%20Partai%2C%20Jaket%20Rompi%2C%20Hoodie%2C%20Goodie%20Bag%2C%20Dan%20Jasa%20Sablon%2C%20Fridzi.id&query_place_id=ChIJQQLmKLXpaC4RPZ2guz9Fo4U;Toko Pakaian
Jalan lodaya no 69;;;Jl. Lodaya No.69;Kota Bandung;Jawa Barat;ID;https://linktr.ee/blues_goods;+62 812-2403-9225;Toko Barang Bekas;;;;;;;;;;https://www.google.com/maps/search/?api=1&query=Jalan%20lodaya%20no%2069&query_place_id=ChIJi7kGxajpaC4R4_2KOkKMfCE;Toko Barang Bekas;;;;;;;
Doomy Thrift Store;;;Jl. Cibolerang No.15;Kota Bandung;Jawa Barat;ID;;+62 895-7009-66639;Toko Kaos;;;;;;;;;;https://www.google.com/maps/search/?api=1&query=Doomy%20Thrift%20Store&query_place_id=ChIJZUGT7m7paC4RPF1ip5pXlig;Toko Kaos;;;;;;;
Kakiku Thrifting;;;Jl. Elang No.25A;Kota Bandung;Jawa Barat;ID;http://www.instagram.com/kakiku_thrift;;Toko Sepatu;;;;;;;;;;https://www.google.com/maps/search/?api=1&query=Kakiku%20Thrifting&query_place_id=ChIJz-NGLhrlaC4RH5nOOXGfClk;Toko Sepatu;;;;;;;
Rejeki thrift shop;;;3JM9+2M3;Kota Bandung;Jawa Barat;ID;;;Toko Pakaian;;;;;;;;;;https://www.google.com/maps/search/?api=1&query=Rejeki%20thrift%20shop&query_place_id=ChIJmyQm7DnnaC4RBNB8whVYqyM;Toko Pakaian;;;;;;;
All shoes thrifting store;;;;Kota Bandung;Jawa Barat;ID;;+62 821-1682-1201;Toko Sepatu;;;;;;;;;;https://www.google.com/maps/search/?api=1&query=All%20shoes%20thrifting%20store&query_place_id=ChIJlVv2T03naC4RkfybhaTkRUk;Toko Sepatu;;;;;;;
Jual beli jam tangan;tas branded;3;2;Gg. Kelurahan;Kota Bandung;Jawa Barat;ID;;+62 857-9549-5849;Toko Barang Bekas;;;;;;;;;;https://www.google.com/maps/search/?api=1&query=Jual%20beli%20jam%20tangan%2Ctas%20branded&query_place_id=ChIJpTkeXFfvaC4R7INuZdBn1u8;Toko Barang Bekas;;;;;;
Thrift Kiyowo;;;Jl. Sumbawa No.10;Kota Bandung;Jawa Barat;ID;;;Toko Pakaian;;;;;;;;;;https://www.google.com/maps/search/?api=1&query=Thrift%20Kiyowo&query_place_id=ChIJSyTGiDLnaC4R-86i4F_t0rM;Toko Pakaian;;;;;;;
SABLON KAOS SATUAN;4.8;5;3H7V+VWM;Kota Bandung;Jawa Barat;ID;https://wa.me/6289698443030;+62 896-9844-3030;Toko Kaos Custom;;;;;;;;;;https://www.google.com/maps/search/?api=1&query=SABLON%20KAOS%20SATUAN&query_place_id=ChIJs7wHAQDpaC4RmsJ-8BH5B3c;Toko Kaos Custom;;;;;;;
YL Rongsok;;;3H6Q+PGM, Jl. Cetarip Barat Dalam;Kota Bandung;Jawa Barat;ID;;+62 851-3519-3963;Toko Barang Bekas;;;;;;;;;;https://www.google.com/maps/search/?api=1&query=YL%20Rongsok&query_place_id=ChIJpzj8JCrpaC4Rym1AegyLMsU;Toko Barang Bekas;;;;;;;
dulukembali thrift store;;;Jl. Galunggung Dalam No.11/109;Kota Bandung;Jawa Barat;ID;;;Toko Pakaian;;;;;;;;;;https://www.google.com/maps/search/?api=1&query=dulukembali%20thrift%20store&query_place_id=ChIJR9HdFIXpaC4R_s83NA8MzYQ;Toko Pakaian;;;;;;;
VINTAGE BERKARAT-WATCH (JUAL DAN BELI JAM TANGAN SECOND ORIGINAL/SERVICE JAM TANGAN);5;10;Pinggir Jln.Etalase,Payung merah, Jl. Pajagalan No.130;Kota Bandung;Jawa Barat;ID;https://youtube.com/@vintageberkarat-watch?si=kcK0Vscmi74oQv24;+62 812-2011-5697;Toko Jam;Toko Barang Antik;Toko Perhiasan;Toko Barang Bekas;;;;;;;https://www.google.com/maps/search/?api=1&query=VINTAGE%20BERKARAT-WATCH%20(JUAL%20DAN%20BELI%20JAM%20TANGAN%20SECOND%20ORIGINAL%2FSERVICE%20JAM%20TANGAN)&query_place_id=ChIJ_00AYt3paC4RhITVU_H3Ze8;Toko Jam;;;;;;;
Dungky Thrift;;;Taman bunga hias, Gg. Tegallega Jl. Moch. Toha;Kota Bandung;Jawa Barat;ID;;+62 813-2267-8693;Toko Pakaian Pria;;;;;;;;;;https://www.google.com/maps/search/?api=1&query=Dungky%20Thrift&query_place_id=ChIJXZdSsjjpaC4RWUgO9HNVFOo;Toko Pakaian Pria;;;;;;;
MZQ OUTFIT THRIFT SHOP;;;Jalan Kepatihan No.10 A Blok A.3-4;Kota Bandung;Jawa Barat;ID;;;Toko Pakaian;;;;;;;;;;https://www.google.com/maps/search/?api=1&query=MZQ%20OUTFIT%20THRIFT%20SHOP&query_place_id=ChIJ6RGdnz7naC4RUfLjqNglINM;Toko Pakaian;;;;;;;
Langgeng Barokah Putri;5;2;samping pom bensin, Jl. Soekarno-Hatta Jl. Holis No.72;Kota Bandung;Jawa Barat;ID;;+62 812-8724-2441;Toko Barang Bekas;;;;;;;;;;https://www.google.com/maps/search/?api=1&query=Langgeng%20Barokah%20Putri&query_place_id=ChIJSRUXlwDmaC4RafoJHX1vjJw;Toko Barang Bekas;;;;;;;
Supplier polyflex kaos bandung;5;4;Jl. Taman Holis Indah No.16 blok H2;Kota Bandung;Jawa Barat;ID;;+62 813-8699-9979;Toko Peralatan Sablon;;;;;;;;;;https://www.google.com/maps/search/?api=1&query=Supplier%20polyflex%20kaos%20bandung&query_place_id=ChIJnV9FN77vaC4RTSakb1_Z6Cs;Toko Peralatan Sablon;;;;;;;
SABLON DTF BANDUNG;4.8;28;Cibunut utara no 22/34 a rt 08/06, Jl. Sunda No.68;Kota Bandung;Jawa Barat;ID;;+62 812-2224-3253;Printer Digital;;;;;;;;;;https://www.google.com/maps/search/?api=1&query=SABLON%20DTF%20BANDUNG&query_place_id=ChIJYe2kaHnnaC4RWPgWegKungc;Printer Digital;;;;;;;
Sablon Kaos Bandung;3.3;4;jl.Belakang LP BANCEUY No.05, RT.01/RW.02;Kota Bandung;Jawa Barat;ID;;+62 821-1560-0229;Toko Kaos Custom;;;;;;;;;;https://www.google.com/maps/search/?api=1&query=Sablon%20Kaos%20Bandung&query_place_id=ChIJAQAAwOvoaC4R77cQpPihL-s;Toko Kaos Custom;;;;;;;
3D print dan laser cuting engraving Bandung;5;23;Jl. Moch. Toha No.411;Kota Bandung;Jawa Barat;ID;;+62 897-9125-061;Layanan pemotongan laser;Pusat Perbelanjaan;Jasa percetakan 3D;;;;;;;;https://www.google.com/maps/search/?api=1&query=3D%20print%20dan%20laser%20cuting%20engraving%20Bandung&query_place_id=ChIJKRrnU07paC4R0I2ySmDlwiA;Layanan pemotongan laser;;;;;;;
Cetak Kaos Satuan;5;2;Jl. Moch. Toha No.421;Kota Bandung;Jawa Barat;ID;;+62 812-2408-2260;Toko Kaos Custom;;;;;;;;;;https://www.google.com/maps/search/?api=1&query=Cetak%20Kaos%20Satuan&query_place_id=ChIJyaQ2gvDoaC4Re98tMfXqOa8;Toko Kaos Custom;;;;;;;
Sablon kaos satuan /Bikin baju;5;2;Jl. Jatayu No.288, RT.07/RW.12;Kota Bandung;Jawa Barat;ID;;+62 831-5668-6332;Produsen;;;;;;;;;;https://www.google.com/maps/search/?api=1&query=Sablon%20kaos%20satuan%20%2FBikin%20baju&query_place_id=ChIJMwgABwDnaC4ROIOXFVs8ex8;Produsen;;;;;;;
Suddimampir Thrifting;5;2;Jl. L. L. R.E. Martadinata blk 7c;Kota Bandung;Jawa Barat;ID;https://www.instagram.com/suddimampir?igsh=MXRmZWV1bTRja2Znaw==&utm_source=qr;+62 857-8054-0686;Toko Pakaian;Toko;;;;;;;;;https://www.google.com/maps/search/?api=1&query=Suddimampir%20Thrifting&query_place_id=ChIJnSUZuyfnaC4RE7-RpStcSLU;Toko Pakaian;;;;;;;
Grosir Thrift Store;;;Jalan Ciganitri Tengah No.30;Kota Bandung;Jawa Barat;ID;https://www.tiktok.com/@haura.kireina;+62 812-8762-9433;Grosir pakaian;;;;;;;;;;https://www.google.com/maps/search/?api=1&query=Grosir%20Thrift%20Store&query_place_id=ChIJQYyLy-DpaC4RMJPnJJd_EHs;Grosir pakaian;;;;;;;
Percik Media Promo – Custom Kaos & Sablon Satuan;5;96;No 33 C, Ruko Percik Media Promo, Jl. Kliningan Jl. Buah Batu;Kota Bandung;Jawa Barat;ID;https://lynk.id/percik;+62 856-2485-8161;Toko Kaos Custom;Pencetak Layar;;;;;;;;;https://www.google.com/maps/search/?api=1&query=Percik%20Media%20Promo%20%E2%80%93%20Custom%20Kaos%20%26%20Sablon%20Satuan&query_place_id=ChIJeavMW1HpaC4Rl5_QXehSdbo;Toko Kaos Custom;;;;;;;
Thrift.star;;;Jl.sukamulya dalam III No.31, RT.06/RW.09;Kota Bandung;Jawa Barat;ID;;+62 858-6028-8942;Toko Pakaian Bekas;;;;;;;;;;https://www.google.com/maps/search/?api=1&query=Thrift.star&query_place_id=ChIJ9UpsWpzpaC4RSLSPt8aO_7s;Toko Pakaian Bekas;;;;;;;
AGORA.STORE;;;Cibuntu RT04 RW01;Kota Bandung;Jawa Barat;ID;;+62 821-2727-5178;Toko Pakaian;;;;;;;;;;https://www.google.com/maps/search/?api=1&query=AGORA.STORE&query_place_id=ChIJhSsUJS7laC4R21C1oMQu8U4;Toko Pakaian;;;;;;;
mindmind thrift shop;;;3JH3+9WV;Kota Bandung;Jawa Barat;ID;;;Toko Pakaian;;;;;;;;;;https://www.google.com/maps/search/?api=1&query=mindmind%20thrift%20shop&query_place_id=ChIJS_ePXbLnaC4Rkjz8813wSKQ;Toko Pakaian;;;;;;;
Supirklin;5;1;3JRC+XMM;Kota Bandung;Jawa Barat;ID;http://www.shopee.co.id/supirklin;+62 813-2364-0814;Toko Barang Bekas;;;;;;;;;;https://www.google.com/maps/search/?api=1&query=Supirklin&query_place_id=ChIJVdfiO6znaC4RX-vpuCkYG-k;Toko Barang Bekas;;;;;;;
SekenMart ID;5;2;Jl. Buah Batu No.48A;Kota Bandung;Jawa Barat;ID;;+62 857-1766-6206;Toko Barang Bekas;;;;;;;;;;https://www.google.com/maps/search/?api=1&query=SekenMart%20ID&query_place_id=ChIJ_6_QteTpaC4RpNomyqKPjN4;Toko Barang Bekas;;;;;;;
Sagala Jatayu;;;Ps. Jatayu, 10-11 C;Kota Bandung;Jawa Barat;ID;https://wa.me/6281286561897;+62 812-8656-1897;Toko Barang Bekas;;;;;;;;;;https://www.google.com/maps/search/?api=1&query=Sagala%20Jatayu&query_place_id=ChIJne6AxmXnaC4RCCDYqF3OH1c;Toko Barang Bekas;;;;;;;
GALLERY JECKO 69 (JUAL BARANG BEKAS BANDUNG HOBBY ; VINTAGE ;FUn etc;);;;Jl. Pajagalan;Kota Bandung;Jawa Barat;ID;https://www.instagram.com/soni__jon?igsh=MzRlODBiNWFlZA==;+62 812-2039-7643;Toko Barang Bekas;;;;;;;;;;https://www.google.com/maps/search/?api=1&query=GALLERY%20JECKO%2069%20(JUAL%20BARANG%20BEKAS%20BANDUNG%20HOBBY%20%2C%20VINTAGE%20%2CFUn%20etc%2C)&query_place_id=ChIJU9iy3wjpaC4RKTM4dLODprA;Toko Barang Bekas;;;;
Rizqi Online Shop;;;Jl. Nyengseret Sel No.410/198-B, RT.005/RW.003;Kota Bandung;Jawa Barat;ID;http://shopee.co.id/rizqi79;+62 857-0343-6728;Toko Barang Bekas;;;;;;;;;;https://www.google.com/maps/search/?api=1&query=Rizqi%20Online%20Shop&query_place_id=ChIJK2fnZj7paC4RbgpiuFq18aA;Toko Barang Bekas;;;;;;;
Numira Baby N Kidz Store;5;4;Jl. Pamekar Raya No.9;Kota Bandung;Jawa Barat;ID;;+62 811-2207-500;Toko Pakaian Anak;;;;;;;;;;https://www.google.com/maps/search/?api=1&query=Numira%20Baby%20N%20Kidz%20Store&query_place_id=ChIJZ_9RMTPdaC4RUdkvGvHkDnA;Toko Pakaian Anak;;;;;;;
Bandar Baju Anak Bandung;5;1;Gg. Maskardi No.109;Kota Bandung;Jawa Barat;ID;;+62 831-2091-8596;Toko Pakaian Anak;;;;;;;;;;https://www.google.com/maps/search/?api=1&query=Bandar%20Baju%20Anak%20Bandung&query_place_id=ChIJ_9Hh5nDnaC4RdtQa0PyeaO8;Toko Pakaian Anak;;;;;;;
sepatu street bekas;;;Jl. Babakan Priangan II No.31A;Kota Bandung;Jawa Barat;ID;;+62 815-1719-5555;Toko Barang Bekas;;;;;;;;;;https://www.google.com/maps/search/?api=1&query=sepatu%20street%20bekas&query_place_id=ChIJ5biwtE7paC4R33kD5zqcafU;Toko Barang Bekas;;;;;;;
RONGSOK PA MASDI BESI TUA;4.8;71;Jl. Babakan Ciparay No.270;Kota Bandung;Jawa Barat;ID;http://wa.me//+6283829690866;+62 838-2969-0866;Toko Barang Bekas;;;;;;;;;;https://www.google.com/maps/search/?api=1&query=RONGSOK%20PA%20MASDI%20BESI%20TUA&query_place_id=ChIJK8-h1GTpaC4Rgz__d9u_Cmo;Toko Barang Bekas;;;;;;;
Grosir Pakaian Anak dan Dewasa;4;1;Jl. Sindang Sari III No.20;Kota Bandung;Jawa Barat;ID;;;Toko Pakaian;;;;;;;;;;https://www.google.com/maps/search/?api=1&query=Grosir%20Pakaian%20Anak%20dan%20Dewasa&query_place_id=ChIJETEUWkDnaC4RVLhh2cII_v8;Toko Pakaian;;;;;;;
thriftup clothes;5;1;3JRC+79F, bandung kota;Kota Bandung;Jawa Barat;ID;;;Toko Pakaian Bekas;;;;;;;;;;https://www.google.com/maps/search/?api=1&query=thriftup%20clothes&query_place_id=ChIJ8cIUZj_naC4RZylT9O_9Yao;Toko Pakaian Bekas;;;;;;;
trifting_489;;;warung lina, jalan pasirluyu 1 rw08 rt02 ancol regol no 34;Kota Bandung;Jawa Barat;ID;https://www.instagram.com/thrifting_498?igsh=MWN2djd3aGNsbXM1YQ==&utm_source=qr;+62 859-516-848;Toko Barang Bekas;;;;;;;;;;https://www.google.com/maps/search/?api=1&query=trifting_489&query_place_id=ChIJcaPAcKHpaC4Rd1PyFg2IdEA;Toko Barang Bekas;;;;;;;
GOOBIIDOT (KONVEKSI KAOS; GROSIR KAOS POLOS; PO KAOS SABLON; DLL);5;10;Gg. Pa Abid, RT.3/RW.1;Kota Bandung;Jawa Barat;ID;https://shopee.co.id/goobiidot?entryPoint=ShopBySearch&searchKeyword=goobiidot;+62 852-1808-5678;Penjahit Pesanan Khusus;;;;;;;;;;https://www.google.com/maps/search/?api=1&query=GOOBIIDOT%20(KONVEKSI%20KAOS%2C%20GROSIR%20KAOS%20POLOS%2C%20PO%20KAOS%20SABLON%2C%20DLL)&query_place_id=ChIJeYRXzMTpaC4RPW0ZJTON12w;Penjahit Pesanan Khusus;;;;
Setting Sablon Kaos DAN;5;13;Jl. Caringin Gg. Lumbung 1 No.69;Kota Bandung;Jawa Barat;ID;https://www.settingsablonkaosdan.com/;+62 895-0843-7722;Toko Pakaian;;;;;;;;;;https://www.google.com/maps/search/?api=1&query=Setting%20Sablon%20Kaos%20DAN&query_place_id=ChIJVUoU8C3paC4RUrp1aN9jsWU;Toko Pakaian;;;;;;;
ALLU Bandung Office & Beyond Cimanuk (Pembeli Barang Mewah seperti Tas; Jam Tangan dan Perhiasan);4.9;474;Office & Beyond, Jl. Cimanuk No.6 Suite 107, Lt. 1;Kota Bandung;Jawa Barat;ID;https://allu-id.com/;+62 818-917-488;Toko Barang Bekas;Toko Tas;Makelar Berlian;Pembeli Perhiasan;Toko Jam;;;;;;https://www.google.com/maps/search/?api=1&query=ALLU%20Bandung%20Office%20%26%20Beyond%20Cimanuk%20(Pembeli%20Barang%20Mewah%20seperti%20Tas%2C%20Jam%20Tangan%20dan%20Perhiasan)&query_place_id=ChIJcTBs4bXnaC4Rty52a2iuSYM;Toko Barang Bekas;;;;;;
DEBORN STORE;;;Gg. A. Sutisna No.39 RT 04/01;Kota Bandung;Jawa Barat;ID;https://instagram.com/debornstore?utm_medium=copy_link;;Toko Barang Bekas;;;;;;;;;;https://www.google.com/maps/search/?api=1&query=DEBORN%20STORE&query_place_id=ChIJ_eII90LpaC4RUBdWaG5Iztc;Toko Barang Bekas;;;;;;;
Kharisma Textile Bandung (Toko Bahan Kaos dan Sweater);4.8;420;Jl. Otto Iskandar Dinata No.135;Kota Bandung;Jawa Barat;ID;https://sites.google.com/view/kharismatextile;+62 895-8011-34911;Toko Tekstil;;;;;;;;;;https://www.google.com/maps/search/?api=1&query=Kharisma%20Textile%20Bandung%20(Toko%20Bahan%20Kaos%20dan%20Sweater)&query_place_id=ChIJm-6LmCTmaC4Re0rtZZ6ZDpA;Toko Tekstil;;;;;;;
BABE BArang BEkas;3.9;1209;Jl. L. L. R.E. Martadinata No.111;Kota Bandung;Jawa Barat;ID;https://www.facebook.com/BABE-100853678703/;+62 812-2106-8016;Toko Barang Bekas;;;;;;;;;;https://www.google.com/maps/search/?api=1&query=BABE%20BArang%20BEkas&query_place_id=ChIJ6wssT7XnaC4RsZfIugW1AcE;Toko Barang Bekas;;;;;;;
Karunia Textile Otista;4.8;252;Jl. Otto Iskandar Dinata No.143 A;Kota Bandung;Jawa Barat;ID;https://omli.club/karuniatextile;+62 811-2282-255;Toko Tekstil;Grosir Kain;;;;;;;;;https://www.google.com/maps/search/?api=1&query=Karunia%20Textile%20Otista&query_place_id=ChIJURN6mSTmaC4RU-I1oP8TZIM;Toko Tekstil;;;;;;;
Rumah Sablon Bandung;5;14;Gg. Jamhari No.24, RT.01/RW.02;Kota Bandung;Jawa Barat;ID;https://wa.me/p/4136407366477191/6285524427994;+62 855-2442-7994;Toko Kaos Custom;Toko pakaian batik;Toko Tas Tangan;Toko Sablon;Toko Kaos;;;;;;https://www.google.com/maps/search/?api=1&query=Rumah%20Sablon%20Bandung&query_place_id=ChIJO4ULGDDpaC4RydgqxN-mHng;Toko Kaos Custom;;;;;;;
Cititex Karapitan Bandung (Kaos Polos dan Sablon Satuan - Partai Besar);4.8;874;Depan Bank BRI, Jl. Karapitan No.137B;Kota Bandung;Jawa Barat;ID;https://instagram.com/cititex.bandung;+62 813-1234-9984;Toko Pakaian;;;;;;;;;;https://www.google.com/maps/search/?api=1&query=Cititex%20Karapitan%20Bandung%20(Kaos%20Polos%20dan%20Sablon%20Satuan%20-%20Partai%20Besar)&query_place_id=ChIJqQebVZPpaC4RgFWbuMCiElM;Toko Pakaian;;;;;;;
Tukang sablon bandung;4.8;27;Jl. Hasan Ali No.343, RT.03/RW.03;Kota Bandung;Jawa Barat;ID;;+62 812-2244-6745;Toko Sablon;;;;;;;;;;https://www.google.com/maps/search/?api=1&query=Tukang%20sablon%20bandung&query_place_id=ChIJNXn_LJHnaC4RGK1s9Uz1Tg8;Toko Sablon;;;;;;;
Fontastics;5;17;Jl. Sudirman No.842;Kota Bandung;Jawa Barat;ID;https://shopee.co.id/SABLON-PLASTISOL-KAOS-SATUAN-LUSINAN-CUSTOM-CLOTHING-POLOS-PRIA-WANITA-i.27153666.6417893786;+62 857-2020-9095;Toko Kaos Custom;;;;;;;;;;https://www.google.com/maps/search/?api=1&query=Fontastics&query_place_id=ChIJq7hX2DzlaC4RraLq5re2XOs;Toko Kaos Custom;;;;;;;
Lucas SPS;4.6;757;Jl. Karang Anyar No.26;Kota Bandung;Jawa Barat;ID;http://www.lucassps.com/www.sablondigitalprint.com;+62 22 4234426;Toko Peralatan Sablon;Layanan cetak digital;;;;;;;;;https://www.google.com/maps/search/?api=1&query=Lucas%20SPS&query_place_id=ChIJKULu5yPmaC4RZUFQUeB6iT8;Toko Peralatan Sablon;;;;;;;
BMS Graphics Screen Printing;4.5;108;Jl. Cicukang Holis No.11A;Kota Bandung;Jawa Barat;ID;http://www.bmsgraphics.com/;+62 22 6040981;Percetakan Komersial;;;;;;;;;;https://www.google.com/maps/search/?api=1&query=BMS%20Graphics%20Screen%20Printing&query_place_id=ChIJ522s2FPvaC4RpBSAQlvtWfI;Percetakan Komersial;;;;;;;
Thrift shop lunox;;;Jl. Kebonlega 1;Kota Bandung;Jawa Barat;ID;;+62 897-7350-738;Toko Pakaian;;;;;;;;;;https://www.google.com/maps/search/?api=1&query=Thrift%20shop%20lunox&query_place_id=ChIJ7VgFHn7paC4RBE_1WMnUcMA;Toko Pakaian;;;;;;;
JETSET KONVEKSI BANDUNG Pusat Sablon Kaos Termurah Terbaik;4.7;232;Jl. Surapati No.169;Kota Bandung;Jawa Barat;ID;https://www.jetsetkaosbandung.com/p/cara-pesan.html;+62 858-6141-4155;Toko Kaos Custom;Toko Pakaian Anak;Produsen pakaian dan kain;Toko Pakaian;Pemasok Pakaian;Pasar Grosir Pakaian;Penjahit Pesanan Khusus;Produsen;Toko Sablon;Toko Kaos;https://www.google.com/maps/search/?api=1&query=JETSET%20KONVEKSI%20BANDUNG%20Pusat%20Sablon%20Kaos%20Termurah%20Terbaik&query_place_id=ChIJtY5M_rDnaC4RVM4HHUONG6Q;Toko Kaos Custom;;;;;;;
Jasa Cetak DTF Sablon Termurah Premium Raja Print Bandung;4.9;67;Jl. Garuda No.65;Kota Bandung;Jawa Barat;ID;https://wa.me/6289683620509;+62 896-8362-0509;Layanan cetak digital;;;;;;;;;;https://www.google.com/maps/search/?api=1&query=Jasa%20Cetak%20DTF%20Sablon%20Termurah%20Premium%20Raja%20Print%20Bandung&query_place_id=ChIJewiLvPTlaC4RnOdRodZlcIw;Layanan cetak digital;;;;;;;
Era Warna SPS TOKOSABLONSPS;4.7;170;Jl. Kalipah Apo No.82;Kota Bandung;Jawa Barat;ID;https://linktr.ee/erawarnasps;+62 811-8957-597;Toko Peralatan Sablon;;;;;;;;;;https://www.google.com/maps/search/?api=1&query=Era%20Warna%20SPS%20TOKOSABLONSPS&query_place_id=ChIJVYd3HyLmaC4Rl3FiaNzy984;Toko Peralatan Sablon;;;;;;;
Blackstar Movement;5;2;Jl. Gudang Utara No.9;Kota Bandung;Jawa Barat;ID;https://blackstar.id/;+62 851-6999-9591;Toko Pakaian;;;;;;;;;;https://www.google.com/maps/search/?api=1&query=Blackstar%20Movement&query_place_id=ChIJA0czBJnnaC4RoQwX_bhR1oI;Toko Pakaian;;;;;;;
BIKINBADJOE;4.6;1030;Jl. H. Mesri No.28;Kota Bandung;Jawa Barat;ID;http://www.instagram.com/bikinbadjoe;+62 812-9779-1409;Toko Pakaian;;;;;;;;;;https://www.google.com/maps/search/?api=1&query=BIKINBADJOE&query_place_id=ChIJQ6ABpyDmaC4RnskPN5xKHqU;Toko Pakaian;;;;;;;
Thrift Mobile Phone BEC Bandung;5;21;Istana BEC Jalan Purnawarman 13-15 Babakan Ciamis Lantai LG W-16;Kota Bandung;Jawa Barat;ID;https://www.instagram.com/tmp.bec?igsh=MWlyMnNzZDZ6M2Y1dw==;+62 882-2222-0437;Toko Ponsel;;;;;;;;;;https://www.google.com/maps/search/?api=1&query=Thrift%20Mobile%20Phone%20BEC%20Bandung&query_place_id=ChIJyRuQGgDnaC4RJUjVnuhib0k;Toko Ponsel;;;;;;;
Sablon Kaos DTF Terdekat Bandung Murah dan Premium - MAHA DTF;4.9;56;Jl. Raya Kopo No.127A;Kota Bandung;Jawa Barat;ID;https://wa.me/628175714978;+62 817-5714-978;Toko Percetakan;;;;;;;;;;https://www.google.com/maps/search/?api=1&query=Sablon%20Kaos%20DTF%20Terdekat%20Bandung%20Murah%20dan%20Premium%20-%20MAHA%20DTF&query_place_id=ChIJ9cI4W_TpaC4Rx_lkVEUIXpU;Toko Percetakan;;;;;;;
Pakaian Anak Evikidsstuff;4.8;4;Jalan Kopo, Gang Sayang Kaak, Jl. Babakan Ciparay No.rt04/04 no 10;Kota Bandung;Jawa Barat;ID;;+62 898-6461-329;Toko Pakaian Anak;;;;;;;;;;https://www.google.com/maps/search/?api=1&query=Pakaian%20Anak%20Evikidsstuff&query_place_id=ChIJyfZRLlnpaC4RnQnZ45Q1f9k;Toko Pakaian Anak;;;;;;;
Kosongkan Lemari;4.8;12;Jl. Pasang No.2;Kota Bandung;Jawa Barat;ID;https://www.instagram.com/kosongkan.lemari?utm_source=ig_web_button_share_sheet&igsh=ZDNlZDc0MzIxNw==;;Toko Busana Vintage;;;;;;;;;;https://www.google.com/maps/search/?api=1&query=Kosongkan%20Lemari&query_place_id=ChIJEV3UpATnaC4RpQcLqKBli5U;Toko Busana Vintage;;;;;;;
Lasona Trans Studio Bandung;5;113;Trans Studio Mall Bandung Lantai 2 / E01B, Jl. Gatot Subroto Lantai 2;Kota Bandung;Jawa Barat;ID;https://www.lasona.com/;+62 22 86012364;Toko Pakaian Renang;Toko Pakaian Pantai;Toko Pakaian Anak;Toko Pakaian Pria;Toko Pakaian Ukuran Besar;Toko Pakaian Olahraga;Toko Pakaian Wanita;;;;https://www.google.com/maps/search/?api=1&query=Lasona%20Trans%20Studio%20Bandung&query_place_id=ChIJ1TIDhwDpaC4RFCmblUfugaY;Toko Pakaian Renang;;;;;;;
Baju Anak Murmer; Chibi Clothing Kids; Piyama Anak Laki/Perempuan; Baju Bayi Bahan Kaos;5;1;Jl. Darma Kusuma No.47;Kota Bandung;Jawa Barat;ID;;+62 813-9447-9277;Toko Pakaian Anak;;;;;;;;;;https://www.google.com/maps/search/?api=1&query=Baju%20Anak%20Murmer%2C%20Chibi%20Clothing%20Kids%2C%20Piyama%20Anak%20Laki%2FPerempuan%2C%20Baju%20Bayi%20Bahan%20Kaos&query_place_id=ChIJuaGyUJjpaC4RxePXN5qevGs;Toko Pakaian Anak;;;;
Babyshop Paskal 23;5;129;L3, Paskal Shopping Center, 23;Kota Bandung;Jawa Barat;ID;https://www.babyshopstores.id/;+62 813-8299-8918;Toko Pakaian Bayi;;;;;;;;;;https://www.google.com/maps/search/?api=1&query=Babyshop%20Paskal%2023&query_place_id=ChIJY9DTEVPnaC4RrXRcKLEvZ18;Toko Pakaian Bayi;;;;;;;
Toko Perdana;4.3;34;Jl. Sudirman No.1;Kota Bandung;Jawa Barat;ID;https://tokopedia.link/tokoperdanababy;+62 896-4647-4796;Toko Perlengkapan Bayi;Toko Pakaian Anak;;;;;;;;;https://www.google.com/maps/search/?api=1&query=Toko%20Perdana&query_place_id=ChIJXfoCfyTmaC4RkMffBcIJU8w;Toko Perlengkapan Bayi;;;;;;;
yumnasa | Toko Busana Muslim Terlengkap Bandung;5;23;Pasar baru heritage, Jl. Otto Iskandar Dinata No.84 - 92 D1-02;Kota Bandung;Jawa Barat;ID;;+62 877-2805-1888;Toko Pakaian;;;;;;;;;;https://www.google.com/maps/search/?api=1&query=yumnasa%20%7C%20Toko%20Busana%20Muslim%20Terlengkap%20Bandung&query_place_id=ChIJY8SVdo7paC4R9stAbu9FZUg;Toko Pakaian;;;;;;;
Superzie - RGKids Distro Kaos Anak Premium usia 4-12 tahun Bandung (Rayintya Grosir & Abadi Grosir);5;2;Jl. Saluyu Indah IV No.21-22;Kota Bandung;Jawa Barat;ID;http://shopee.co.id/rayintya;+62 896-8000-0167;Grosir;;;;;;;;;;https://www.google.com/maps/search/?api=1&query=Superzie%20-%20RGKids%20Distro%20Kaos%20Anak%20Premium%20usia%204-12%20tahun%20Bandung%20(Rayintya%20Grosir%20%26%20Abadi%20Grosir)&query_place_id=ChIJ64TWIxzDaC4RGAiGuMsRYXw;Grosir;;;;;;;
Paberik Badjoe;4.4;7341;Jl. Soekarno-Hatta No.573;Kota Bandung;Jawa Barat;ID;;+62 22 7337269;Toko Pakaian;;;;;;;;;;https://www.google.com/maps/search/?api=1&query=Paberik%20Badjoe&query_place_id=ChIJKdv-jmnoaC4RWzkGFnSpp0k;Toko Pakaian;;;;;;;
sablon kaos satuan;4.7;86;Gg. Cibunut Utara;Kota Bandung;Jawa Barat;ID;https://holycity-printing.xyz/;+62 859-2254-2013;Toko Pakaian;;;;;;;;;;https://www.google.com/maps/search/?api=1&query=sablon%20kaos%20satuan&query_place_id=ChIJtyKA8IbnaC4RpFROE3659XY;Toko Pakaian;;;;;;;
Momi Baby & Kids Shop;4.6;206;Jl. Batununggal Indah I No.27;Kota Bandung;Jawa Barat;ID;;+62 878-3248-8795;Toko Perlengkapan Bayi;;;;;;;;;;https://www.google.com/maps/search/?api=1&query=Momi%20Baby%20%26%20Kids%20Shop&query_place_id=ChIJG_U0_1voaC4RmunmLNr07_I;Toko Perlengkapan Bayi;;;;;;;
Indokids Baby Shop Kiaracondong;4.9;19;Jl. Ibrahim Adjie No.388;Kota Bandung;Jawa Barat;ID;http://www.indokids.co.id/;+62 822-6000-0728;Toko Perlengkapan Bayi;Toko Pakaian Bayi;Toko Mainan;;;;;;;;https://www.google.com/maps/search/?api=1&query=Indokids%20Baby%20Shop%20Kiaracondong&query_place_id=ChIJK1llhmvoaC4RmEikRjWY3Sw;Toko Perlengkapan Bayi;;;;;;;
Moa Kids Bandung Distributor Baju Anak;5;3;3HFR+6H6, Gg. Raden Dewi IV, RT.04/RW.02;Kota Bandung;Jawa Barat;ID;;+62 896-6489-8916;Toko Pakaian;;;;;;;;;;https://www.google.com/maps/search/?api=1&query=Moa%20Kids%20Bandung%20Distributor%20Baju%20Anak&query_place_id=ChIJzbwcQ73naC4R05x-y7EoMH8;Toko Pakaian;;;;;;;
Thrifting Padalarang;5;1;kp Jl. Purabaya;Kabupaten Bandung Barat;Jawa Barat;ID;;+62 821-2109-5089;Toko Pakaian Wanita;;;;;;;;;;https://www.google.com/maps/search/?api=1&query=Thrifting%20Padalarang&query_place_id=ChIJ2zvF0InnaC4RdmAWmRYW5xM;Toko Pakaian Wanita;;;;;;;
Atrami Thrift Shop;;;Jl. Leuwi Panjang No.103;Kota Bandung;Jawa Barat;ID;https://www.instagram.com/stories/atramishop/2806055668887636744/;+62 813-2011-7378;Toko Pakaian;;;;;;;;;;https://www.google.com/maps/search/?api=1&query=Atrami%20Thrift%20Shop&query_place_id=ChIJc0nyiTXpaC4RuZF5ILmkAgg;Toko Pakaian;;;;;;;
Rima Baju Anak & Keluarga;4.4;26;Jl. Golf Bar. XIII No.11;Kota Bandung;Jawa Barat;ID;;+62 895-3016-8906;Toko Pakaian;;;;;;;;;;https://www.google.com/maps/search/?api=1&query=Rima%20Baju%20Anak%20%26%20Keluarga&query_place_id=ChIJB8ZYmVfdaC4Ro7Hrq3kJAhw;Toko Pakaian;;;;;;;
Unknown Cloth Sablon Satuan;5;42;Jl. Bima No.54;Kota Bandung;Jawa Barat;ID;https://wa.link/xpmcq1;+62 813-9459-6563;Toko Kaos;Toko Kaos Custom;;;;;;;;;https://www.google.com/maps/search/?api=1&query=Unknown%20Cloth%20Sablon%20Satuan&query_place_id=ChIJhZfFpLbnaC4Roir1GF-yjlM;Toko Kaos;;;;;;;
Cititex Kopo Bandung (Kaos Polos dan Sablon Satuan - Partai Besar);4.9;117;Jl. Raya Kopo No.102;Kota Bandung;Jawa Barat;ID;https://cititex.com/;+62 813-1234-9984;Toko Pakaian;;;;;;;;;;https://www.google.com/maps/search/?api=1&query=Cititex%20Kopo%20Bandung%20(Kaos%20Polos%20dan%20Sablon%20Satuan%20-%20Partai%20Besar)&query_place_id=ChIJjyThIJzpaC4RjlVyIQgJnCY;Toko Pakaian;;;;;;;
Pasar Lilin;4.5;329;Jl. Astana Anyar No.299;Kota Bandung;Jawa Barat;ID;;+62 877-4579-3990;Pusat Perbelanjaan;;;;;;;;;;https://www.google.com/maps/search/?api=1&query=Pasar%20Lilin&query_place_id=ChIJl5LIaZnoaC4RU0CwxYWhdbU;Pusat Perbelanjaan;;;;;;;
Babe Andri Jaya closet;5;18;depan gereja mesias, Jl. Pagarsih No.369;Kota Bandung;Jawa Barat;ID;;+62 813-2166-0982;Toko Barang Bekas;;;;;;;;;;https://www.google.com/maps/search/?api=1&query=Babe%20Andri%20Jaya%20closet&query_place_id=ChIJKyY5nfHnaC4Rp7jzVCykzH0;Toko Barang Bekas;;;;;;;
Ghif Thrifting Gallery;;;Jl. Moch.toha Gg. Cisereuh VIII No.84A/202B 08/03;Kota Bandung;Jawa Barat;ID;;+62 888-2099-677;Toko Pakaian Bekas;;;;;;;;;;https://www.google.com/maps/search/?api=1&query=Ghif%20Thrifting%20Gallery&query_place_id=ChIJ7TZQRfbpaC4R0z2rMLanOms;Toko Pakaian Bekas;;;;;;;
Mat Angin Thrift Shop;4.6;7;Jl. Udawa No.18;Kota Bandung;Jawa Barat;ID;https://matangin.com/;+62 822-2020-1859;Layanan Distribusi;Toko Alat Kecantikan;Butik;Toko Gaun;Toko Aksesori Pakaian;Toko;Grosir;;;;https://www.google.com/maps/search/?api=1&query=Mat%20Angin%20Thrift%20Shop&query_place_id=ChIJCcS9mhTmaC4ReE3dib5w4e8;Layanan Distribusi;;;;;;;
Oh my thrift;5;1;Jl. Asmi No.112;Kota Bandung;Jawa Barat;ID;;;Toko Pakaian Bekas;;;;;;;;;;https://www.google.com/maps/search/?api=1&query=Oh%20my%20thrift&query_place_id=ChIJN6vxGAHpaC4Rg7ARtnTA4_o;Toko Pakaian Bekas;;;;;;;
Okanta Thrift Shop;5;4;Jl. Pajajaran, Gg. Merdekalio II No.99b;Kota Bandung;Jawa Barat;ID;https://lynk.id/okantashop;+62 822-1498-9601;Toko Pakaian Bekas;;;;;;;;;;https://www.google.com/maps/search/?api=1&query=Okanta%20Thrift%20Shop&query_place_id=ChIJ-WVLb5rnaC4R27Lh3IoOPqo;Toko Pakaian Bekas;;;;;;;
TryThrift;5;3;Jl. Babakan Ciamis No.mor 5;Kota Bandung;Jawa Barat;ID;;;Toko Pakaian Bekas;;;;;;;;;;https://www.google.com/maps/search/?api=1&query=TryThrift&query_place_id=ChIJLfM-2LjnaC4RBACm4mfWu0E;Toko Pakaian Bekas;;;;;;;
Raqilla BabyShop;4.7;13;Jl. Btr IV No.9;Kota Bandung;Jawa Barat;ID;http://shopee.co.id/raqillababyshop;+62 813-2111-1187;Toko Pakaian Anak;Toko Pakaian Bayi;Toko Pakaian;Toko Sepatu;;;;;;;https://www.google.com/maps/search/?api=1&query=Raqilla%20BabyShop&query_place_id=ChIJW-Zy_DbdaC4RbX9n9tVA7HE;Toko Pakaian Anak;;;;;;;
Suzanna baby shop Bandung;4;80;Jl. Lembong No.12 14, RT.16/RW.18;Kota Bandung;Jawa Barat;ID;;+62 813-8118-8833;Toko Perlengkapan Bayi;;;;;;;;;;https://www.google.com/maps/search/?api=1&query=Suzanna%20baby%20shop%20Bandung&query_place_id=ChIJGXfuAaLnaC4RgMYafyjEcF8;Toko Perlengkapan Bayi;;;;;;;
Javakids store;5;1;Pasar andir trade center lantai 2 blok A, Jl. Waringin No.1 Lt.2 Blok.N;Kota Bandung;Jawa Barat;ID;;+62 877-3770-3880;Toko Pakaian Anak;;;;;;;;;;https://www.google.com/maps/search/?api=1&query=Javakids%20store&query_place_id=ChIJi2d6TqjnaC4RmiK-zw-9i1M;Toko Pakaian Anak;;;;;;;
Ciku Ciku Baby Shop Ternate 1;5;1256;Jl. Ternate No.1;Kota Bandung;Jawa Barat;ID;http://shopee.co.id/nicolebabyhouse;+62 896-5422-9031;Toko Perlengkapan Bayi;;;;;;;;;;https://www.google.com/maps/search/?api=1&query=Ciku%20Ciku%20Baby%20Shop%20Ternate%201&query_place_id=ChIJ4crJ1E7naC4R61xq2y43CO0;Toko Perlengkapan Bayi;;;;;;;
Chicco Indonesia;4.8;5;23 Paskal Level 3 Jalan Pasir Kaliki No. 25-27, Kebon Jeruk, Andir, Kota Bandung, Jawa Ba;Kota Bandung;Jawa Barat;ID;;+62 22 20569059;Toko Perlengkapan Bayi;Toko Pakaian Bayi;Toko Pakaian Anak;Toko Mainan;;;;;;;https://www.google.com/maps/search/?api=1&query=Chicco%20Indonesia&query_place_id=ChIJtcc7-RbmaC4RcZ9IrnY9JPY;Toko Perlengkapan Bayi;;;;;;;
Indokids Baby Shop (Terlengkap) Margacinta;4.8;55;Jl. Margacinta No.220;Kota Bandung;Jawa Barat;ID;http://www.indokids.co.id/;+62 822-6000-0728;Toko Perlengkapan Bayi;Toko Pakaian Bayi;Toko Mainan;;;;;;;;https://www.google.com/maps/search/?api=1&query=Indokids%20Baby%20Shop%20(Terlengkap)%20Margacinta&query_place_id=ChIJVbXkLzroaC4Rtcc-mS2iXk4;Toko Perlengkapan Bayi;;;;;;;
SERAGAM BATIK;4.7;3;3JMF+H55, Jl. Gudang Utara;Kota Bandung;Jawa Barat;ID;;+62 22 4221871;Toko pakaian batik;Produsen;;;;;;;;;https://www.google.com/maps/search/?api=1&query=SERAGAM%20BATIK&query_place_id=ChIJQ1_nP83naC4Rkx9O3TzYiJc;Toko pakaian batik;;;;;;;
Little Voyagers;5;3;Jl. Gemini No.3;Kota Bandung;Jawa Barat;ID;;+62 821-3055-0972;Toko Pakaian Anak;;;;;;;;;;https://www.google.com/maps/search/?api=1&query=Little%20Voyagers&query_place_id=ChIJQ2L6nkrpaC4R6C0OFNnAGrs;Toko Pakaian Anak;;;;;;;
Toko WK;4.3;686;Jl. Otto Iskandar Dinata No.171;Kota Bandung;Jawa Barat;ID;https://linktr.ee/WKBandung;+62 895-3755-09888;Toko Peralatan Jahit;Toko Perlengkapan Kesenian;;;;;;;;;https://www.google.com/maps/search/?api=1&query=Toko%20WK&query_place_id=ChIJEfRafyTmaC4ROmv9AzeeIjM;Toko Peralatan Jahit;;;;;;;
Konveksi Seragam - Pronesia;;;Bengrah III, Jl. Gudang Utara TNI AD No.27;Kota Bandung;Jawa Barat;ID;http://konveksipakaianseragam.com/;+62 812-1449-5459;Toko Pakaian Seragam;;;;;;;;;;https://www.google.com/maps/search/?api=1&query=Konveksi%20Seragam%20-%20Pronesia&query_place_id=ChIJh-z6HCHnaC4R5eZZXWDiFyQ;Toko Pakaian Seragam;;;;;;;
Konveksi Jahit Bandung - SEW BAKERS by CV PEGASUS SURYASETIA;5;8;Jl. Karang Tengah Barat No.18;Kota Bandung;Jawa Barat;ID;;+62 878-2577-7678;Pemasok Pakaian;;;;;;;;;;https://www.google.com/maps/search/?api=1&query=Konveksi%20Jahit%20Bandung%20-%20SEW%20BAKERS%20by%20CV%20PEGASUS%20SURYASETIA&query_place_id=ChIJFdWB3QHnaC4RWDM4UY-ZkTQ;Pemasok Pakaian;;;;;;;
Kids ID - Grosir Baju Anak Branded Murah;5;1;Jl. Merdeka No.56;Kota Bandung;Jawa Barat;ID;;+62 838-2229-6919;Toko Pakaian;;;;;;;;;;https://www.google.com/maps/search/?api=1&query=Kids%20ID%20-%20Grosir%20Baju%20Anak%20Branded%20Murah&query_place_id=ChIJecFu837naC4REF-89qeM2-I;Toko Pakaian;;;;;;;
SYAKIILA KONVEKSI BANDUNG;;;Jl. Pasir Kaliki Barat No.08A, RT.07/RW.15;Kota Bandung;Jawa Barat;ID;http://syakiilakonveksibandung.com/;+62 813-9441-6148;Produsen pakaian dan kain;;;;;;;;;;https://www.google.com/maps/search/?api=1&query=SYAKIILA%20KONVEKSI%20BANDUNG&query_place_id=ChIJo5uWgz3maC4RQVrqK_uvUdI;Produsen pakaian dan kain;;;;;;;
PT. Progressio Indonesia;3.9;32;Masuk lewat Bengrah III TNI AD, Jl. Gudang Utara No.27;Kota Bandung;Jawa Barat;ID;http://www.pronesia.co.id/;+62 812-1449-5459;Pusat Bisnis;Kontraktor;Produsen;;;;;;;;https://www.google.com/maps/search/?api=1&query=PT.%20Progressio%20Indonesia&query_place_id=ChIJ__8zUsznaC4RHWTRRcX-7qk;Pusat Bisnis;;;;;;;
KONVEKSI BAJU ANAK;4.5;11;Jl. Simpay Asih No.29;Kota Bandung;Jawa Barat;ID;https://grosirbajumurahanakanak.blogspot.com/;+62 812-2269-2132;Toko Pakaian;;;;;;;;;;https://www.google.com/maps/search/?api=1&query=KONVEKSI%20BAJU%20ANAK&query_place_id=ChIJUWjkQDHdaC4RaoKZcxiE8rc;Toko Pakaian;;;;;;;
GARAP KONVEKSI BANDUNG | CUSTOM JAKET; SERAGAM; ROMPI; JERSEY; KAOS DLL;5;111;Jl. Pasir Impun No.19;Kota Bandung;Jawa Barat;ID;http://wa.me/6282117173863;+62 821-1717-3863;Penjahit Pesanan Khusus;Penjahit;;;;;;;;;https://www.google.com/maps/search/?api=1&query=GARAP%20KONVEKSI%20BANDUNG%20%7C%20CUSTOM%20JAKET%2C%20SERAGAM%2C%20ROMPI%2C%20JERSEY%2C%20KAOS%20DLL&query_place_id=ChIJg76La7DdaC4Rpa0U2FzxWXY;Penjahit Pesanan Khusus;;;
Ridho Kids;3.2;5;Pasar Baru Trade Centre, Jl. Otto Iskandar Dinata No.70, Lantai Dasar 1, Blok H No.17;Kota Bandung;Jawa Barat;ID;;+62 821-1546-0337;Toko Pakaian Anak;;;;;;;;;;https://www.google.com/maps/search/?api=1&query=Ridho%20Kids&query_place_id=ChIJW6WeUDvmaC4RzrMO4wQghW0;Toko Pakaian Anak;;;;;;;
pabrik konveksi;4.2;12;3JMF+JQ7, Jl. Gudang Utara;Kota Bandung;Jawa Barat;ID;http://kaos.co.id/;+62 817-9208-679;Toko Pakaian;;;;;;;;;;https://www.google.com/maps/search/?api=1&query=pabrik%20konveksi&query_place_id=ChIJb6kxc3ToaC4Ra-6D3Ydh5o0;Toko Pakaian;;;;;;;
Towa Wear Industries Garment Konveksi;4.8;91;Komplek Pesona Antapani. Jln. Pesona Antapani I no.8 RT09/RW03 Kel;Kota Bandung;Jawa Barat;ID;https://towamatano.co.id/;+62 813-2480-0858;Pemasok Pakaian;Tukang Jahit;Toko Pakaian;Toko Kaos Custom;Jasa Bordir;Eksportir garmen;Grosir;;;;https://www.google.com/maps/search/?api=1&query=Towa%20Wear%20Industries%20Garment%20Konveksi&query_place_id=ChIJw3xrmLbnaC4R7mMMGZJAbIU;Pemasok Pakaian;;;;;;;
Konveksi Bandung Murah Berkualitas Jawara | Atteso Konveksi;5;25;Jl. Cisitu Indah V No.13;Kota Bandung;Jawa Barat;ID;https://attesokonveksi.com/;+62 812-1255-9055;Toko Pakaian;;;;;;;;;;https://www.google.com/maps/search/?api=1&query=Konveksi%20Bandung%20Murah%20Berkualitas%20Jawara%20%7C%20Atteso%20Konveksi&query_place_id=ChIJByFY9WDnaC4ROaTKDfpx4wo;Toko Pakaian;;;;;;;
REMENDOR | Pabrik Vendor Konveksi;4.2;5;Jl. Aki Padma Gg.Bahkubi No.45, RT.04/RW.08;Kota Bandung;Jawa Barat;ID;https://remendor.co.id/;+62 851-8577-0298;Produsen pakaian dan kain;Produsen suvenir;;;;;;;;;https://www.google.com/maps/search/?api=1&query=REMENDOR%20%7C%20Pabrik%20Vendor%20Konveksi&query_place_id=ChIJDUtUpATpaC4RpzUTVswdfws;Produsen pakaian dan kain;;;;;;;
TwoTigersThrift;;;Jl. Sawah Kurung No.12;Kota Bandung;Jawa Barat;ID;;+62 878-2303-6800;Toko Barang Bekas;;;;;;;;;;https://www.google.com/maps/search/?api=1&query=TwoTigersThrift&query_place_id=ChIJh6SwIdHpaC4Rz4TToOV_iJg;Toko Barang Bekas;;;;;;;
Konveksi Produksi Seragam; Jaket dan Kaos Cendana;5;35;Jl. Surapati No.92A;Kota Bandung;Jawa Barat;ID;;+62 811-2109-991;Penjahit Pesanan Khusus;;;;;;;;;;https://www.google.com/maps/search/?api=1&query=Konveksi%20Produksi%20Seragam%2C%20Jaket%20dan%20Kaos%20Cendana&query_place_id=ChIJR8ddhWjnaC4RDv6LPZMar6E;Penjahit Pesanan Khusus;;;;;;
Greens Production Garment Konveksi Baju Sablon Bandung;4.9;567;Jl. Buana Sari IV No.14;Kota Bandung;Jawa Barat;ID;https://greensproduction.com/;+62 813-1399-9099;Toko Pakaian;Pemasok Pakaian;Toko Percetakan;;;;;;;;https://www.google.com/maps/search/?api=1&query=Greens%20Production%20Garment%20Konveksi%20Baju%20Sablon%20Bandung&query_place_id=ChIJ1RGKnzfoaC4RFxsUZ36dUeY;Toko Pakaian;;;;;;;
Konveksi Bandung 80;4.8;23;Sukamiskin,Jalan Pasir Impun Komplek bukit Padjajaran no 80 Bandung timur;Kabupaten Bandung;Jawa Barat;ID;http://www.gildanbdg.yukbisnis.com/;+62 822-1891-6046;Kantor Perusahaan;;;;;;;;;;https://www.google.com/maps/search/?api=1&query=Konveksi%20Bandung%2080&query_place_id=ChIJWWtQpHvdaC4RQaEVHbgWpnc;Kantor Perusahaan;;;;;;;
Konveksi Bagus Bandung;4.8;54;Jl. Babakan Baru No.177 A, RT.06/RW.08;Kota Bandung;Jawa Barat;ID;;+62 858-6435-5113;Toko Pakaian;;;;;;;;;;https://www.google.com/maps/search/?api=1&query=Konveksi%20Bagus%20Bandung&query_place_id=ChIJMfaY0pnnaC4R2Huhsxa7JeM;Toko Pakaian;;;;;;;
Jual Grosir Kaos Anak Karakter Murah - Kartoon Kids Wear;4.9;17;Jl. Riung Bandung Raya Jl. Riung Mungpulung 2 No.26;Kota Bandung;Jawa Barat;ID;;+62 896-4840-8131;Toko Pakaian Anak;;;;;;;;;;https://www.google.com/maps/search/?api=1&query=Jual%20Grosir%20Kaos%20Anak%20Karakter%20Murah%20-%20Kartoon%20Kids%20Wear&query_place_id=ChIJnXvjRhbDaC4RuCS4QqVp9Lc;Toko Pakaian Anak;;;;;;;
Konveksi Bandung Garuda Project;4.3;123;Jl. Margacinta Jl. Ciwastra No.82a;Kota Bandung;Jawa Barat;ID;https://garuda-project.com/garuda-project-konveksi/;+62 888-2882-666;Toko Pakaian Seragam;Toko Pakaian;Jasa Bordir;Penjahit Khusus Pakaian Pria;Toko Pakaian Luar;Produsen Pakaian Olahraga;Penjahit;;;;https://www.google.com/maps/search/?api=1&query=Konveksi%20Bandung%20Garuda%20Project&query_place_id=ChIJxzOxc9PpaC4RM5Ta3zlCwlw;Toko Pakaian Seragam;;;;;;;
AMAZON KONVEKSI BANDUNG;4.7;102;Jl. Surapati No.113;Kota Bandung;Jawa Barat;ID;http://www.amazonkonveksi.com/;+62 812-2135-042;Toko Pakaian;Tukang Jahit;Toko Kaos Custom;Produsen Pakan;Toko Topi;Toko Pakaian Pria;Produsen Pakaian Olahraga;Toko Pakaian Kerja;;;https://www.google.com/maps/search/?api=1&query=AMAZON%20KONVEKSI%20BANDUNG&query_place_id=ChIJoVoTTbLnaC4RSq6P6CnF92k;Toko Pakaian;;;;;;;
Konveksi Di Bandung;5;1;Jl. Holis, RT.005/RW.003;Kota Bandung;Jawa Barat;ID;;+62 813-7373-2133;Pasar pakaian;Produsen;;;;;;;;;https://www.google.com/maps/search/?api=1&query=Konveksi%20Di%20Bandung&query_place_id=ChIJM-W4VgDvaC4RCCFLuhmYZUg;Pasar pakaian;;;;;;;
GOLDEN RIVER KONVEKSI;5;148;Jl. Sekepanjang 1 No.68;Kota Bandung;Jawa Barat;ID;https://konveksigoldenriver.com/;+62 812-2120-2970;Pemasok Pakaian;Produsen pakaian dan kain;Toko Kaos Custom;Jasa Bordir;Produsen;Produsen Pakaian Olahraga;Toko Pakaian Seragam;;;;https://www.google.com/maps/search/?api=1&query=GOLDEN%20RIVER%20KONVEKSI&query_place_id=ChIJVVVVVbjnaC4RK-g0B86LUDM;Pemasok Pakaian;;;;;;;
Dza2kidshop Grosir Branded;4.7;3;Jl. Kusuma No.4a;Kota Bandung;Jawa Barat;ID;;+62 818-0433-7893;Toko Pakaian Anak;;;;;;;;;;https://www.google.com/maps/search/?api=1&query=Dza2kidshop%20Grosir%20Branded&query_place_id=ChIJXTdM1cTpaC4RIldeMqTn_80;Toko Pakaian Anak;;;;;;;
toko baju anak bandung;4;1;Jl. Babakan Sari No.21, RT.01/RW.14;Kota Bandung;Jawa Barat;ID;;+62 858-6306-3455;Toko Pakaian Anak;;;;;;;;;;https://www.google.com/maps/search/?api=1&query=toko%20baju%20anak%20bandung&query_place_id=ChIJv7D_rr_naC4RV37cDNAzQsE;Toko Pakaian Anak;;;;;;;
Modesale;4.7;7;Jl. Veteran No.42;Kota Bandung;Jawa Barat;ID;;+62 22 4206567;Toko Pakaian Anak;;;;;;;;;;https://www.google.com/maps/search/?api=1&query=Modesale&query_place_id=ChIJ84ajdy7maC4RBjdqXE_CF4k;Toko Pakaian Anak;;;;;;;
KAL BABY STORE;5;132;Bumi Adipura, Perumahan, Jl. Adi Flora Raya Ruko Utara No.2;Kota Bandung;Jawa Barat;ID;;+62 811-2432-909;Toko Pakaian Anak;Toko Pakaian;;;;;;;;;https://www.google.com/maps/search/?api=1&query=KAL%20BABY%20STORE&query_place_id=ChIJV5JvWwDDaC4Rhi9FKnVmSbc;Toko Pakaian Anak;;;;;;;
ANALOGKLASIK (Vintage Thrift Shop);5;347;Jl. Pasundan No.2;Kota Bandung;Jawa Barat;ID;https://www.instagram.com/analogklasik/;+62 851-2470-0807;Toko Busana Vintage;Toko Pakaian;;;;;;;;;https://www.google.com/maps/search/?api=1&query=ANALOGKLASIK%20(Vintage%20Thrift%20Shop)&query_place_id=ChIJDzKa3LXpaC4RpmCVcijA4VA;Toko Busana Vintage;;;;;;;
Rifani Baby Wear;4.9;11;Jl. Sekelimus Utara No.25;Kota Bandung;Jawa Barat;ID;;+62 812-2014-9428;Toko Perlengkapan Bayi;;;;;;;;;;https://www.google.com/maps/search/?api=1&query=Rifani%20Baby%20Wear&query_place_id=ChIJCSuSG0LoaC4RjkRfsFhf48g;Toko Perlengkapan Bayi;;;;;;;
thrift;;;Graha Nuansa Hijau Cidahu No.a12;Kota Bandung;Jawa Barat;ID;;+62 811-2271-183;Toko Barang Bekas;;;;;;;;;;https://www.google.com/maps/search/?api=1&query=thrift&query_place_id=ChIJdYe7QUznaC4Ri6rpY-tPp6M;Toko Barang Bekas;;;;;;;
Mivi Baby Shop;4.2;138;Jl. Prof. Eyckman No.17;Kota Bandung;Jawa Barat;ID;;+62 22 2037400;Toko Pakaian Bayi;Toko Perlengkapan Bayi;Toko Aksesori Pakaian;;;;;;;;https://www.google.com/maps/search/?api=1&query=Mivi%20Baby%20Shop&query_place_id=ChIJu6XuHl3maC4RjO7-gkzQegY;Toko Pakaian Bayi;;;;;;;
Kuokabasic;5;27;Jl. Garu Raya No.47b;Kota Bandung;Jawa Barat;ID;https://shopee.co.id/kuokabasic;+62 852-1699-2266;Toko Pakaian Anak;;;;;;;;;;https://www.google.com/maps/search/?api=1&query=Kuokabasic&query_place_id=ChIJYUYgRR_naC4R5LFoFkkr-mI;Toko Pakaian Anak;;;;;;;
Lavie Baby House;4.5;2008;Jl. Imam Bonjol No.6;Kota Bandung;Jawa Barat;ID;http://www.laviebabyhouse.com/;+62 22 2504905;Toko Perlengkapan Bayi;Toko Pakaian Bayi;Toko Pakaian Anak;Toko Mebel Anak;Toko Pakaian;Toko Perlengkapan Rumah;Toko Ibu Hamil;Toko Mainan;;;https://www.google.com/maps/search/?api=1&query=Lavie%20Baby%20House&query_place_id=ChIJM9JiW1HmaC4Rnamwv7JCRtQ;Toko Perlengkapan Bayi;;;;;;;
PRODUSEN BAJU ANAK | VJ KIDSWEAR | BANDUNG;4.8;6;Komplek Sapta Taruna PU Blok C194 RT.008/008;Kota Bandung;Jawa Barat;ID;https://shopee.co.id/vj_kidswear;+62 821-1757-0605;Toko Pakaian Anak;;;;;;;;;;https://www.google.com/maps/search/?api=1&query=PRODUSEN%20BAJU%20ANAK%20%7C%20VJ%20KIDSWEAR%20%7C%20BANDUNG&query_place_id=ChIJ4aSmTsPpaC4RQLChioE60Uo;Toko Pakaian Anak;;;;;;;
Ganakal Baby & Kids;5;17;Metro Indah Mall Blok F2 Ruko, Jl. MTC Barat Jl. Soekarno-Hatta;Kota Bandung;Jawa Barat;ID;https://www.instagram.com/ganakalofficial?igsh=MTF2Zmp2c2oyZmJ4ZQ==;+62 895-2707-0830;Toko Pakaian Anak;;;;;;;;;;https://www.google.com/maps/search/?api=1&query=Ganakal%20Baby%20%26%20Kids&query_place_id=ChIJYR6oF4PpaC4RPCY-9lwu3Io;Toko Pakaian Anak;;;;;;;
Best Care;4.4;30;Jl. Kemuning No.23;Kota Bandung;Jawa Barat;ID;;+62 22 7273417;Toko Pakaian Anak;;;;;;;;;;https://www.google.com/maps/search/?api=1&query=Best%20Care&query_place_id=ChIJW2Hdb87naC4RKqB7XfYMuY0;Toko Pakaian Anak;;;;;;;
Toko Sukses Bandung;4.3;99;Jl. Moch. Toha No.11;Kota Bandung;Jawa Barat;ID;https://suksesbandung.com/;+62 22 5204556;Grosir pakaian;Toko Pakaian Bayi;Toko Pakaian Anak;Toko Pakaian Dalam;;;;;;;https://www.google.com/maps/search/?api=1&query=Toko%20Sukses%20Bandung&query_place_id=ChIJebUffJ3oaC4R_GIA92slG80;Grosir pakaian;;;;;;;
Produksi Tas Indonesia;4.9;70;Jl. Leuwisari V No.190;Kota Bandung;Jawa Barat;ID;;+62 813-2010-0439;Produsen;;;;;;;;;;https://www.google.com/maps/search/?api=1&query=Produksi%20Tas%20Indonesia&query_place_id=ChIJebfZZ1bpaC4RwkgkdT9dlxg;Produsen;;;;;;;
Superkidscloth Official Store;5;15;Havana Park AB 9;Kota Bandung;Jawa Barat;ID;https://www.instagram.com/superkidscloth/?hl=id;+62 813-1997-7718;Toko Pakaian;;;;;;;;;;https://www.google.com/maps/search/?api=1&query=Superkidscloth%20Official%20Store&query_place_id=ChIJN9GRmXHpaC4RtDb71ia0RNg;Toko Pakaian;;;;;;;
Triple kids baby and kid's branded collections (grosir);4.5;20;Jl. Cibatu Raya No.49;Kota Bandung;Jawa Barat;ID;http://www.instagram.com/triplekidsgrosir;+62 878-7441-6035;Toko Pakaian Bayi;;;;;;;;;;https://www.google.com/maps/search/?api=1&query=Triple%20kids%20baby%20and%20kid's%20branded%20collections%20(grosir)&query_place_id=ChIJyf6IbA_oaC4Ros0wyppWerM;Toko Pakaian Bayi;;;;;;;
Fluffy Baby Wear;4.6;27;Jl. Kopo Jaya I;Kota Bandung;Jawa Barat;ID;http://www.babyfluffy.com/;+62 812-2358-886;Toko Pakaian Bayi;;;;;;;;;;https://www.google.com/maps/search/?api=1&query=Fluffy%20Baby%20Wear&query_place_id=ChIJ1xAIepHoaC4Rjrp2FqMWZdc;Toko Pakaian Bayi;;;;;;;
Anakecil Factory Outlet;4.5;1747;Jalan Hayam wuruk No.32 Citarum Bandung Wetan;Kota Bandung;Jawa Barat;ID;;+62 22 4203413;Toko Pakaian Anak;;;;;;;;;;https://www.google.com/maps/search/?api=1&query=Anakecil%20Factory%20Outlet&query_place_id=ChIJdwXxC0vmaC4R29VRy9j4SJ8;Toko Pakaian Anak;;;;;;;
Holly Baby Shop Batununggal;4.8;562;Jl. Batununggal Indah Raya No.170;Kota Bandung;Jawa Barat;ID;http://instagram.com/hollybabyshopp/;+62 895-3461-56546;Toko Perlengkapan Bayi;;;;;;;;;;https://www.google.com/maps/search/?api=1&query=Holly%20Baby%20Shop%20Batununggal&query_place_id=ChIJ4dTxSVTpaC4Rj1lWWQbs05M;Toko Perlengkapan Bayi;;;;;;;
Kidzclusive;4.2;22;Jl. Indramayu VI No.7;Kota Bandung;Jawa Barat;ID;;+62 856-5903-0303;Toko Pakaian Anak;;;;;;;;;;https://www.google.com/maps/search/?api=1&query=Kidzclusive&query_place_id=ChIJT5vkbLrnaC4Rtjfm0S7-Wbk;Toko Pakaian Anak;;;;;;;
Konveksi Termurah Bandung - Dezperado;5;22;Jl. Surapati No.161a, RT.07/RW.09;Kota Bandung;Jawa Barat;ID;;+62 878-2580-1497;Toko Pakaian;;;;;;;;;;https://www.google.com/maps/search/?api=1&query=Konveksi%20Termurah%20Bandung%20-%20Dezperado&query_place_id=ChIJhf7WyMbnaC4RY_aLt75SyOU;Toko Pakaian;;;;;;;
Zaeni Konveksi Bandung ( konveksi cepat & berkualitas );5;211;Jl. Babakan Baru No.177, RT.06/RW.08;Kota Bandung;Jawa Barat;ID;https://www.zaenikonveksibandung.com/;+62 813-9457-3570;Perusahaan jahit;Toko Pakaian;Toko Pakaian Seragam;;;;;;;;https://www.google.com/maps/search/?api=1&query=Zaeni%20Konveksi%20Bandung%20(%20konveksi%20cepat%20%26%20berkualitas%20)&query_place_id=ChIJfT7cJBrnaC4RwKuwJstFXYk;Perusahaan jahit;;;;;;;
EasyWare Electronics;4.5;205;Jalan Ahmad Yani. 238 Jaya Plaza, Lantai Dasar Blok F 02-03;Kota Bandung;Jawa Barat;ID;;+62 899-0862-025;Toko Elektronik;;;;;;;;;;https://www.google.com/maps/search/?api=1&query=EasyWare%20Electronics&query_place_id=ChIJv9jpD9LnaC4Rs30zeSJN3OM;Toko Elektronik;;;;;;;
Toys Kingdom Dago Bandung;4.7;115;Mall, Jl. Dago Jl. Ir. H. Juanda No.61-63;Kota Bandung;Jawa Barat;ID;http://toyskingdom.co.id/;+62 851-7686-7323;Toko Mainan;;;;;;;;;;https://www.google.com/maps/search/?api=1&query=Toys%20Kingdom%20Dago%20Bandung&query_place_id=ChIJWT9JuYznaC4R9cVfreRjVLc;Toko Mainan;;;;;;;
Toko Sepatu LOKAL KODACHI;5;10;Jl. Pasir Salam Raya II No.32;Kota Bandung;Jawa Barat;ID;;+62 895-1416-9374;Toko Sepatu;;;;;;;;;;https://www.google.com/maps/search/?api=1&query=Toko%20Sepatu%20LOKAL%20KODACHI&query_place_id=ChIJ7fUX6JbpaC4R4_UquINaQBc;Toko Sepatu;;;;;;;
PD Hayo Jaya;4.5;6;Jl. Arjuna No.Blok 70/6;Kota Bandung;Jawa Barat;ID;;+62 22 6019178;Toko Pakaian Seragam;;;;;;;;;;https://www.google.com/maps/search/?api=1&query=PD%20Hayo%20Jaya&query_place_id=ChIJvxUODBPmaC4R5qkxGOeZKog;Toko Pakaian Seragam;;;;;;;
Barcelona Sport;4.4;2599;Jl. A. Yani No.69;Kota Bandung;Jawa Barat;ID;https://shopee.co.id/barcelonasport;+62 896-1980-6969;Toko Pakaian Olahraga;;;;;;;;;;https://www.google.com/maps/search/?api=1&query=Barcelona%20Sport&query_place_id=ChIJIZHAwizmaC4R1G4XBowkMQU;Toko Pakaian Olahraga;;;;;;;
SOLERAM STORE BANDUNG;5;21;Jl. Laswi No.1;Kota Bandung;Jawa Barat;ID;;;Toko Pakaian Anak;;;;;;;;;;https://www.google.com/maps/search/?api=1&query=SOLERAM%20STORE%20BANDUNG&query_place_id=ChIJPVjjWDHnaC4RiRBbBN3S25c;Toko Pakaian Anak;;;;;;;
Toko ATK;4.3;71;Jl. Wastukencana No.23B;Kota Bandung;Jawa Barat;ID;;+62 22 4239997;Toko Alat Tulis Kantor;Toko Buku;Toko Alat Tulis;Toko;;;;;;;https://www.google.com/maps/search/?api=1&query=Toko%20ATK&query_place_id=ChIJe94_wznmaC4RsFgVrfSLMkY;Toko Alat Tulis Kantor;;;;;;;
Brodo Bandung;4.4;1256;Jl. Lombok No.11;Kota Bandung;Jawa Barat;ID;http://bro.do/;+62 813-1436-686;Toko Sepatu;Toko Pakaian;;;;;;;;;https://www.google.com/maps/search/?api=1&query=Brodo%20Bandung&query_place_id=ChIJ6XZcxTLmaC4RA92JmKyeB2c;Toko Sepatu;;;;;;;
Mainan 2001 Toko;4.6;13;3HHX+888, Jl. Astana Anyar No.46/22D;Kota Bandung;Jawa Barat;ID;;+62 22 4231861;Toko Mainan;;;;;;;;;;https://www.google.com/maps/search/?api=1&query=Mainan%202001%20Toko&query_place_id=ChIJsXcDfhrmaC4Rp5Jnb5M1GNg;Toko Mainan;;;;;;;
Kostum Anak Imut;4.8;76;Jalan Soekarno Hatta No.590, Metro Indah Mall Lt.UG Blok C-30;Kota Bandung;Jawa Barat;ID;https://kostumanakimut.blogspot.com/;+62 821-1503-9788;Toko Pakaian Anak;;;;;;;;;;https://www.google.com/maps/search/?api=1&query=Kostum%20Anak%20Imut&query_place_id=ChIJdyJljBnoaC4Rt7yoSxGEWuE;Toko Pakaian Anak;;;;;;;
Toko buku Anugerah 74 pasar buku palasari Bandung;5;1;Jl. Palasari No.74;Kota Bandung;Jawa Barat;ID;;+62 813-2143-3951;Pasar;;;;;;;;;;https://www.google.com/maps/search/?api=1&query=Toko%20buku%20Anugerah%2074%20pasar%20buku%20palasari%20Bandung&query_place_id=ChIJRfxMwgnpaC4RfnnWrDPs2pc;Pasar;;;;;;;
Hellena Shoes;4.8;20;Jl. Cibaduyut No.95;Kota Bandung;Jawa Barat;ID;;+62 812-2288-8130;Toko Sepatu;;;;;;;;;;https://www.google.com/maps/search/?api=1&query=Hellena%20Shoes&query_place_id=ChIJ2yLE68DoaC4RTsKmv28K2DI;Toko Sepatu;;;;;;;
Toko Mainan anak kopo toko boy;3.8;40;Jl. Raya Kopo No.632, RW.06;Kota Bandung;Jawa Barat;ID;;+62 811-1632-998;Toko;;;;;;;;;;https://www.google.com/maps/search/?api=1&query=Toko%20Mainan%20anak%20kopo%20toko%20boy&query_place_id=ChIJieiScgDpaC4RSEl3_rxK5Nw;Toko;;;;;;;
Yen's Baby & Kid Shop;4.6;3372;Jl. Dr. Setiabudi No.174;Kota Bandung;Jawa Barat;ID;http://www.yens.info/;+62 22 2038536;Toko Pakaian Anak;;;;;;;;;;https://www.google.com/maps/search/?api=1&query=Yen's%20Baby%20%26%20Kid%20Shop&query_place_id=ChIJ8eZWqNXlaC4Rca0AaqeNsq0;Toko Pakaian Anak;;;;;;;
De & Dy;4.9;10;Jl. Cibaduyut No.23;Kota Bandung;Jawa Barat;ID;;+62 22 5403054;Toko Sepatu;;;;;;;;;;https://www.google.com/maps/search/?api=1&query=De%20%26%20Dy&query_place_id=ChIJ6fXEcL_oaC4Rf21Ll9xSEo4;Toko Sepatu;;;;;;;
Raindoz;4.7;35;Jl. Mekarsari No.11;Kota Bandung;Jawa Barat;ID;http://rndz.catenzo.co.id/;+62 895-4127-71444;Toko Pakaian;Toko Tas;Toko Sepatu;;;;;;;;https://www.google.com/maps/search/?api=1&query=Raindoz&query_place_id=ChIJZ9L1YJrpaC4R2nG1_0l_-_M;Toko Pakaian;;;;;;;
Mills Official Store;4.8;76;Jl. Raya Kopo No.303B;Kota Bandung;Jawa Barat;ID;http://mills.co.id/;+62 811-2296-288;Toko Pakaian Olahraga;;;;;;;;;;https://www.google.com/maps/search/?api=1&query=Mills%20Official%20Store&query_place_id=ChIJ49aE5uDpaC4Rpnz8X2WhsUg;Toko Pakaian Olahraga;;;;;;;
Garucci;4.4;132;Jl. Cibaduyut No.63;Kota Bandung;Jawa Barat;ID;;+62 813-2151-0501;Toko;;;;;;;;;;https://www.google.com/maps/search/?api=1&query=Garucci&query_place_id=ChIJARhv3cPoaC4R5V9m0yUsNHc;Toko;;;;;;;
FYC FOOTWEAR FLAGSHIP STORE;4.7;12;Jl. Batununggal Indah I No.52;Kota Bandung;Jawa Barat;ID;https://www.fycfootwear.com/;+62 819-9956-2379;Toko Sepatu;;;;;;;;;;https://www.google.com/maps/search/?api=1&query=FYC%20FOOTWEAR%20FLAGSHIP%20STORE&query_place_id=ChIJ4113NITpaC4RAkkeMryJ5pk;Toko Sepatu;;;;;;;
Exodos57 Store;4.7;73;Jl. K.H. Ahmad Dahlan No.50;Kota Bandung;Jawa Barat;ID;;+62 811-1370-057;Pusat Perbelanjaan;;;;;;;;;;https://www.google.com/maps/search/?api=1&query=Exodos57%20Store&query_place_id=ChIJq6pWQIfoaC4RXaSKoHgs2nI;Pusat Perbelanjaan;;;;;;;
Koku Footwear;4.8;108;Taman Cibaduyut Indah 1, Blk. L No.20, RT.003/RW.011;Kabupaten Bandung;Jawa Barat;ID;http://www.koku.co.id/;+62 813-2185-4111;Grosir alas kaki;Toko Sepatu Boot;Pabrik sepatu;Toko Sepatu;;;;;;;https://www.google.com/maps/search/?api=1&query=Koku%20Footwear&query_place_id=ChIJHckG5OPoaC4RzypB8_r0EY4;Grosir alas kaki;;;;;;;
DSO Bandung (Department Sports Outlet);4.9;11;Jl. Gandapura No.71B, RT.06/RW.06;Kota Bandung;Jawa Barat;ID;https://department.co.id/;+62 812-9250-6962;Toko Sepatu;;;;;;;;;;https://www.google.com/maps/search/?api=1&query=DSO%20Bandung%20(Department%20Sports%20Outlet)&query_place_id=ChIJL6ijy7fnaC4RCLJQ2hKdDBg;Toko Sepatu;;;;;;;
Hoops Indonesia Paskal 23;4.8;267;Jalan Pasir Kaliki No. 25-27, Kebon Jeruk Cicendo, Andir #L2-46;Kota Bandung;Jawa Barat;ID;http://hoopsindonesia.co.id/;+62 858-7106-7757;Toko Sepatu;Toko Pakaian Olahraga;;;;;;;;;https://www.google.com/maps/search/?api=1&query=Hoops%20Indonesia%20Paskal%2023&query_place_id=ChIJmU8HcjDnaC4R88ovNaY153A;Toko Sepatu;;;;;;;
Myrainbow;4.6;9;Jl. Astana Anyar No.36;Kota Bandung;Jawa Barat;ID;https://www.instagram.com/myrainbowbandung/?hl=id;+62 22 6046421;Toko Boneka;;;;;;;;;;https://www.google.com/maps/search/?api=1&query=Myrainbow&query_place_id=ChIJU2h6wCHmaC4RWoRt_SyEk-A;Toko Boneka;;;;;;;
MARQUE.CO - Warehouse / Store;4.5;11;Jl. Mekar Setia I Komplek No.7A;Kota Bandung;Jawa Barat;ID;https://instagram.com/marque.co?igshid=YmMyMTA2M2Y=;+62 823-2033-9103;Toko Sepatu;;;;;;;;;;https://www.google.com/maps/search/?api=1&query=MARQUE.CO%20-%20Warehouse%20%2F%20Store&query_place_id=ChIJI6AuVxLpaC4RMi6jnHCP26I;Toko Sepatu;;;;;;;
Toko Mainan Bandung - YK Toys;4.3;6;Jl. Astana Anyar No.288;Kota Bandung;Jawa Barat;ID;;+62 813-2051-1999;Toko Mainan;;;;;;;;;;https://www.google.com/maps/search/?api=1&query=Toko%20Mainan%20Bandung%20-%20YK%20Toys&query_place_id=ChIJ11lfRQDpaC4RhttzO6foLLs;Toko Mainan;;;;;;;
MACADAMIA LITTLE GLAMZ;4.7;189;Jl. Bahureksa No.12;Kota Bandung;Jawa Barat;ID;https://macadamialittleglamz.com/;+62 812-2048-3200;Toko Pakaian Anak;Toko Tas;;;;;;;;;https://www.google.com/maps/search/?api=1&query=MACADAMIA%20LITTLE%20GLAMZ&query_place_id=ChIJ4bsmmknmaC4RFALugcF9SKE;Toko Pakaian Anak;;;;;;;
Cibaduyut Plaza;4.3;726;Jl. Cibaduyut No.122;Kota Bandung;Jawa Barat;ID;;;Toko Sepatu;;;;;;;;;;https://www.google.com/maps/search/?api=1&query=Cibaduyut%20Plaza&query_place_id=ChIJARhv3cPoaC4Rx_u-7rX5AsM;Toko Sepatu;;;;;;;
Istana Boneka Buah Batu (Isbon);5;780;3J4J+64H, Jl. Buah Batu No.239;Kota Bandung;Jawa Barat;ID;;+62 811-3001-651;Toko Boneka;Layanan Restorasi Boneka;Toko Mainan;;;;;;;;https://www.google.com/maps/search/?api=1&query=Istana%20Boneka%20Buah%20Batu%20(Isbon)&query_place_id=ChIJXex09mboaC4RfJsNZVYVIPI;Toko Boneka;;;;;;;
ShaeShoes - Sandal Sepatu Lokal Cibaduyut;5;1;;Kota Bandung;Jawa Barat;ID;;+62 889-0161-4574;Toko;;;;;;;;;;https://www.google.com/maps/search/?api=1&query=ShaeShoes%20-%20Sandal%20Sepatu%20Lokal%20Cibaduyut&query_place_id=ChIJXz-WO7rpaC4RHAXOYsBoSJM;Toko;;;;;;;
Aneka Grosir;4.4;35;Jalan Leuwi Panjang No.130, Kebon Lega, Bojongloa Kidul;Kota Bandung;Jawa Barat;ID;;+62 813-2021-4424;Toko Mainan;;;;;;;;;;https://www.google.com/maps/search/?api=1&query=Aneka%20Grosir&query_place_id=ChIJScZ9cb7oaC4R9qMfLjz__mM;Toko Mainan;;;;;;;
SPORTS STATION TRUNOJOYO;4.5;2023;RUKO TRUNOJOYO Jl. Trunojoyo No.7;Kota Bandung;Jawa Barat;ID;https://www.sportsstation.id/;+62 22 4241178;Toko Pakaian Olahraga;Toko Sepatu;;;;;;;;;https://www.google.com/maps/search/?api=1&query=SPORTS%20STATION%20TRUNOJOYO&query_place_id=ChIJrelPb0aNaS4RHoVJqWJR_tI;Toko Pakaian Olahraga;;;;;;;
Pakaian Naga;4.7;73;Jln Permata Permai Raya no. 105 RT 008 / 011;Kota Bandung;Jawa Barat;ID;https://naclogarmen.id/;+62 812-7717-7720;Toko Kaos;Toko Kaos Custom;Toko Tekstil;;;;;;;;https://www.google.com/maps/search/?api=1&query=Pakaian%20Naga&query_place_id=ChIJJcs9BxvdaC4RFImAjgCToYk;Toko Kaos;;;;;;;
Cekhas Store;4.8;314;Jl. Solontongan No.2;Kota Bandung;Jawa Barat;ID;;+62 811-2007-0666;Toko;;;;;;;;;;https://www.google.com/maps/search/?api=1&query=Cekhas%20Store&query_place_id=ChIJ05jawkXpaC4Rs6C2vt2Y0qo;Toko;;;;;;;
Borsa Shoes;4.3;36;Jl. Kopo Jaya I No.3;Kota Bandung;Jawa Barat;ID;;;Toko Sepatu;;;;;;;;;;https://www.google.com/maps/search/?api=1&query=Borsa%20Shoes&query_place_id=ChIJy9VQtSnpaC4RCK8nsVy7Wc4;Toko Sepatu;;;;;;;
PABRIK SEPATU BANDUNG PT NIKOLA SAPUTRA INDONESIA;4.9;45;Jalan. Pitaloka Rt.06 rw.02 no.28.Kel.cibaduyut wetan;Kota Bandung;Jawa Barat;ID;https://nikolasaputraindonesia.my.id/;+62 822-2888-9068;Pusat Bisnis;;;;;;;;;;https://www.google.com/maps/search/?api=1&query=PABRIK%20SEPATU%20BANDUNG%20PT%20NIKOLA%20SAPUTRA%20INDONESIA&query_place_id=ChIJlZnwDojpaC4RIRHzZE6lVuw;Pusat Bisnis;;;;;;;
Toko CBA stationery;4.3;72;Jl. Cibadak No.97;Kota Bandung;Jawa Barat;ID;;+62 22 4202721;Toko Alat Tulis;;;;;;;;;;https://www.google.com/maps/search/?api=1&query=Toko%20CBA%20stationery&query_place_id=ChIJ63PPZUbnaC4Rja8t-kNnWBo;Toko Alat Tulis;;;;;;;
Black ID Clothing;4.7;43;Jl. Burangrang No.3;Kota Bandung;Jawa Barat;ID;;+62 812-2020-6060;Toko Pakaian;;;;;;;;;;https://www.google.com/maps/search/?api=1&query=Black%20ID%20Clothing&query_place_id=ChIJ02wf9kjmaC4RCxvfAhryZNQ;Toko Pakaian;;;;;;;
Omuniuum;4.6;319;Jl. Ciumbuleuit No.151 B lt. 2;Kota Bandung;Jawa Barat;ID;;+62 878-2183-6088;Toko Buku;Toko Kaos;;;;;;;;;https://www.google.com/maps/search/?api=1&query=Omuniuum&query_place_id=ChIJL23SPunmaC4R5E9tQtVc3EY;Toko Buku;;;;;;;
Sepatu PDL - Ciarmy;4.5;122;Jl. Cibaduyut Gg. Ma.Meja No.35;Kota Bandung;Jawa Barat;ID;https://www.tokopedia.com/sepatuciarmy;+62 818-0206-0232;Toko Sepatu Boot;;;;;;;;;;https://www.google.com/maps/search/?api=1&query=Sepatu%20PDL%20-%20Ciarmy&query_place_id=ChIJj459pknpaC4R6bGG5mtI1Po;Toko Sepatu Boot;;;;;;;
Toko buku restu group;4.9;13;Pasar buku Palasari TB/59.60, 61, RW.62;Kota Bandung;Jawa Barat;ID;;+62 811-233-812;Toko Buku;;;;;;;;;;https://www.google.com/maps/search/?api=1&query=Toko%20buku%20restu%20group&query_place_id=ChIJcanoIn7oaC4RInQkIE1-xXM;Toko Buku;;;;;;;
Fhundred 500 Store;5;306;Jl. Martanegara No.44;Kota Bandung;Jawa Barat;ID;http://www.fhundred.com/;+62 823-6867-5000;Toko Kaos;;;;;;;;;;https://www.google.com/maps/search/?api=1&query=Fhundred%20500%20Store&query_place_id=ChIJf9nFWg7paC4RXPvMISDqIQ8;Toko Kaos;;;;;;;
Toko Buku Jaya Utama;5;9;Jl. Raya Kopo No.144;Kota Bandung;Jawa Barat;ID;http://bit.ly/2CmJnrL;+62 22 20589045;Toko Alat Tulis;Toko Fotokopi;Grosir alat-alat tulis;;;;;;;;https://www.google.com/maps/search/?api=1&query=Toko%20Buku%20Jaya%20Utama&query_place_id=ChIJzSfWfd3paC4RTHUJy-lucPI;Toko Alat Tulis;;;;;;;
Toko Kita - Buku dan Alat Tulis;4.4;30;Jl. Pajagalan No.28;Kota Bandung;Jawa Barat;ID;;+62 22 4204505;Toko Alat Tulis;;;;;;;;;;https://www.google.com/maps/search/?api=1&query=Toko%20Kita%20-%20Buku%20dan%20Alat%20Tulis&query_place_id=ChIJk7OnqSHmaC4RQ7WauYvhmtU;Toko Alat Tulis;;;;;;;
Starting Lane Running Store Concept (Toko Sepatu Olahraga Lari);5;1189;Paskal 23 (Sebelah Ichiyo Rame, Jl. Pasir Kaliki No.1B;Kota Bandung;Jawa Barat;ID;https://startinglane.co.id/;+62 896-2171-6655;Toko Sepatu;;;;;;;;;;https://www.google.com/maps/search/?api=1&query=Starting%20Lane%20Running%20Store%20Concept%20(Toko%20Sepatu%20Olahraga%20Lari)&query_place_id=ChIJYTWmA_XnaC4RR7lKoaKBI3Y;Toko Sepatu;;;;;;;
Toko grosir alat tulis kantor pasar caringin;3.9;68;Pusat Perdagangan Caringin, Jl. Soekarno-Hatta A2 No 35;Kota Bandung;Jawa Barat;ID;;+62 22 5430754;Toko Alat Tulis Kantor;;;;;;;;;;https://www.google.com/maps/search/?api=1&query=Toko%20grosir%20alat%20tulis%20kantor%20pasar%20caringin&query_place_id=ChIJeeNp57DoaC4Rbp7uyLAqz_g;Toko Alat Tulis Kantor;;;;;;;
greaclogo | Konveksi Kaos & Seragam Bandung;4.9;18;Jl. Malangbong 5 No.48;Kota Bandung;Jawa Barat;ID;http://www.greaclogo.com/;+62 813-1257-7030;Toko Pakaian Seragam;Pemasok Pakaian;Layanan cetak digital;Jasa Bordir;Perusahaan manufaktur produk kain;Toko Sablon;Perusahaan jahit;Produsen Pakaian Olahraga;;;https://www.google.com/maps/search/?api=1&query=greaclogo%20%7C%20Konveksi%20Kaos%20%26%20Seragam%20Bandung&query_place_id=ChIJbeZY5_nnaC4RCfCctjPz5j0;Toko Pakaian Seragam;;;;;;;
Grosir mainan aksesoris;3;2;Jl. Raya Kopo No.378b;Kota Bandung;Jawa Barat;ID;;+62 856-2419-4223;Toko Model Mainan;;;;;;;;;;https://www.google.com/maps/search/?api=1&query=Grosir%20mainan%20aksesoris&query_place_id=ChIJ9TRTELTpaC4RMOnoy97flWQ;Toko Model Mainan;;;;;;;
VendorBaju.com – Konveksi Kaos Promosi & Sablon;4.7;34;Jl. Arcamanik Endah No.B 10;Kota Bandung;Jawa Barat;ID;https://vendorbaju.com/;+62 823-1911-2727;Toko Kaos Custom;Produsen pakaian dan kain;Percetakan Komersial;Penjahit Pesanan Khusus;Toko Sablon;Produsen Pakaian Olahraga;Penjahit;;;;https://www.google.com/maps/search/?api=1&query=VendorBaju.com%20%E2%80%93%20Konveksi%20Kaos%20Promosi%20%26%20Sablon&query_place_id=ChIJyZd1YNbnaC4R2eyA_YR-lUQ;Toko Kaos Custom;;;;;;;
Toko Surya Agung;4.5;77;Jl. Cibadak No.38;Kota Bandung;Jawa Barat;ID;;+62 22 4220271;Toko Alat Tulis;;;;;;;;;;https://www.google.com/maps/search/?api=1&query=Toko%20Surya%20Agung&query_place_id=ChIJYbbegBjmaC4RPRuSse38GYU;Toko Alat Tulis;;;;;;;
IRIS Konveksi;5;115;Jl. Atletik XI No.15;Kota Bandung;Jawa Barat;ID;http://www.iriskonveksi.com/;+62 812-2165-6780;Toko outlet;;;;;;;;;;https://www.google.com/maps/search/?api=1&query=IRIS%20Konveksi&query_place_id=ChIJWel5dG7daC4RTkLOqoiG-lQ;Toko outlet;;;;;;;
Konveksi Bandung - Finest Garment;4.9;131;Jl. Vijayakusuma XVII No.47D;Kota Bandung;Jawa Barat;ID;https://bandung.finest-garment.com/;+62 813-9393-5511;Toko Kaos;;;;;;;;;;https://www.google.com/maps/search/?api=1&query=Konveksi%20Bandung%20-%20Finest%20Garment&query_place_id=ChIJNzpQ5J3daC4Rk74MZgM-5sM;Toko Kaos;;;;;;;
Atlas Records Bandung;4.9;36;Jl. Trunojoyo No.4;Kota Bandung;Jawa Barat;ID;;+62 816-628-658;Toko Piringan Hitam;;;;;;;;;;https://www.google.com/maps/search/?api=1&query=Atlas%20Records%20Bandung&query_place_id=ChIJexGTRRvnaC4RQQT6jkL91W4;Toko Piringan Hitam;;;;;;;
Toko Istana - Alat Tulis Kantor;4.7;26;Jl. Cibadak No.82;Kota Bandung;Jawa Barat;ID;;+62 22 4233554;Toko Alat Tulis;;;;;;;;;;https://www.google.com/maps/search/?api=1&query=Toko%20Istana%20-%20Alat%20Tulis%20Kantor&query_place_id=ChIJSTwAlCPmaC4REDhMOnsjFs4;Toko Alat Tulis;;;;;;;
Jumbo Stationery;4.5;93;Jl. Karapitan No.61;Kota Bandung;Jawa Barat;ID;https://instabio.cc/303081196ymYN;+62 851-1736-1619;Toko Alat Tulis;;;;;;;;;;https://www.google.com/maps/search/?api=1&query=Jumbo%20Stationery&query_place_id=ChIJzTonEyrmaC4R9_RwU8Yalcg;Toko Alat Tulis;;;;;;;
Atk Bandung CV. Niaga Jaya Mulia / CV. Mitra Niaga Abadi;4.5;17;Jl. Ence Azis No.6;Kota Bandung;Jawa Barat;ID;;+62 896-2718-2025;Toko Alat Tulis Kantor;Distributor Kertas;;;;;;;;;https://www.google.com/maps/search/?api=1&query=Atk%20Bandung%20CV.%20Niaga%20Jaya%20Mulia%20%2F%20CV.%20Mitra%20Niaga%20Abadi&query_place_id=ChIJN7UQakXmaC4R1lbP5wxf8Dc;Toko Alat Tulis Kantor;;;;;;;
MR Shoelaces (Tali Kulit & Tali Lilin; Sepatu Handmade Kulit Boots; Sneakers Pria);4.9;7;Jl. Tlk. Buyung Kaler No.17;Kota Bandung;Jawa Barat;ID;https://www.mrshoelaces.com/;+62 22 20576545;Gudang;Toko Sepatu Boot;Pabrik sepatu;;;;;;;;https://www.google.com/maps/search/?api=1&query=MR%20Shoelaces%20(Tali%20Kulit%20%26%20Tali%20Lilin%2C%20Sepatu%20Handmade%20Kulit%20Boots%2C%20Sneakers%20Pria)&query_place_id=ChIJ-f__vxTmaC4RgZnvrUcY1rU;Gudang;;;;;
Anjaya Sejati;4.1;27;Jl. Cibadak No.138;Kota Bandung;Jawa Barat;ID;http://anjayasejati.com/;+62 22 4237111;Toko Alat Tulis Kantor;Toko Alat Tulis;Grosir;;;;;;;;https://www.google.com/maps/search/?api=1&query=Anjaya%20Sejati&query_place_id=ChIJXcu1jCPmaC4RC1Wc8qPn4U4;Toko Alat Tulis Kantor;;;;;;;
Prima ATK;4.4;60;Jl. Cijagra No.19;Kota Bandung;Jawa Barat;ID;;;Toko Alat Tulis Kantor;;;;;;;;;;https://www.google.com/maps/search/?api=1&query=Prima%20ATK&query_place_id=ChIJkZi4NWHoaC4RsMHfBgjGyRo;Toko Alat Tulis Kantor;;;;;;;
ATK CENTER;4.2;133;Jl. Mekar Laksana No.11 C;Kota Bandung;Jawa Barat;ID;;+62 811-2400-389;Toko Alat Tulis Kantor;Toko Alat Tulis;;;;;;;;;https://www.google.com/maps/search/?api=1&query=ATK%20CENTER&query_place_id=ChIJZ1BlDezoaC4R1yUvs7A1HUo;Toko Alat Tulis Kantor;;;;;;;
Sepatu Handmade Cibaduyut;4.5;17;53, Jl. Cibaduyut No.53;Kota Bandung;Jawa Barat;ID;;+62 812-2408-2933;Toko Sepatu;;;;;;;;;;https://www.google.com/maps/search/?api=1&query=Sepatu%20Handmade%20Cibaduyut&query_place_id=ChIJKQEfoz_paC4R_QaWvOpSu9c;Toko Sepatu;;;;;;;
Toko ATK • Sinar Baru;4.6;36;Jl. Cibadak No.33A;Kota Bandung;Jawa Barat;ID;;+62 22 4240232;Toko Alat Tulis;;;;;;;;;;https://www.google.com/maps/search/?api=1&query=Toko%20ATK%20%E2%80%A2%20Sinar%20Baru&query_place_id=ChIJ73vikiPmaC4RLPatFxzcpZQ;Toko Alat Tulis;;;;;;;
Toko Nusantara;4.9;23;Jl. Cibadak No.103;Kota Bandung;Jawa Barat;ID;;+62 22 4207925;Toko Alat Tulis;Toko Buku;Toko Alat Tulis Kantor;Toko Buku & Alat Sekolah;;;;;;;https://www.google.com/maps/search/?api=1&query=Toko%20Nusantara&query_place_id=ChIJ-9BrVxjmaC4Rr_lce_gVcG4;Toko Alat Tulis;;;;;;;
Konveksi Sablon Kaos ZipZip;4.8;41;Perumahan De Marrakesh B5 No 20;Kota Bandung;Jawa Barat;ID;https://zipzip.co.id/;+62 812-2111-1398;Pemasok Pakaian;;;;;;;;;;https://www.google.com/maps/search/?api=1&query=Konveksi%20Sablon%20Kaos%20ZipZip&query_place_id=ChIJiYT2C_XDaC4R63n9JFumobA;Pemasok Pakaian;;;;;;;
Prima Toy's;4.7;14;3H5W+292, Jl. Leuwi Panjang;Kota Bandung;Jawa Barat;ID;;+62 22 70062818;Toko Mainan;;;;;;;;;;https://www.google.com/maps/search/?api=1&query=Prima%20Toy's&query_place_id=ChIJF76EvL3oaC4RrYnddMjiXZE;Toko Mainan;;;;;;;
SDLR Manufacturing Konveksi & Sablon;5;19;Jl. Permata Elok III No.21, RT.004/RW.012;Kota Bandung;Jawa Barat;ID;http://www.instagram.com/sdlr.manufacturing/;+62 877-7888-8748;Pemasok Pakaian;;;;;;;;;;https://www.google.com/maps/search/?api=1&query=SDLR%20Manufacturing%20Konveksi%20%26%20Sablon&query_place_id=ChIJ8XfZzwHoaC4REPMzbOTFhbg;Pemasok Pakaian;;;;;;;
Yabatex Indonesia;3.7;23;Jl. Sindangsari No.168;Kota Bandung;Jawa Barat;ID;https://www.yabatex.com/;+62 821-1782-5049;Kantor Perusahaan;Eksportir garmen;;;;;;;;;https://www.google.com/maps/search/?api=1&query=Yabatex%20Indonesia&query_place_id=ChIJVVQzODjdaC4RCgzksU0jmI4;Kantor Perusahaan;;;;;;;
TORCH - Head Office & Store;4.9;252;Jl. Lembong No.30;Kota Bandung;Jawa Barat;ID;http://www.torch.id/;+62 22 20539523;Toko Alat Tulis Kantor;;;;;;;;;;https://www.google.com/maps/search/?api=1&query=TORCH%20-%20Head%20Office%20%26%20Store&query_place_id=ChIJ-WYsOhLnaC4R3ntZNJ46QAk;Toko Alat Tulis Kantor;;;;;;;
Puskopad Alat Tulis Kantor dan Foto Copy;3.7;3;Jl. Gudang Selatan No.2;Kota Bandung;Jawa Barat;ID;;+62 22 4235185;Toko Fotokopi;Toko Alat Tulis Kantor;;;;;;;;;https://www.google.com/maps/search/?api=1&query=Puskopad%20Alat%20Tulis%20Kantor%20dan%20Foto%20Copy&query_place_id=ChIJrXCaYtLnaC4RFAgaZuCTWnI;Toko Fotokopi;;;;;;;
TOKO ATK NATA ONE;5;2;Jl. Pasir Luyu Utara No.1;Kota Bandung;Jawa Barat;ID;;+62 895-3118-4055;Toko Alat Tulis;;;;;;;;;;https://www.google.com/maps/search/?api=1&query=TOKO%20ATK%20NATA%20ONE&query_place_id=ChIJg8UwHMrpaC4R159dZPfcHkw;Toko Alat Tulis;;;;;;;
Tidar Art & Design Supplies;4.6;280;Jl. Sabang No.71;Kota Bandung;Jawa Barat;ID;;+62 896-8024-0939;Toko Perlengkapan Kesenian;;;;;;;;;;https://www.google.com/maps/search/?api=1&query=Tidar%20Art%20%26%20Design%20Supplies&query_place_id=ChIJDcGxb7XnaC4RqmfK9ShJs4E;Toko Perlengkapan Kesenian;;;;;;;
PD. IDOLA;4.6;22;Jl. Buah Batu No.101;Kota Bandung;Jawa Barat;ID;;+62 22 7310260;Toko Alat Tulis Kantor;;;;;;;;;;https://www.google.com/maps/search/?api=1&query=PD.%20IDOLA&query_place_id=ChIJ5dXG-kXoaC4RF65OgAirCwM;Toko Alat Tulis Kantor;;;;;;;
Toko Asean;4.6;53;Jl. Moch. Toha No.64;Kota Bandung;Jawa Barat;ID;https://www.tokopedia.com/aseanmt64;+62 878-2467-2534;Toko Alat Tulis Kantor;;;;;;;;;;https://www.google.com/maps/search/?api=1&query=Toko%20Asean&query_place_id=ChIJRy1xeproaC4RNYCZ1jIz1vU;Toko Alat Tulis Kantor;;;;;;;
Toko Alat Tulis Kantor Point Samudra;4.3;58;Jalan Merdeka. 62A Samping BIP Citarum Bandung Wetan;Kota Bandung;Jawa Barat;ID;;+62 22 4209808;Toko Alat Tulis;;;;;;;;;;https://www.google.com/maps/search/?api=1&query=Toko%20Alat%20Tulis%20Kantor%20Point%20Samudra&query_place_id=ChIJu-pT4TfmaC4Rp1Y6ugTLSPE;Toko Alat Tulis;;;;;;;
Graha Lukis;4.7;662;Jl. Pajajaran No.18;Kota Bandung;Jawa Barat;ID;https://www.youtube.com/channel/UCCg9YQa0hsamrsdSose1WVg;+62 898-7997-227;Toko Perlengkapan Kesenian;Toko Kerajinan Tangan;Kursus menggambar;;;;;;;;https://www.google.com/maps/search/?api=1&query=Graha%20Lukis&query_place_id=ChIJme6JQSvmaC4R5KEyf7o-RJ0;Toko Perlengkapan Kesenian;;;;;;;
Toko SEMERU;4.7;59;Jl. Maleber Barat Gg. Sejahtera 3 No.231;Kota Bandung;Jawa Barat;ID;http://semerutoko.blogspot.co.id/;+62 22 6033378;Toko Alat Tulis;Toko Fotokopi;Printer Digital;;;;;;;;https://www.google.com/maps/search/?api=1&query=Toko%20SEMERU&query_place_id=ChIJ7eNBVt7laC4ReXypPxwksYM;Toko Alat Tulis;;;;;;;
Toko Sandal Makmur;4.5;151;Jl. Sudirman No.181;Kota Bandung;Jawa Barat;ID;https://www.tokosandalmakmur.com/;+62 877-2237-6588;Grosir;Toko Sepatu Boot;Layanan Distribusi;Toko Sepatu;Toko;Gudang;;;;;https://www.google.com/maps/search/?api=1&query=Toko%20Sandal%20Makmur&query_place_id=ChIJU0MJnSLmaC4RllpLzXp705M;Grosir;;;;;;;
Unity Dept Store;5;3;Jl. Sultan Agung No.11;Kota Bandung;Jawa Barat;ID;https://www.instagram.com/unity_dept?igsh=YTNzaHU4anc5bzln&utm_source=qr;+62 858-9350-8754;Toko Pakaian Pria;;;;;;;;;;https://www.google.com/maps/search/?api=1&query=Unity%20Dept%20Store&query_place_id=ChIJlShRWgDnaC4RGW-8coOxOKA;Toko Pakaian Pria;;;;;;;
Toko Asta;4.3;189;Pusat Perdagangan Caringin, Jl. Soekarno-Hatta B2 No 36;Kota Bandung;Jawa Barat;ID;;+62 857-2196-5322;Toko Alat Tulis Kantor;;;;;;;;;;https://www.google.com/maps/search/?api=1&query=Toko%20Asta&query_place_id=ChIJXVRp3rDoaC4RB9w6unhChUM;Toko Alat Tulis Kantor;;;;;;;
Pd. Serba Makmur;4.1;77;Jl. Cibadak No.23;Kota Bandung;Jawa Barat;ID;http://www.officemate.com/;+62 898-6702-139;Toko Alat Tulis;;;;;;;;;;https://www.google.com/maps/search/?api=1&query=Pd.%20Serba%20Makmur&query_place_id=ChIJafE3jSPmaC4RZO3uYFSzJHU;Toko Alat Tulis;;;;;;;
KONVEKSI LIMA DELAPAN;5;5;Jl. Margaluyu No.42 C;Kota Bandung;Jawa Barat;ID;;+62 895-7045-00666;Toko Pakaian;;;;;;;;;;https://www.google.com/maps/search/?api=1&query=KONVEKSI%20LIMA%20DELAPAN&query_place_id=ChIJLUI62vjpaC4RXo_G9srDLeA;Toko Pakaian;;;;;;;
Konveksi baju murah;4.9;8;3MG5+4HG;Kota Bandung;Jawa Barat;ID;;+62 857-5921-7779;Penjahit;;;;;;;;;;https://www.google.com/maps/search/?api=1&query=Konveksi%20baju%20murah&query_place_id=ChIJcxdFEf3naC4RAXurTEfFnsU;Penjahit;;;;;;;
Stationery Bandung;4.6;34;Jl. Cikawao Dalam I No.35F;Kota Bandung;Jawa Barat;ID;https://stationerybandung.com/;+62 812-1116-1161;Grosir alat-alat tulis;;;;;;;;;;https://www.google.com/maps/search/?api=1&query=Stationery%20Bandung&query_place_id=ChIJkxlB0sTpaC4Rhbp58LnaQtA;Grosir alat-alat tulis;;;;;;;
Pitshop Sport Shoes;4.7;29;3J65+VQF, Jl. BKR;Kota Bandung;Jawa Barat;ID;;+62 813-1028-9206;Toko Sepatu;;;;;;;;;;https://www.google.com/maps/search/?api=1&query=Pitshop%20Sport%20Shoes&query_place_id=ChIJJZiOuproaC4RFPSnErwT7zY;Toko Sepatu;;;;;;;
Sepatu boots AP;4.9;35;Jl. Sudirman;Kota Bandung;Jawa Barat;ID;;+62 895-6060-71054;Toko Sepatu Boot;;;;;;;;;;https://www.google.com/maps/search/?api=1&query=Sepatu%20boots%20AP&query_place_id=ChIJvwSkfz_naC4R057CCIiOXiE;Toko Sepatu Boot;;;;;;;
Glosir Sandal PD HASIL KOPO;4.9;151;Jl. Raya Kopo No.417;Kota Bandung;Jawa Barat;ID;https://www.tiktok.com/@hasil_kopo417;+62 818-0970-1368;Grosir alas kaki;Toko Sepatu Boot;Toko Sepatu;Grosir;;;;;;;https://www.google.com/maps/search/?api=1&query=Glosir%20Sandal%20PD%20HASIL%20KOPO&query_place_id=ChIJU6FbbbjoaC4RBVYUpSgQmFU;Grosir alas kaki;;;;;;;
KONVEKSI SABLON VENDOR KAOS - JERSEY - KEMEJA;4.4;16;graha aura panyileukan No.7;Kota Bandung;Jawa Barat;ID;http://www.instagram.com/wifhycloth/?hl=id;+62 888-6398-985;Toko Kaos Custom;Konversi LPG;Toko Sablon;;;;;;;;https://www.google.com/maps/search/?api=1&query=KONVEKSI%20SABLON%20VENDOR%20KAOS%20-%20JERSEY%20-%20KEMEJA&query_place_id=ChIJ2WXsAD7naC4Rb0mb2hReIY0;Toko Kaos Custom;;;;;;;
PD. Bintang Baru;4.3;57;Jl. Astana Anyar;Kota Bandung;Jawa Barat;ID;http://www.spotec.co.id/;+62 22 6015104;Toko Sepatu;;;;;;;;;;https://www.google.com/maps/search/?api=1&query=PD.%20Bintang%20Baru&query_place_id=ChIJ7RyJgyLmaC4RQG6ziStwOpE;Toko Sepatu;;;;;;;
Toko Trijaya;4.5;296;Jl. Pajagalan No.11;Kota Bandung;Jawa Barat;ID;;+62 22 4240070;Toko Alat Tulis;;;;;;;;;;https://www.google.com/maps/search/?api=1&query=Toko%20Trijaya&query_place_id=ChIJPZvrSiLmaC4RaA4DmG2BAeQ;Toko Alat Tulis;;;;;;;
Mekar Jaya;4.3;39;Jl. Jend. Sudirman No.81;Kota Bandung;Jawa Barat;ID;;+62 22 4233877;Toko Alat Tulis;Pabrik Kertas;;;;;;;;;https://www.google.com/maps/search/?api=1&query=Mekar%20Jaya&query_place_id=ChIJYR0XBiPmaC4R8CGxBKAks6Q;Toko Alat Tulis;;;;;;;
Gow & Gow;4.6;16;Jl. Alkateri No.18;Kota Bandung;Jawa Barat;ID;;+62 22 4237746;Toko Mainan;;;;;;;;;;https://www.google.com/maps/search/?api=1&query=Gow%20%26%20Gow&query_place_id=ChIJGVaMkyTmaC4RiUfjk8cwps0;Toko Mainan;;;;;;;
Kent Safety Shoes (Distributor Resmi Bandung);4.7;33;3HVG+2Q2, Gg. Bakti II;Kota Bandung;Jawa Barat;ID;http://kentshoe.com/;+62 813-2057-8277;Gudang;;;;;;;;;;https://www.google.com/maps/search/?api=1&query=Kent%20Safety%20Shoes%20(Distributor%20Resmi%20Bandung)&query_place_id=ChIJNxgrH3XmaC4R7MFeTXrG5lg;Gudang;;;;;;;
Grosir Mainan Anak.;5;3;Jl. Sudirman No.15;Kota Bandung;Jawa Barat;ID;;;Toko Mainan;;;;;;;;;;https://www.google.com/maps/search/?api=1&query=Grosir%20Mainan%20Anak.&query_place_id=ChIJpdFCgCPmaC4RkxT9l2QhG6M;Toko Mainan;;;;;;;
AdorableProjects;4.9;3877;Laswee Creative Space, Jl. Laswi No.1;Kota Bandung;Jawa Barat;ID;https://adorableprojects.store/profile/;;Toko Sepatu;;;;;;;;;;https://www.google.com/maps/search/?api=1&query=AdorableProjects&query_place_id=ChIJpX11hTjkaC4RCs-1pmcWL5I;Toko Sepatu;;;;;;;
Toko Mainan 153;3.5;21;Jl. Astana Anyar No.153;Kota Bandung;Jawa Barat;ID;;+62 812-2160-041;Toko;;;;;;;;;;https://www.google.com/maps/search/?api=1&query=Toko%20Mainan%20153&query_place_id=ChIJr9b_YCDmaC4RTTkr_06VEiA;Toko;;;;;;;
Empat Sekawan Toko ATK;4.4;41;Jl. Cibadak No.124;Kota Bandung;Jawa Barat;ID;;+62 22 4206871;Toko Alat Tulis;;;;;;;;;;https://www.google.com/maps/search/?api=1&query=Empat%20Sekawan%20Toko%20ATK&query_place_id=ChIJR4wnTiLmaC4RL_OBIgaAVkk;Toko Alat Tulis;;;;;;;
Fotocopy dan Alat Tulis Azzahra;5;1;Jl. PLN Dalam Gg. Masjid Nurul Jannah, RT.09/RW.05;Kota Bandung;Jawa Barat;ID;;+62 812-2312-7524;Toko Alat Tulis Kantor;;;;;;;;;;https://www.google.com/maps/search/?api=1&query=Fotocopy%20dan%20Alat%20Tulis%20Azzahra&query_place_id=ChIJCQZhroTpaC4RL7BopOJKepY;Toko Alat Tulis Kantor;;;;;;;
Toko Alat Tulis Eldora;4.8;23;Jl. Terusan Pasirkoja No.76 A;Kota Bandung;Jawa Barat;ID;;+62 812-1422-4061;Toko Alat Tulis;Toko Alat Tulis Kantor;;;;;;;;;https://www.google.com/maps/search/?api=1&query=Toko%20Alat%20Tulis%20Eldora&query_place_id=ChIJ-3C9rHXnaC4R2pMqIhmHnIw;Toko Alat Tulis;;;;;;;
Sewa Mainan Anak;5;152;Jl. Raya Cijerah No.1;Kota Bandung;Jawa Barat;ID;http://wa.me/6281298004470;+62 812-9800-4470;Toko Mainan;Tempat Sewa Mainan;;;;;;;;;https://www.google.com/maps/search/?api=1&query=Sewa%20Mainan%20Anak&query_place_id=ChIJ8Ze5S_nlaC4RCdTfMQuLY3Y;Toko Mainan;;;;;;;
JozeeNae Toys & Stationary;3.3;10;Jl. Naripan No.62A;Kota Bandung;Jawa Barat;ID;;+62 822-1821-8988;Toko Alat Tulis Kantor;;;;;;;;;;https://www.google.com/maps/search/?api=1&query=JozeeNae%20Toys%20%26%20Stationary&query_place_id=ChIJhWaThC7maC4RE_tF3GK-3kM;Toko Alat Tulis Kantor;;;;;;;
Toko Asean Photo Copy;3.9;7;Jl. Gatot Subroto No.39;Kota Bandung;Jawa Barat;ID;;+62 22 7313014;Toko Alat Tulis Kantor;Toko Fotokopi;Toko Alat Listrik;Toko Percetakan;;;;;;;https://www.google.com/maps/search/?api=1&query=Toko%20Asean%20Photo%20Copy&query_place_id=ChIJO1jUpNfnaC4RbybaP3Ji9OI;Toko Alat Tulis Kantor;;;;;;;
PD Rama;4.9;25;Jl. Rama No.7;Kota Bandung;Jawa Barat;ID;;+62 22 6014158;Toko Alat Tulis;Toko Fotokopi;;;;;;;;;https://www.google.com/maps/search/?api=1&query=PD%20Rama&query_place_id=ChIJ9aQdtWzmaC4Ry72jzHFU8wo;Toko Alat Tulis;;;;;;;
M&G Stationery Bandung;5;11;Jl. Sudirman No.91c;Kota Bandung;Jawa Barat;ID;;+62 811-2460-038;Toko Alat Tulis Kantor;;;;;;;;;;https://www.google.com/maps/search/?api=1&query=M%26G%20Stationery%20Bandung&query_place_id=ChIJrcLZPADnaC4Rr2SSKOBTApw;Toko Alat Tulis Kantor;;;;;;;
Delicopy Fotocopy Bandung;4.3;185;3JR5+8Q5, Jl. Purnawarman;Kota Bandung;Jawa Barat;ID;;+62 881-5152-680;Toko Fotokopi;;;;;;;;;;https://www.google.com/maps/search/?api=1&query=Delicopy%20Fotocopy%20Bandung&query_place_id=ChIJL60tITjmaC4RMSDfvJXv5Bc;Toko Fotokopi;;;;;;;
PD Sinar Budhi;3.9;48;Jl. Cibadak No.118;Kota Bandung;Jawa Barat;ID;;+62 22 4207883;Toko Alat Tulis;;;;;;;;;;https://www.google.com/maps/search/?api=1&query=PD%20Sinar%20Budhi&query_place_id=ChIJmTbYTSLmaC4RLo0B00ur3qQ;Toko Alat Tulis;;;;;;;
Toko Photo Copy Dan Alat-alat Tulis;3.5;2;Jl. Terusan Pasirkoja No.134;Kota Bandung;Jawa Barat;ID;;+62 852-1805-2100;Toko;;;;;;;;;;https://www.google.com/maps/search/?api=1&query=Toko%20Photo%20Copy%20Dan%20Alat-alat%20Tulis&query_place_id=ChIJPWqd8BzmaC4R5RB2AnVPxS4;Toko;;;;;;;
Toko Harapan Jaya;3.5;13;Jl. Peta No.101;Kota Bandung;Jawa Barat;ID;;+62 22 5220034;Toko Alat Tulis;Toko Fotokopi;;;;;;;;;https://www.google.com/maps/search/?api=1&query=Toko%20Harapan%20Jaya&query_place_id=ChIJVcjHv6LoaC4RzAk6wWs2IWY;Toko Alat Tulis;;;;;;;
Sinar Surya;4.5;4;Jl. Titian Kencana No.12A Blok D;Kota Bandung;Jawa Barat;ID;;+62 22 6041261;Toko Alat Tulis Kantor;;;;;;;;;;https://www.google.com/maps/search/?api=1&query=Sinar%20Surya&query_place_id=ChIJ53-rKaToaC4Rzeajo7F7gJ8;Toko Alat Tulis Kantor;;;;;;;
Toserba Dm.Giftidea;4.3;17;Sebelah kanan (shopee express, Jl. Pagarsih No.198;Kota Bandung;Jawa Barat;ID;https://linktr.ee/dm.giftidea;;Toko Alat Tulis Kantor;;;;;;;;;;https://www.google.com/maps/search/?api=1&query=Toserba%20Dm.Giftidea&query_place_id=ChIJeQ_qeLXnaC4RFA-50RQiuDU;Toko Alat Tulis Kantor;;;;;;;
Toko Mainan;5;1;Jl. Cibadak No.65;Kota Bandung;Jawa Barat;ID;;+62 813-2208-7661;Toko Mainan;;;;;;;;;;https://www.google.com/maps/search/?api=1&query=Toko%20Mainan&query_place_id=ChIJG2qxKennaC4R1ZhB-R_IPRk;Toko Mainan;;;;;;;
konveksi murah;4;1;jl.laksana sukup lama no 255 rt 7 rw 1 ujung berung;Kota Bandung;Jawa Barat;ID;;+62 858-6038-4999;Penjahit;;;;;;;;;;https://www.google.com/maps/search/?api=1&query=konveksi%20murah&query_place_id=ChIJtUdc0TjdaC4R56VMe_z_vmI;Penjahit;;;;;;;
Pepepipi - Alat Tulis Anak & Hampers;4.9;39;Jl. T. Kaliandra No.26;Kota Bandung;Jawa Barat;ID;https://desty.page/pepepipi;+62 812-1811-8138;Toko Alat Tulis;Toko Suvenir;;;;;;;;;https://www.google.com/maps/search/?api=1&query=Pepepipi%20-%20Alat%20Tulis%20Anak%20%26%20Hampers&query_place_id=ChIJt_R1nEDpaC4RmxlHGE6Srzs;Toko Alat Tulis;;;;;;;
Konveksi Baju Piyama Cassandra Collection - Vermak Baju; Celana - Mamah Lina;4.4;7;Jl. Lemah Hegar No.75, RT.02/RW.04;Kota Bandung;Jawa Barat;ID;;+62 852-2248-4777;Toko Pakaian;;;;;;;;;;https://www.google.com/maps/search/?api=1&query=Konveksi%20Baju%20Piyama%20Cassandra%20Collection%20-%20Vermak%20Baju%2C%20Celana%20-%20Mamah%20Lina&query_place_id=ChIJ1yj2h0TpaC4ROQD3CEmQvZE;Toko Pakaian;;;;;;
astana anyar 49;2.6;5;Jl. Astana Anyar No.49;Kota Bandung;Jawa Barat;ID;;;Toko Mainan;Grosir;;;;;;;;;https://www.google.com/maps/search/?api=1&query=astana%20anyar%2049&query_place_id=ChIJ2b-8Kp7oaC4R-qThfYUQW7I;Toko Mainan;;;;;;;
Toko Lushan;4.2;13;Jl. Cibadak No.225 C;Kota Bandung;Jawa Barat;ID;https://www.tokopedia.com/lushan;+62 22 6126251;Toko Alat Tulis Kantor;;;;;;;;;;https://www.google.com/maps/search/?api=1&query=Toko%20Lushan&query_place_id=ChIJy-I1_xjmaC4RZBCChfnwD1g;Toko Alat Tulis Kantor;;;;;;;
Laguna;4.4;70;Jl. Karang Anyar No.31A;Kota Bandung;Jawa Barat;ID;;+62 851-0588-5358;Toko Mainan;;;;;;;;;;https://www.google.com/maps/search/?api=1&query=Laguna&query_place_id=ChIJEcEyMiLmaC4Rq9DiPO7WaoY;Toko Mainan;;;;;;;
Merauke;3.7;34;Jl. Sudirman No.175 - 177;Kota Bandung;Jawa Barat;ID;;+62 22 6014093;Toko Alat Tulis Kantor;;;;;;;;;;https://www.google.com/maps/search/?api=1&query=Merauke&query_place_id=ChIJB3uQnCLmaC4RjCSw6pIV60k;Toko Alat Tulis Kantor;;;;;;;
alat tulis P.E.;5;1;cigondewah kaler rt03/07;Kota Bandung;Jawa Barat;ID;;;Toko Fotokopi;Toko Buku;Toko Alat Tulis;;;;;;;;https://www.google.com/maps/search/?api=1&query=alat%20tulis%20P.E.&query_place_id=ChIJfxR69VPvaC4Ruw1_EM_UKBQ;Toko Fotokopi;;;;;;;
Subur Makmur Toko;4.4;11;Jl. Astana Anyar No.55;Kota Bandung;Jawa Barat;ID;;+62 22 4233844;Toko Alat Tulis;;;;;;;;;;https://www.google.com/maps/search/?api=1&query=Subur%20Makmur%20Toko&query_place_id=ChIJr5cc1iPmaC4R_KEb827f6Uw;Toko Alat Tulis;;;;;;;
Toko Abang Mainan;4.5;37;Jl. Cibuntu Timur rt. 05/05 no. 27;Kota Bandung;Jawa Barat;ID;;;Toko Mainan;;;;;;;;;;https://www.google.com/maps/search/?api=1&query=Toko%20Abang%20Mainan&query_place_id=ChIJ8zJw87fnaC4R4apvcL2__F0;Toko Mainan;;;;;;;
Toko Asbari;4.6;17;Pusat Perdagangan Caringin, Jl. Soekarno-Hatta B2 No 35;Kabupaten Bandung;Jawa Barat;ID;;+62 22 5424101;Toko Alat Tulis Kantor;;;;;;;;;;https://www.google.com/maps/search/?api=1&query=Toko%20Asbari&query_place_id=ChIJ5V853rDoaC4Rjdir1vAPM1g;Toko Alat Tulis Kantor;;;;;;;
Aneka Toys;3.7;3;Jl. Sudirman No.98;Kota Bandung;Jawa Barat;ID;https://www.anekatoys.com/onlineshop/?page=2;+62 22 4231283;Toko Mainan;;;;;;;;;;https://www.google.com/maps/search/?api=1&query=Aneka%20Toys&query_place_id=ChIJw1Pv_CLmaC4RSNgeYqBt3Nc;Toko Mainan;;;;;;;
Kabayan Toys;4.7;11;Jl. Jamika No.25;Kota Bandung;Jawa Barat;ID;;+62 818-8282-5338;Toko Mainan;;;;;;;;;;https://www.google.com/maps/search/?api=1&query=Kabayan%20Toys&query_place_id=ChIJNe3qBJTnaC4R6JwPUmMonD8;Toko Mainan;;;;;;;
Kiddy Toys;4.3;44;Jl. Astana Anyar No.47;Kota Bandung;Jawa Barat;ID;;+62 22 4208542;Toko Mainan;Toko;;;;;;;;;https://www.google.com/maps/search/?api=1&query=Kiddy%20Toys&query_place_id=ChIJ59KNXSDmaC4R-NjcAiqV0cQ;Toko Mainan;;;;;;;
Alladin Toys;4.4;5;Jl. Sudirman No.110;Kota Bandung;Jawa Barat;ID;;+62 22 4237578;Toko Mainan;;;;;;;;;;https://www.google.com/maps/search/?api=1&query=Alladin%20Toys&query_place_id=ChIJHxw_5SLmaC4RgmWE5DHd3UQ;Toko Mainan;;;;;;;
Toko Buku Arnanda;4.6;14;Bursa Buku Palasari, Jl. Palasari Jl. Lodaya No.83 - 85;Kota Bandung;Jawa Barat;ID;;+62 22 7320687;Toko Buku;;;;;;;;;;https://www.google.com/maps/search/?api=1&query=Toko%20Buku%20Arnanda&query_place_id=ChIJfe_Vkn_oaC4RGonq6drxjn8;Toko Buku;;;;;;;
Toko Buku Dewi;3.6;8;Jalan Palasari Bursa Buku Palasari No. 26-28;Kota Bandung;Jawa Barat;ID;;+62 851-0136-2936;Toko Buku;;;;;;;;;;https://www.google.com/maps/search/?api=1&query=Toko%20Buku%20Dewi&query_place_id=ChIJ_9IBSH7oaC4RPzjrPIFY3wA;Toko Buku;;;;;;;
TOKO DUFAN;4.1;63;Jl. Cibadak No.168;Kota Bandung;Jawa Barat;ID;;;Toko Mainan;;;;;;;;;;https://www.google.com/maps/search/?api=1&query=TOKO%20DUFAN&query_place_id=ChIJy5EyYiLmaC4REsnuB6vRVgs;Toko Mainan;;;;;;;
Toko Kreativ Abadi ATK;5;19;Jl. Sriwijaya No.94;Kota Bandung;Jawa Barat;ID;https://tokopedia.link/XMH51Lf2iKb;+62 817-0070-260;Toko Alat Tulis;;;;;;;;;;https://www.google.com/maps/search/?api=1&query=Toko%20Kreativ%20Abadi%20ATK&query_place_id=ChIJi-yPTnbpaC4RqG-uxSvDoBA;Toko Alat Tulis;;;;;;;
UNERD Store Hallway Space; Bandung;5;38;Ps. Kosambi;Kota Bandung;Jawa Barat;ID;https://www.unerd.co.id/en;+62 813-3029-4952;Toko Sepatu;;;;;;;;;;https://www.google.com/maps/search/?api=1&query=UNERD%20Store%20Hallway%20Space%2C%20Bandung&query_place_id=ChIJsS5GbwDnaC4RnP2QzXEnpzk;Toko Sepatu;;;;;;
Toko buku smart no 105;4;4;toko buku smart, Jl. Palasari Jl. Aria Tengah No.105;Kota Bandung;Jawa Barat;ID;;+62 859-7432-6868;Toko Buku & Alat Sekolah;;;;;;;;;;https://www.google.com/maps/search/?api=1&query=Toko%20buku%20smart%20no%20105&query_place_id=ChIJmXEGbdDpaC4R3ucXu0P2xzg;Toko Buku & Alat Sekolah;;;;;;;
Kenari Production (Konveksi Kaos Sablon Bandung);4.9;46;Jl. Sanggar Kencana V No.20;Kota Bandung;Jawa Barat;ID;https://kenariproduction.id/;+62 811-1266-998;Produsen pakaian dan kain;;;;;;;;;;https://www.google.com/maps/search/?api=1&query=Kenari%20Production%20(Konveksi%20Kaos%20Sablon%20Bandung)&query_place_id=ChIJaTb5VC_paC4RL2CIjqGxryk;Produsen pakaian dan kain;;;;;;;
Rudi Toys;4.8;11;Jl. Terusan Pasirkoja No.229;Kota Bandung;Jawa Barat;ID;;+62 812-2245-4559;Toko Mainan;;;;;;;;;;https://www.google.com/maps/search/?api=1&query=Rudi%20Toys&query_place_id=ChIJs4-_srHnaC4RycrlG2NZQFw;Toko Mainan;;;;;;;
Toko Buku Bintang;4.6;5;Jl. Palasari No.21;Kota Bandung;Jawa Barat;ID;;+62 821-2727-6628;Toko Buku;;;;;;;;;;https://www.google.com/maps/search/?api=1&query=Toko%20Buku%20Bintang&query_place_id=ChIJYQ1Ix3_oaC4RIXvEFpF123I;Toko Buku;;;;;;;
Hijack Sandals Bandung;4.7;647;Jl. Dahlia No.1A;Kota Bandung;Jawa Barat;ID;https://hijacksandals.com/;+62 811-2187-711;Toko Sepatu;;;;;;;;;;https://www.google.com/maps/search/?api=1&query=Hijack%20Sandals%20Bandung&query_place_id=ChIJ7VIoY8jnaC4RHCoBblbuTv4;Toko Sepatu;;;;;;;
Alaska Sport Shoes;4;878;Jl. Astana Anyar No.18;Kota Bandung;Jawa Barat;ID;;+62 22 6014883;Toko Sepatu;;;;;;;;;;https://www.google.com/maps/search/?api=1&query=Alaska%20Sport%20Shoes&query_place_id=ChIJn1w2hyLmaC4RiR3vkUSEZso;Toko Sepatu;;;;;;;
Toko Buku Baru;5;1;Jl. Palasari No.31;Kota Bandung;Jawa Barat;ID;;+62 877-2203-1640;Kantor Perusahaan;;;;;;;;;;https://www.google.com/maps/search/?api=1&query=Toko%20Buku%20Baru&query_place_id=ChIJSaL6M1fpaC4RnPIHctPRpdA;Kantor Perusahaan;;;;;;;
Book store;;;Jl. Palasari No.25;Kota Bandung;Jawa Barat;ID;;+62 878-2122-5177;Toko Buku;;;;;;;;;;https://www.google.com/maps/search/?api=1&query=Book%20store&query_place_id=ChIJdewCirTpaC4R4vPGGZIK63s;Toko Buku;;;;;;;
WARUNG BUKU BANDUNG;4.3;3;Jl. Palasari No.126;Kota Bandung;Jawa Barat;ID;https://shopee.co.id/warungbukubandung?smtt=0.120350287-1659633298.9;+62 822-1795-9904;Toko Buku;;;;;;;;;;https://www.google.com/maps/search/?api=1&query=WARUNG%20BUKU%20BANDUNG&query_place_id=ChIJg9YsjqTpaC4RyswshJ7c4SI;Toko Buku;;;;;;;
Toko Buku Biobses;4.9;32;Jl. Buah Batu No.52;Kota Bandung;Jawa Barat;ID;http://www.biobses.com/;+62 22 7303646;Toko Buku;;;;;;;;;;https://www.google.com/maps/search/?api=1&query=Toko%20Buku%20Biobses&query_place_id=ChIJK9u1KIHoaC4RURpB5R24xFk;Toko Buku;;;;;;;
Toko Buku;5;10;Jl. Cibangkong No.12a;Kota Bandung;Jawa Barat;ID;;;Toko bahan makanan;;;;;;;;;;https://www.google.com/maps/search/?api=1&query=Toko%20Buku&query_place_id=ChIJKxuMrfvnaC4Rc8KyJSr8I0M;Toko bahan makanan;;;;;;;
Bookstore Nusa Cendana;4.4;47;Jl. Braga No.115;Kota Bandung;Jawa Barat;ID;https://nusacendana.com/;+62 22 4231544;Kafe;;;;;;;;;;https://www.google.com/maps/search/?api=1&query=Bookstore%20Nusa%20Cendana&query_place_id=ChIJKWRmlzrmaC4RnOn4W0WUt5E;Kafe;;;;;;;
Toko Buku ACC;5;1;Jalan Palasari No.106, Malabar, Lengkong;Kota Bandung;Jawa Barat;ID;;+62 821-2160-8850;Toko Buku;;;;;;;;;;https://www.google.com/maps/search/?api=1&query=Toko%20Buku%20ACC&query_place_id=ChIJLUUdGH7oaC4RG0zb73CdGGc;Toko Buku;;;;;;;
HOUSE OF LOCAL FOOTWEAR;4.6;7;Ps. Kosambi, Blok D No.3A - 4A;Kota Bandung;Jawa Barat;ID;http://www.instagram.com/gudangwarrior;+62 878-2795-3366;Toko Sepatu;;;;;;;;;;https://www.google.com/maps/search/?api=1&query=HOUSE%20OF%20LOCAL%20FOOTWEAR&query_place_id=ChIJAVpWvy7naC4R5leZYEOq3iY;Toko Sepatu;;;;;;;
toko buku Galaxy;4.6;47;Jl. Palasari No.113;Kota Bandung;Jawa Barat;ID;;+62 813-2051-5506;Toko Buku;;;;;;;;;;https://www.google.com/maps/search/?api=1&query=toko%20buku%20Galaxy&query_place_id=ChIJ-0LSEH7oaC4RHtEerAnMBTc;Toko Buku;;;;;;;
Kalam Hidup;4.6;258;Jl. Naripan No.67;Kota Bandung;Jawa Barat;ID;http://www.kalamhidup.com/;+62 22 4207735;Toko Buku;;;;;;;;;;https://www.google.com/maps/search/?api=1&query=Kalam%20Hidup&query_place_id=ChIJq4FDiC7maC4Rpy5aLINUcpc;Toko Buku;;;;;;;
PITIMOSS;4.9;344;Jl. Banda No.12-S;Kota Bandung;Jawa Barat;ID;http://pitimoss.com/;;Perpustakaan;Toko Buku Komik;;;;;;;;;https://www.google.com/maps/search/?api=1&query=PITIMOSS&query_place_id=ChIJyVl1iDPmaC4RixgOethgiyU;Perpustakaan;;;;;;;
Toko Buku Family;4.4;10;Bursa buku PALASARI, Seberang gerbang sekolah Bhayangkara Jl. Palasari No.kios14 - 15;Kota Bandung;Jawa Barat;ID;https://lynk.id/abyushil;+62 851-6114-2977;Toko Buku;;;;;;;;;;https://www.google.com/maps/search/?api=1&query=Toko%20Buku%20Family&query_place_id=ChIJBVGLF37oaC4RvTYtIsOoLig;Toko Buku;;;;;;;
Toko Plastik & alat tulis kantor CICICI 2;5;7;47 H, Jl. Nyengseret;Kota Bandung;Jawa Barat;ID;;+62 812-2286-3713;Toko;;;;;;;;;;https://www.google.com/maps/search/?api=1&query=Toko%20Plastik%20%26%20alat%20tulis%20kantor%20CICICI%202&query_place_id=ChIJCcSrawDpaC4RG35y370ER90;Toko;;;;;;;
Kingkong Toys;4.4;25;Jl. Sudirman No.109;Kota Bandung;Jawa Barat;ID;;+62 813-2000-7144;Toko Mainan;;;;;;;;;;https://www.google.com/maps/search/?api=1&query=Kingkong%20Toys&query_place_id=ChIJv5nJ7yLmaC4RQJdQARjyNGY;Toko Mainan;;;;;;;
We Play - Toko Mainan Bandung;4.8;12;Jl. Mekar Utama No.86;Kota Bandung;Jawa Barat;ID;https://linktr.ee/belofty_toys;+62 821-2033-2791;Toko Mainan;Toko Suvenir;;;;;;;;;https://www.google.com/maps/search/?api=1&query=We%20Play%20-%20Toko%20Mainan%20Bandung&query_place_id=ChIJ-xY3KCTpaC4RHWjrB4YPZ-8;Toko Mainan;;;;;;;
Glory Jaya Toys;5;27;Jl. Durman No.1;Kota Bandung;Jawa Barat;ID;;+62 818-0995-9678;Toko Mainan;;;;;;;;;;https://www.google.com/maps/search/?api=1&query=Glory%20Jaya%20Toys&query_place_id=ChIJddTI00nnaC4RhHaxwI9dxEU;Toko Mainan;;;;;;;
TOKO BUKU AULIA /TERIMA BUKU BEKAS KULIAHAN DAN SEJARAH;4.2;79;Jl. Palasari Jl. Lodaya No.100;Kota Bandung;Jawa Barat;ID;;+62 813-2031-1227;Toko Buku;;;;;;;;;;https://www.google.com/maps/search/?api=1&query=TOKO%20BUKU%20AULIA%20%2FTERIMA%20BUKU%20BEKAS%20KULIAHAN%20DAN%20SEJARAH&query_place_id=ChIJY8zvGn7oaC4RzgLyuzkz1is;Toko Buku;;;;;;;
FOTOCOPY & PRINTING TOKO TIGA-R cabang ke 1;4.6;61;Jl. Inhoftank No.115;Kota Bandung;Jawa Barat;ID;https://bit.ly/3fC7Nky;+62 821-2857-7469;Toko Fotokopi;Toko Spanduk;Toko Buku;Layanan cetak digital;Toko Alat Tulis Kantor;Toko Percetakan;;;;;https://www.google.com/maps/search/?api=1&query=FOTOCOPY%20%26%20PRINTING%20TOKO%20TIGA-R%20cabang%20ke%201&query_place_id=ChIJpUbWNBXpaC4RMAlLCu7vr_Q;Toko Fotokopi;;;;;;;
Zerotoys;4.6;120;Jl. Sunda No.39a;Kota Bandung;Jawa Barat;ID;https://www.facebook.com/zerotoys;+62 811-221-667;Toko Mainan;Toko Hobi;Museum Mainan;;;;;;;;https://www.google.com/maps/search/?api=1&query=Zerotoys&query_place_id=ChIJPau3si3maC4Rlyu0YEKtAbI;Toko Mainan;;;;;;;
Kosmetik murah;;;no.17 a, Jl. Sukarsah No.17A;Kota Bandung;Jawa Barat;ID;;+62 895-1784-4428;Toko Kosmetik;;;;;;;;;;https://www.google.com/maps/search/?api=1&query=Kosmetik%20murah&query_place_id=ChIJMUpyZK1mS68ROUr95oYqoEc;Toko Kosmetik;;;;;;;
Sociolla Store • 23 PasKal Shopping Center;4.8;906;Paskal Shooping Center, 23, Jl. Pasir Kaliki No.L2 61-62;Kota Bandung;Jawa Barat;ID;https://www.sociolla.com/;;Toko Alat Kecantikan;;;;;;;;;;https://www.google.com/maps/search/?api=1&query=Sociolla%20Store%20%E2%80%A2%2023%20PasKal%20Shopping%20Center&query_place_id=ChIJJ_SueRnnaC4RjcqMU80CdQA;Toko Alat Kecantikan;;;;;;;
TOYS KINGDOM KINGS SHOPPING CENTER;5;543;KING PLAZA, Jl. Kepatihan No.11-17 Unit 4A - 01;Kota Bandung;Jawa Barat;ID;http://www.toyskingdom.co.id/;+62 812-2393-6230;Toko Mainan;Pusat Perbelanjaan;;;;;;;;;https://www.google.com/maps/search/?api=1&query=TOYS%20KINGDOM%20KINGS%20SHOPPING%20CENTER&query_place_id=ChIJf9MwKdnnaC4RBVRPSiIfDWA;Toko Mainan;;;;;;;
Toko Siliwangi;4.5;136;Jl. A. Yani No.203;Kota Bandung;Jawa Barat;ID;;+62 22 24238139;Toko Pakaian;;;;;;;;;;https://www.google.com/maps/search/?api=1&query=Toko%20Siliwangi&query_place_id=ChIJKTxfMMTnaC4Rjlfa9Tgzmcc;Toko Pakaian;;;;;;;
Toko zahra seragam sekolah lengkap; Lt basement Block P67;5;2;Pasar Andir Trade Center;Kota Bandung;Jawa Barat;ID;;+62 812-2240-0260;Toko Pakaian Seragam;;;;;;;;;;https://www.google.com/maps/search/?api=1&query=Toko%20zahra%20seragam%20sekolah%20lengkap%2C%20Lt%20basement%20Block%20P67&query_place_id=ChIJAZa3t4DnaC4RMy2QWmpBFsQ;Toko Pakaian Seragam;;;;;;
PT. Marizk Mahkota Rizky;4.9;77;Jl. Melong Cijerah 1 No.11;Kota Bandung;Jawa Barat;ID;http://www.marizkkosmetindo.co.id/;+62 822-4008-0168;Produsen produk kosmetik;Kantor Perusahaan;Industri Kosmetik;Toko Kosmetik;;;;;;;https://www.google.com/maps/search/?api=1&query=PT.%20Marizk%20Mahkota%20Rizky&query_place_id=ChIJ_5KNRuPlaC4RWUqYZZYf8J8;Produsen produk kosmetik;;;;;;;
Gendut Mainan;4.4;99;3JC2+R37, Jl. Astana Anyar;Kota Bandung;Jawa Barat;ID;;+62 877-4564-3953;Toko Mainan;;;;;;;;;;https://www.google.com/maps/search/?api=1&query=Gendut%20Mainan&query_place_id=ChIJP4Sqi7TnaC4R_EIw8JR5UyU;Toko Mainan;;;;;;;
Toko Gracia;4.7;30;Jl. Mekar Indah No.5;Kota Bandung;Jawa Barat;ID;;+62 898-8877-521;Toko Alat Tulis Kantor;;;;;;;;;;https://www.google.com/maps/search/?api=1&query=Toko%20Gracia&query_place_id=ChIJFdif0a3paC4RNw6839BkVvo;Toko Alat Tulis Kantor;;;;;;;
Riska Seragam Sekolah;4.1;10;3JJF+368, Jl. Cipaera;Kota Bandung;Jawa Barat;ID;;;Toko Pakaian;;;;;;;;;;https://www.google.com/maps/search/?api=1&query=Riska%20Seragam%20Sekolah&query_place_id=ChIJS4Y33tLnaC4R-ivxiSdXAa0;Toko Pakaian;;;;;;;
Natural In Cosmetic;5;26;Jl. Burangrang No.16A;Kota Bandung;Jawa Barat;ID;https://nic.co.id/;+62 22 87353777;Toko Kesehatan dan Kecantikan;;;;;;;;;;https://www.google.com/maps/search/?api=1&query=Natural%20In%20Cosmetic&query_place_id=ChIJj-2jxRHnaC4R0As8aEgpOu0;Toko Kesehatan dan Kecantikan;;;;;;;
Toko Fajar;4.5;53;Jl. A. Yani No.215;Kota Bandung;Jawa Barat;ID;;+62 22 4262144;Toko Pakaian Seragam;Toko Pakaian;;;;;;;;;https://www.google.com/maps/search/?api=1&query=Toko%20Fajar&query_place_id=ChIJfV3FitLnaC4RN9FlYJ3hAKw;Toko Pakaian Seragam;;;;;;;
Toko Seragam Ovi Collection;4.6;14;;Kota Bandung;Jawa Barat;ID;;+62 812-2108-1181;Pusat Perbelanjaan;;;;;;;;;;https://www.google.com/maps/search/?api=1&query=Toko%20Seragam%20Ovi%20Collection&query_place_id=ChIJM3f1zeLlaC4RfU2T9-Ae0N0;Pusat Perbelanjaan;;;;;;;
Fajar Indah;4.6;24;Jl. Malabar No.2 A;Kota Bandung;Jawa Barat;ID;;+62 811-1111-7804;Toko Pakaian Seragam;;;;;;;;;;https://www.google.com/maps/search/?api=1&query=Fajar%20Indah&query_place_id=ChIJ3aeG-dLnaC4RWVcH4nJDicg;Toko Pakaian Seragam;;;;;;;
Hasna Collection Seragam sekolah;5;4;Jl. Jupiter Barat No.98 Blok i 2, RT.02/RW.09;Kota Bandung;Jawa Barat;ID;;+62 812-1425-5560;Toko Pakaian;;;;;;;;;;https://www.google.com/maps/search/?api=1&query=Hasna%20Collection%20Seragam%20sekolah&query_place_id=ChIJS7bZVuHpaC4R5a2ZD3U6PSg;Toko Pakaian;;;;;;;
Toko 2 0 0 1;4.6;12;Jl. Astana Anyar No.48;Kota Bandung;Jawa Barat;ID;;;Toko Mainan;;;;;;;;;;https://www.google.com/maps/search/?api=1&query=Toko%202%200%200%201&query_place_id=ChIJz_2fcSLmaC4R2csQo8Tg_BQ;Toko Mainan;;;;;;;
Nibras House Ujung Berung Bandung;4.9;35;Jl. AH. Nasution No.48;Kota Bandung;Jawa Barat;ID;http://www.nibras.co.id/;+62 877-7647-4837;Toko Pakaian;;;;;;;;;;https://www.google.com/maps/search/?api=1&query=Nibras%20House%20Ujung%20Berung%20Bandung&query_place_id=ChIJyyMM7EbdaC4R6qnGXkbWdC4;Toko Pakaian;;;;;;;
TOKO SERAGAM REMAJA PASAR UJUNG BERUNG;4.2;5;3PP2+9V8, Jl. Raya Ujung Berung;Kota Bandung;Jawa Barat;ID;;+62 813-2037-4748;Toko Pakaian;;;;;;;;;;https://www.google.com/maps/search/?api=1&query=TOKO%20SERAGAM%20REMAJA%20PASAR%20UJUNG%20BERUNG&query_place_id=ChIJ1bBvZwDdaC4RUYvZfFSebGY;Toko Pakaian;;;;;;;
Jasmine Production;4.4;41;Jl. Yupiter Barat XII No.10A Blok.M2;Kota Bandung;Jawa Barat;ID;;+62 822-9542-9398;Toko Pakaian Seragam;Pusat Perbelanjaan;;;;;;;;;https://www.google.com/maps/search/?api=1&query=Jasmine%20Production&query_place_id=ChIJH80pihjoaC4RohYUx7h-Bv4;Toko Pakaian Seragam;;;;;;;
LAF Project;4.9;92;M Squre Apartemen Cibaduyut Ruko No. C-25;Kota Bandung;Jawa Barat;ID;https://lafprojectofficial.com/;+62 878-6359-9421;Toko Sepatu;Grosir pakaian;Grosir alas kaki;;;;;;;;https://www.google.com/maps/search/?api=1&query=LAF%20Project&query_place_id=ChIJz1Q-kuPpaC4RJU1zHDfXPIs;Toko Sepatu;;;;;;;
Starting Lane Running Store Concept (Toko Sepatu Olahraga Lari Original Bandung);4.9;2437;Jl. Gandapura No.73A;Kota Bandung;Jawa Barat;ID;http://www.startinglane.co.id/;+62 895-3223-34662;Toko Sepatu;Toko Perlengkapan Olahraga;Toko Pakaian Olahraga;;;;;;;;https://www.google.com/maps/search/?api=1&query=Starting%20Lane%20Running%20Store%20Concept%20(Toko%20Sepatu%20Olahraga%20Lari%20Original%20Bandung)&query_place_id=ChIJGbxhzf7naC4ReQqhl8IGwP8;Toko Sepatu;;;;;;;
Safitri Seragam;4.5;11;Jl. Cicalengka Raya No.65-67;Kota Bandung;Jawa Barat;ID;;+62 812-1909-1810;Toko Pakaian;;;;;;;;;;https://www.google.com/maps/search/?api=1&query=Safitri%20Seragam&query_place_id=ChIJe-uqzuTnaC4R5rsD-eoA-Qc;Toko Pakaian;;;;;;;
TOPSCORE BANDUNG TURANGGA - TOKO SEPATU OLAHRAGA TERLENGKAP DI BANDUNG;5;3207;Jl. Karawitan No.54c;Kota Bandung;Jawa Barat;ID;http://www.topscore.id/;+62 821-1679-6334;Toko Sepatu;;;;;;;;;;https://www.google.com/maps/search/?api=1&query=TOPSCORE%20BANDUNG%20TURANGGA%20-%20TOKO%20SEPATU%20OLAHRAGA%20TERLENGKAP%20DI%20BANDUNG&query_place_id=ChIJGc6Ev9TpaC4RYoGDuWaKET4;Toko Sepatu;;;;;;;
Dunia Sepatu;4.2;179;Jl. Dalem Kaum No.39;Kota Bandung;Jawa Barat;ID;;+62 22 4205085;Toko Sepatu;;;;;;;;;;https://www.google.com/maps/search/?api=1&query=Dunia%20Sepatu&query_place_id=ChIJsYFqFSTmaC4RWNw8tf-82Zs;Toko Sepatu;;;;;;;
Pegashoes Ks18;4.4;163;Jalan Kembang Sepatu Cikudapateuh No.3 & 18;Kota Bandung;Jawa Barat;ID;;+62 813-2128-1985;Toko Sepatu;;;;;;;;;;https://www.google.com/maps/search/?api=1&query=Pegashoes%20Ks18&query_place_id=ChIJkbdxXdLnaC4RRa6aEfR6rYw;Toko Sepatu;;;;;;;
Baim Shop Shoes;4.3;345;Jl. Sudirman No.636;Kota Bandung;Jawa Barat;ID;https://instagram.com/baimshopshoes?igshid=1be8w5duhlly7;+62 855-5900-0636;Toko Sepatu;;;;;;;;;;https://www.google.com/maps/search/?api=1&query=Baim%20Shop%20Shoes&query_place_id=ChIJo6FKByPmaC4REpsZnuXtiqo;Toko Sepatu;;;;;;;
TOPSCORE BANDUNG PETA - TOKO SEPATU OLAHRAGA TERLENGKAP DI BANDUNG;5;960;Jl. Peta No.151C;Kota Bandung;Jawa Barat;ID;https://store.topscore.id/topscore-bandung;+62 821-1679-6334;Toko Perlengkapan Olahraga;;;;;;;;;;https://www.google.com/maps/search/?api=1&query=TOPSCORE%20BANDUNG%20PETA%20-%20TOKO%20SEPATU%20OLAHRAGA%20TERLENGKAP%20DI%20BANDUNG&query_place_id=ChIJOSo7qrXpaC4RKB2FnH7z8lw;Toko Perlengkapan Olahraga;;;;;;;
Bradleys Footwear Store Inhoftank;4.5;64;Jl. Blk. Desa XII No.2;Kota Bandung;Jawa Barat;ID;http://shopee.co.id/bradleysfootwear;+62 831-1181-3601;Toko Sepatu;Toko Barang-barang Kulit;;;;;;;;;https://www.google.com/maps/search/?api=1&query=Bradleys%20Footwear%20Store%20Inhoftank&query_place_id=ChIJj88N2pXoaC4RoNLMKl5s-iA;Toko Sepatu;;;;;;;
Toko Sepatu Bandung;4.2;234;Jl. A. Yani No.87;Kota Bandung;Jawa Barat;ID;;+62 22 4206257;Toko Sepatu;;;;;;;;;;https://www.google.com/maps/search/?api=1&query=Toko%20Sepatu%20Bandung&query_place_id=ChIJ-ahK2dLnaC4RJLZ5jl1o0_8;Toko Sepatu;;;;;;;
Toko mainan UJM;4.6;51;Jl. Soekarno-Hatta;Kota Bandung;Jawa Barat;ID;;+62 812-8218-2121;Toko Mainan;;;;;;;;;;https://www.google.com/maps/search/?api=1&query=Toko%20mainan%20UJM&query_place_id=ChIJgcsYPXjpaC4RLnGG6lAococ;Toko Mainan;;;;;;;
Istana Sepatu;4.4;972;Jl. Merdeka No.23A;Kota Bandung;Jawa Barat;ID;;+62 22 4241330;Toko Sepatu;;;;;;;;;;https://www.google.com/maps/search/?api=1&query=Istana%20Sepatu&query_place_id=ChIJpUQ_kDfmaC4R_qn8258g3-c;Toko Sepatu;;;;;;;
Toko Buku Pratama;5;9;Jl. Palasari No.108 kios No.107;Kota Bandung;Jawa Barat;ID;;+62 813-2210-0100;Toko Buku;;;;;;;;;;https://www.google.com/maps/search/?api=1&query=Toko%20Buku%20Pratama&query_place_id=ChIJl6r-c3npaC4Raugbpdj9OsE;Toko Buku;;;;;;;
Global Toys mainan anak;4.6;46;Jl. Caringin No.153;Kota Bandung;Jawa Barat;ID;;;Toko;;;;;;;;;;https://www.google.com/maps/search/?api=1&query=Global%20Toys%20mainan%20anak&query_place_id=ChIJM7aBVrHoaC4RqIFToVC5uIY;Toko;;;;;;;
Toko Buku Yasperin Bandung;5;18;Jl. Katapang No.11;Kota Bandung;Jawa Barat;ID;;+62 22 7305399;Toko Buku;;;;;;;;;;https://www.google.com/maps/search/?api=1&query=Toko%20Buku%20Yasperin%20Bandung&query_place_id=ChIJeQnvmSzmaC4RhFcQpmoVUag;Toko Buku;;;;;;;
Toko Buku Palasari C.S;4.4;13;Jl. Palasari Jl. Lodaya No.63-64;Kota Bandung;Jawa Barat;ID;;+62 813-2206-0080;Toko Buku;Toko Buku & Alat Sekolah;;;;;;;;;https://www.google.com/maps/search/?api=1&query=Toko%20Buku%20Palasari%20C.S&query_place_id=ChIJhZQkjH_oaC4RBBSq0rTP16o;Toko Buku;;;;;;;
Toko Buku Palasari Nuyafa Grup;4.9;15;3J9C+5W5, Jl. Palasari;Kota Bandung;Jawa Barat;ID;;+62 896-3065-0800;Toko Buku;;;;;;;;;;https://www.google.com/maps/search/?api=1&query=Toko%20Buku%20Palasari%20Nuyafa%20Grup&query_place_id=ChIJo95Ok3_oaC4RpJweotl3Dzg;Toko Buku;;;;;;;
House of Donatello;4.8;5019;Jl. Ir. H. Juanda No.104;Kota Bandung;Jawa Barat;ID;http://www.donatello.co.id/;+62 281 12449438;Toko Sepatu;;;;;;;;;;https://www.google.com/maps/search/?api=1&query=House%20of%20Donatello&query_place_id=ChIJW-hIO1HmaC4R0OEyNrHw-do;Toko Sepatu;;;;;;;
Periplus Bookshop Heritage;4.9;82;Heritage Lifestyle Hub, LLRE Martadinata St No.65 Lt. 2;Kota Bandung;Jawa Barat;ID;http://periplus.com/;+62 859-5009-8463;Toko Buku;;;;;;;;;;https://www.google.com/maps/search/?api=1&query=Periplus%20Bookshop%20Heritage&query_place_id=ChIJDzjUMhXnaC4RuW5P-gdhINA;Toko Buku;;;;;;;
Merauke;4.5;2918;Jl. Buah Batu No.199;Kota Bandung;Jawa Barat;ID;;+62 858-9954-6965;Toko Alat Tulis;;;;;;;;;;https://www.google.com/maps/search/?api=1&query=Merauke&query_place_id=ChIJtbn0C2ToaC4R2XA4z-Ti-yw;Toko Alat Tulis;;;;;;;
Grutty Plaza;4.2;7508;Jl. Cibaduyut No.66;Kota Bandung;Jawa Barat;ID;http://www.gruttyplaza.com/;+62 22 5423813;Toko Sepatu;;;;;;;;;;https://www.google.com/maps/search/?api=1&query=Grutty%20Plaza&query_place_id=ChIJ76oa3cDoaC4R7S1RR428D2I;Toko Sepatu;;;;;;;
Toko Buku Bandung;5;29;Jl. Garut No.2;Kota Bandung;Jawa Barat;ID;https://www.instagram.com/lawangbuku;+62 856-2009-950;Toko Buku;;;;;;;;;;https://www.google.com/maps/search/?api=1&query=Toko%20Buku%20Bandung&query_place_id=ChIJYa3wNKznaC4RUl_L6uXnSTg;Toko Buku;;;;;;;
Toko Buku Cahaya Palasari Bandung;4.3;67;Patokan Kios Lorong Tengah paling Ujung dekat kios kelapa, Jl. Palasari No.123-124;Kota Bandung;Jawa Barat;ID;https://linktr.ee/tokobukucahayabdg;+62 812-1411-3802;Toko Buku;Penerbit Buku;Grosir buku;Toko Buku Anak-Anak;Toko Buku Kedokteran;Toko Buku Agama;Sekolah;Toko Buku & Alat Sekolah;;;https://www.google.com/maps/search/?api=1&query=Toko%20Buku%20Cahaya%20Palasari%20Bandung&query_place_id=ChIJMxmkGn7oaC4RTcqqBFul4Co;Toko Buku;;;;;;;
Toko Buku Menara Ilmu;4.6;37;Jl. Palasari No.103;Kota Bandung;Jawa Barat;ID;https://www.tokopedia.com/tbmenarailmu;+62 813-3057-2251;Toko Buku;;;;;;;;;;https://www.google.com/maps/search/?api=1&query=Toko%20Buku%20Menara%20Ilmu&query_place_id=ChIJPcfLPX7oaC4REczx_InmXuY;Toko Buku;;;;;;;
PALASARI BUKU ONLINE BANDUNG;4.5;1288;Pasar Buku Palasari;Kota Bandung;Jawa Barat;ID;https://shopee.co.id/pusatbukuonlinebandung?smtt=0.220212550-1660234205.3;+62 812-2382-7763;Toko Buku;;;;;;;;;;https://www.google.com/maps/search/?api=1&query=PALASARI%20BUKU%20ONLINE%20BANDUNG&query_place_id=ChIJxdE17PTpaC4RFgb4VJCdXK8;Toko Buku;;;;;;;
Toko kosmetik;1;1;Gg. Sriwijaya IX No.3 rt04, RT.04\rw10/RW.10;Kota Bandung;Jawa Barat;ID;;;Toko Kosmetik;;;;;;;;;;https://www.google.com/maps/search/?api=1&query=Toko%20kosmetik&query_place_id=ChIJQ1lLkebpaC4RFkUU3Ry0CNM;Toko Kosmetik;;;;;;;
konveksi Seragam Kerja Bandung;4.6;7;Jl. Nagrog No.1 no.12, RT.2/RW.07;Kota Bandung;Jawa Barat;ID;;+62 852-2261-7774;Toko Pakaian Seragam;;;;;;;;;;https://www.google.com/maps/search/?api=1&query=konveksi%20Seragam%20Kerja%20Bandung&query_place_id=ChIJ9dZ-8p7daC4RtHThr8-eKXk;Toko Pakaian Seragam;;;;;;;
Toko Kosmetik Sumber Rejeki;3.8;4;Jl. Otto Iskandar Dinata, Pasar Baru Trade Centre, Lantai D1, Block K No.11;Kota Bandung;Jawa Barat;ID;https://shopee.co.id/hokiplaza?smtt=0.123105148-1663396421.9;+62 22 4245963;Toko Kosmetik;;;;;;;;;;https://www.google.com/maps/search/?api=1&query=Toko%20Kosmetik%20Sumber%20Rejeki&query_place_id=ChIJMadLn0HnaC4RGgR0rrhxU3M;Toko Kosmetik;;;;;;;
Mumu Family Braga;4.9;437;Jl. Braga street No.50;Kota Bandung;Jawa Barat;ID;https://www.instagram.com/mumufamily_braga?igsh=MTd5amloenRvOTlmMg==&utm_source=qr;;Toko Suvenir;;;;;;;;;;https://www.google.com/maps/search/?api=1&query=Mumu%20Family%20Braga&query_place_id=ChIJP0-p1urnaC4RsuvMbItZtGg;Toko Suvenir;;;;;;;
TOKO SERAGAM SANTOSA;3.7;3;Jl. Bumi Asih Raya No.11;Kota Bandung;Jawa Barat;ID;;+62 822-1874-2461;Toko Pakaian Seragam;;;;;;;;;;https://www.google.com/maps/search/?api=1&query=TOKO%20SERAGAM%20SANTOSA&query_place_id=ChIJqfa458LDaC4RxX1Mr2EMvyc;Toko Pakaian Seragam;;;;;;;
Asia Selatan Toko Buku ; Les Mandarin dll & Sapporo Ultimate;4.6;21;Indah estate, Jl. Batununggal Indah Raya No.136;Kota Bandung;Jawa Barat;ID;;+62 22 7501518;Toko Buku;Jasa Les Privat;;;;;;;;;https://www.google.com/maps/search/?api=1&query=Asia%20Selatan%20Toko%20Buku%20%2C%20Les%20Mandarin%20dll%20%26%20Sapporo%20Ultimate&query_place_id=ChIJRRUMvlvoaC4RgizHCO45Nws;Toko Buku;;;;;;
Seragam Sekolah Sejati Collection;4.9;114;Toko sejati, Ps. Kiaracondong, Jl. Kebon Jayanti;Kota Bandung;Jawa Barat;ID;https://linktr.ee/sejati_seragam;+62 813-9121-3723;Toko Pakaian Seragam;;;;;;;;;;https://www.google.com/maps/search/?api=1&query=Seragam%20Sekolah%20Sejati%20Collection&query_place_id=ChIJBwPPmtjnaC4RWcIdrFrxATw;Toko Pakaian Seragam;;;;;;;
SERAGAM BANDUNG;4.8;10;Jalan Kapling No. 113² Pasir Impun Mandalajati;Kota Bandung;Jawa Barat;ID;;+62 817-9250-359;Toko Pakaian Seragam;Perancang busana;Penjahit;;;;;;;;https://www.google.com/maps/search/?api=1&query=SERAGAM%20BANDUNG&query_place_id=ChIJKzDJu2bdaC4RKz32TeaaKBk;Toko Pakaian Seragam;;;;;;;
Safa Seragam Sekolah Bandung-Ready stok Baju wisuda;5;1;Jl. Babakan Teureup;Kota Bandung;Jawa Barat;ID;;+62 812-8616-0404;Toko Pakaian Seragam;Produsen pakaian dan kain;Grosir pakaian;;;;;;;;https://www.google.com/maps/search/?api=1&query=Safa%20Seragam%20Sekolah%20Bandung-Ready%20stok%20Baju%20wisuda&query_place_id=ChIJP9fjdlrdaC4Rph3JqYHDrLw;Toko Pakaian Seragam;;;;;;;
Grosir toga wisuda Bandung (Lingga Seragam Sekolah);5;10;Grosir Toga Wisuda Bandung Jalan Babakan teureup Gang. Mawar IX RT. 4 RW. 10 No. 48;Kota Bandung;Jawa Barat;ID;;+62 812-1445-4464;Toko Pakaian Seragam;;;;;;;;;;https://www.google.com/maps/search/?api=1&query=Grosir%20toga%20wisuda%20Bandung%20(Lingga%20Seragam%20Sekolah)&query_place_id=ChIJycckztLnaC4R3KlDUzEqBTQ;Toko Pakaian Seragam;;;;;;;
Toko Budhi;4.3;583;Jl. Cibadak No.110;Kota Bandung;Jawa Barat;ID;;+62 22 4216238;Toko Alat Tulis;;;;;;;;;;https://www.google.com/maps/search/?api=1&query=Toko%20Budhi&query_place_id=ChIJ84pyTSLmaC4Rt6K8kU2NiqM;Toko Alat Tulis;;;;;;;
Toko Resko Seragam & Sport Bandung;4.2;117;Jl. AH. Nasution No.68, RT.1/RW.2;Kota Bandung;Jawa Barat;ID;https://www.tokopedia.com/tokoresko;+62 22 7801496;Toko Pakaian Seragam;;;;;;;;;;https://www.google.com/maps/search/?api=1&query=Toko%20Resko%20Seragam%20%26%20Sport%20Bandung&query_place_id=ChIJWRNs8BvdaC4RuA-t0ge-vCs;Toko Pakaian Seragam;;;;;;;
Kinasih Seragam dan Sepatu Sekolah;4.8;17;Jl. Kawali 9 No.5, RT.5/RW.17;Kota Bandung;Jawa Barat;ID;;+62 852-1628-6747;Toko Pakaian;;;;;;;;;;https://www.google.com/maps/search/?api=1&query=Kinasih%20Seragam%20dan%20Sepatu%20Sekolah&query_place_id=ChIJ0VWbmyvnaC4ROMKF063-XAQ;Toko Pakaian;;;;;;;
Toko Central;4.6;19;Jl. Moch. Toha No.74;Kota Bandung;Jawa Barat;ID;;+62 812-2342-171;Toko Elektronik;;;;;;;;;;https://www.google.com/maps/search/?api=1&query=Toko%20Central&query_place_id=ChIJ83KAd5roaC4Rl38By2f4OvQ;Toko Elektronik;;;;;;;
Rio Seragam Sekolah - Arcamanik;4.9;57;Jl. Cisaranten Kulon Jl. Komp. Antabaru Dua Blok G17;Kota Bandung;Jawa Barat;ID;https://shopee.co.id/rioseragam.arc?smtt=0.289468316-1656736973.9;+62 813-1328-7792;Toko Pakaian Seragam;;;;;;;;;;https://www.google.com/maps/search/?api=1&query=Rio%20Seragam%20Sekolah%20-%20Arcamanik&query_place_id=ChIJsRRXUbHDaC4RA0NXsCk0gwY;Toko Pakaian Seragam;;;;;;;
Toko Power Elektronik;4.4;23;Jl. Terusan Pasirkoja No.39;Kota Bandung;Jawa Barat;ID;;;Toko Elektronik;;;;;;;;;;https://www.google.com/maps/search/?api=1&query=Toko%20Power%20Elektronik&query_place_id=ChIJlVrdoh_maC4Rb6_sW_SgN94;Toko Elektronik;;;;;;;
Toko A. Melin;4.4;15;Jl. Bumi Asih Raya No.56;Kota Bandung;Jawa Barat;ID;;+62 812-2001-8740;Toko Pakaian Seragam;;;;;;;;;;https://www.google.com/maps/search/?api=1&query=Toko%20A.%20Melin&query_place_id=ChIJiUSWp5jCaC4RSMKSiw2Nk7M;Toko Pakaian Seragam;;;;;;;
ZUNAY KREDIT ELEKTRONIK TERLENGKAP BANDUNG;5;4;Jl. ABC No.44-46;Kota Bandung;Jawa Barat;ID;https://www.facebook.com/marketplace/profile/100003697525795/?ref=permalink&mibextid=dXMIcH;+62 821-1676-4721;Toko Elektronik;;;;;;;;;;https://www.google.com/maps/search/?api=1&query=ZUNAY%20KREDIT%20ELEKTRONIK%20TERLENGKAP%20BANDUNG&query_place_id=ChIJQVLoYS3naC4RbzEdsvxwPNE;Toko Elektronik;;;;;;;
Andi Jaya Elektronik;4.8;6;Ps. Cikapundung Elektrik Center, Jl. ABC Blok Los TT No.36 Lt.2;Kota Bandung;Jawa Barat;ID;;+62 838-7046-8000;Toko Elektronik;;;;;;;;;;https://www.google.com/maps/search/?api=1&query=Andi%20Jaya%20Elektronik&query_place_id=ChIJJ-FNQiXmaC4R58fbX4B23Hw;Toko Elektronik;;;;;;;
Toko SinarMas Elektronik;3.9;7;Jl. Kalipah Apo No.17b;Kota Bandung;Jawa Barat;ID;;;Toko Elektronik;;;;;;;;;;https://www.google.com/maps/search/?api=1&query=Toko%20SinarMas%20Elektronik&query_place_id=ChIJUeNRXiHmaC4RB6aJvuAZkL4;Toko Elektronik;;;;;;;
Toko sejahtera;3.4;29;Wa O&l2lllOO74O, Jl. ABC No.20;Kota Bandung;Jawa Barat;ID;;+62 877-8719-7020;Toko Elektronik;;;;;;;;;;https://www.google.com/maps/search/?api=1&query=Toko%20sejahtera&query_place_id=ChIJ976wtyTmaC4RLtmNBC66U74;Toko Elektronik;;;;;;;
TOKO KREDIT ELEKTRONIK BERKAH 88;5;31;Jl. Peta No.232, Suka Asih, Kec. Bojongloa Kaler, Kota Bandung, Jawa Barat 40231;Kota Bandung;Jawa Barat;ID;https://www.instagram.com/saquphonestorebandung;+62 815-7369-5554;Toko Elektronik;;;;;;;;;;https://www.google.com/maps/search/?api=1&query=TOKO%20KREDIT%20ELEKTRONIK%20BERKAH%2088&query_place_id=ChIJccgeQrDlaC4Riytp-mU-oXY;Toko Elektronik;;;;;;;
Central Bandung Sparepart. Aksesories dan alat service;4.5;180;ITC Kebon Kalapa, Lt. 3 Blok A9. 6,7,8, Jl. Moch. Toha No.1;Kota Bandung;Jawa Barat;ID;;+62 812-1830-7773;Toko Elektronik;;;;;;;;;;https://www.google.com/maps/search/?api=1&query=Central%20Bandung%20Sparepart.%20Aksesories%20dan%20alat%20service&query_place_id=ChIJNaeuhJ3oaC4RByjpJAUpblw;Toko Elektronik;;;;;;;
Lovely Seragam Sekolah;4.9;52;Jl. Raya Cijerah No.65;Kota Bandung;Jawa Barat;ID;;+62 877-8691-6330;Toko Pakaian Seragam;;;;;;;;;;https://www.google.com/maps/search/?api=1&query=Lovely%20Seragam%20Sekolah&query_place_id=ChIJv0dCI9HlaC4R3SS5_wbTarE;Toko Pakaian Seragam;;;;;;;
Kosambi Plaza;4.4;370;;Kota Bandung;Jawa Barat;ID;;+62 838-9891-8468;Toko Elektronik;;;;;;;;;;https://www.google.com/maps/search/?api=1&query=Kosambi%20Plaza&query_place_id=ChIJm_nU-b3naC4RLIkqThzSqbw;Toko Elektronik;;;;;;;
Trijaya Seragam;4.7;9;Jl. A. Yani No.78;Kota Bandung;Jawa Barat;ID;;+62 896-2043-0277;Toko Pakaian Seragam;;;;;;;;;;https://www.google.com/maps/search/?api=1&query=Trijaya%20Seragam&query_place_id=ChIJG_yOwSzmaC4RIF8ZCFkm7Uk;Toko Pakaian Seragam;;;;;;;
Top Deal Electronics;4.1;10;Jl. ABC No.63;Kota Bandung;Jawa Barat;ID;https://topdeal.id/en;+62 811-1963-633;Toko Elektronik;;;;;;;;;;https://www.google.com/maps/search/?api=1&query=Top%20Deal%20Electronics&query_place_id=ChIJHz3U2yTmaC4RCe5ZIGY4YAk;Toko Elektronik;;;;;;;
Leuwi Panjang Mainan;4.2;196;Jl. Leuwi Panjang No.135;Kota Bandung;Jawa Barat;ID;;+62 22 5221264;Toko Mainan;;;;;;;;;;https://www.google.com/maps/search/?api=1&query=Leuwi%20Panjang%20Mainan&query_place_id=ChIJceGmaL7oaC4Rzz7m2cyp7Jw;Toko Mainan;;;;;;;
Toystation;4.5;8;Jl. Merdeka No.56;Kota Bandung;Jawa Barat;ID;;;Toko Mainan;;;;;;;;;;https://www.google.com/maps/search/?api=1&query=Toystation&query_place_id=ChIJG13cwTfmaC4RIgkZ6gyKbV8;Toko Mainan;;;;;;;
Sumber Mas;4.3;287;Jl. Cibadak No.49;Kota Bandung;Jawa Barat;ID;;+62 22 4239797;Toko Elektronik;;;;;;;;;;https://www.google.com/maps/search/?api=1&query=Sumber%20Mas&query_place_id=ChIJIb_RvyPmaC4R1a_PdN3ItGc;Toko Elektronik;;;;;;;
Toys Kingdom Living Plaza Pasir Kaliki;4.6;169;Living Plaza Pasir Kaliki, UG floor, Jl. Pasir Kaliki No.134, RT.005/RW.002;Kota Bandung;Jawa Barat;ID;http://toyskingdom.co.id/;+62 811-2333-340;Toko Mainan;;;;;;;;;;https://www.google.com/maps/search/?api=1&query=Toys%20Kingdom%20Living%20Plaza%20Pasir%20Kaliki&query_place_id=ChIJXXxqnWrmaC4RJoLY5wrAKmU;Toko Mainan;;;;;;;
Toys Kingdom BEC;4.8;144;Gedung Baru, 5-17 BEC, Jl. Purnawarman No.01A lt 3A;Kota Bandung;Jawa Barat;ID;https://toyskingdom.co.id/;+62 821-2636-1851;Toko Mainan;;;;;;;;;;https://www.google.com/maps/search/?api=1&query=Toys%20Kingdom%20BEC&query_place_id=ChIJ6aB95B_naC4RHQ7zf8wGfh8;Toko Mainan;;;;;;;
Toko seragam hk busana;4.8;10;Pasar Kosambi Lt.1 Blok A no. 70;Kota Bandung;Jawa Barat;ID;;+62 878-2192-9131;Toko Pakaian Seragam;;;;;;;;;;https://www.google.com/maps/search/?api=1&query=Toko%20seragam%20hk%20busana&query_place_id=ChIJ2w9qzYPnaC4RDLkZ3cmSHF0;Toko Pakaian Seragam;;;;;;;
Toko Bunda 999;4.6;38;Jl. Kuningan Raya No.100A;Kota Bandung;Jawa Barat;ID;;+62 896-6818-0477;Toko Pakaian Seragam;;;;;;;;;;https://www.google.com/maps/search/?api=1&query=Toko%20Bunda%20999&query_place_id=ChIJpy0_EvrnaC4Rh59x14xDcTs;Toko Pakaian Seragam;;;;;;;
Toko Mainan Tegallega;4.5;101;Jl. Otto Iskandar Dinata No.578F;Kota Bandung;Jawa Barat;ID;https://www.instagram.com/tokomainantegallega?igsh=MTdteXh6aDRzc3g2cw==;+62 22 5201118;Toko Mainan;Grosir;;;;;;;;;https://www.google.com/maps/search/?api=1&query=Toko%20Mainan%20Tegallega&query_place_id=ChIJ2SybTJnoaC4RCAVOEdZpwAs;Toko Mainan;;;;;;;
Toko Makmur;4.5;6;Jl. Sudirman No.535;Kota Bandung;Jawa Barat;ID;;+62 22 6015588;Toko Pakaian Seragam;Toko Sepatu;;;;;;;;;https://www.google.com/maps/search/?api=1&query=Toko%20Makmur&query_place_id=ChIJvwC1_w_maC4RFH5VOu0pfC4;Toko Pakaian Seragam;;;;;;;
Lestari Mainan;4.7;75;Jl. Sudirman No.02;Kota Bandung;Jawa Barat;ID;;+62 22 4211170;Toko Mainan;;;;;;;;;;https://www.google.com/maps/search/?api=1&query=Lestari%20Mainan&query_place_id=ChIJ_cT1gCTmaC4RHTkJV66_dTQ;Toko Mainan;;;;;;;
B-toys Bandung / Blackprimetoys;4.8;152;Jl. Mekar Utama I No.6;Kota Bandung;Jawa Barat;ID;http://shopee.co.id/black_prime;+62 896-9034-4777;Toko Mainan;;;;;;;;;;https://www.google.com/maps/search/?api=1&query=B-toys%20Bandung%20%2F%20Blackprimetoys&query_place_id=ChIJj27G5K7paC4RJwLyhJvmaHc;Toko Mainan;;;;;;;
Istana Mainan 1;4.1;113;Jl. Cibadak No.59;Kota Bandung;Jawa Barat;ID;;+62 22 4206303;Toko Mainan;;;;;;;;;;https://www.google.com/maps/search/?api=1&query=Istana%20Mainan%201&query_place_id=ChIJXcu1jCPmaC4RaIAzzlpkhOI;Toko Mainan;;;;;;;
Toko Mainan Bandung;4.1;106;Lantai 1 Balubur Town Square, Jl. Tamansari;Kota Bandung;Jawa Barat;ID;;+62 898-9052-901;Toko Mainan;;;;;;;;;;https://www.google.com/maps/search/?api=1&query=Toko%20Mainan%20Bandung&query_place_id=ChIJMzsWaUXmaC4R1lD-6GLlHJk;Toko Mainan;;;;;;;
Rejeki Jaya Toys;4.5;259;Jl. Astana Anyar No.157;Kota Bandung;Jawa Barat;ID;;+62 857-9563-9725;Toko Hobi;;;;;;;;;;https://www.google.com/maps/search/?api=1&query=Rejeki%20Jaya%20Toys&query_place_id=ChIJKRJARSDmaC4RTQMhgSkYqRg;Toko Hobi;;;;;;;
MKS Shoes;4.6;220;Jl. Ciwulan No.34;Kota Bandung;Jawa Barat;ID;http://www.mksshoes.com/;+62 811-1137-272;Toko Sepatu;;;;;;;;;;https://www.google.com/maps/search/?api=1&query=MKS%20Shoes&query_place_id=ChIJB902mDLmaC4RYQ8ULNX5vq4;Toko Sepatu;;;;;;;
Multi Toys;4.7;395;Jl. Kebon Jati No.169;Kota Bandung;Jawa Barat;ID;;+62 22 6030305;Toko Mainan;;;;;;;;;;https://www.google.com/maps/search/?api=1&query=Multi%20Toys&query_place_id=ChIJ13b9dMjnaC4R9M6F-_z9P2M;Toko Mainan;;;;;;;
ASIA TOYS CIBADAK;4.4;158;Jl. Astana Anyar No.23B;Kota Bandung;Jawa Barat;ID;;+62 851-0192-2020;Toko Mainan;;;;;;;;;;https://www.google.com/maps/search/?api=1&query=ASIA%20TOYS%20CIBADAK&query_place_id=ChIJm53GeiLmaC4Rj2swuJJJcB8;Toko Mainan;;;;;;;
Toko Aneka Mainan;4.6;54;Pusat Perdagangan Caringin, Jl. Soekarno-Hatta B2 No. 31;Kota Bandung;Jawa Barat;ID;;+62 22 5431589;Toko Mainan;;;;;;;;;;https://www.google.com/maps/search/?api=1&query=Toko%20Aneka%20Mainan&query_place_id=ChIJY1RH4LDoaC4RFXHbjKRRgQs;Toko Mainan;;;;;;;
Toko Kosmetik Megah;4.2;42;Jl. A. Yani No.139;Kota Bandung;Jawa Barat;ID;;+62 851-0521-4409;Toko Kosmetik;;;;;;;;;;https://www.google.com/maps/search/?api=1&query=Toko%20Kosmetik%20Megah&query_place_id=ChIJh-zP1cXnaC4RUy4CRacfan4;Toko Kosmetik;;;;;;;
Garsel Footwear Cibaduyut;4.4;588;Jl. Cibaduyut No.30;Kota Bandung;Jawa Barat;ID;http://www.garsel.co.id/;+62 22 5417973;Toko Sepatu;;;;;;;;;;https://www.google.com/maps/search/?api=1&query=Garsel%20Footwear%20Cibaduyut&query_place_id=ChIJARhv3cPoaC4RuThG0ff6V88;Toko Sepatu;;;;;;;
Elsa Cosmetics;4.4;127;Jl. Jamika No.27;Kota Bandung;Jawa Barat;ID;https://shopee.co.id/elsacosmetics;+62 818-0921-8770;Toko Kosmetik;;;;;;;;;;https://www.google.com/maps/search/?api=1&query=Elsa%20Cosmetics&query_place_id=ChIJX4kT3cjnaC4R_iW2ChpY35Y;Toko Kosmetik;;;;;;;
Idealistina Shop;4.3;55;Jl. Srikania No.3;Kota Bandung;Jawa Barat;ID;https://shopee.co.id/idealistina;;Toko Kosmetik;;;;;;;;;;https://www.google.com/maps/search/?api=1&query=Idealistina%20Shop&query_place_id=ChIJN0m1kqzpaC4RBCh46vRsZvA;Toko Kosmetik;;;;;;;
Toko Grosir Kosmetik;5;3;Jl. Cibadak No.121;Kota Bandung;Jawa Barat;ID;;+62 898-1125-717;Pusat Perbelanjaan;;;;;;;;;;https://www.google.com/maps/search/?api=1&query=Toko%20Grosir%20Kosmetik&query_place_id=ChIJoUht7zbnaC4Rd2B7hwJ2gW4;Pusat Perbelanjaan;;;;;;;
Toko Mainan Bandung San San Toys;4.5;279;Jl. Pasirkoja Jl. Astana Anyar No.68;Kota Bandung;Jawa Barat;ID;;+62 812-9521-2793;Toko Mainan;;;;;;;;;;https://www.google.com/maps/search/?api=1&query=Toko%20Mainan%20Bandung%20San%20San%20Toys&query_place_id=ChIJXSEKRiDmaC4RMd75ukzyUzg;Toko Mainan;;;;;;;
Look's Store;4.3;26;Jl. Melong Asih No.65;Kota Bandung;Jawa Barat;ID;;;Toko Kosmetik;;;;;;;;;;https://www.google.com/maps/search/?api=1&query=Look's%20Store&query_place_id=ChIJ1woh7NDlaC4R_DhAsCn6o4Y;Toko Kosmetik;;;;;;;
Dyfa Bandung;4.6;107;Jl. Mulyasari No.51;Kota Bandung;Jawa Barat;ID;https://linktr.ee/russellskin;+62 857-2129-9979;Toko Kosmetik;;;;;;;;;;https://www.google.com/maps/search/?api=1&query=Dyfa%20Bandung&query_place_id=ChIJU04Ue9DnaC4R1aHRjrxG6m0;Toko Kosmetik;;;;;;;
Rumah Makeupuccino;4.6;4115;Jl. Bengawan No.15;Kota Bandung;Jawa Barat;ID;;+62 811-2245-331;Toko Kosmetik;;;;;;;;;;https://www.google.com/maps/search/?api=1&query=Rumah%20Makeupuccino&query_place_id=ChIJX7ZISc_naC4RxR6HCGow1NA;Toko Kosmetik;;;;;;;
Ncr Sport Bandung (Toko Sepatu Basket dan Sneakers Original Bandung);4.9;3924;Jl. Gatot Subroto No.237;Kota Bandung;Jawa Barat;ID;http://ncrsport.com/;+62 895-8067-91101;Toko Sepatu;Toko Perlengkapan Olahraga;;;;;;;;;https://www.google.com/maps/search/?api=1&query=Ncr%20Sport%20Bandung%20(Toko%20Sepatu%20Basket%20dan%20Sneakers%20Original%20Bandung)&query_place_id=ChIJ1xwho9fnaC4RjVP4NSnvwi4;Toko Sepatu;;;;;;;
Lia Kosmetik With Dion Pusat Tas;5;16;meter dari, Gg. Holili jalan masuk No.8 10, RT.2/RW.09;Kota Bandung;Jawa Barat;ID;;+62 838-9208-8051;Toko Kosmetik;;;;;;;;;;https://www.google.com/maps/search/?api=1&query=Lia%20Kosmetik%20With%20Dion%20Pusat%20Tas&query_place_id=ChIJa2QSMy7naC4Rh8s4biUlV6c;Toko Kosmetik;;;;;;;
Belleza Beauty Shop;4.9;15;Jl. Terusan Pasirkoja No.51A;Kota Bandung;Jawa Barat;ID;;+62 22 6008841;Toko Kosmetik;;;;;;;;;;https://www.google.com/maps/search/?api=1&query=Belleza%20Beauty%20Shop&query_place_id=ChIJfUk8rx_maC4RRuyom9DJVs4;Toko Kosmetik;;;;;;;
R. Rezqy;4.8;14;Ps. UjungBerung, Los A 16, Jl. AH. Nasution No.5;Kota Bandung;Jawa Barat;ID;;+62 822-1566-6670;Toko Pakaian Seragam;;;;;;;;;;https://www.google.com/maps/search/?api=1&query=R.%20Rezqy&query_place_id=ChIJAaMrmzrdaC4Rat_7qtyyX5c;Toko Pakaian Seragam;;;;;;;
Pelangi Beauty;4.9;62;Jl. H. Kurdi 1 Jl. Moch. Toha No.30;Kota Bandung;Jawa Barat;ID;;+62 812-2446-0131;Toko Kosmetik;;;;;;;;;;https://www.google.com/maps/search/?api=1&query=Pelangi%20Beauty&query_place_id=ChIJJzYxB0PpaC4RusgtWM_vWvM;Toko Kosmetik;;;;;;;
Jopankar;4.4;382;Jl. Ciguriang No.1;Kota Bandung;Jawa Barat;ID;;+62 812-8323-6678;Toko Kosmetik;Salon Rambut;Pusat jajanan kaki lima;;;;;;;;https://www.google.com/maps/search/?api=1&query=Jopankar&query_place_id=ChIJdccmxSbmaC4Ru-A_aQYbd6E;Toko Kosmetik;;;;;;;
Toko Buku Sinar Bandung;5;1;;Kota Bandung;Jawa Barat;ID;;+62 815-7223-7223;Toko Alat Tulis;;;;;;;;;;https://www.google.com/maps/search/?api=1&query=Toko%20Buku%20Sinar%20Bandung&query_place_id=ChIJww-X0JPoaC4R5SRhchjvBWk;Toko Alat Tulis;;;;;;;
Pustaka Hulwah;5;62;Jl. Jatayu Dalam V No.1;Kota Bandung;Jawa Barat;ID;;+62 812-2422-4120;Toko Buku Anak-Anak;;;;;;;;;;https://www.google.com/maps/search/?api=1&query=Pustaka%20Hulwah&query_place_id=ChIJKcD2v9fnaC4R8MxFHL6458g;Toko Buku Anak-Anak;;;;;;;
Toko Buku Maranatha;4.7;51;Jl. Ibu Inggit Garnasih No.148 150A;Kota Bandung;Jawa Barat;ID;;+62 22 5203188;Toko Buku;;;;;;;;;;https://www.google.com/maps/search/?api=1&query=Toko%20Buku%20Maranatha&query_place_id=ChIJYdlRboPoaC4RrLq3PSizdaM;Toko Buku;;;;;;;
TOKO MAHMUD COSMETIC;4.5;7508;Jalan Mahmud No.8 Pasir Kaliki;Kota Bandung;Jawa Barat;ID;;+62 22 6032097;Toko Kosmetik;;;;;;;;;;https://www.google.com/maps/search/?api=1&query=TOKO%20MAHMUD%20COSMETIC&query_place_id=ChIJLZMFdhzvaC4ROpJgQija4KM;Toko Kosmetik;;;;;;;
Toko Attamimi;4.9;54;Jl. Otto Iskandar Dinata No.516;Kota Bandung;Jawa Barat;ID;https://tokoattamimi.com/;+62 22 45725113;Toko Buku;;;;;;;;;;https://www.google.com/maps/search/?api=1&query=Toko%20Attamimi&query_place_id=ChIJX2y_RgDpaC4RjzI9krESyIg;Toko Buku;;;;;;;
Konveksi Bajuseragam Bandung;5;3;Jl. AH. Nasution No.1B, RT.02/RW.01;Kota Bandung;Jawa Barat;ID;;+62 812-1459-0000;Toko Pakaian Seragam;;;;;;;;;;https://www.google.com/maps/search/?api=1&query=Konveksi%20Bajuseragam%20Bandung&query_place_id=ChIJJyXrikTdaC4RBQg0cEmGz38;Toko Pakaian Seragam;;;;;;;
Toko Rama Sinta;4.5;679;Jl. Astina No.23;Kota Bandung;Jawa Barat;ID;;+62 22 6018433;Toko Kosmetik;;;;;;;;;;https://www.google.com/maps/search/?api=1&query=Toko%20Rama%20Sinta&query_place_id=ChIJU1hpXWrmaC4RVnsndehmJj8;Toko Kosmetik;;;;;;;
Pasar Buku Palasari;4.5;3457;Bursa Buku Palasari, Jl. Palasari Jl. Turangga No.45, RT.10/RW.07;Kota Bandung;Jawa Barat;ID;https://linktr.ee/Irfan_villiank;+62 821-2160-8850;Toko Buku;;;;;;;;;;https://www.google.com/maps/search/?api=1&query=Pasar%20Buku%20Palasari&query_place_id=ChIJ44H9F37oaC4R4UxiVoTq4Wk;Toko Buku;;;;;;;
Toko Mandala;4.9;14;Jl. Raya Cijerah No.121;Kota Bandung;Jawa Barat;ID;;+62 22 6035842;Toko Buku;;;;;;;;;;https://www.google.com/maps/search/?api=1&query=Toko%20Mandala&query_place_id=ChIJ48WVkvzlaC4RbW7rTmcgEcE;Toko Buku;;;;;;;
Kaka Beauty Buah Batu;4.6;171;Jl. Buah Batu No.252;Kota Bandung;Jawa Barat;ID;;;Toko Kosmetik;;;;;;;;;;https://www.google.com/maps/search/?api=1&query=Kaka%20Beauty%20Buah%20Batu&query_place_id=ChIJPcZawM7paC4R_KFFtXKFKAI;Toko Kosmetik;;;;;;;
Toko Buku Diskon BBC Palasari 1 (Bandung Book Centre);4.5;446;Komplek bursa Jl. Palasari No.119 Buku Palasari;Kota Bandung;Jawa Barat;ID;;+62 22 7302368;Toko Buku;;;;;;;;;;https://www.google.com/maps/search/?api=1&query=Toko%20Buku%20Diskon%20BBC%20Palasari%201%20(Bandung%20Book%20Centre)&query_place_id=ChIJjfHpEH7oaC4RfeyES4B9sqs;Toko Buku;;;;;;;
Toko Buku Pelagia;4.8;126;Luxor Permai, Jl. Kebon Jati B No.Kav 12A;Kota Bandung;Jawa Barat;ID;https://pelagiabookstore.com/;;Toko Buku;;;;;;;;;;https://www.google.com/maps/search/?api=1&query=Toko%20Buku%20Pelagia&query_place_id=ChIJ5Xz1ZMHnaC4RqdsaRNeRnPg;Toko Buku;;;;;;;
Toko Buku Dunia Ilmu;4.3;1627;Komp. Bursa buku Palasari. 4, Pasar buku No.4;Kota Bandung;Jawa Barat;ID;http://www.duniailmu.co.id/;+62 812-2000-0202;Toko Buku;Percetakan Komersial;Penerbit;;;;;;;;https://www.google.com/maps/search/?api=1&query=Toko%20Buku%20Dunia%20Ilmu&query_place_id=ChIJlSyEEX7oaC4RsBNeFjT7Gz4;Toko Buku;;;;;;;
Toko Bandung Raya;4.7;15;Jl. Otto Iskandar Dinata No.322;Kota Bandung;Jawa Barat;ID;;;Toko Elektronik;;;;;;;;;;https://www.google.com/maps/search/?api=1&query=Toko%20Bandung%20Raya&query_place_id=ChIJ1YdS0ybmaC4RgBaCFGqId3w;Toko Elektronik;;;;;;;
Toko Kitab & Alat Tulis Al-falah;4.6;953;Jl. Otto Iskandar Dinata No.497;Kota Bandung;Jawa Barat;ID;https://www.instagram.com/tokokitabalfalahbandung?igsh=NmN4bGtoa3RydzU0;+62 813-9507-3789;Toko Buku;;;;;;;;;;https://www.google.com/maps/search/?api=1&query=Toko%20Kitab%20%26%20Alat%20Tulis%20Al-falah&query_place_id=ChIJNZHsfZ7oaC4RFCsyMDvcfKE;Toko Buku;;;;;;;
Tridjaya Elektronik Cibaduyut;5;287;Jl. Cibaduyut Lama No.10;Kota Bandung;Jawa Barat;ID;;;Toko Elektronik;;;;;;;;;;https://www.google.com/maps/search/?api=1&query=Tridjaya%20Elektronik%20Cibaduyut&query_place_id=ChIJdRA0KgDpaC4RAJNiddlPAxA;Toko Elektronik;;;;;;;
Toko Buku An-Nur;4.6;466;Jl. Otto Iskandar Dinata No.519;Kota Bandung;Jawa Barat;ID;https://shopee.co.id/annur_book?smtt=0.895272177-1667962483.9;+62 812-2327-9336;Toko Buku;;;;;;;;;;https://www.google.com/maps/search/?api=1&query=Toko%20Buku%20An-Nur&query_place_id=ChIJj8DkBKboaC4R_E4sVhmU5FE;Toko Buku;;;;;;;
Kips Bandung;5;318;Jl. Taruna Raya No.56;Kota Bandung;Jawa Barat;ID;http://kips.co.id/;+62 813-2044-4965;Toko Pakaian Seragam;;;;;;;;;;https://www.google.com/maps/search/?api=1&query=Kips%20Bandung&query_place_id=ChIJMXXRS7LnaC4RompeNaUPEWs;Toko Pakaian Seragam;;;;;;;
Toko Buku Elvira ; Texbook Asli Murah; pasti Diskon; grosir kertas kado;4.3;175;Jl. Ir. H. Juanda No.10;Kota Bandung;Jawa Barat;ID;https://tokopedia.link/gl14AUPUXRb;+62 22 4235960;Toko Buku;;;;;;;;;;https://www.google.com/maps/search/?api=1&query=Toko%20Buku%20Elvira%20%2C%20Texbook%20Asli%20Murah%2C%20pasti%20Diskon%2C%20grosir%20kertas%20kado&query_place_id=ChIJKwo3s1HmaC4R-AkS_Xe57rg;Toko Buku;;;;
Toko Remaja Cipaera;4.5;21;Jl. Cipaera No.16 B;Kota Bandung;Jawa Barat;ID;;+62 821-1551-0450;Toko Pakaian Seragam;;;;;;;;;;https://www.google.com/maps/search/?api=1&query=Toko%20Remaja%20Cipaera&query_place_id=ChIJY7Id3tLnaC4RY_daFPqTzmI;Toko Pakaian Seragam;;;;;;;
Singgalang;4.6;6372;Jl. Karapitan No.63 - 65;Kota Bandung;Jawa Barat;ID;;+62 22 7301301;Toko Buku;;;;;;;;;;https://www.google.com/maps/search/?api=1&query=Singgalang&query_place_id=ChIJjXdrDSrmaC4RKE5kRrK4j1A;Toko Buku;;;;;;;
Toko Buku / Kitab Kharisma Bandung (PUSAT GROSIR MURAH KITAB & Al QURAN);4.9;33;Jl. Otto Iskandar Dinata No.532 A;Kota Bandung;Jawa Barat;ID;;+62 813-2124-9345;Toko Buku;;;;;;;;;;https://www.google.com/maps/search/?api=1&query=Toko%20Buku%20%2F%20Kitab%20Kharisma%20Bandung%20(PUSAT%20GROSIR%20MURAH%20KITAB%20%26%20Al%20QURAN)&query_place_id=ChIJV4QmQaXpaC4ROIRgRS9Cmig;Toko Buku;;;;;;;
Gramedia Merdeka Bandung;4.6;21261;Jl. Merdeka No.43;Kota Bandung;Jawa Barat;ID;https://www.instagram.com/gramediabandung;+62 813-8130-443;Toko Buku;Toko Buku Anak-Anak;;;;;;;;;https://www.google.com/maps/search/?api=1&query=Gramedia%20Merdeka%20Bandung&query_place_id=ChIJFYwxkjfmaC4Rp14Ovk0SF0I;Toko Buku;;;;;;;
Multi Elektronik;3.8;5;Wa O&l2lllOO74O, Pasar Cikapundung Elektronic Centre, Jl. ABC Jl. Cikapundung Barat No.16 Blok Los DD;Kota Bandung;Jawa Barat;ID;;+62 22 4213057;Toko Elektronik;;;;;;;;;;https://www.google.com/maps/search/?api=1&query=Multi%20Elektronik&query_place_id=ChIJ40erRCXmaC4RCWvCEC-doGQ;Toko Elektronik;;;;;;;
Toko Serba Mulia;3.6;15;Jl. ABC;Kota Bandung;Jawa Barat;ID;;+62 22 4236393;Toko Elektronik;;;;;;;;;;https://www.google.com/maps/search/?api=1&query=Toko%20Serba%20Mulia&query_place_id=ChIJRSU9xSTmaC4RSeJe2qp56TU;Toko Elektronik;;;;;;;
Duta Nada Electronics;4.3;27;Jl. Braga No.46;Kota Bandung;Jawa Barat;ID;;+62 22 4206330;Toko Elektronik;;;;;;;;;;https://www.google.com/maps/search/?api=1&query=Duta%20Nada%20Electronics&query_place_id=ChIJ_cHpqjrmaC4R0LuZL_XFXm4;Toko Elektronik;;;;;;;
Toko Setia Elektronik;5;7;Jl. Otto Iskandar Dinata No.550;Kota Bandung;Jawa Barat;ID;;+62 821-2925-8550;Toko Elektronik;Toko Alat Listrik;;;;;;;;;https://www.google.com/maps/search/?api=1&query=Toko%20Setia%20Elektronik&query_place_id=ChIJOzRSu57oaC4Rthrf-1A1I7Q;Toko Elektronik;;;;;;;
Toko Buku Dahlan;4.6;1503;Jl. Otto Iskandar Dinata No.522;Kota Bandung;Jawa Barat;ID;https://taplink.cc/tokobukudahlan;+62 851-0605-1111;Toko Buku;Toko;;;;;;;;;https://www.google.com/maps/search/?api=1&query=Toko%20Buku%20Dahlan&query_place_id=ChIJPe21m57oaC4RkNP-rZzFm_M;Toko Buku;;;;;;;
Erafone Bandung Electronic Center (UG-A03);4.9;530;Gedung Bandung Electronic Center Lantai UG Blok A03, Jl. Purnawarman No.13-15;Kota Bandung;Jawa Barat;ID;;+62 857-9548-9897;Toko Elektronik;;;;;;;;;;https://www.google.com/maps/search/?api=1&query=Erafone%20Bandung%20Electronic%20Center%20(UG-A03)&query_place_id=ChIJddCegqbnaC4RruccjDalKFY;Toko Elektronik;;;;;;;
Cipta Agung;4.4;175;Jl. Sudirman No.443;Kota Bandung;Jawa Barat;ID;;+62 819-1011-1558;Toko Elektronik;;;;;;;;;;https://www.google.com/maps/search/?api=1&query=Cipta%20Agung&query_place_id=ChIJ8YdofBrmaC4RYP_J51Ey7A8;Toko Elektronik;;;;;;;
Central Electronics;4.2;58;Jaya Plaza, Jl. A. Yani No.238 Blok B4, Basefloor;Kota Bandung;Jawa Barat;ID;https://www.tokopedia.com/celectro;+62 812-2484-965;Toko Elektronik;;;;;;;;;;https://www.google.com/maps/search/?api=1&query=Central%20Electronics&query_place_id=ChIJ1XzscX7naC4RpLz0PGdHz2Y;Toko Elektronik;;;;;;;
Jual Beli Elektronik Bandung;4.6;17;Jl. Abdul Rahman Saleh No.2c;Kota Bandung;Jawa Barat;ID;;+62 857-2000-0294;Grosir elektronik;;;;;;;;;;https://www.google.com/maps/search/?api=1&query=Jual%20Beli%20Elektronik%20Bandung&query_place_id=ChIJoQzIFhPnaC4R0Y-lpv-MkEU;Grosir elektronik;;;;;;;
Tulus Electronics;4.7;17;Jl. A. Yani No.238;Kota Bandung;Jawa Barat;ID;;+62 22 7271707;Toko Elektronik;;;;;;;;;;https://www.google.com/maps/search/?api=1&query=Tulus%20Electronics&query_place_id=ChIJJfNDCdLnaC4RXw_IAdPmao0;Toko Elektronik;;;;;;;
Aldilla seragam sekolah;5;16;Lantai 1 Pasar Kosambi Blok A No.34-35;Kota Bandung;Jawa Barat;ID;https://www.instagram.com/seragamsekolah.aldilla/;+62 877-2375-2330;Toko Pakaian Seragam;Toko Pakaian Kerja;;;;;;;;;https://www.google.com/maps/search/?api=1&query=Aldilla%20seragam%20sekolah&query_place_id=ChIJsdmzYdzpaC4RDhLaSfLG7qU;Toko Pakaian Seragam;;;;;;;
Sinar Jaya (Handy Talky);4.4;107;Ps. Cikapundung, Jl. ABC Lantai 2 Blok Q2-Q15;Kota Bandung;Jawa Barat;ID;http://sinarjayahandytalky.com/;+62 812-2010-729;Toko Elektronik;;;;;;;;;;https://www.google.com/maps/search/?api=1&query=Sinar%20Jaya%20(Handy%20Talky)&query_place_id=ChIJK9HWaSXmaC4RCARIkowo184;Toko Elektronik;;;;;;;
TOKO KAIN SERAGAM DAN PAKAIAN DI BANDUNG (SUMBER) SERAGAM;4.9;745;Jl. Waas No.5b;Kota Bandung;Jawa Barat;ID;http://www.sumberseragam.com/;+62 811-2286-7878;Toko Pakaian Seragam;;;;;;;;;;https://www.google.com/maps/search/?api=1&query=TOKO%20KAIN%20SERAGAM%20DAN%20PAKAIAN%20DI%20BANDUNG%20(SUMBER)%20SERAGAM&query_place_id=ChIJs_vukV7oaC4R9FyOVlO0zU0;Toko Pakaian Seragam;;;;;;;
Electronic City Paskal 23;4.8;117;Paskal Hypersquare 23, Paskal Shopping Center, Jl. Pasir Kaliki No.25-27;Kota Bandung;Jawa Barat;ID;https://eci.id/;+62 1 500 032;Toko Elektronik;;;;;;;;;;https://www.google.com/maps/search/?api=1&query=Electronic%20City%20Paskal%2023&query_place_id=ChIJ516R8PXnaC4RkVT5y23Sibc;Toko Elektronik;;;;;;;
Toys Kingdom Mall Citylink Bandung;4.5;452;Mall Festival Citylink, Jl. Peta No.241 Lt.2;Kota Bandung;Jawa Barat;ID;https://www.toyskingdom.co.id/;+62 811-2243-316;Toko Mainan;;;;;;;;;;https://www.google.com/maps/search/?api=1&query=Toys%20Kingdom%20Mall%20Citylink%20Bandung&query_place_id=ChIJo7_MvCLpaC4R0WydDuYFbCw;Toko Mainan;;;;;;;
Dewi Busana;4.7;49;Ps. Baru Trade Center, Lantai 3 blok d1 No. 12-15, Jl. Otto Iskandar Dinata No.70;Kota Bandung;Jawa Barat;ID;;+62 22 4245280;Toko Pakaian Seragam;Toko Pakaian;;;;;;;;;https://www.google.com/maps/search/?api=1&query=Dewi%20Busana&query_place_id=ChIJp0BRWDvmaC4R8QGeKeHDEQg;Toko Pakaian Seragam;;;;;;;
Toko Resko;4.6;44;Ps. Kosambi, Jl. A. Yani;Kota Bandung;Jawa Barat;ID;;+62 896-5384-1910;Toko Pakaian Seragam;;;;;;;;;;https://www.google.com/maps/search/?api=1&query=Toko%20Resko&query_place_id=ChIJNU5iztLnaC4R4K_AyOqd8RA;Toko Pakaian Seragam;;;;;;;
Niaga Elektronik;4.5;33;Komplek Jaya Plaza, Jl. A. Yani;Kota Bandung;Jawa Barat;ID;https://www.tokopedia.com/putraniagabdg;;Toko Elektronik;;;;;;;;;;https://www.google.com/maps/search/?api=1&query=Niaga%20Elektronik&query_place_id=ChIJIYDCGdLnaC4ReqSvnnQRsuQ;Toko Elektronik;;;;;;;
Aneka Jaya;4.4;420;Jl. A. Yani No.209;Kota Bandung;Jawa Barat;ID;;+62 812-2024-273;Toko Pakaian;;;;;;;;;;https://www.google.com/maps/search/?api=1&query=Aneka%20Jaya&query_place_id=ChIJE0av9NLnaC4RwfPEKo5Cczs;Toko Pakaian;;;;;;;
Baju Pdl;4.8;23;Jl. Taman Curie No.15A;Kota Bandung;Jawa Barat;ID;;+62 813-2390-4537;Toko Pakaian Seragam;;;;;;;;;;https://www.google.com/maps/search/?api=1&query=Baju%20Pdl&query_place_id=ChIJYTusRbnnaC4RN309k8N6n9E;Toko Pakaian Seragam;;;;;;;
Pusat Toko Seragam LINMAS dan SAFETY;4.9;46;Jl. Arjuna No.2/70;Kota Bandung;Jawa Barat;ID;http://bajulinmasbandung.blogspot.com/;+62 811-2425-776;Toko Pakaian Kerja;Toko Sepatu Boot;Toko Pakaian;Toko Aksesori Pakaian;Toko Pakaian Luar;Toko Sepatu;Toko Alat-Alat;Toko Pakaian Seragam;;;https://www.google.com/maps/search/?api=1&query=Pusat%20Toko%20Seragam%20LINMAS%20dan%20SAFETY&query_place_id=ChIJkegjejbnaC4RwxolNeb68JI;Toko Pakaian Kerja;;;;;;;
Toko Seragam Remaja Kosambi Bandung;4.8;53;Jl. A. Yani No.221-223;Kota Bandung;Jawa Barat;ID;http://shopee.co.id/seragamremajakosambibandung;+62 877-3129-5915;Toko Pakaian Seragam;;;;;;;;;;https://www.google.com/maps/search/?api=1&query=Toko%20Seragam%20Remaja%20Kosambi%20Bandung&query_place_id=ChIJgRMv7dnnaC4R_hqItVggCY8;Toko Pakaian Seragam;;;;;;;
Lavie Play House - Mainan;4.7;566;Jl. Imam Bonjol No.7;Kota Bandung;Jawa Barat;ID;https://linktr.ee/Lavie_BabyHouse?utm_source=gmaps;+62 22 2508800;Toko Mainan;Toko Perlengkapan Bayi;Layanan Binatu;;;;;;;;https://www.google.com/maps/search/?api=1&query=Lavie%20Play%20House%20-%20Mainan&query_place_id=ChIJ2f-9W1HmaC4RS67NNjXmI_8;Toko Mainan;;;;;;;
City Toys;4.4;556;Jl. Sudirman No.112;Kota Bandung;Jawa Barat;ID;;+62 22 4206178;Toko Mainan;;;;;;;;;;https://www.google.com/maps/search/?api=1&query=City%20Toys&query_place_id=ChIJl7n4exrmaC4R4lgB78dM_l0;Toko Mainan;;;;;;;
"Cicici 2 ""Toko Seragam Sekolah""";4.6;27;Jl. Peta No.24;Kota Bandung;Jawa Barat;ID;;+62 813-2192-2130;Toko Pakaian;;;;;;;;;;https://www.google.com/maps/search/?api=1&query=Cicici%202%20%22Toko%20Seragam%20Sekolah%22&query_place_id=ChIJM-ttu5noaC4R5sodmdaahBw;Toko Pakaian;;;;;;;
Rio Seragam Sekolah;4.6;86;Ps. Kosambi, lt 1 blok D no 34, Jl. A. Yani No.60;Kota Bandung;Jawa Barat;ID;;+62 852-2225-2446;Toko Pakaian Seragam;;;;;;;;;;https://www.google.com/maps/search/?api=1&query=Rio%20Seragam%20Sekolah&query_place_id=ChIJv7xUz9LnaC4RHpLyAhAnV2s;Toko Pakaian Seragam;;;;;;;
Toko Terus Jaya;4.2;127;Jl. Sukajadi No.90;Kota Bandung;Jawa Barat;ID;;;Toko Pakaian Seragam;;;;;;;;;;https://www.google.com/maps/search/?api=1&query=Toko%20Terus%20Jaya&query_place_id=ChIJJ-zLumDmaC4RsMayjb2zSIA;Toko Pakaian Seragam;;;;;;;
Vega Toys & Hobbies;4.5;1081;Jl. Banda No.33;Kota Bandung;Jawa Barat;ID;;+62 22 4260870;Toko Mainan;;;;;;;;;;https://www.google.com/maps/search/?api=1&query=Vega%20Toys%20%26%20Hobbies&query_place_id=ChIJjfqoxUvmaC4RVP8UXe6IvqU;Toko Mainan;;;;;;;
FNL Rumah Seragam Sekolah;4.6;103;Jl. H. Alpi No.46D 80;Kota Bandung;Jawa Barat;ID;;+62 822-1779-9969;Toko Pakaian Seragam;Pusat Perbelanjaan;;;;;;;;;https://www.google.com/maps/search/?api=1&query=FNL%20Rumah%20Seragam%20Sekolah&query_place_id=ChIJ6UcJy-LlaC4RJO0d7g4xyjQ;Toko Pakaian Seragam;;;;;;;
Toko Kim Hien;4.4;735;Jl. Banceuy No.31;Kota Bandung;Jawa Barat;ID;https://www.instagram.com/tokokimhien;+62 22 4231286;Toko Alat Listrik;Toko Elektronik;;;;;;;;;https://www.google.com/maps/search/?api=1&query=Toko%20Kim%20Hien&query_place_id=ChIJNWvY4STmaC4R9cSiI-vEEec;Toko Alat Listrik;;;;;;;
Grosir Elektronik123;4.5;486;3H6F+7P9;Kota Bandung;Jawa Barat;ID;;+62 812-2200-0768;Toko Elektronik;;;;;;;;;;https://www.google.com/maps/search/?api=1&query=Grosir%20Elektronik123&query_place_id=ChIJ4_-z5LbpaC4RSg47FiHNs3Q;Toko Elektronik;;;;;;;
Toko Victory Electronic;4.6;103;Jl. Moch. Toha No.80 A;Kota Bandung;Jawa Barat;ID;;+62 896-0895-1582;Toko Elektronik;;;;;;;;;;https://www.google.com/maps/search/?api=1&query=Toko%20Victory%20Electronic&query_place_id=ChIJTXDDgpDoaC4RlogKYUYOxHA;Toko Elektronik;;;;;;;
ONE Beauty Mart;4.9;1444;Jl. Buah Batu No.167b;Kota Bandung;Jawa Barat;ID;http://www.instagram.com/onebeautymart;+62 811-2223-3388;Grosir kosmetik;;;;;;;;;;https://www.google.com/maps/search/?api=1&query=ONE%20Beauty%20Mart&query_place_id=ChIJ73EEWhTpaC4R1BDYRgap_ok;Grosir kosmetik;;;;;;;
Toko Seragam Silvi Collections;4.7;184;Jl. H. Anwar No.34;Kota Bandung;Jawa Barat;ID;https://www.tiktok.com/@seragam_silvi?_t=8bvOpzj7fqD&_r=1;+62 823-2048-2620;Toko Pakaian;;;;;;;;;;https://www.google.com/maps/search/?api=1&query=Toko%20Seragam%20Silvi%20Collections&query_place_id=ChIJt38p0-LlaC4REpbgJeEteu0;Toko Pakaian;;;;;;;
COSME BEAUTY INDONESIA;5;26;Jl. Melong Cijerah 1 No.11;Kota Bandung;Jawa Barat;ID;http://www.cosmebeautyindonesia.id/;+62 812-5600-0090;Toko Kosmetik;;;;;;;;;;https://www.google.com/maps/search/?api=1&query=COSME%20BEAUTY%20INDONESIA&query_place_id=ChIJ93AqOeblaC4RNqemd8EY-OM;Toko Kosmetik;;;;;;;
Mekar Harapan Elektronik - Pasar Cikapundung Lt.ll Blok N.9;4.7;15;Ps. Cikapundung Elektrik Center, Jl. ABC B No.16;Kota Bandung;Jawa Barat;ID;http://mekarharapan.com/;+62 812-2373-6828;Toko Elektronik;;;;;;;;;;https://www.google.com/maps/search/?api=1&query=Mekar%20Harapan%20Elektronik%20-%20Pasar%20Cikapundung%20Lt.ll%20Blok%20N.9&query_place_id=ChIJX130aiXmaC4RM6CUKDVvXds;Toko Elektronik;;;;;;;
Toko elektronic angkasa bandung;4.5;14;Pasar Cikapundung Los N 19;Kota Bandung;Jawa Barat;ID;;;Toko Elektronik;;;;;;;;;;https://www.google.com/maps/search/?api=1&query=Toko%20elektronic%20angkasa%20bandung&query_place_id=ChIJIfdrSCXmaC4RnmZjtakmak4;Toko Elektronik;;;;;;;
Toko Jaya Perkasa Elektronik;5;71;Jl. Otto Iskandar Dinata No.556;Kota Bandung;Jawa Barat;ID;;+62 811-8089-2122;Toko Elektronik;Toko Ponsel;Toko Komputer;Grosir elektronik;;;;;;;https://www.google.com/maps/search/?api=1&query=Toko%20Jaya%20Perkasa%20Elektronik&query_place_id=ChIJsdDIhjnpaC4R1yVk7z0dhbM;Toko Elektronik;;;;;;;
Informa Electronics BEC;4.7;782;Jl. Purnawarman No.12;Kota Bandung;Jawa Barat;ID;https://www.ruparupa.com/informastore/ms/informa-electronics;+62 817-110-073;Toko Elektronik;;;;;;;;;;https://www.google.com/maps/search/?api=1&query=Informa%20Electronics%20BEC&query_place_id=ChIJVRTuI-fnaC4RL4J8kiBz4xQ;Toko Elektronik;;;;;;;
Berkat Jaya Electronic;5;340;Jl. Sudirman No.459;Kota Bandung;Jawa Barat;ID;;+62 811-2048-485;Toko Elektronik;;;;;;;;;;https://www.google.com/maps/search/?api=1&query=Berkat%20Jaya%20Electronic&query_place_id=ChIJDWq2hhrmaC4R3DyHox5W61E;Toko Elektronik;;;;;;;
SEPHORA 23 Paskal;4.6;328;23 Paskal Shopping Center, Floor L1 - Unit 09, Jalan Pasir kaliki No.25-27 Kebon Jeruk Andir Kebon Jeruk Andir Kota Bandung Jawa Barat 40181, Jl. Pasir Kaliki No.25;Kota Bandung;Jawa Barat;ID;https://www.sephora.co.id/?utm_source=google&utm_medium=organic&utm_campaign=gms_id_23paskal;+62 22 20560525;Toko Kosmetik;Toko Alat Kecantikan;;;;;;;;;https://www.google.com/maps/search/?api=1&query=SEPHORA%2023%20Paskal&query_place_id=ChIJ71dG-hbmaC4RZF3wX6MMFDM;Toko Kosmetik;;;;;;;
Roemah Elektronik Bandung Jual Beli TV; Kulkas; Speaker; dll baru dan bekas;4;69;Dekat Mall Festival Citylink atau, Jl. Sukamulya No. 2, Kopo Kecamatan Bojongloa Kaler;Kota Bandung;Jawa Barat;ID;https://wa.me/62895396539100?text=Halo!;+62 895-3965-39100;Toko Elektronik;;;;;;;;;;https://www.google.com/maps/search/?api=1&query=Roemah%20Elektronik%20Bandung%20Jual%20Beli%20TV%2C%20Kulkas%2C%20Speaker%2C%20dll%20baru%20dan%20bekas&query_place_id=ChIJrRo7AVrpaC4RBYZWWzQ2T68;Toko Elektronik;;;;
Dunia Kosmetik;4.3;37;Jl. Ibu Inggit Garnasih No.84;Kota Bandung;Jawa Barat;ID;;+62 22 5202566;Toko Kosmetik;;;;;;;;;;https://www.google.com/maps/search/?api=1&query=Dunia%20Kosmetik&query_place_id=ChIJv8rm7JzoaC4R8UzRVkjh9-4;Toko Kosmetik;;;;;;;
Sinarmaju Electronics;4.5;834;Jl. Sudirman No.451;Kota Bandung;Jawa Barat;ID;http://www.sinarmaju.co.id/;+62 877-0870-8128;Toko Elektronik;Toko Alat Dapur;;;;;;;;;https://www.google.com/maps/search/?api=1&query=Sinarmaju%20Electronics&query_place_id=ChIJm-lPhxrmaC4RqE4t0UKENzI;Toko Elektronik;;;;;;;
Jaya Agung Elektronik Bandung;4.5;132;Jl. Sudirman No.479;Kota Bandung;Jawa Barat;ID;;+62 22 6017057;Toko Elektronik;;;;;;;;;;https://www.google.com/maps/search/?api=1&query=Jaya%20Agung%20Elektronik%20Bandung&query_place_id=ChIJm6-EnhrmaC4R7FVh0w4Fky8;Toko Elektronik;;;;;;;
Laksana Electronic;4.6;50;Jl. ABC No.4;Kota Bandung;Jawa Barat;ID;;+62 22 4231264;Toko Elektronik;;;;;;;;;;https://www.google.com/maps/search/?api=1&query=Laksana%20Electronic&query_place_id=ChIJTQ5eyCTmaC4RThExw5hpoqU;Toko Elektronik;;;;;;;
180 Christian Store;4.6;120;Jl. Mekar Agung No.131;Kota Bandung;Jawa Barat;ID;https://www.tokopedia.com/180store?source=universe&st=product;+62 813-2100-7070;Toko Buku Kristiani;;;;;;;;;;https://www.google.com/maps/search/?api=1&query=180%20Christian%20Store&query_place_id=ChIJ_Rl6RRbmaC4RlhyIrog2x1Y;Toko Buku Kristiani;;;;;;;
Log In Megastore ABC;4.4;7962;Jl. ABC No.44-46;Kota Bandung;Jawa Barat;ID;https://loginmegastore.com/;+62 815-7305-8888;Toko Elektronik;;;;;;;;;;https://www.google.com/maps/search/?api=1&query=Log%20In%20Megastore%20ABC&query_place_id=ChIJu8tl2yTmaC4Raf4W6AOF3P8;Toko Elektronik;;;;;;;
Toko Elektronik;4.6;69;Jl. ABC No.43;Kota Bandung;Jawa Barat;ID;https://www.tokopedia.com/abcmegaria;+62 811-223-599;Toko Elektronik;;;;;;;;;;https://www.google.com/maps/search/?api=1&query=Toko%20Elektronik&query_place_id=ChIJ1a-OV3fnaC4RDG8l9VPhL44;Toko Elektronik;;;;;;;
AIO Store - Kopo | Toko Elektronik Bandung;5;428;Jl. Soekarno-Hatta No.318;Kota Bandung;Jawa Barat;ID;;+62 878-1152-8848;Toko Elektronik;Toko AC;Toko Perkakas;Toko Komputer;Toko Perlengkapan Rumah;Toko Lampu;Toko Kulkas;Toko Mesin Cuci & Pengering;;;https://www.google.com/maps/search/?api=1&query=AIO%20Store%20-%20Kopo%20%7C%20Toko%20Elektronik%20Bandung&query_place_id=ChIJR3uOXunpaC4Rg54N8kPvoGM;Toko Elektronik;;;;;;;
SUMBER AGUNG ELECTRONIC STORE;4.8;1477;Jl. ABC No.29 - 31;Bandung IT;Jawa Barat;ID;;;Toko Elektronik;;;;;;;;;;https://www.google.com/maps/search/?api=1&query=SUMBER%20AGUNG%20ELECTRONIC%20STORE&query_place_id=ChIJn_SGfjnnaC4RVVKSsXhyiUM;Toko Elektronik;;;;;;;
Gramedia Bandung Festival Citylink;4.6;1153;Festival CityLink, Jl. Peta No.241 Lt. LG;Kota Bandung;Jawa Barat;ID;https://bit.ly/GramediaFestival;+62 22 6128596;Toko Buku;;;;;;;;;;https://www.google.com/maps/search/?api=1&query=Gramedia%20Bandung%20Festival%20Citylink&query_place_id=ChIJW5NG96foaC4R02ZGzBx_q0I;Toko Buku;;;;;;;
