"title","totalScore","reviewsCount","street","city","state","countryCode","website","phone","categories/0","categories/1","categories/2","categories/3","categories/4","categories/5","categories/6","categories/7","url","categoryName"
"Sawargi Salon Mobil panggilan Bandung","5","10","Jl. Jatihandap, RT.03/RW.06","Kota Bandung","Jawa Barat","ID",,"+62 822-9506-5206","Bengkel Mobil",,,,,,,,"https://www.google.com/maps/search/?api=1&query=Sawargi%20Salon%20Mobil%20panggilan%20Bandung&query_place_id=ChIJYWm_i8vnaC4RYd-_Og79ihs","Bengkel Mobil"
"Blinkz Beauty Lash Bandung","5","1","240 G, Jl. Cikadut No.240G","Kota Bandung","Jawa Barat","ID",,"","Salon Kecantikan",,,,,,,,"https://www.google.com/maps/search/?api=1&query=Blinkz%20Beauty%20Lash%20Bandung&query_place_id=ChIJrdVuOG7daC4RNqjqtzfPfBk","Salon Kecantikan"
"Rey Salon","5","4","Jl. H. Saodah I No.178/38","Kota Bandung","Jawa Barat","ID",,"","Salon Rambut",,,,,,,,"https://www.google.com/maps/search/?api=1&query=Rey%20Salon&query_place_id=ChIJV0L4kVHnaC4RQ4mFIwGvbww","Salon Rambut"
"Melati Salon","5","1","4M33+3Q7, Jl. Padasuka","Kota Bandung","Jawa Barat","ID",,"+62 22 91223454","Salon Kecantikan",,,,,,,,"https://www.google.com/maps/search/?api=1&query=Melati%20Salon&query_place_id=ChIJG5lnWZDnaC4RDiMX-JtyIO8","Salon Kecantikan"
"CENIK Wellness Cafe Bandung | Solusi Bugar dan Melangsing Bersama (MESRA)","5","28","Jl. Jatihandap No.99","Kota Bandung","Jawa Barat","ID","https://linktr.ee/ojan.uje","+62 896-9609-9866","Pusat Kebugaran","Salon Kecantikan","Konsultan Kesehatan","Pelatih Pribadi","Pusat Perawatan Ibu Hamil","Layanan Penurunan Berat Badan",,,"https://www.google.com/maps/search/?api=1&query=CENIK%20Wellness%20Cafe%20Bandung%20%7C%20Solusi%20Bugar%20dan%20Melangsing%20Bersama%20(MESRA)&query_place_id=ChIJ_-CopIXnaC4RnQEawlZKitc","Pusat Kebugaran"
"kursus salon bandung mia salman",,,"belakang ruko jnt, Jl. Jatihandap Timur No.34, RT.03/05","Kota Bandung","Jawa Barat","ID",,"+62 813-8130-2360","Salon Rambut",,,,,,,,"https://www.google.com/maps/search/?api=1&query=kursus%20salon%20bandung%20mia%20salman&query_place_id=ChIJRfBCpdDJaS4RyZvGkkxKocA","Salon Rambut"
"Alegro Beauty salon","5","6","Green valley residence No.kavling 25","Kota Bandung","Jawa Barat","ID",,"","Salon Kecantikan",,,,,,,,"https://www.google.com/maps/search/?api=1&query=Alegro%20Beauty%20salon&query_place_id=ChIJZZJuY6HnaC4RfA9tybWVX1Y","Salon Kecantikan"
"Indri Salon","4.4","36","Jl. Jamaras III Atas No.120","Kota Bandung","Jawa Barat","ID",,"+62 821-1901-8885","Salon Rambut",,,,,,,,"https://www.google.com/maps/search/?api=1&query=Indri%20Salon&query_place_id=ChIJaTzsOGbnaC4RWwsq1Vf013g","Salon Rambut"
"Rumah Cantik Mallova","4","6","Jl. Padasuka No.131","Kota Bandung","Jawa Barat","ID",,"","Salon Kecantikan",,,,,,,,"https://www.google.com/maps/search/?api=1&query=Rumah%20Cantik%20Mallova&query_place_id=ChIJR4bpnAnnaC4RMS96lBT_umM","Salon Kecantikan"
"Moxie Hair Studio 202 (Barbershop)","4.9","743","Jl. Cikutra No.202","Kota Bandung","Jawa Barat","ID",,"+62 821-2047-7887","Tempat Cukur Rambut",,,,,,,,"https://www.google.com/maps/search/?api=1&query=Moxie%20Hair%20Studio%20202%20(Barbershop)&query_place_id=ChIJf5RCtePnaC4RQW6ZBK2DYmE","Tempat Cukur Rambut"
"Golden Barber Dago Bandung","5","1307","Jl. Ir. H. Juanda No.294A","Kota Bandung","Jawa Barat","ID",,"+62 812-1480-7192","Tempat Cukur Rambut",,,,,,,,"https://www.google.com/maps/search/?api=1&query=Golden%20Barber%20Dago%20Bandung&query_place_id=ChIJrW_wQjLnaC4RhNlH1ScuTEY","Tempat Cukur Rambut"
"RD Salon","4","17","Jl. Arcamanik","Kota Bandung","Jawa Barat","ID",,"+62 813-2218-3080","Salon Rambut",,,,,,,,"https://www.google.com/maps/search/?api=1&query=RD%20Salon&query_place_id=ChIJBZqQb2_daC4RujuZHhJamWI","Salon Rambut"
"Salon Millie",,,,,,,"https://www.facebook.com/profile.php?id=100087392570311","+62 812-2392-0741","Salon Kecantikan","Service establishment",,,,,,,"https://www.google.com/maps/search/?api=1&query=Salon%20Millie&query_place_id=ChIJdz6arYL3qSsRY9-yy8K-j_g","Salon Kecantikan"
"Barbershop Raden",,,,,,,,"+62 812-1432-5798","Tempat Cukur Rambut","Service establishment",,,,,,,"https://www.google.com/maps/search/?api=1&query=Barbershop%20Raden&query_place_id=ChIJ8Sjsbc_kiQQR0nYcglMm9pM","Tempat Cukur Rambut"
"CUKUR HADE BARBERSHOP - LENGKONG KECIL","5","1899","Jl. Lengkong Kecil No.30A","Kota Bandung","Jawa Barat","ID","https://instagram.com/cukurhade3.barbershop?igshid=MzRlODBiNWFlZA==","+62 822-1665-5665","Tempat Cukur Rambut",,,,,,,,"https://www.google.com/maps/search/?api=1&query=CUKUR%20HADE%20BARBERSHOP%20-%20LENGKONG%20KECIL&query_place_id=ChIJFYOSO93naC4RPX5F1hvExXA","Tempat Cukur Rambut"
"Aken Salon & Spa","3.4","18","Jl. Khp Hasan Mustopa No.161","Kota Bandung","Jawa Barat","ID",,"+62 812-2456-1855","Salon Kecantikan",,,,,,,,"https://www.google.com/maps/search/?api=1&query=Aken%20Salon%20%26%20Spa&query_place_id=ChIJnXfwYLznaC4RjNjY57M9jGI","Salon Kecantikan"
"Black Gray Barbershop","4.5","8","Jl. Jatihandap No.18","Kota Bandung","Jawa Barat","ID","https://m.facebook.com/barbershop.blackgray","+62 813-1313-1933","Salon Rambut",,,,,,,,"https://www.google.com/maps/search/?api=1&query=Black%20Gray%20Barbershop&query_place_id=ChIJ7-ynOo7naC4REF22w_tMJxc","Salon Rambut"
"D Leo Barbershop",,,"Jl. Jatihandap Timur No.96, RT.07/RW.08","Kabupaten Bandung","Jawa Barat","ID",,"","Tempat Cukur Rambut",,,,,,,,"https://www.google.com/maps/search/?api=1&query=D%20Leo%20Barbershop&query_place_id=ChIJh9AfOwDnaC4RmZJ9XzR8290","Tempat Cukur Rambut"
"Asal Cukur Barbershop","4.4","8","Jl. Jatihandap No.43","Kota Bandung","Jawa Barat","ID",,"+62 858-6019-6473","Tempat Cukur Rambut",,,,,,,,"https://www.google.com/maps/search/?api=1&query=Asal%20Cukur%20Barbershop&query_place_id=ChIJpYSBxI_naC4RT_0M-fKOMyU","Tempat Cukur Rambut"
"Barbershop R.Babon (cabang Adina antapani)","4.3","18",,"Kota Bandung","Jawa Barat","ID",,"+62 896-5906-9425","Tempat Cukur Rambut",,,,,,,,"https://www.google.com/maps/search/?api=1&query=Barbershop%20R.Babon%20(cabang%20Adina%20antapani)&query_place_id=ChIJmzwKBx_naC4Ry5TUjThjzgA","Tempat Cukur Rambut"
"Venus Barbershop","4.5","54","Jl. Jatihandap No.290","Kota Bandung","Jawa Barat","ID","http://www.venusbarbershop.com/","+62 878-2245-7112","Tempat Cukur Rambut",,,,,,,,"https://www.google.com/maps/search/?api=1&query=Venus%20Barbershop&query_place_id=ChIJt7j-eYXnaC4R3Tg_d9nHyjQ","Tempat Cukur Rambut"
"Gmax Barbershop","3.4","36","Jl. Padasuka No.08 Blok A","Kota Bandung","Jawa Barat","ID",,"+62 22 7232558","Salon Rambut","Toko Pakaian",,,,,,,"https://www.google.com/maps/search/?api=1&query=Gmax%20Barbershop&query_place_id=ChIJu9DfCZHnaC4RQMdYda-EK-k","Salon Rambut"
"ANT BROTHER BARBERSHOP","4.7","20","Jl. Kosar No.142","Kota Bandung","Jawa Barat","ID",,"","Salon Rambut",,,,,,,,"https://www.google.com/maps/search/?api=1&query=ANT%20BROTHER%20BARBERSHOP&query_place_id=ChIJ9f9SUAzdaC4RHb9AF2O9vwA","Salon Rambut"
"Marbella Beauty Bar","4.8","26",,"Kabupaten Bandung","Jawa Barat","ID","https://www.instagram.com/p/BoqfmEvHLwm/?utm_medium=copy_link","+62 857-9313-5209","Salon Kecantikan",,,,,,,,"https://www.google.com/maps/search/?api=1&query=Marbella%20Beauty%20Bar&query_place_id=ChIJTTtKN1vnaC4RTSWSsv46zFw","Salon Kecantikan"
"Famous eyelash Bandung","5","39","Jl. Jatihandap Timur No.48","Kota Bandung","Jawa Barat","ID","https://wa.me/message/IM6ZSOIDDB6RA1","+62 881-0236-61970","Salon Kecantikan",,,,,,,,"https://www.google.com/maps/search/?api=1&query=Famous%20eyelash%20Bandung&query_place_id=ChIJWxo-dmvnaC4R73Ta6fqZQWs","Salon Kecantikan"
"Garisa Salon","4.6","20","Jl. Jatihandap No.110","Kota Bandung","Jawa Barat","ID",,"+62 821-1748-3259","Salon Kecantikan",,,,,,,,"https://www.google.com/maps/search/?api=1&query=Garisa%20Salon&query_place_id=ChIJ14aDu4XnaC4Rp_Hy0b20cuU","Salon Kecantikan"
"G Barbershop Cijambe","4.8","235","Jl. Cijambe No.29","Kota Bandung","Jawa Barat","ID","https://linktr.ee/gbarbershop","+62 811-1000-2406","Tempat Cukur Rambut",,,,,,,,"https://www.google.com/maps/search/?api=1&query=G%20Barbershop%20Cijambe&query_place_id=ChIJwcR9wlTdaC4RatmEKs9G79A","Tempat Cukur Rambut"
"FRIO BARBERSHOP","4.8","227","Jl. Indramayu No.7","Kota Bandung","Jawa Barat","ID",,"+62 813-1641-430","Tempat Cukur Rambut",,,,,,,,"https://www.google.com/maps/search/?api=1&query=FRIO%20BARBERSHOP&query_place_id=ChIJV_d6Ee3naC4R-JxtZIPX7Hw","Tempat Cukur Rambut"
"Mangkhas Barbershop","4.6","21","Jl. Arcamanik No.05","Kota Bandung","Jawa Barat","ID","https://linktr.ee/mangkhasbarbershop","+62 813-1220-2344","Tempat Cukur Rambut","Salon Rambut","Jasa penata rambut gimbal","Penata Rambut",,,,,"https://www.google.com/maps/search/?api=1&query=Mangkhas%20Barbershop&query_place_id=ChIJ1z__FfkaCiYRK-24_c3PhTs","Tempat Cukur Rambut"
"Golden Barbershop","4.9","3318","Jl. Dipati Ukur Lt.1","Kota Bandung","Jawa Barat","ID",,"+62 812-1480-7192","Tempat Cukur Rambut",,,,,,,,"https://www.google.com/maps/search/?api=1&query=Golden%20Barbershop&query_place_id=ChIJp1iKPFTmaC4RxgQHGuATYwI","Tempat Cukur Rambut"
"Mimi Salon & beauty","4.8","51","Jl. Bungursari Raya No.12","Kota Bandung","Jawa Barat","ID",,"+62 878-0235-8128","Salon Kecantikan",,,,,,,,"https://www.google.com/maps/search/?api=1&query=Mimi%20Salon%20%26%20beauty&query_place_id=ChIJTa-0fpDnaC4RFcjMwxnhLlo","Salon Kecantikan"
"ZAIN BARBERSHOP cabang 4","4.8","49","3MWH+27C","Kota Bandung","Jawa Barat","ID",,"","Tempat Cukur Rambut",,,,,,,,"https://www.google.com/maps/search/?api=1&query=ZAIN%20BARBERSHOP%20cabang%204&query_place_id=ChIJ43r2cgDdaC4RPg92uBFAYzY","Tempat Cukur Rambut"
"Urban Haircut Studio","4.8","821","Jl. Pasir Jati No.41","Kota Bandung","Jawa Barat","ID",,"+62 812-2195-8355","Tempat Cukur Rambut",,,,,,,,"https://www.google.com/maps/search/?api=1&query=Urban%20Haircut%20Studio&query_place_id=ChIJlY0U8T_daC4RgEGWFhlhqzk","Tempat Cukur Rambut"
"Salon N'Ji","4.5","241","Jl. Khp Hasan Mustopa No.238","Kota Bandung","Jawa Barat","ID",,"+62 813-1310-0588","Salon Rambut",,,,,,,,"https://www.google.com/maps/search/?api=1&query=Salon%20N'Ji&query_place_id=ChIJq7jk9b3naC4Rudl1dIlssnA","Salon Rambut"
"D'Gia Salon","4.2","37","Jl. AH. Nasution No.6","Kota Bandung","Jawa Barat","ID",,"+62 853-5139-1990","Salon Kecantikan",,,,,,,,"https://www.google.com/maps/search/?api=1&query=D'Gia%20Salon&query_place_id=ChIJk-GcVl3daC4Rda9WVb6Hftw","Salon Kecantikan"
"KAZUMI BEAUTY STUDIO","4.9","17","Jl. Cilengkrang","Kota Bandung","Jawa Barat","ID",,"+62 812-1095-7261","Salon Kuku",,,,,,,,"https://www.google.com/maps/search/?api=1&query=KAZUMI%20BEAUTY%20STUDIO&query_place_id=ChIJd8ypYcDdaC4RPs5RPKDegtA","Salon Kuku"
"SORA Barbershop","5","93","Jl. Banda No.16","Kota Bandung","Jawa Barat","ID",,"+62 812-3284-4888","Tempat Cukur Rambut",,,,,,,,"https://www.google.com/maps/search/?api=1&query=SORA%20Barbershop&query_place_id=ChIJXZGyc4bnaC4RFyS5gDoyjYc","Tempat Cukur Rambut"
"Chintya Salon & Spa","4.9","116","Jl. Cigending No.13","Kota Bandung","Jawa Barat","ID",,"+62 813-2250-8888","Penata Rambut",,,,,,,,"https://www.google.com/maps/search/?api=1&query=Chintya%20Salon%20%26%20Spa&query_place_id=ChIJQ5nuUTvdaC4RjJi3ZN2U4cI","Penata Rambut"
"Culture Barbershop","4.6","861","Jl. Rumah Sakit No.10","Kota Bandung","Jawa Barat","ID","http://instagram.com/culturebarbershop","+62 859-7447-4110","Tempat Cukur Rambut","Salon Rambut",,,,,,,"https://www.google.com/maps/search/?api=1&query=Culture%20Barbershop&query_place_id=ChIJZQ2nqDDdaC4RWh6Mv-43P4o","Tempat Cukur Rambut"
"Intan hair&beauty salon","5","11","Jl. Cinangka No.5","Kota Bandung","Jawa Barat","ID",,"+62 895-6345-74212","Salon Rambut",,,,,,,,"https://www.google.com/maps/search/?api=1&query=Intan%20hair%26beauty%20salon&query_place_id=ChIJXWEPlendaC4RoiO6QWhQyfw","Salon Rambut"
"Aux barbershop","3.5","19","Jl. Padasuka No.93","Kota Bandung","Jawa Barat","ID",,"+62 899-7347-444","Tempat Cukur Rambut",,,,,,,,"https://www.google.com/maps/search/?api=1&query=Aux%20barbershop&query_place_id=ChIJ_ZjVb5DnaC4RSDSLunkCrlU","Tempat Cukur Rambut"
"Hexa Barbershop","2.7","10","Jl. Jatihandap No.124, RT.03/RW.09","Kota Bandung","Jawa Barat","ID",,"+62 852-8299-2425","Tempat Cukur Rambut",,,,,,,,"https://www.google.com/maps/search/?api=1&query=Hexa%20Barbershop&query_place_id=ChIJZfIyOY_naC4RLBeEGLRpLnk","Tempat Cukur Rambut"
"Dery Salon & wedding package","4.5","26","Jalan Pasir Impun Barat No.89 B, Karang Pamulang, Mandala Jati","Kota Bandung","Jawa Barat","ID",,"+62 812-1451-4069","Salon Kecantikan",,,,,,,,"https://www.google.com/maps/search/?api=1&query=Dery%20Salon%20%26%20wedding%20package&query_place_id=ChIJoUubx2bdaC4RHkmDEfXhwWo","Salon Kecantikan"
"Fellash Beauty","5","12","Jl. Sukaasih Atas lll No.301 4","Kota Bandung","Jawa Barat","ID",,"+62 813-2245-5027","Salon Kecantikan",,,,,,,,"https://www.google.com/maps/search/?api=1&query=Fellash%20Beauty&query_place_id=ChIJ81qPjG3daC4RFcFkytT5v3o","Salon Kecantikan"
"CUKUR HADE BARBERSHOP - CIKUTRA","5","3504","Jl. Terusan Batik Halus No.17","Kota Bandung","Jawa Barat","ID","https://instagram.com/cukurhade.barbershop?igshid=MzRlODBiNWFlZA==","+62 822-1665-5665","Tempat Cukur Rambut",,,,,,,,"https://www.google.com/maps/search/?api=1&query=CUKUR%20HADE%20BARBERSHOP%20-%20CIKUTRA&query_place_id=ChIJT-RlIcDnaC4Rc45Slm9skRY","Tempat Cukur Rambut"
"BIBIL BEAUTY SALON","4.5","30","Jl. Cinangka No.56","Kota Bandung","Jawa Barat","ID","https://www.instagram.com/bibil.beautysalon?igsh=MWk2aWJ4dWF5NHFxbA%3D%3D&utm_source=qr","+62 857-1370-7336","Salon Kecantikan","Salon bulu mata","Salon Rambut","Salon Kuku",,,,,"https://www.google.com/maps/search/?api=1&query=BIBIL%20BEAUTY%20SALON&query_place_id=ChIJkffpbmTdaC4R7dLGtXDK2As","Salon Kecantikan"
"Barbershop 808","3.2","13","Ruko cluster pesona endah no.A 10, RT.8/RW.7","Kota Bandung","Jawa Barat","ID",,"","Tempat Cukur Rambut",,,,,,,,"https://www.google.com/maps/search/?api=1&query=Barbershop%20808&query_place_id=ChIJZ5JYbADdaC4Rvn5zguWDQUY","Tempat Cukur Rambut"
"Hamzah Barbershop","3.4","5","Sekeburuy No.26, RT.04/RW.06","Kota Bandung","Jawa Barat","ID",,"","Tempat Cukur Rambut",,,,,,,,"https://www.google.com/maps/search/?api=1&query=Hamzah%20Barbershop&query_place_id=ChIJ6-CKDj7daC4R_8kdIi_1Sys","Tempat Cukur Rambut"
"D'Laundry","5","3","Jl. Padasuka No.113","Kota Bandung","Jawa Barat","ID",,"+62 812-2045-2515","Binatu Cucian Kering",,,,,,,,"https://www.google.com/maps/search/?api=1&query=D'Laundry&query_place_id=ChIJMdgMnmHnaC4RWuxnMIWCzbE","Binatu Cucian Kering"
"Agung Barbershop 01","4.8","49",,"Kota Bandung","Jawa Barat","ID","https://agungbarbershop.weebly.com/","+62 823-1538-3623","Tempat Cukur Rambut",,,,,,,,"https://www.google.com/maps/search/?api=1&query=Agung%20Barbershop%2001&query_place_id=ChIJz3Uyu9fdaC4Rx3cF5GMilL8","Tempat Cukur Rambut"
"Prime Laundry Machinery",,,"Jl. Arcamanik No.63a","Kota Bandung","Jawa Barat","ID",,"+62 22 21248916","Layanan Binatu",,,,,,,,"https://www.google.com/maps/search/?api=1&query=Prime%20Laundry%20Machinery&query_place_id=ChIJ-YgpI2bdaC4R3SkxX85LG5s","Layanan Binatu"
"Driver ojek online/offline Bandung",,,"Jl. Pasir Impun Barat No.57, RT.003/RW.010","Kota Bandung","Jawa Barat","ID",,"+62 821-1903-4464","Jasa Kurir",,,,,,,,"https://www.google.com/maps/search/?api=1&query=Driver%20ojek%20online%2Foffline%20Bandung&query_place_id=ChIJQVF9DUDdaC4R3CG53y5OQ_I","Jasa Kurir"
"Vie Salon Muslimah","4.8","43","Jl. A. Yani Jl. BBK Sukatma No.44","Kota Bandung","Jawa Barat","ID",,"+62 857-2265-6927","Salon Kecantikan",,,,,,,,"https://www.google.com/maps/search/?api=1&query=Vie%20Salon%20Muslimah&query_place_id=ChIJMZaw75HnaC4R4gIH3XudYKM","Salon Kecantikan"
"Ozone Barbershop Ujung Berung","4.8","82","Jl. Cigending No.13","Kota Bandung","Jawa Barat","ID","https://www.instagram.com/ozonebarbershop.uber?igsh=cWZybmV0cm5mMjdp","+62 812-2221-2340","Tempat Cukur Rambut",,,,,,,,"https://www.google.com/maps/search/?api=1&query=Ozone%20Barbershop%20Ujung%20Berung&query_place_id=ChIJnSb2jhPdaC4RkmkugnQpkqg","Tempat Cukur Rambut"
"SUKA LAUNDRY","5","6","Jl. Padasuka No.134D","Kota Bandung","Jawa Barat","ID","https://www.instagram.com/sukalaundry.bandung?igsh=eDV1MHRmYW4zdDZ2","+62 813-1500-2231","Layanan Binatu",,,,,,,,"https://www.google.com/maps/search/?api=1&query=SUKA%20LAUNDRY&query_place_id=ChIJH0OY5YfnaC4REry3pmtMu1k","Layanan Binatu"
"Ant brother barbershop","5","14","3PW3+JR4, Jl. Cinangka","Kota Bandung","Jawa Barat","ID","https://ant-brother.my.id/","+62 812-1423-2453","Tempat Cukur Rambut",,,,,,,,"https://www.google.com/maps/search/?api=1&query=Ant%20brother%20barbershop&query_place_id=ChIJbzanWADdaC4RLXgE-cHv1_M","Tempat Cukur Rambut"
"Golden Barbershop Ujung Berung","5","1375","Jl. AH. Nasution No.111A","Kota Bandung","Jawa Barat","ID",,"+62 812-1480-7192","Tempat Cukur Rambut",,,,,,,,"https://www.google.com/maps/search/?api=1&query=Golden%20Barbershop%20Ujung%20Berung&query_place_id=ChIJZZJE1cPdaC4RQYrrvWWUZzE","Tempat Cukur Rambut"
"URBAN Laundry pasirlayung","4.5","2","4M55+3X2, komp.Pasirlayung selatan, Jl. Padasuka","Kota Bandung","Jawa Barat","ID",,"","Binatu",,,,,,,,"https://www.google.com/maps/search/?api=1&query=URBAN%20Laundry%20pasirlayung&query_place_id=ChIJQ0W8YavnaC4RbA2QS3XbSSM","Binatu"
"Cleaning Service Bandung","3.7","3","Jl. Khp Hasan Mustopa Jl. Surapati Core No.39","Kota Bandung","Jawa Barat","ID",,"+62 811-215-512","Jasa Pembersihan","Jasa Perawatan","Jasa Pembersih Karpet","Yayasan","Layanan Kebersihan","Dinas Tenaga Kerja",,,"https://www.google.com/maps/search/?api=1&query=Cleaning%20Service%20Bandung&query_place_id=ChIJB___v5DnaC4ROb26OVFkd8A","Jasa Pembersihan"
"RATNA SALON - RIAS PENGANTIN","4.8","17","3MXP+P3G","Kota Bandung","Jawa Barat","ID",,"+62 898-2276-971","Salon Kecantikan",,,,,,,,"https://www.google.com/maps/search/?api=1&query=RATNA%20SALON%20-%20RIAS%20PENGANTIN&query_place_id=ChIJVb6QQGndaC4RD6_SPBKvm0s","Salon Kecantikan"
"BINTANG LAUNDRY CIKADUT","5","1","Jl. Cikadut No.RT.01, RW.02","Kota Bandung","Jawa Barat","ID",,"+62 895-3388-28020","Layanan Binatu",,,,,,,,"https://www.google.com/maps/search/?api=1&query=BINTANG%20LAUNDRY%20CIKADUT&query_place_id=ChIJ3QHoCQDnaC4RQiK8cwjYVpo","Layanan Binatu"
"Mother Rini Laundry","3","4","Motherini laundry, Jl. Padasuka No.110","Kota Bandung","Jawa Barat","ID",,"","Layanan Binatu",,,,,,,,"https://www.google.com/maps/search/?api=1&query=Mother%20Rini%20Laundry&query_place_id=ChIJ6foKC5DnaC4R-vVJFJR5VJI","Layanan Binatu"
"BOBCAT BEAUTY BAR","4.8","570","Jl. Buah Batu No.28","Kota Bandung","Jawa Barat","ID","https://www.instagram.com/bobcatbeautybarber/","+62 819-9008-8128","Salon Kecantikan","Layanan Penghilang Bulu","Salon Rambut","Salon Kuku",,,,,"https://www.google.com/maps/search/?api=1&query=BOBCAT%20BEAUTY%20BAR&query_place_id=ChIJ115NFIHoaC4Rk_9Cz97TltM","Salon Kecantikan"
"BX Laundry karpet","4.5","8","Jl. Cicabe No.131e","Kota Bandung","Jawa Barat","ID",,"+62 857-9419-9474","Layanan Binatu",,,,,,,,"https://www.google.com/maps/search/?api=1&query=BX%20Laundry%20karpet&query_place_id=ChIJ66jmjjnnaC4RB15l1qEWI_Q","Layanan Binatu"
"Laundry kiloan & satuan SEJATI","5","3","Jl. Girimande No.19 Blk B1","Kota Bandung","Jawa Barat","ID",,"+62 819-1007-1422","Layanan Binatu",,,,,,,,"https://www.google.com/maps/search/?api=1&query=Laundry%20kiloan%20%26%20satuan%20SEJATI&query_place_id=ChIJuVCGc7fdaC4R9HTwRDA0VaM","Layanan Binatu"
"Peachy Laundry","5","11","Jl. Jatihandap No.133","Kota Bandung","Jawa Barat","ID",,"+62 851-4212-6277","Layanan Binatu",,,,,,,,"https://www.google.com/maps/search/?api=1&query=Peachy%20Laundry&query_place_id=ChIJ1auS0h3haC4RKc6OsDWFMzg","Layanan Binatu"
"KuyCek Laundry","4.6","29","Jl. Sasak Batu No.45, RT.02/RW.01","Kabupaten Bandung","Jawa Barat","ID",,"+62 878-2441-8162","Binatu Cucian Kering",,,,,,,,"https://www.google.com/maps/search/?api=1&query=KuyCek%20Laundry&query_place_id=ChIJ5WRgvlDnaC4RK45IiC_Y50A","Binatu Cucian Kering"
"MQL LAUNDRY EXPRESS","4.5","28","Jl. Jatihandap No.72","Kota Bandung","Jawa Barat","ID",,"","Binatu",,,,,,,,"https://www.google.com/maps/search/?api=1&query=MQL%20LAUNDRY%20EXPRESS&query_place_id=ChIJm32XdADnaC4R6Rul6lWXhG8","Binatu"
"Top Laundry","5","1","Jl. Asri No.16","Kota Bandung","Jawa Barat","ID",,"+62 812-2020-6068","Layanan Binatu",,,,,,,,"https://www.google.com/maps/search/?api=1&query=Top%20Laundry&query_place_id=ChIJq1jVfprnaC4RN8j8S9tJPy4","Layanan Binatu"
"Yucca Salon","4.8","573","Ruko Segitiga Emas, Jl. Gandapura","Kota Bandung","Jawa Barat","ID","https://yuccasalon.id/","+62 817-106-263","Salon Kecantikan",,,,,,,,"https://www.google.com/maps/search/?api=1&query=Yucca%20Salon&query_place_id=ChIJxTMSdtLnaC4RNYcMUpKCLSQ","Salon Kecantikan"
"Marbella laundry","4.3","12","Jl. Jatihandap Timur","Kota Bandung","Jawa Barat","ID",,"+62 857-9313-5209","Binatu",,,,,,,,"https://www.google.com/maps/search/?api=1&query=Marbella%20laundry&query_place_id=ChIJ-3arQxXnaC4RWpQ9u0N1gqE","Binatu"
"Amaya Beauty & Wellness Salon","4.8","1056","Jl. Cihapit No.27","Kota Bandung","Jawa Barat","ID",,"+62 812-2378-3642","Salon Kecantikan",,,,,,,,"https://www.google.com/maps/search/?api=1&query=Amaya%20Beauty%20%26%20Wellness%20Salon&query_place_id=ChIJxdnwIPznaC4RvNE58jpD9pg","Salon Kecantikan"
"Laundry Syariah Bunaken","5","1","Taman Melati Pasir Impun","Kota Bandung","Jawa Barat","ID",,"+62 819-9411-3681","Binatu",,,,,,,,"https://www.google.com/maps/search/?api=1&query=Laundry%20Syariah%20Bunaken&query_place_id=ChIJpZbbR3rdaC4ReqUDH3eTuNA","Binatu"
"Spin-Go Laundry by de Moengils","5","3","Jl. Jatihandap No.292","Kota Bandung","Jawa Barat","ID","https://www.instagram.com/spin.go.laundry?igsh=MWdwdG5tY2pobjV4eQ==","+62 856-2596-335","Layanan Binatu",,,,,,,,"https://www.google.com/maps/search/?api=1&query=Spin-Go%20Laundry%20by%20de%20Moengils&query_place_id=ChIJy_tpfADnaC4Rv6MRjl4PB2A","Layanan Binatu"
"Rivan Laundry","4.5","2","4M2J+MFG, Jl. Arcamanik","Kota Bandung","Jawa Barat","ID",,"+62 895-1433-348","Layanan Binatu",,,,,,,,"https://www.google.com/maps/search/?api=1&query=Rivan%20Laundry&query_place_id=ChIJfeE7LL3daC4RXiTP3BIkio0","Layanan Binatu"
"RUMAH LAUNDRY BANDUNG (LAUNDRY GRATIS ANTAR JEMPUT BANDUNG)","3.6","78","Jl. Cijambe No.32","Kota Bandung","Jawa Barat","ID",,"+62 877-2873-3626","Binatu",,,,,,,,"https://www.google.com/maps/search/?api=1&query=RUMAH%20LAUNDRY%20BANDUNG%20(LAUNDRY%20GRATIS%20ANTAR%20JEMPUT%20BANDUNG)&query_place_id=ChIJW4r4XrbdaC4RdVjuEEaWQZc","Binatu"
"Malaundry","4.7","175","Jl. Padasuka No.131","Kabupaten Bandung","Jawa Barat","ID",,"+62 812-6779-6667","Binatu Cucian Kering",,,,,,,,"https://www.google.com/maps/search/?api=1&query=Malaundry&query_place_id=ChIJx6weHtnnaC4R-yC-rffU8SI","Binatu Cucian Kering"
"Amanah Laundry","5","1","Jl. Cigiringsing No.4A","Kota Bandung","Jawa Barat","ID",,"+62 858-4662-9970","Layanan Binatu",,,,,,,,"https://www.google.com/maps/search/?api=1&query=Amanah%20Laundry&query_place_id=ChIJR2NqjYfdaC4R2Bb2msw72qQ","Layanan Binatu"
"Briwash Laundry Express - Cihampelas (Laundry Antar Jemput Bandung)","4.9","1467","Jl. Cihampelas No.193 A","Kota Bandung","Jawa Barat","ID","http://briwashcihampelas.com/","+62 811-2008-1011","Layanan Binatu",,,,,,,,"https://www.google.com/maps/search/?api=1&query=Briwash%20Laundry%20Express%20-%20Cihampelas%20(Laundry%20Antar%20Jemput%20Bandung)&query_place_id=ChIJm83ctkHnaC4RXQZ_gOAj3Hk","Layanan Binatu"
"FB Salon","4.8","106","Jl. AH. Nasution No.33","Kota Bandung","Jawa Barat","ID",,"+62 896-5535-3950","Salon Kecantikan",,,,,,,,"https://www.google.com/maps/search/?api=1&query=FB%20Salon&query_place_id=ChIJgQZul4rnaC4R4lyoKBzClpU","Salon Kecantikan"
"RizQ Fast Laundry","5","1","JL. Sekepeer No 7 Rt 03/04","Kota Bandung","Jawa Barat","ID",,"+62 822-4676-7564","Layanan Binatu",,,,,,,,"https://www.google.com/maps/search/?api=1&query=RizQ%20Fast%20Laundry&query_place_id=ChIJR6ynPaCanGkRJJXCAV1KgE0","Layanan Binatu"
"Bubuwash Laundry","5","106","Perumahan Grand Panoramic, Jl. Pasir Impun Ruko R-0","Kota Bandung","Jawa Barat","ID",,"+62 811-2443-804","Binatu",,,,,,,,"https://www.google.com/maps/search/?api=1&query=Bubuwash%20Laundry&query_place_id=ChIJadzQOwDdaC4RiylB5ChifjU","Binatu"
"Lion Parcel POS PADASUKA","4.1","8","Jl. Padasuka No.133","Kota Bandung","Jawa Barat","ID",,"+62 818-0913-3081","Jasa Pengiriman",,,,,,,,"https://www.google.com/maps/search/?api=1&query=Lion%20Parcel%20POS%20PADASUKA&query_place_id=ChIJxT5YEFXnaC4REabzS8-PbGw","Jasa Pengiriman"
"La Maison Salon Bandung","4.9","341","Jl. Dr. Setiabudi No.49","Kota Bandung","Jawa Barat","ID",,"+62 811-2435-758","Salon Kecantikan",,,,,,,,"https://www.google.com/maps/search/?api=1&query=La%20Maison%20Salon%20Bandung&query_place_id=ChIJa4QZPaD7aC4RoLDlT15Ki1o","Salon Kecantikan"
"TIKI Agen Sindanglaya","3.4","5","Jl. Raya Sindanglaya No.194, RW.32","Kota Bandung","Jawa Barat","ID",,"+62 21 4704979","Jasa Kurir",,,,,,,,"https://www.google.com/maps/search/?api=1&query=TIKI%20Agen%20Sindanglaya&query_place_id=ChIJGYQkl2LdaC4RC_eUyH5sp3Y","Jasa Kurir"
"Wahana Express Prestasi Logistik, PT","4.5","4","KOMPLEK SURAPATI CORE","Kota Bandung","Jawa Barat","ID","http://www.wahana.com/","","Layanan Logistik","Jasa Kurir","Perusahaan Ekspedisi",,,,,,"https://www.google.com/maps/search/?api=1&query=Wahana%20Express%20Prestasi%20Logistik%2C%20PT&query_place_id=ChIJyXX6nJHnaC4Ro1hKNlQk5k4","Layanan Logistik"
"BJS Cargo Bandung","4.7","14","Jl. Cisaranten Wetan No.18 rt03, RW.03","Kota Bandung","Jawa Barat","ID",,"+62 817-0308-8875","Jasa Pengiriman",,,,,,,,"https://www.google.com/maps/search/?api=1&query=BJS%20Cargo%20Bandung&query_place_id=ChIJ_ehT6rLCaC4RqCj23axWO0s","Jasa Pengiriman"
"Nayla Salon Muslimah","4.7","402",,"Kota Bandung","Jawa Barat","ID",,"+62 811-2233-4863","Salon Kecantikan",,,,,,,,"https://www.google.com/maps/search/?api=1&query=Nayla%20Salon%20Muslimah&query_place_id=ChIJ-8s8xmjdaC4RbeUxBCM4USc","Salon Kecantikan"
"Seven the Salon SG | Kerastase Salon Bandung","4.9","435","Jl. Sirnagalih No.22","Kota Bandung","Jawa Barat","ID",,"+62 819-7708-8777","Salon Kecantikan","Salon bulu mata","Salon Kuku","Penata Rambut",,,,,"https://www.google.com/maps/search/?api=1&query=Seven%20the%20Salon%20SG%20%7C%20Kerastase%20Salon%20Bandung&query_place_id=ChIJGTqiif_naC4RiKi_LmSAW0A","Salon Kecantikan"
"J&T CARGO BDO020A - Bandung Timur","3","23","Jl. Nagrog","Kota Bandung","Jawa Barat","ID",,"+62 896-7588-8851","Jasa Kurir",,,,,,,,"https://www.google.com/maps/search/?api=1&query=J%26T%20CARGO%20BDO020A%20-%20Bandung%20Timur&query_place_id=ChIJlU1xJ7ndaC4REFtwBYJkuBo","Jasa Kurir"
"Suria Jaya Cargo Bandung","5","1","Jl. Bungursari I No.19","Kota Bandung","Jawa Barat","ID","https://linktr.ee/suriajayacargo.bandung","+62 813-1247-8721","Jasa Pengiriman Kargo",,,,,,,,"https://www.google.com/maps/search/?api=1&query=Suria%20Jaya%20Cargo%20Bandung&query_place_id=ChIJIQhSU5jnaC4RNmegBm4-BEw","Jasa Pengiriman Kargo"
"Jasa angkutan pindahan barang A team","5","4","Jl. BBK Sukatma No.61A 210 A","Kota Bandung","Jawa Barat","ID",,"+62 812-2466-7305","Jasa Kurir",,,,,,,,"https://www.google.com/maps/search/?api=1&query=Jasa%20angkutan%20pindahan%20barang%20A%20team&query_place_id=ChIJE7sENbXnaC4Rdu5e5y0OFyU","Jasa Kurir"
"Lexindo","3.4","5","Jl. Khp Hasan Mustopa No.39","Kota Bandung","Jawa Barat","ID",,"+62 22 5223545","Jasa Kurir",,,,,,,,"https://www.google.com/maps/search/?api=1&query=Lexindo&query_place_id=ChIJPd0I3pPnaC4RiR9JjmFSJFA","Jasa Kurir"
"PENGIRIMAN PAKET, DOKUMEN, MOTOR INDAH YATAMA AIR CARGO PRIORITAS CABANG PASAR LEUWI PANJANG KOTA BANDUNG",,,"PASAR LEUWI PANJANG, Blk. B No.14 Lt 2","Kota Bandung","Jawa Barat","ID",,"+62 821-2665-0961","Jasa Pengiriman Kargo",,,,,,,,"https://www.google.com/maps/search/?api=1&query=PENGIRIMAN%20PAKET%2C%20DOKUMEN%2C%20MOTOR%20INDAH%20YATAMA%20AIR%20CARGO%20PRIORITAS%20CABANG%20PASAR%20LEUWI%20PANJANG%20KOTA%20BANDUNG&query_place_id=ChIJbzicirHdaC4RkRqwDcjF8Po","Jasa Pengiriman Kargo"
"expedisi","5","2","3MVP+49V, Jl. AH. Nasution","Kota Bandung","Jawa Barat","ID",,"","Jasa Pengiriman Kargo",,,,,,,,"https://www.google.com/maps/search/?api=1&query=expedisi&query_place_id=ChIJxcbAJbvdaC4RwajF8AUmdX0","Jasa Pengiriman Kargo"
"Sicepat Point (Droper HTC ACC Bandung)","5","1","Jl. Cigiringsing No.12, RT.06/RW.04","Kota Bandung","Jawa Barat","ID","https://www.sicepat.com/","+62 21 30205059","Jasa Pengiriman",,,,,,,,"https://www.google.com/maps/search/?api=1&query=Sicepat%20Point%20(Droper%20HTC%20ACC%20Bandung)&query_place_id=ChIJh0m82_3daC4RoiYLhxmJcYI","Jasa Pengiriman"
"Seven the Salon | Kerastase Salon Bandung (Hijab & VIP Room)","4.9","1010","Jl. Jawa No.3","Kota Bandung","Jawa Barat","ID",,"+62 819-9277-0077","Salon Rambut","Salon Kecantikan","Salon Kuku",,,,,,"https://www.google.com/maps/search/?api=1&query=Seven%20the%20Salon%20%7C%20Kerastase%20Salon%20Bandung%20(Hijab%20%26%20VIP%20Room)&query_place_id=ChIJy4lJGWrnaC4RpQ7tpxrRRCs","Salon Rambut"
"Indo Express Bandung 2","4","4","Komplek Griya Winaya Jalan Winaya Agung II Kavling B8 No 30","Kota Bandung","Jawa Barat","ID","https://indoexpress.com.hk/","+62 821-2041-6320",,,,,,,,,"https://www.google.com/maps/search/?api=1&query=Indo%20Express%20Bandung%202&query_place_id=ChIJCVXydkLdaC4RI0-Z4E47o_4",
"Lie Tulip","5","335","Seberang Perumahan Taman Sari","Kota Bandung","Jawa Barat","ID",,"+62 817-613-633","Salon Kecantikan","Kursus","Salon Rambut","Butik Mode Adibusana","Perias","Klinik Perawatan Kulit","Layanan penyewaan gaun pernikahan","Jasa Pernikahan","https://www.google.com/maps/search/?api=1&query=Lie%20Tulip&query_place_id=ChIJu1cTy3bdaC4RDjqPgAn3GH4","Salon Kecantikan"
"PRAINDO EXPRESS CABANG BANDUNG","5","1","Gg. Bukatanah I No.12 RT/RW 01/07","Kota Bandung","Jawa Barat","ID",,"+62 812-9448-0278","Jasa Pengiriman Kargo",,,,,,,,"https://www.google.com/maps/search/?api=1&query=PRAINDO%20EXPRESS%20CABANG%20BANDUNG&query_place_id=ChIJUWLM3_ndaC4RxHbrPip4IYI","Jasa Pengiriman Kargo"
"DAM LOGISTICS & CARGO BANDUNG TIMUR","5","1","Jl. AH. Nasution No.304-302","Kota Bandung","Jawa Barat","ID",,"+62 831-4243-5953","Jasa Pengiriman Kargo",,,,,,,,"https://www.google.com/maps/search/?api=1&query=DAM%20LOGISTICS%20%26%20CARGO%20BANDUNG%20TIMUR&query_place_id=ChIJf0H4mPXdaC4R3vHwE67KG3E","Jasa Pengiriman Kargo"
"Lion Parcel Sindang Jaya","4.9","11","Jl. Arcamanik No.8","Kota Bandung","Jawa Barat","ID",,"+62 811-8130-222","Jasa Pengiriman",,,,,,,,"https://www.google.com/maps/search/?api=1&query=Lion%20Parcel%20Sindang%20Jaya&query_place_id=ChIJURWLNKHdaC4RtwhfuHoc_Bw","Jasa Pengiriman"
"Sentral Cargo Bandung Timur","4.2","71","Jl. Ujungberung No.57","Kota Bandung","Jawa Barat","ID","http://sentralcargo.co.id/","+62 21 6303456","Jasa Pengiriman Kargo","Perusahaan Ekspedisi","Jasa Pengiriman",,,,,,"https://www.google.com/maps/search/?api=1&query=Sentral%20Cargo%20Bandung%20Timur&query_place_id=ChIJJeS2BV3daC4RThXDdMZtlP0","Jasa Pengiriman Kargo"
"NyuciNyuci Laundry","5","1",,,,,,"+62 858-6203-3992","Binatu","Service establishment",,,,,,,"https://www.google.com/maps/search/?api=1&query=NyuciNyuci%20Laundry&query_place_id=ChIJEa7K-GLKwAIR8v0gRUyOopg","Binatu"
"Home Laundry","3.5","11","Jl. Padasuka No.77","Kota Bandung","Jawa Barat","ID",,"+62 896-5661-3113","Layanan Binatu",,,,,,,,"https://www.google.com/maps/search/?api=1&query=Home%20Laundry&query_place_id=ChIJVaIjXZDnaC4RGwkdcqAUf5M","Layanan Binatu"
"Razata Laundry Padasuka","3.4","9","Jl. Padasuka No.73A","Kota Bandung","Jawa Barat","ID",,"+62 851-5822-4646","Layanan Binatu",,,,,,,,"https://www.google.com/maps/search/?api=1&query=Razata%20Laundry%20Padasuka&query_place_id=ChIJtV18XJDnaC4RPEdQTJEfRvA","Layanan Binatu"
"KILAU Laundry","4","4","Komplek Perkantoran Bandung City View, II R13","Kota Bandung","Jawa Barat","ID",,"","Layanan Binatu",,,,,,,,"https://www.google.com/maps/search/?api=1&query=KILAU%20Laundry&query_place_id=ChIJJZQcLA_daC4R8ERMAXPUZTw","Layanan Binatu"
"Polar Printing Sucore","4.5","329","Jl. Khp Hasan Mustopa No.1 Blk F","Kota Bandung","Jawa Barat","ID","https://polardigital.net/","+62 22 87242688","Toko Percetakan",,,,,,,,"https://www.google.com/maps/search/?api=1&query=Polar%20Printing%20Sucore&query_place_id=ChIJuQ_m5JPnaC4RCDRGCm2ITDY","Toko Percetakan"
"Methwild Laundry","5","1","Jl. Sirnagalih No.15","Kota Bandung","Jawa Barat","ID",,"+62 831-2956-0867","Layanan Binatu",,,,,,,,"https://www.google.com/maps/search/?api=1&query=Methwild%20Laundry&query_place_id=ChIJfdxHdADnaC4RRgmE8YrAWh0","Layanan Binatu"
"Laundry & jasa setrika.sinona",,,,,,,,"+62 822-2811-3961","Binatu","Service establishment",,,,,,,"https://www.google.com/maps/search/?api=1&query=Laundry%20%26%20jasa%20setrika.sinona&query_place_id=ChIJGeaR-T7InKIRZj9ia3_IiD4","Binatu"
"Akusara Laundry","5","4","Jl. BBK Sukatma No.11","Kota Bandung","Jawa Barat","ID",,"+62 877-1999-8632","Layanan Binatu",,,,,,,,"https://www.google.com/maps/search/?api=1&query=Akusara%20Laundry&query_place_id=ChIJzZm02F_naC4RrYJYZUqI_4E","Layanan Binatu"
"Arin Laundry","5","6","4M26+F23, Jl. Cicabe","Kota Bandung","Jawa Barat","ID",,"+62 896-0811-7357","Layanan Binatu",,,,,,,,"https://www.google.com/maps/search/?api=1&query=Arin%20Laundry&query_place_id=ChIJvYvkQyjnaC4R5Beu4bfXocA","Layanan Binatu"
"MASIF Barber House","5","611","Jl. Moch. Toha No.157","Kota Bandung","Jawa Barat","ID","http://masifsalon.com/","+62 812-2777-7615","Tempat Cukur Rambut","Salon Rambut",,,,,,,"https://www.google.com/maps/search/?api=1&query=MASIF%20Barber%20House&query_place_id=ChIJk_LE2PzpaC4RejOngBzquoI","Tempat Cukur Rambut"
"Packing kayu paket bandung","5","30","Jl. Dr. Setiabudi No.64","Kota Bandung","Jawa Barat","ID",,"+62 822-4033-8969","Perusahaan Pengemasan","Jasa Pengiriman Kargo","Jasa Pengiriman",,,,,,"https://www.google.com/maps/search/?api=1&query=Packing%20kayu%20paket%20bandung&query_place_id=ChIJP4pcZrfnaC4R3Pe-KMSzMBc","Perusahaan Pengemasan"
"SINAR EXPRESS BANDUNG",,,"Jl. Dr. Djunjunan No.69","Kota Bandung","Jawa Barat","ID","https://www.facebook.com/sinar.ekspress","+62 811-1990-5376","Jasa Pengiriman",,,,,,,,"https://www.google.com/maps/search/?api=1&query=SINAR%20EXPRESS%20BANDUNG&query_place_id=ChIJW0BAUVbnaC4RmsRC6bSvdpw","Jasa Pengiriman"
"TIKI Agen Darul Tauhid","2.8","4","Jl. Gegerkalong Girang No.161","Kota Bandung","Jawa Barat","ID",,"+62 22 2018502","Jasa Kurir",,,,,,,,"https://www.google.com/maps/search/?api=1&query=TIKI%20Agen%20Darul%20Tauhid&query_place_id=ChIJSV--XLzmaC4R_xhTcnXnjDo","Jasa Kurir"
"Wahana express sukasenang",,,"Jl. Sukasenang II No.3","Kota Bandung","Jawa Barat","ID",,"+62 858-1377-3199","Jasa Kurir",,,,,,,,"https://www.google.com/maps/search/?api=1&query=Wahana%20express%20sukasenang&query_place_id=ChIJ9_zZwBTnaC4RiGQshTPI7SE","Jasa Kurir"
"Barber Shop D & S","4.2","54","Jl. Purwakarta No.40","Kota Bandung","Jawa Barat","ID",,"+62 22 7200417","Tempat Cukur Rambut",,,,,,,,"https://www.google.com/maps/search/?api=1&query=Barber%20Shop%20D%20%26%20S&query_place_id=ChIJWdTOau_naC4RBnSKmkKLYR8","Tempat Cukur Rambut"
"Laundry Zone - Bandung","5","1","Jl. Padasuka No.8","Kota Bandung","Jawa Barat","ID",,"+62 22 4265098","Layanan Binatu",,,,,,,,"https://www.google.com/maps/search/?api=1&query=Laundry%20Zone%20-%20Bandung&query_place_id=ChIJzaJ4c5HnaC4RuNjD2nSJysk","Layanan Binatu"
"Agen Wahana Express Bursa Buku Ganesha","4","2","Jl. Gelap Nyawang.5A Lt. Atas","Kota Bandung","Jawa Barat","ID","https://www.wahana.com/","+62 858-6060-8039","Jasa Pengiriman",,,,,,,,"https://www.google.com/maps/search/?api=1&query=Agen%20Wahana%20Express%20Bursa%20Buku%20Ganesha&query_place_id=ChIJQzPXJAbnaC4RGgRUC7mgjSA","Jasa Pengiriman"
"LAUNDRY-GOO","5","2","Jl. Jatihandap No.08","Kota Bandung","Jawa Barat","ID",,"+62 877-7079-1389","Binatu Cucian Kering","Toko Olahan Susu",,,,,,,"https://www.google.com/maps/search/?api=1&query=LAUNDRY-GOO&query_place_id=ChIJm4JSd7XnaC4RMyUm6hlxcAs","Binatu Cucian Kering"
"Doel Laundry Bandung","5","1","Jl. Lahan Jati No.10","Kabupaten Bandung","Jawa Barat","ID",,"+62 877-2402-1086","Binatu",,,,,,,,"https://www.google.com/maps/search/?api=1&query=Doel%20Laundry%20Bandung&query_place_id=ChIJZb7E6nPdaC4RJl6Tm4-hmw4","Binatu"
"SADAYA EXPRESS HEAD OFFICE BANDUNG","3.8","6","Baltos Jl. Tamansari No.2","Kota Bandung","Jawa Barat","ID",,"","Jasa Pengiriman",,,,,,,,"https://www.google.com/maps/search/?api=1&query=SADAYA%20EXPRESS%20HEAD%20OFFICE%20BANDUNG&query_place_id=ChIJT-CwTgDnaC4Rs7oQqTVSJCY","Jasa Pengiriman"
"porter Bandung",,,"Jl. Dago Barat No.18 rt 08/05","Kota Bandung","Jawa Barat","ID",,"+62 811-2002-131","Jasa Kurir",,,,,,,,"https://www.google.com/maps/search/?api=1&query=porter%20Bandung&query_place_id=ChIJrdYCUHbnaC4Rkgy2nko1Vz4","Jasa Kurir"
"IGUANA HOME SHOP BANDUNG REPTILE VILLAGE","5","5","4J2W+6P4, Gg. Neglasari Utara","Kota Bandung","Jawa Barat","ID","https://www.instagram.com/reptilevillage84?utm_source=qr&igsh=MXVlOGttMnM2dWlhbQ==","+62 812-2254-8936","Jasa pengiriman hewan peliharaan",,,,,,,,"https://www.google.com/maps/search/?api=1&query=IGUANA%20HOME%20SHOP%20BANDUNG%20REPTILE%20VILLAGE&query_place_id=ChIJDZcZMADnaC4Rt2RsItQxCpg","Jasa pengiriman hewan peliharaan"
"AGEN BRILINK PORTRAIT","5","1","Jl. Gegerkalong Girang No.29","Kota Bandung","Jawa Barat","ID",,"+62 812-2339-9889","Jasa Kurir",,,,,,,,"https://www.google.com/maps/search/?api=1&query=AGEN%20BRILINK%20PORTRAIT&query_place_id=ChIJs3Y9m73naC4Rc8K2-kp59Ns","Jasa Kurir"
"Pos Lion Parcel Dipatiukur (Teuku Umar) POS18958","5","1","Jl. Teuku Umar No.38, RT.002/RW.010","Kota Bandung","Jawa Barat","ID","https://www.lionparcel.com/","+62 895-8022-07414","Jasa Pengiriman","Layanan E-Niaga","Jasa Pengiriman Kargo","Layanan Logistik","Layanan Surat","Gudang",,,"https://www.google.com/maps/search/?api=1&query=Pos%20Lion%20Parcel%20Dipatiukur%20(Teuku%20Umar)%20POS18958&query_place_id=ChIJdbrKxh7naC4R9pXW0S0YShQ","Jasa Pengiriman"
"PT 4848 IRAWAN SARPINGI","4.8","16","Jl. Cipedes Tengah No.196","Kota Bandung","Jawa Barat","ID",,"+62 22 2004848","Jasa Kurir","Layanan Taksi",,,,,,,"https://www.google.com/maps/search/?api=1&query=PT%204848%20IRAWAN%20SARPINGI&query_place_id=ChIJZc00zo7maC4RPJyrw-ahupA","Jasa Kurir"
"AGEN JNE CIUMBULEUIT","3.9","164","Jl. Ciumbuleuit No.47","Kota Bandung","Jawa Barat","ID","http://www.jne.co.id/","+62 897-9294-000","Jasa Kurir",,,,,,,,"https://www.google.com/maps/search/?api=1&query=AGEN%20JNE%20CIUMBULEUIT&query_place_id=ChIJi5ofc-7maC4RenRe7xhaC-4","Jasa Kurir"
"PPOB SBPAYS ZAINAB dan Agen Kurir",,,"Jl. Sukamantri II No.222H, RT.002/RW.002","Kota Bandung","Jawa Barat","ID",,"+62 895-3555-24501","Jasa Kurir",,,,,,,,"https://www.google.com/maps/search/?api=1&query=PPOB%20SBPAYS%20ZAINAB%20dan%20Agen%20Kurir&query_place_id=ChIJ7xidv4DnaC4RwHWxBI4VOGk","Jasa Kurir"
"CEMPAKA LAUNDRY","5","2","3MXJ+P7G, Jl. Arcamanik","Kabupaten Bandung","Jawa Barat","ID",,"+62 821-2800-1190","Layanan Binatu",,,,,,,,"https://www.google.com/maps/search/?api=1&query=CEMPAKA%20LAUNDRY&query_place_id=ChIJ87auaADdaC4RUTDg9iT6Scs","Layanan Binatu"
"AGEN WAHANA EXPRESS CIBEUNYING PERMAI, BANDUNG","3.9","67","Jl. Cibeunying Permai I No.14","Kota Bandung","Jawa Barat","ID","https://www.wahana.com/","","Layanan Logistik",,,,,,,,"https://www.google.com/maps/search/?api=1&query=AGEN%20WAHANA%20EXPRESS%20CIBEUNYING%20PERMAI%2C%20BANDUNG&query_place_id=ChIJwadmnKnnaC4RZHum5arrLS8","Layanan Logistik"
"Papa's Laundry bandung","4.5","15","Jalan Pasir Impun No.38 Pasir Impun Kecamatan Mandalajati Depan kantor","Kota Bandung","Jawa Barat","ID",,"+62 838-7788-8881","Binatu",,,,,,,,"https://www.google.com/maps/search/?api=1&query=Papa's%20Laundry%20bandung&query_place_id=ChIJB4WaIWTdaC4RLja9yVQedCI","Binatu"
"BENGRAS EXPRESS LAUNDRY COIN","4.9","55","SAMPING YOMART PANORAMIC, Jl. Pasir Impun, RT.01/RW.12","Kota Bandung","Jawa Barat","ID","https://www.instagram.com/bengras.laundrycoin?igsh=MWdwZ3BkemJ2eW8xMw==","+62 821-3428-9085","Binatu",,,,,,,,"https://www.google.com/maps/search/?api=1&query=BENGRAS%20EXPRESS%20LAUNDRY%20COIN&query_place_id=ChIJw_i2AqHdaC4RLIRaDafWOR4","Binatu"
"Sicepet express bandung cs",,,"3JXM+XH4 Alamat sicepet, Jl. Simpang Pahlawan III","Kota Bandung","Jawa Barat","ID",,"+62 878-8587-3770","Jasa Pengiriman",,,,,,,,"https://www.google.com/maps/search/?api=1&query=Sicepet%20express%20bandung%20cs&query_place_id=ChIJd6BX7fznaC4R7F5sg03zA78","Jasa Pengiriman"
"Sicepat Point (Droper Dyfa Bandung)",,,"Jl. Mulyasari No.51","Kota Bandung","Jawa Barat","ID","https://www.sicepat.com/","+62 21 30205050","Jasa Pengiriman",,,,,,,,"https://www.google.com/maps/search/?api=1&query=Sicepat%20Point%20(Droper%20Dyfa%20Bandung)&query_place_id=ChIJkyai5WXnaC4RVkH0DadGZ4U","Jasa Pengiriman"
"JNE Cihampelas 1","4.2","62","Jl. Cihampelas No.244","Kota Bandung","Jawa Barat","ID",,"+62 21 29278888","Jasa Kurir",,,,,,,,"https://www.google.com/maps/search/?api=1&query=JNE%20Cihampelas%201&query_place_id=ChIJ1Vlwf1vmaC4Ry4UE8cns3GI","Jasa Kurir"
"Laundry BAR cuci sofa Bandung","5","53","Jl. Bumi Pasundan No.167","Kota Bandung","Jawa Barat","ID","https://laundrybar.myscalev.com/lplaundrybar","+62 812-2032-8002","Binatu","Layanan Binatu",,,,,,,"https://www.google.com/maps/search/?api=1&query=Laundry%20BAR%20cuci%20sofa%20Bandung&query_place_id=ChIJP8KUxHpXby4R83p-N4YAjLs","Binatu"
"Pangkas Rambut Yana","4.4","97","Jalan Karapitan No. 23, Burangrang, Lengkong","Kota Bandung","Jawa Barat","ID",,"+62 813-2156-3466","Tempat Cukur Rambut",,,,,,,,"https://www.google.com/maps/search/?api=1&query=Pangkas%20Rambut%20Yana&query_place_id=ChIJ1YvQsCvmaC4RJtTPDbhVJT8","Tempat Cukur Rambut"
"BarberShop Moody'st","3.9","14","Jl. Riung Tineung No.23","Kota Bandung","Jawa Barat","ID",,"","Tempat Cukur Rambut",,,,,,,,"https://www.google.com/maps/search/?api=1&query=BarberShop%20Moody'st&query_place_id=ChIJx5Lf0fPDaC4R36M7TJIhxQ0","Tempat Cukur Rambut"
"Abacus Barbershop","4.9","58",,"Kota Bandung","Jawa Barat","ID","https://www.instagram.com/abacusbarbershop/","+62 855-5976-1291","Tempat Cukur Rambut",,,,,,,,"https://www.google.com/maps/search/?api=1&query=Abacus%20Barbershop&query_place_id=ChIJGQ_fhSLnaC4Rpcvkj3deZrc","Tempat Cukur Rambut"
"TGTrans","5","2","Jalan Hj. Saodah No.57, Jatihandap, Mandala Jati","Kota Bandung","Jawa Barat","ID",,"+62 853-2068-6690","Jasa Pengiriman Kargo","Layanan pindahan",,,,,,,"https://www.google.com/maps/search/?api=1&query=TGTrans&query_place_id=ChIJPS6DBY_naC4RoqiU60B4g_Q","Jasa Pengiriman Kargo"
"Junior Barbershop","5","12","Jl. Burangrang No.3","Kota Bandung","Jawa Barat","ID",,"+62 877-5408-2093","Tempat Cukur Rambut",,,,,,,,"https://www.google.com/maps/search/?api=1&query=Junior%20Barbershop&query_place_id=ChIJ8dijMADnaC4R9L1_paMynvY","Tempat Cukur Rambut"
"Gwash Laundry Express","4.7","108","Jl. Pasir Impun No.2","Kota Bandung","Jawa Barat","ID",,"+62 811-2399-194","Binatu",,,,,,,,"https://www.google.com/maps/search/?api=1&query=Gwash%20Laundry%20Express&query_place_id=ChIJsze6suTdaC4RHoBxGNeIA0U","Binatu"
"Sigma.Barbershop","4.4","71","Jl. Gegerkalong Tengah Gang tembusan ke KPAD No.7","Kota Bandung","Jawa Barat","ID","http://www.instagram.com/Sigma.barbershop","+62 857-1101-0406","Tempat Cukur Rambut",,,,,,,,"https://www.google.com/maps/search/?api=1&query=Sigma.Barbershop&query_place_id=ChIJz4OtAu7naC4RJ6PQksFn0wk","Tempat Cukur Rambut"
"kabin Barbershop",,,"Jl Citepus 3 no.2 Rt 005 Rw 010.kecamatan Cicendo","Kota Bandung","Jawa Barat","ID",,"+62 888-8234-744","Tempat Cukur Rambut",,,,,,,,"https://www.google.com/maps/search/?api=1&query=kabin%20Barbershop&query_place_id=ChIJC56_RSbnaC4Rze0uv8FTHIQ","Tempat Cukur Rambut"
"Id Express AH Nasution","2.5","33","Jl. AH. Nasution No.152","Kota Bandung","Jawa Barat","ID",,"+62 822-1870-9317","Jasa Kurir",,,,,,,,"https://www.google.com/maps/search/?api=1&query=Id%20Express%20AH%20Nasution&query_place_id=ChIJXXQn9WfdaC4RZNaTE5vLBxE","Jasa Kurir"
"JNE Pasir Layung","4.3","120","Jl. Jatihandap No.260, RT.06/RW.08 Kel","Kota Bandung","Jawa Barat","ID",,"+62 811-2030-344","Jasa Kurir",,,,,,,,"https://www.google.com/maps/search/?api=1&query=JNE%20Pasir%20Layung&query_place_id=ChIJd-rXt_nnaC4RWHJa6EIiiKM","Jasa Kurir"
"BARBER STATION DU","4","40","Jl. Dipati Ukur No.92","Kota Bandung","Jawa Barat","ID",,"","Tempat Cukur Rambut",,,,,,,,"https://www.google.com/maps/search/?api=1&query=BARBER%20STATION%20DU&query_place_id=ChIJ92lDOHznaC4RALxLj7d6z4U","Tempat Cukur Rambut"
"FAJAR STONES BARBERSHOP","4.6","5","Jl. Cikutra Barat No.131-141","Kota Bandung","Jawa Barat","ID","https://tr.ee/UZYwQ2","+62 857-6425-7589","Tempat Cukur Rambut",,,,,,,,"https://www.google.com/maps/search/?api=1&query=FAJAR%20STONES%20BARBERSHOP&query_place_id=ChIJsewV-avnaC4R81ZBhWwBHoY","Tempat Cukur Rambut"
"KRONIK Barbershop","4.6","221","Jl. Bukit Indah No.105c 166a, RW.Ciumbuleuit","Kota Bandung","Jawa Barat","ID","https://kronik.id/","+62 896-6008-6600","Tempat Cukur Rambut",,,,,,,,"https://www.google.com/maps/search/?api=1&query=KRONIK%20Barbershop&query_place_id=ChIJk32jKOzmaC4RdvBwlD3MuIQ","Tempat Cukur Rambut"
"HEADCORE BARBERSHOP","4.8","65","Jl. Terusan Tubagus Ismail Raya No.1c","Kota Bandung","Jawa Barat","ID",,"","Tempat Cukur Rambut",,,,,,,,"https://www.google.com/maps/search/?api=1&query=HEADCORE%20BARBERSHOP&query_place_id=ChIJ_9MFQrLnaC4RDCrnASlx-Bo","Tempat Cukur Rambut"
"Barbershop tempat cukur rambut premium Razor","4.9","38","Jl. Ir. H. Juanda No.86","Kota Bandung","Jawa Barat","ID",,"+62 815-6477-9263","Tempat Cukur Rambut",,,,,,,,"https://www.google.com/maps/search/?api=1&query=Barbershop%20tempat%20cukur%20rambut%20premium%20Razor&query_place_id=ChIJAQ7TJQDnaC4RtVOO541HBZs","Tempat Cukur Rambut"
"Gun Buuk Barbershop","4.3","75","Jl. Boscha No.12","Kota Bandung","Jawa Barat","ID",,"+62 822-1917-2790","Tempat Cukur Rambut",,,,,,,,"https://www.google.com/maps/search/?api=1&query=Gun%20Buuk%20Barbershop&query_place_id=ChIJb38ED1_maC4Riib64sbZnJM","Tempat Cukur Rambut"
"LION PARCEL CIGIRINGSING(POS20948)",,,"Jl. Cigiringsing Rt.03 Rw.19.Ds.Girimekar Cilengkrang Kab. Bandung, Bandung City","Kabupaten Bandung","Jawa Barat","ID","https://lionparcel.com/","+62 811-1300-230","Jasa Pengiriman",,,,,,,,"https://www.google.com/maps/search/?api=1&query=LION%20PARCEL%20CIGIRINGSING(POS20948)&query_place_id=ChIJKchHja7daC4Rcik1txxCsSM","Jasa Pengiriman"
"JNT Cargo SadangSerang (Marketplace & Reguler Cargo)","4.9","80","Jl. Cikutra Barat No.119","Kota Bandung","Jawa Barat","ID","https://www.jtcargo.id/","+62 821-2837-2100","Layanan Logistik","Jasa Pengiriman",,,,,,,"https://www.google.com/maps/search/?api=1&query=JNT%20Cargo%20SadangSerang%20(Marketplace%20%26%20Reguler%20Cargo)&query_place_id=ChIJgfI7cijnaC4RLO7-fIwBjJ0","Layanan Logistik"
"Jne Setiabudi","3.4","92","SEBRANG YEN'S BABY & KID SHOP, Jl. Dr. Setiabudi No.103 i","Kota Bandung","Jawa Barat","ID",,"+62 857-5905-9765","Jasa Pengiriman",,,,,,,,"https://www.google.com/maps/search/?api=1&query=Jne%20Setiabudi&query_place_id=ChIJ1_7L4VnnaC4RhNFAl5c4SAU","Jasa Pengiriman"
"Pengiriman barang Salsabila cargo bandung","4.9","22","Kawasan PT.RIA, Jl. Kalilio Barat Jl. Soekarno-Hatta No.761 KAVLING.NO 6","Kota Bandung","Jawa Barat","ID","http://www.salsabilacargo.com/","+62 852-9531-8926","Jasa Pengiriman Kargo","Jasa pengiriman mobil","Jasa pindah rumah","Perusahaan Ekspedisi","Jasa Pengiriman","Agen pengiriman kendaraan",,,"https://www.google.com/maps/search/?api=1&query=Pengiriman%20barang%20Salsabila%20cargo%20bandung&query_place_id=ChIJo_CSrrPpaC4RZEnhRE9Y_4Y","Jasa Pengiriman Kargo"
"Ojek Ikhlas Bandung","5","1","Jalan gagak barat no 97 rt 07/13, Jl. Karang Asih No.kel","Kota Bandung","Jawa Barat","ID",,"+62 858-6214-4690","Jasa Kurir",,,,,,,,"https://www.google.com/maps/search/?api=1&query=Ojek%20Ikhlas%20Bandung&query_place_id=ChIJF_aLxhLnaC4RPA3aAUOvA-Q","Jasa Kurir"
"IwanTrans Jasa Angkut Barang & Pindahan Bandung","5","131","Jl. Sukamaju","Kota Bandung","Jawa Barat","ID",,"+62 822-1862-1547","Jasa Pengiriman",,,,,,,,"https://www.google.com/maps/search/?api=1&query=IwanTrans%20Jasa%20Angkut%20Barang%20%26%20Pindahan%20Bandung&query_place_id=ChIJK6FDrDLnaC4Rv9DeCjMag1s","Jasa Pengiriman"
"JNE Gegerkalong","3.4","46","Jalan Geger Kalong Girang No.1 Gegerkalong","Kota Bandung","Jawa Barat","ID",,"","Jasa Pengiriman",,,,,,,,"https://www.google.com/maps/search/?api=1&query=JNE%20Gegerkalong&query_place_id=ChIJgXQdrr3naC4RbdcPmXKujDc","Jasa Pengiriman"
"Wahana Prestasi Logistik","4.4","50","Jl. Sadang Tengah IV No.9","Kota Bandung","Jawa Barat","ID","http://www.wahana.com/","+62 838-2166-6124","Perusahaan Ekspedisi",,,,,,,,"https://www.google.com/maps/search/?api=1&query=Wahana%20Prestasi%20Logistik&query_place_id=ChIJeb_iTKrnaC4RJqfpg3g6TL8","Perusahaan Ekspedisi"
"JNE Cemara","4.4","406","Jl. Cemara No.53","Kota Bandung","Jawa Barat","ID","http://www.jne.co.id/","+62 21 29278888","Jasa Kurir","Perusahaan","Toko",,,,,,"https://www.google.com/maps/search/?api=1&query=JNE%20Cemara&query_place_id=ChIJpdGD2vTmaC4RnOTlhl7oNG0","Jasa Kurir"
"JNE Gasibu","4.4","328","Jl. Surapati No.55","Kota Bandung","Jawa Barat","ID",,"+62 22 2531245","Jasa Kurir","Jasa Pengiriman Kargo",,,,,,,"https://www.google.com/maps/search/?api=1&query=JNE%20Gasibu&query_place_id=ChIJyT0gTbLnaC4RRC0RueWEdFs","Jasa Kurir"
"Jasa Antar Jemput Abodemen Anak sekolah",,,"Jl. Jatihandap Timur gang barokah 1 No.74","Kota Bandung","Jawa Barat","ID",,"+62 858-6070-8838","Jasa Kurir","Layanan Transportasi",,,,,,,"https://www.google.com/maps/search/?api=1&query=Jasa%20Antar%20Jemput%20Abodemen%20Anak%20sekolah&query_place_id=ChIJKehO4VbnaC4RFMa4Wvc-4hY","Jasa Kurir"
"Widji","4.3","142","Jl. Tamansari No.62","Kota Bandung","Jawa Barat","ID","http://www.widjiprinting.com/","+62 813-8388-8662","Layanan cetak digital","Toko Fotokopi",,,,,,,"https://www.google.com/maps/search/?api=1&query=Widji&query_place_id=ChIJnV3-g0_maC4RRLXADl2LmWQ","Layanan cetak digital"
"Q'ta Laundry Bandung (Muararajeun Lama 2 No.70 RT.04 RW.05-Surapati)","4.3","27","Kampung Wisata Sablon, Jl. Muararajeun Lama 2 Jl. Surapati No.70, RT./RW/RW.04/05","Kota Bandung","Jawa Barat","ID",,"+62 813-2239-8868","Binatu","Binatu Cucian Kering",,,,,,,"https://www.google.com/maps/search/?api=1&query=Q'ta%20Laundry%20Bandung%20(Muararajeun%20Lama%202%20No.70%20RT.04%20RW.05-Surapati)&query_place_id=ChIJ8c7M-rDnaC4RQmEzG0ns45M","Binatu"
"SpinKu Laundry Self Service & Drop Off Tubagus","5","147","Jl. Tubagus Ismail No.27B","Kota Bandung","Jawa Barat","ID","https://spinkulaundry.netlify.app/","+62 857-7777-8000","Layanan Binatu",,,,,,,,"https://www.google.com/maps/search/?api=1&query=SpinKu%20Laundry%20Self%20Service%20%26%20Drop%20Off%20Tubagus&query_place_id=ChIJmzIsewDnaC4R53LTDfH_qqc","Layanan Binatu"
"Bluewash Laundry 24jam Dipatiukur","4.9","94","Gg. Haur Pancuh II No.9","Kota Bandung","Jawa Barat","ID","https://www.instagram.com/bluewash2018/","+62 878-7441-9946","Binatu",,,,,,,,"https://www.google.com/maps/search/?api=1&query=Bluewash%20Laundry%2024jam%20Dipatiukur&query_place_id=ChIJPRvgj1nnaC4RQRqmNguey1s","Binatu"
"Sablon kaos Lamoecoat","4.9","7","Jl. Picung Gg.2 No.45, RT.001/RW./01","Kota Bandung","Jawa Barat","ID",,"+62 899-6062-009","Toko Sablon",,,,,,,,"https://www.google.com/maps/search/?api=1&query=Sablon%20kaos%20Lamoecoat&query_place_id=ChIJvwGr9XznaC4RcSHQbB_9v_E","Toko Sablon"
"Percetakan Sinar Pelita Bandung","4.6","141","Jl. Pagarsih No.13","Kota Bandung","Jawa Barat","ID","http://www.sinarpelitaprinting.com/","+62 822-6122-6262","Percetakan Komersial","Layanan cetak digital","Toko Percetakan",,,,,,"https://www.google.com/maps/search/?api=1&query=Percetakan%20Sinar%20Pelita%20Bandung&query_place_id=ChIJS0K7XxnmaC4RE2WiPhQqhRU","Percetakan Komersial"
"JNE","4","239","4J3V+H98, Jl. Cikutra","Kabupaten Bandung","Jawa Barat","ID",,"+62 22 61784073","Jasa Pengiriman",,,,,,,,"https://www.google.com/maps/search/?api=1&query=JNE&query_place_id=ChIJ5WiVNL3naC4RyEO3dodRde0","Jasa Pengiriman"
"BJ JURNALIS PERCETAKAN,POTO COPY, DIGITAL PRINTING BUKA 24 JAM","4.5","267","Jl. Cimincrang No.9A","Kota Bandung","Jawa Barat","ID",,"+62 821-2193-2121","Toko Percetakan",,,,,,,,"https://www.google.com/maps/search/?api=1&query=BJ%20JURNALIS%20PERCETAKAN%2CPOTO%20COPY%2C%20DIGITAL%20PRINTING%20BUKA%2024%20JAM&query_place_id=ChIJW9HyGGnpaC4Rf7jIJ6mw3wU","Toko Percetakan"
"Percetakan Triguna","5","1","JL. Sukaasih, No. 204-A, Girimekar, Cilengkrang","Kota Bandung","Jawa Barat","ID",,"+62 22 7805958","Toko Buku","Produsen",,,,,,,"https://www.google.com/maps/search/?api=1&query=Percetakan%20Triguna&query_place_id=ChIJe-kKfGrdaC4RMtSD-_NHUUo","Toko Buku"
"FedEx World Service Center","4.1","114","Jl. Sampurna No.12","Kota Bandung","Jawa Barat","ID","https://local.fedex.com/id-id/bandung/bdoa","+62 1 500 342","Layanan Surat","Jasa Kurir",,,,,,,"https://www.google.com/maps/search/?api=1&query=FedEx%20World%20Service%20Center&query_place_id=ChIJyz2ijF7maC4RMYKQk_nBlgA","Layanan Surat"
"Vector Print On Demand","4.9","967","Jl. Lengkong Besar No.64H","Kota Bandung","Jawa Barat","ID","https://taplink.cc/vectorprint","+62 811-2342-051","Percetakan Komersial",,,,,,,,"https://www.google.com/maps/search/?api=1&query=Vector%20Print%20On%20Demand&query_place_id=ChIJRX1ifILoaC4RFEqO9J4Vc-s","Percetakan Komersial"
"Laundry Express 2jam Mirai Laundry || Melayani Antar Jemput","4.4","165","Jl. Cisitu Lama No.11","Kota Bandung","Jawa Barat","ID",,"+62 822-9556-2095","Binatu",,,,,,,,"https://www.google.com/maps/search/?api=1&query=Laundry%20Express%202jam%20Mirai%20Laundry%20%7C%7C%20Melayani%20Antar%20Jemput&query_place_id=ChIJO6FRioXnaC4Rd1YR3IcrQPA","Binatu"
"PERCETAKAN ""e-NON"" Dian WG","5","4","Jl. Sukaasih Raya Atas No.61","Kota Bandung","Jawa Barat","ID",,"+62 812-1442-7980","Kantor Perusahaan",,,,,,,,"https://www.google.com/maps/search/?api=1&query=PERCETAKAN%20%22e-NON%22%20Dian%20WG&query_place_id=ChIJR9CCBnDdaC4RQQdSobUfqls","Kantor Perusahaan"
"Humaira salon muslimah","4.6","229","Jl. Tikukur No.8","Kota Bandung","Jawa Barat","ID",,"+62 821-2660-7183","Salon Kecantikan",,,,,,,,"https://www.google.com/maps/search/?api=1&query=Humaira%20salon%20muslimah&query_place_id=ChIJZeWBVk3maC4R8M9dajc6G9Q","Salon Kecantikan"
"Kayu packing ( jasa panggilan ke tempat )","5","2",,,,,"https://www.facebook.com/share/196c1zBnz6/","+62 858-6203-3979","Jasa Pengiriman","Service establishment",,,,,,,"https://www.google.com/maps/search/?api=1&query=Kayu%20packing%20(%20jasa%20panggilan%20ke%20tempat%20)&query_place_id=ChIJ8VqdyYsbkSwRZ33vw91AhdA","Jasa Pengiriman"
"Salon D'Zevas Beauty","4.9","96","Jl. Tubagus Ismail No.27C","Kota Bandung","Jawa Barat","ID","https://dzevasbeauty.com/","+62 858-7890-7261","Salon Kecantikan",,,,,,,,"https://www.google.com/maps/search/?api=1&query=Salon%20D'Zevas%20Beauty&query_place_id=ChIJs5n09dvnaC4RJEVZS8eJD4o","Salon Kecantikan"
"Percetakan Amarta Media Permata Digital Printing","5","9","Jl. Cinangka","Kota Bandung","Jawa Barat","ID",,"+62 859-7523-0933","Layanan cetak digital","Biro Iklan",,,,,,,"https://www.google.com/maps/search/?api=1&query=Percetakan%20Amarta%20Media%20Permata%20Digital%20Printing&query_place_id=ChIJW0bivu3DaC4RLgZIwH8VdAU","Layanan cetak digital"
"Hana Hair & Beauty Bar","4.9","55","Jl. Ir. H. Juanda No.462","Kabupaten Bandung","Jawa Barat","ID",,"+62 815-7359-9968","Salon Kecantikan",,,,,,,,"https://www.google.com/maps/search/?api=1&query=Hana%20Hair%20%26%20Beauty%20Bar&query_place_id=ChIJ9arhzJXnaC4RThFKmcj-ykk","Salon Kecantikan"
"INDAH LOGISTIK CIKUTRA BARAT","5","9","Jl. Cikutra Barat No.120","Kota Bandung","Jawa Barat","ID","https://indahonline.com/","+62 813-3330-8671","Jasa Pengiriman",,,,,,,,"https://www.google.com/maps/search/?api=1&query=INDAH%20LOGISTIK%20CIKUTRA%20BARAT&query_place_id=ChIJ3WgUUJTnaC4RoVR33jJrm7A","Jasa Pengiriman"
"JNE Agen 066","4.3","24","4HVV+2G5, Jl. Sersan Bajuri","Kota Bandung","Jawa Barat","ID","http://www.tikijne.co.id/","+62 22 76489019","Jasa Pengiriman",,,,,,,,"https://www.google.com/maps/search/?api=1&query=JNE%20Agen%20066&query_place_id=ChIJNTUHxbnmaC4Rv_oTC8gUvO0","Jasa Pengiriman"
"Kanta Hair Salon","5","917","Jl. Dipati Ukur No.29","Kota Bandung","Jawa Barat","ID","http://kantasalon.carrd.co/","+62 851-2126-2873","Penata Rambut","Salon Kecantikan",,,,,,,"https://www.google.com/maps/search/?api=1&query=Kanta%20Hair%20Salon&query_place_id=ChIJn4ShzjHnaC4ROU-B_5el9-A","Penata Rambut"
"Banteng Print","4.6","1787","Jl. Buah Batu No.31","Kota Bandung","Jawa Barat","ID","http://www.bantengprint.com/","+62 22 87327606","Percetakan Komersial","Toko Percetakan",,,,,,,"https://www.google.com/maps/search/?api=1&query=Banteng%20Print&query_place_id=ChIJRd2I76PpaC4RMihd2nklKL4","Percetakan Komersial"
"Lion Parcel - Cidadap Siliwangi","3.8","4","Jl. Siliwangi No.22","Kota Bandung","Jawa Barat","ID","https://lokasimitra.thelionparcel.com/lion-parcel-cidadap-siliwangi-jawa-barat-courier-service-kec-cidadap-bandung-502372/Home","+62 812-2163-2439","Jasa Pengiriman","Layanan E-Niaga","Jasa Pengiriman Kargo","Layanan Logistik","Layanan Surat","Gudang",,,"https://www.google.com/maps/search/?api=1&query=Lion%20Parcel%20-%20Cidadap%20Siliwangi&query_place_id=ChIJzyPrCZfnaC4RWNpL6Av5F18","Jasa Pengiriman"
"RESTY SALON BANDUNG","4.5","71","Jl. Babakan Surabaya No.17","Kota Bandung","Jawa Barat","ID",,"+62 896-5856-5156","Salon Rambut",,,,,,,,"https://www.google.com/maps/search/?api=1&query=RESTY%20SALON%20BANDUNG&query_place_id=ChIJtcU3sOfnaC4RihYg2QG5EeA","Salon Rambut"
"Widya Salon","4.5","212","Jl. Sadakeling No.12","Kota Bandung","Jawa Barat","ID",,"+62 22 7301465","Salon Kecantikan",,,,,,,,"https://www.google.com/maps/search/?api=1&query=Widya%20Salon&query_place_id=ChIJy5AM1IHoaC4RJiCcdfup38Y","Salon Kecantikan"
"DHL Service Point Pasteur","3.7","25","Jl. Dr. Djunjunan No.127","Kota Bandung","Jawa Barat","ID","http://dhl.co.id/","","Jasa Kurir",,,,,,,,"https://www.google.com/maps/search/?api=1&query=DHL%20Service%20Point%20Pasteur&query_place_id=ChIJ9RMuwWTmaC4RJNlpOmjIAv8","Jasa Kurir"
"Salon Anata","4.5","852","Jl. Emong No.14","Kota Bandung","Jawa Barat","ID","https://www.salonanata.com/","+62 22 7320575","Klinik Perawatan Kulit","Salon Kecantikan","Salon Rambut",,,,,,"https://www.google.com/maps/search/?api=1&query=Salon%20Anata&query_place_id=ChIJSbWPqivmaC4RfWRUPE3L970","Klinik Perawatan Kulit"
"Raja Salon","4.7","74","Jl. Babakan Baru No.5","Kota Bandung","Jawa Barat","ID",,"+62 812-1000-0561","Salon Kecantikan",,,,,,,,"https://www.google.com/maps/search/?api=1&query=Raja%20Salon&query_place_id=ChIJtzncx5fnaC4RnEZArWApUMI","Salon Kecantikan"
"Salon Smooch Beauty Bar Bandung","4.9","110","Jl. Gatot Subroto No.28 Lt 1","Kota Bandung","Jawa Barat","ID","https://www.smoochbeautybar.com/","+62 812-9561-3601","Salon Kecantikan",,,,,,,,"https://www.google.com/maps/search/?api=1&query=Salon%20Smooch%20Beauty%20Bar%20Bandung&query_place_id=ChIJ4VkTrSLnaC4RGr2QSxaMYoU","Salon Kecantikan"
"moz5 Salon Muslimah Burangrang","4.9","553","Jl. Buah Batu No.62","Kota Bandung","Jawa Barat","ID","http://www.moz5salonmuslimah.com/","+62 811-9790-521","Salon Kecantikan",,,,,,,,"https://www.google.com/maps/search/?api=1&query=moz5%20Salon%20Muslimah%20Burangrang&query_place_id=ChIJQVo28vLpaC4RFIqdX7U7okM","Salon Kecantikan"
"Urban's Travel Bandung Dipatiukur","3.7","6","Jl. Hasanudin No.28","Kota Bandung","Jawa Barat","ID","http://www.urbanstransport.co.id/","+62 821-2060-2002","Layanan Transportasi","Agen Sewa Mobil","Jasa Kurir","Layanan Logistik",,,,,"https://www.google.com/maps/search/?api=1&query=Urban's%20Travel%20Bandung%20Dipatiukur&query_place_id=ChIJm68CbwDnaC4RTwCNW45MmTg","Layanan Transportasi"
"Lexzi Salon","4.5","694","Jl. Bengawan No.37","Kota Bandung","Jawa Barat","ID",,"+62 22 7106602","Salon Kecantikan",,,,,,,,"https://www.google.com/maps/search/?api=1&query=Lexzi%20Salon&query_place_id=ChIJ8XMn2cjnaC4RQ4IdhuQtdjA","Salon Kecantikan"
"Salon Memori","3.9","890","Jl. Ir. H. Juanda No.185","Kota Bandung","Jawa Barat","ID",,"+62 22 2500476","Salon Rambut",,,,,,,,"https://www.google.com/maps/search/?api=1&query=Salon%20Memori&query_place_id=ChIJ7R2Rz_jmaC4RuhSGnNohoyM","Salon Rambut"
"JNE Kokesma ITB","4.5","15","Gedung Labtek XIV (Gedung Freeport) ITB, Coblong","Kota Bandung","Jawa Barat","ID",,"","Jasa Kurir",,,,,,,,"https://www.google.com/maps/search/?api=1&query=JNE%20Kokesma%20ITB&query_place_id=ChIJuUTyFVjmaC4Ruqjz0K7HRKA","Jasa Kurir"
"LION PARCEL SUCI BANDUNG","4.6","33","Ruko Kampus Universitas Sangga Buana YPKP, Jl. Khp Hasan Mustopa No.70","Kota Bandung","Jawa Barat","ID",,"+62 896-5663-3778","Jasa Pengiriman",,,,,,,,"https://www.google.com/maps/search/?api=1&query=LION%20PARCEL%20SUCI%20BANDUNG&query_place_id=ChIJme6C7b3naC4RZCCg65MBQBI","Jasa Pengiriman"
"MDOP OFFCIAL SEPATU BANDUNG","5","2","Jl. Sapujagat No.59, RT.3/RW.9","Kota Bandung","Jawa Barat","ID",,"","Jasa Kurir",,,,,,,,"https://www.google.com/maps/search/?api=1&query=MDOP%20OFFCIAL%20SEPATU%20BANDUNG&query_place_id=ChIJz5boIQDnaC4Rb7P5rNODB7A","Jasa Kurir"
"Pandu Logistik","3","1","Jl. Terusan Tubagus Ismail Raya No.17","Kota Bandung","Jawa Barat","ID",,"+62 22 7052240","Jasa Pengiriman",,,,,,,,"https://www.google.com/maps/search/?api=1&query=Pandu%20Logistik&query_place_id=ChIJK-NedQDnaC4RPBIxx_wVy74","Jasa Pengiriman"
"Enno Salon","4.9","50","Jl. Karta Atmaja No.96b","Kota Bandung","Jawa Barat","ID",,"+62 813-2293-5577","Salon Kecantikan",,,,,,,,"https://www.google.com/maps/search/?api=1&query=Enno%20Salon&query_place_id=ChIJk8MO0-3naC4RX3whyxtBOSM","Salon Kecantikan"
"Briwash Laundry Express - Setiabudi","5","476","Jl. Dr. Setiabudi No.111","Kota Bandung","Jawa Barat","ID","https://briwash.id/setiabudhi/","+62 811-2008-1011","Binatu",,,,,,,,"https://www.google.com/maps/search/?api=1&query=Briwash%20Laundry%20Express%20-%20Setiabudi&query_place_id=ChIJK6gTIgDnaC4RgEsFJgaQ3wM","Binatu"
"Dekat Barbershop 1.0","4.7","87","Jl. Martanegara No.102","Kota Bandung","Jawa Barat","ID","https://www.instagram.com/dekatbarber/","+62 812-2279-3753","Tempat Cukur Rambut",,,,,,,,"https://www.google.com/maps/search/?api=1&query=Dekat%20Barbershop%201.0&query_place_id=ChIJbbIw2TjpaC4RhWJh4DoeL3w","Tempat Cukur Rambut"
"Asistenku Courier and Cargo",,,"JL. Penghulu Haji Hasan Mustopa, Surapati Core Blok K-10, Bandung","Kota Bandung","Jawa Barat","ID",,"+62 22 93885091","Jasa Kurir",,,,,,,,"https://www.google.com/maps/search/?api=1&query=Asistenku%20Courier%20and%20Cargo&query_place_id=ChIJxTFOf7vnaC4R8cZPcI3M2sw","Jasa Kurir"
"UNI.LABS LAUNDRY 24 JAM","4.9","87","Jl. Gegerkalong Girang No.44","Kota Bandung","Jawa Barat","ID",,"+62 896-7453-0780","Layanan Binatu",,,,,,,,"https://www.google.com/maps/search/?api=1&query=UNI.LABS%20LAUNDRY%2024%20JAM&query_place_id=ChIJEe9XKgDnaC4RXucLH8lN-0A","Layanan Binatu"
"Laundry Hari Ini - Cihampelas","5","76","Jl. Boscha No.35","Kota Bandung","Jawa Barat","ID","https://laundry-hariini.com/","+62 811-1116-9689","Layanan Binatu",,,,,,,,"https://www.google.com/maps/search/?api=1&query=Laundry%20Hari%20Ini%20-%20Cihampelas&query_place_id=ChIJu61kuqznaC4RMrMLFp6khE4","Layanan Binatu"
"R & D Dedi Salon","4.6","601","Jl. Sadakeling No.3","Kota Bandung","Jawa Barat","ID",,"+62 878-3662-2007","Salon Kecantikan","Salon Rambut",,,,,,,"https://www.google.com/maps/search/?api=1&query=R%20%26%20D%20Dedi%20Salon&query_place_id=ChIJUefB04HoaC4RbOrlltsSKKk","Salon Kecantikan"
"Kios Laundry Pangarang (Layanan Antar Jemput Bandung)","4.7","71","Jl. Pangarang No.28","Kota Bandung","Jawa Barat","ID",,"+62 813-2066-6778","Layanan Binatu",,,,,,,,"https://www.google.com/maps/search/?api=1&query=Kios%20Laundry%20Pangarang%20(Layanan%20Antar%20Jemput%20Bandung)&query_place_id=ChIJrdu3gOznaC4RIfWoKzJUh64","Layanan Binatu"
"Caheum Printing Sublim","4.6","77","Jl. Khp Hasan Mustopa No.221","Kota Bandung","Jawa Barat","ID","https://www.instagram.com/caheum_printing","+62 896-0411-1131","Toko Percetakan",,,,,,,,"https://www.google.com/maps/search/?api=1&query=Caheum%20Printing%20Sublim&query_place_id=ChIJY9SReHXnaC4RKhyzYa1livo","Toko Percetakan"
"Adelia salon bandung","4.5","202","Pinggir hepimart/martabak jayaraga, Jl. Margacinta No.25","Kota Bandung","Jawa Barat","ID",,"+62 822-9542-0822","Salon Rambut",,,,,,,,"https://www.google.com/maps/search/?api=1&query=Adelia%20salon%20bandung&query_place_id=ChIJg26YvkboaC4RZ0XQZO3vcJQ","Salon Rambut"
"PT Yusca Corporation",,,"Jl. Gegerkalong Girang No.36B","Kota Bandung","Jawa Barat","ID",,"+62 22 2005133","Jasa Kurir",,,,,,,,"https://www.google.com/maps/search/?api=1&query=PT%20Yusca%20Corporation&query_place_id=ChIJlWgYQrzmaC4Rxzd_Li1QgQo","Jasa Kurir"
"AERO CLEAN LAUNDRY BANDUNG","4.4","188","Jl. Reog No.58","Kota Bandung","Jawa Barat","ID","https://www.aerocleanlaundry.com/service-kami/","+62 811-2125-755","Layanan Binatu",,,,,,,,"https://www.google.com/maps/search/?api=1&query=AERO%20CLEAN%20LAUNDRY%20BANDUNG&query_place_id=ChIJWZ4R8J_paC4Rol6XAUKtKso","Layanan Binatu"
"5asec Bandung","4.4","404","Jalan R.E. Martadinata No.58 Babakan Ciamis","Kota Bandung","Jawa Barat","ID","http://www.5asecindonesia.com/","+62 22 4238907","Layanan Binatu","Binatu Cucian Kering","Binatu",,,,,,"https://www.google.com/maps/search/?api=1&query=5asec%20Bandung&query_place_id=ChIJTWzSv0rmaC4RvyWNfL6FO-s","Layanan Binatu"
"Jasa travel nya di bandung",,,"Jl. Kp. Nyalindung Atas No.10","Kota Bandung","Jawa Barat","ID",,"+62 822-9598-4352","Jasa Kurir",,,,,,,,"https://www.google.com/maps/search/?api=1&query=Jasa%20travel%20nya%20di%20bandung&query_place_id=ChIJ3zXPT2_naC4R8sMg-0lKdQM","Jasa Kurir"
"Johanna Lin Salon Setiabudhi","4.9","931","Jl. Dr. Setiabudi No.162","Kota Bandung","Jawa Barat","ID","https://instagram.com/byjohannalin?utm_medium=copy_link","+62 812-2158-9935","Salon Kecantikan",,,,,,,,"https://www.google.com/maps/search/?api=1&query=Johanna%20Lin%20Salon%20Setiabudhi&query_place_id=ChIJ0501Ho3maC4R5aC2A59pI0E","Salon Kecantikan"
"The Caramel Salon & Treatment","5","42","Jl. Bukit Jarian No.44A, RT.01/RW.11","Kota Bandung","Jawa Barat","ID",,"+62 813-1674-768","Salon Kecantikan",,,,,,,,"https://www.google.com/maps/search/?api=1&query=The%20Caramel%20Salon%20%26%20Treatment&query_place_id=ChIJi4fhvzjnaC4ROAoEN_Njv0o","Salon Kecantikan"
"Tiki Agen","4.2","5","Jl. Khp Hasan Mustopa No.120 A Lt.2","Kota Bandung","Jawa Barat","ID",,"+62 877-2214-3690","Jasa Kurir",,,,,,,,"https://www.google.com/maps/search/?api=1&query=Tiki%20Agen&query_place_id=ChIJx5h47L3naC4RBHqe33Hygaw","Jasa Kurir"
"Sunshine Beauty Dago","4.8","93","Lima Building, Jl. Dago No.169B Lantai 1","Kota Bandung","Jawa Barat","ID","https://www.instagram.com/sunshinebeautybandung/","+62 851-1768-2370","Salon Kecantikan",,,,,,,,"https://www.google.com/maps/search/?api=1&query=Sunshine%20Beauty%20Dago&query_place_id=ChIJgRu5j25Wy0EREPZ9u9kRcK8","Salon Kecantikan"
"Barokah Barbershop","4.6","7","Jl. Saip No.176 gelatik dalam no.383, Sadang 40133","Kota Bandung","Jawa Barat","ID",,"","Tempat Cukur Rambut",,,,,,,,"https://www.google.com/maps/search/?api=1&query=Barokah%20Barbershop&query_place_id=ChIJoahf2aznaC4R2x4GI_PPTs0","Tempat Cukur Rambut"
"Sorcha Laundry Cihampelas (Laundry Antar Jemput Bandung)","4.9","670","Jl. Boscha No.33","Kota Bandung","Jawa Barat","ID","http://sorcha-cihampelas.com/","+62 811-1111-2731","Layanan Binatu",,,,,,,,"https://www.google.com/maps/search/?api=1&query=Sorcha%20Laundry%20Cihampelas%20(Laundry%20Antar%20Jemput%20Bandung)&query_place_id=ChIJq_gfyQjnaC4RUCZZVuFvG_o","Layanan Binatu"
"Chingu Laundry Express Cihampelas","5","429","Jl. Boscha No.12","Kota Bandung","Jawa Barat","ID","https://chingu-laundry.com/outlet-post/chingu-laundry-cihampelas/","+62 811-2008-1012","Binatu",,,,,,,,"https://www.google.com/maps/search/?api=1&query=Chingu%20Laundry%20Express%20Cihampelas&query_place_id=ChIJ9dsQdQDnaC4Rp-Uz7bZ3SMo","Binatu"
"Huan's Salon","5","96","Gg. Bukit Sastra No.94","Kota Bandung","Jawa Barat","ID",,"+62 896-3070-5804","Salon Kecantikan",,,,,,,,"https://www.google.com/maps/search/?api=1&query=Huan's%20Salon&query_place_id=ChIJ61DNnjDnaC4RNSpvWjtiQkg","Salon Kecantikan"
"DHL Express Service Point (DHL Express - Cihampelas Bandung)","4.8","113","Jl. Cihampelas No.110","Kota Bandung","Jawa Barat","ID","https://locator.dhl.com/results?address=id:BDOS01&language=en&lc=ID&resultUom=km&clientAppCode=GYD","+62 811-1703-4056","Jasa Kurir","Layanan Logistik","Layanan Surat","Layanan Pengiriman dan Pengeposan","Perusahaan Ekspedisi","Jasa Pengiriman",,,"https://www.google.com/maps/search/?api=1&query=DHL%20Express%20Service%20Point%20(DHL%20Express%20-%20Cihampelas%20Bandung)&query_place_id=ChIJ97IvN6bnaC4RVjICW14cRr8","Jasa Kurir"
"QuickDrop Laundry Express Bandung","5","20","Komp. Istana Mekar Wangi, Jl. H. Tatang Sumantri Jl. Moch. Toha No.4","Kota Bandung","Jawa Barat","ID","https://quickdrop.pesanlaundry.com/","+62 881-0824-42569","Layanan Binatu",,,,,,,,"https://www.google.com/maps/search/?api=1&query=QuickDrop%20Laundry%20Express%20Bandung&query_place_id=ChIJ8ZkneADpaC4RETAJ1VsXqWM","Layanan Binatu"
"Barbershop Azam Kuch Kuch Hota Hai","4.5","26","Jl. Gagak No.150","Kota Bandung","Jawa Barat","ID",,"+62 852-3088-8866","Tempat Cukur Rambut",,,,,,,,"https://www.google.com/maps/search/?api=1&query=Barbershop%20Azam%20Kuch%20Kuch%20Hota%20Hai&query_place_id=ChIJAU_O7q3naC4RqpraSjR05NM","Tempat Cukur Rambut"
"Laundry Express Bandung (LEB)","5","468","Jl. Pasundan No.21b","Kota Bandung","Jawa Barat","ID",,"+62 851-8312-2135","Layanan Binatu","Binatu",,,,,,,"https://www.google.com/maps/search/?api=1&query=Laundry%20Express%20Bandung%20(LEB)&query_place_id=ChIJi2d1ZQDnaC4RBAlwk_b8JXs","Layanan Binatu"
"Laquita Beauty Bar","4.8","2416","Jl. Sukajadi No.184","Kota Bandung","Jawa Barat","ID",,"+62 22 2042227","Salon Kecantikan",,,,,,,,"https://www.google.com/maps/search/?api=1&query=Laquita%20Beauty%20Bar&query_place_id=ChIJHV_EPYvmaC4RKsiM3V-pSdQ","Salon Kecantikan"
"Glasgöw Barbershop","4.2","137","Jl. Hasanudin No.28","Kota Bandung","Jawa Barat","ID",,"+62 877-3816-2894","Tempat Cukur Rambut",,,,,,,,"https://www.google.com/maps/search/?api=1&query=Glasg%C3%B6w%20Barbershop&query_place_id=ChIJq8G8LlLmaC4Rm4jyjQ_r4no","Tempat Cukur Rambut"
"Lenny Fora • Bridal Dan Beauty Salon","4.7","102","Jl. DR. Djunjunan Dalam No.11","Kota Bandung","Jawa Barat","ID","https://www.instagram.com/lennyforasalon/","+62 22 6036510","Salon Kecantikan","Salon Rambut","Perias","Penata Rambut",,,,,"https://www.google.com/maps/search/?api=1&query=Lenny%20Fora%20%E2%80%A2%20Bridal%20Dan%20Beauty%20Salon&query_place_id=ChIJwXHm7GTmaC4RTMZiKJR_AVY","Salon Kecantikan"
"JNE Cikapayang","3.8","137","Jl. Cikapayang No.18","Kota Bandung","Jawa Barat","ID",,"","Jasa Kurir",,,,,,,,"https://www.google.com/maps/search/?api=1&query=JNE%20Cikapayang&query_place_id=ChIJIz3D6k_maC4R43y-vvWMpjs","Jasa Kurir"
"Gajah Laundry Bandung","4.9","142","Jl. Wayang No.8","Kota Bandung","Jawa Barat","ID","https://gajahlaundrybandung.blogspot.com/","+62 822-2888-3434","Binatu",,,,,,,,"https://www.google.com/maps/search/?api=1&query=Gajah%20Laundry%20Bandung&query_place_id=ChIJDUnSuCrmaC4RYtzzoJv282U","Binatu"
"Shasa Laundry Bandung","4.9","100","Jl. Cipamokolan depan gudang PDAM No.24","Kota Bandung","Jawa Barat","ID","http://shasalaundry.my.id/","+62 851-7100-1883","Layanan Binatu",,,,,,,,"https://www.google.com/maps/search/?api=1&query=Shasa%20Laundry%20Bandung&query_place_id=ChIJzwudbLPDaC4Rp0MSDFuu3is","Layanan Binatu"
"DR.Barber","4.7","90","Jl. Batik Pekalongan No.1","Kota Bandung","Jawa Barat","ID",,"+62 812-1409-713","Tempat Cukur Rambut",,,,,,,,"https://www.google.com/maps/search/?api=1&query=DR.Barber&query_place_id=ChIJp5Llz6_naC4R0-83JqmcwYw","Tempat Cukur Rambut"
"Caraka Group","3.4","5","Kec. Cob, Jl. Tamansari No.55, Kel","Kota Bandung","Jawa Barat","ID","http://www.carakagroup.com/","+62 22 2503873","Jasa Kurir",,,,,,,,"https://www.google.com/maps/search/?api=1&query=Caraka%20Group&query_place_id=ChIJmV-ImFrmaC4RzAOIuJNdXWQ","Jasa Kurir"
"Raja Pindah",,,"Balubur Town Square, Jl. Tamansari No.X-39 Lt 2","Kota Bandung","Jawa Barat","ID","http://www.rajapindah.com/","+62 22 61457888","Jasa Kurir",,,,,,,,"https://www.google.com/maps/search/?api=1&query=Raja%20Pindah&query_place_id=ChIJk42-Z0XmaC4Rq0BOxOby2tM","Jasa Kurir"
"Anata Salon Cihapit","4.3","612","Jl. Cihapit No.2","Kota Bandung","Jawa Barat","ID","https://www.salonanata.com/","+62 811-2135-512","Salon Rambut",,,,,,,,"https://www.google.com/maps/search/?api=1&query=Anata%20Salon%20Cihapit&query_place_id=ChIJDV7YzubnaC4RVQBIvXE2N_I","Salon Rambut"
"Hamima Salon Muslimah Dago","5","627","samping es duren pa aip sakinah, Jl. Tubagus Ismail No.5f","Kota Bandung","Jawa Barat","ID","https://www.instagram.com/hamimasalon?igsh=Ymt6anhpaGljNGhr","+62 895-3039-7795","Salon Kecantikan",,,,,,,,"https://www.google.com/maps/search/?api=1&query=Hamima%20Salon%20Muslimah%20Dago&query_place_id=ChIJjWfpAMznaC4RDBpdYimtuWo","Salon Kecantikan"
"Gaya Lelaki Barbershop","5","1","Gg. 3 No.1","Kota Bandung","Jawa Barat","ID",,"+62 895-4049-68525","Toko",,,,,,,,"https://www.google.com/maps/search/?api=1&query=Gaya%20Lelaki%20Barbershop&query_place_id=ChIJQQSgwWjnaC4RlWkJj30M8R0","Toko"
"Anata Salon Soekarno Hatta","4.5","344","Jl. Soekarno-Hatta No.337B","Kota Bandung","Jawa Barat","ID","https://www.salonanata.com/","+62 815-6099-009","Salon Rambut",,,,,,,,"https://www.google.com/maps/search/?api=1&query=Anata%20Salon%20Soekarno%20Hatta&query_place_id=ChIJfQPHdszpaC4R6Axcqa2nd-E","Salon Rambut"
"Hettie Salon (hair and beauty salon)","4.5","112","Jl. Citrayuda No.3","Kota Bandung","Jawa Barat","ID",,"+62 22 6016647","Salon Kecantikan",,,,,,,,"https://www.google.com/maps/search/?api=1&query=Hettie%20Salon%20(hair%20and%20beauty%20salon)&query_place_id=ChIJBWBnbmrmaC4RLAqTioq9KPY","Salon Kecantikan"
"Salon Mellysa","4.9","162","Gg. Pa. Oyon No.61/87","Kota Bandung","Jawa Barat","ID",,"+62 821-1662-1172","Salon Kecantikan",,,,,,,,"https://www.google.com/maps/search/?api=1&query=Salon%20Mellysa&query_place_id=ChIJM95_MNHnaC4RDTxGMyqijJQ","Salon Kecantikan"
"Golden barbershop Cihampelas","4.8","287",,"Kota Bandung","Jawa Barat","ID",,"+62 856-7321-018","Tempat Cukur Rambut","Salon Rambut",,,,,,,"https://www.google.com/maps/search/?api=1&query=Golden%20barbershop%20Cihampelas&query_place_id=ChIJUfOmyKPnaC4R5OKQRyRXPPo","Tempat Cukur Rambut"
"aQualis Laundry & Green Dry Clean - Sunda","4.9","252","Jl. Sunda No.76B","Kota Bandung","Jawa Barat","ID","https://www.aqualisfabricare.com/","+62 822-6007-6548","Binatu",,,,,,,,"https://www.google.com/maps/search/?api=1&query=aQualis%20Laundry%20%26%20Green%20Dry%20Clean%20-%20Sunda&query_place_id=ChIJNeFuYDLmaC4RvW9GXOXyQ_Q","Binatu"
"Sorcha Laundry Cibadak (Laundry Antar Jemput Bandung)","5","722","Gg. Ibu Aisah No.9a","Kota Bandung","Jawa Barat","ID","http://sorchalaundry.com/","+62 811-1111-2731","Binatu",,,,,,,,"https://www.google.com/maps/search/?api=1&query=Sorcha%20Laundry%20Cibadak%20(Laundry%20Antar%20Jemput%20Bandung)&query_place_id=ChIJ_XkOzCDnaC4REI4WilwNTrI","Binatu"
"JNE Tubagus Ismail","4.4","394","Jl. Tubagus Ismail No.72","Kota Bandung","Jawa Barat","ID",,"+62 22 2500487","Jasa Kurir",,,,,,,,"https://www.google.com/maps/search/?api=1&query=JNE%20Tubagus%20Ismail&query_place_id=ChIJ2X8N-1PmaC4RVGvDZJpIpvg","Jasa Kurir"
"Rosye Beauty Bar","4.8","383","Jl. Palasari No.45","Kota Bandung","Jawa Barat","ID",,"+62 858-0111-1956","Salon Kecantikan",,,,,,,,"https://www.google.com/maps/search/?api=1&query=Rosye%20Beauty%20Bar&query_place_id=ChIJwf-mbGPpaC4Rh4C6SKOUuOQ","Salon Kecantikan"
"Sorcha Laundry Kosambi (Laundry Antar Jemput Bandung)","4.9","783","Jl. Samoja No.8","Kota Bandung","Jawa Barat","ID","https://www.sorchakosambi.com/","+62 811-1111-2731","Binatu",,,,,,,,"https://www.google.com/maps/search/?api=1&query=Sorcha%20Laundry%20Kosambi%20(Laundry%20Antar%20Jemput%20Bandung)&query_place_id=ChIJ5aFT3SnnaC4R0TlKawzcNQ4","Binatu"
"Laundry Bandung utara (Bagus Laundry) Gratis Antar- Jemput","5","3","Jl. Gn. Kencana 2 No.229","Kota Bandung","Jawa Barat","ID",,"+62 815-1367-5193","Binatu",,,,,,,,"https://www.google.com/maps/search/?api=1&query=Laundry%20Bandung%20utara%20(Bagus%20Laundry)%20Gratis%20Antar-%20Jemput&query_place_id=ChIJddN1eFnnaC4RHddlNAv8yBA","Binatu"
"Laundry Club Tubagus Ismail","5","313","Jl. Tubagus Ismail No.2","Kota Bandung","Jawa Barat","ID",,"+62 851-7967-5284","Binatu",,,,,,,,"https://www.google.com/maps/search/?api=1&query=Laundry%20Club%20Tubagus%20Ismail&query_place_id=ChIJnz0EEQDnaC4RnHN8FAHBWnE","Binatu"
"Chingu Laundry Express Kosambi","5","24","Jl. Baranang Siang No.61","Kota Bandung","Jawa Barat","ID","https://chingu-laundry.com/outlet-post/chingu-laundry-kosambi/","+62 811-2008-1012","Layanan Binatu",,,,,,,,"https://www.google.com/maps/search/?api=1&query=Chingu%20Laundry%20Express%20Kosambi&query_place_id=ChIJNWDvnbrnaC4Rqxr_bkJXqB4","Layanan Binatu"
"Cloud Laundry Dipatiukur - Laundry Terdekat Antar Jemput - Buka Lebaran Idul Fitri","4.7","127","Jl. Dipati Ukur No.68B","Kota Bandung","Jawa Barat","ID","https://cloudlaundry.id/laundry-terdekat-dipatiukur","+62 851-7327-4826","Layanan Binatu",,,,,,,,"https://www.google.com/maps/search/?api=1&query=Cloud%20Laundry%20Dipatiukur%20-%20Laundry%20Terdekat%20Antar%20Jemput%20-%20Buka%20Lebaran%20Idul%20Fitri&query_place_id=ChIJ8YtzQwDnaC4RMpzYiCN8xlA","Layanan Binatu"
"Ruang Pangkas","4.9","555","Jl. Surapati No.9","Kota Bandung","Jawa Barat","ID","https://www.instagram.com/di_ruangpangkas/","+62 813-2023-4545","Tempat Cukur Rambut",,,,,,,,"https://www.google.com/maps/search/?api=1&query=Ruang%20Pangkas&query_place_id=ChIJkdDuqljnaC4RxIMq9olvgKY","Tempat Cukur Rambut"
"Ini Laundry Express","5","43","Gg. Sukajadi 3","Kota Bandung","Jawa Barat","ID",,"+62 821-3064-0266","Binatu",,,,,,,,"https://www.google.com/maps/search/?api=1&query=Ini%20Laundry%20Express&query_place_id=ChIJE4kTU5znaC4RodAz3vAS-DU","Binatu"
"TM Projek Sablon & Konveksi","4.5","6","Jl. Sirnagalih Jl. Jatihandap No.24, RT.001/RW.016","Kota Bandung","Jawa Barat","ID",,"+62 878-2269-7033","Toko Pakaian","Toko Sablon","Industri Percetakan",,,,,,"https://www.google.com/maps/search/?api=1&query=TM%20Projek%20Sablon%20%26%20Konveksi&query_place_id=ChIJ_dER3I_naC4RR5Bos2fqvbs","Toko Pakaian"
"Varsha Salon","4.9","203","Jl. Pasir Kaliki No.72","Kota Bandung","Jawa Barat","ID",,"+62 22 20511427","Salon Rambut",,,,,,,,"https://www.google.com/maps/search/?api=1&query=Varsha%20Salon&query_place_id=ChIJh86p9aDnaC4RN-QDMtNMBBY","Salon Rambut"
"Anata Salon Banteng 32 (Women Only)","4.3","352","Jl. Banteng No.32 Lt 1 & 2","Kota Bandung","Jawa Barat","ID","https://www.salonanata.com/","+62 22 87354174","Salon Rambut",,,,,,,,"https://www.google.com/maps/search/?api=1&query=Anata%20Salon%20Banteng%2032%20(Women%20Only)&query_place_id=ChIJW7P94QvpaC4RyT57ec0xC18","Salon Rambut"
"GES Cargo Freight Forwarding","5","1","Jl. Surapati No.55","Kota Bandung","Jawa Barat","ID",,"+62 22 20465563","Jasa Pengiriman Kargo",,,,,,,,"https://www.google.com/maps/search/?api=1&query=GES%20Cargo%20Freight%20Forwarding&query_place_id=ChIJO0wXy__naC4Ry0_OCgquduU","Jasa Pengiriman Kargo"
"LaundryKlin Setiabudi • Laundry Antar Jemput Bandung","4.9","591","Jl. Dr. Setiabudi No.280","Kota Bandung","Jawa Barat","ID","https://greesa-laundry.com/laundryklin-setiabudi/","+62 811-8013-7790","Layanan Binatu",,,,,,,,"https://www.google.com/maps/search/?api=1&query=LaundryKlin%20Setiabudi%20%E2%80%A2%20Laundry%20Antar%20Jemput%20Bandung&query_place_id=ChIJLSQQSmznaC4RuAykVjqjYt8","Layanan Binatu"
"First Logistics","2.2","45","Jl. Sukahaji No.93","Kota Bandung","Jawa Barat","ID","http://www.firstlogistics.co.id/","","Jasa Pengiriman Kargo",,,,,,,,"https://www.google.com/maps/search/?api=1&query=First%20Logistics&query_place_id=ChIJK3bLGZrmaC4R06hCeJwpvvg","Jasa Pengiriman Kargo"
"Laundry 24 Jam Bandung (Cham Coin Laundry)","4.5","72","Jl. Jamika No.156","Kota Bandung","Jawa Barat","ID",,"+62 851-8192-5726","Binatu Cucian Kering","Jasa Pembersih Karpet","Layanan Binatu",,,,,,"https://www.google.com/maps/search/?api=1&query=Laundry%2024%20Jam%20Bandung%20(Cham%20Coin%20Laundry)&query_place_id=ChIJD9iEs7nnaC4RksJ29eMMYv8","Binatu Cucian Kering"
"Laundry Hari Ini - Balaikota","5","332",,"Kota Bandung","Jawa Barat","ID",,"+62 811-1116-9689","Layanan Binatu",,,,,,,,"https://www.google.com/maps/search/?api=1&query=Laundry%20Hari%20Ini%20-%20Balaikota&query_place_id=ChIJM4J9kvjnaC4R5LQvvl5nRRg","Layanan Binatu"
"Briwash Laundry Express - Riung Bandung","5","566","Jl. Riung Hegar Raya No.10","Kota Bandung","Jawa Barat","ID","https://briwash.id/riung-bandung/","+62 811-2008-1011","Layanan Binatu",,,,,,,,"https://www.google.com/maps/search/?api=1&query=Briwash%20Laundry%20Express%20-%20Riung%20Bandung&query_place_id=ChIJ_1OjHkPDaC4R9Dxye-Ohnnw","Layanan Binatu"
"Quins Laundry","4.8","91","Jl. Sadang Saip No.21","Kota Bandung","Jawa Barat","ID",,"+62 812-2201-0021","Layanan Binatu",,,,,,,,"https://www.google.com/maps/search/?api=1&query=Quins%20Laundry&query_place_id=ChIJH9dI1WfnaC4R7G9NMiEuzB4","Layanan Binatu"
"Sorcha Laundry Pajajaran (Laundry Antar Jemput Bandung)","4.9","990","Jl. Bima No.11","Kota Bandung","Jawa Barat","ID","http://sorchalaundry.com/","+62 811-1111-2731","Binatu","Layanan Binatu",,,,,,,"https://www.google.com/maps/search/?api=1&query=Sorcha%20Laundry%20Pajajaran%20(Laundry%20Antar%20Jemput%20Bandung)&query_place_id=ChIJrQA_9vvnaC4RvLQVfucpCvQ","Binatu"
"Fast Coin Laundry Express 24Jam (Cuci Cepat & Hemat Self Service)","5","128","Jl. Situ Gunting Timur No.145","Kota Bandung","Jawa Barat","ID",,"+62 851-2125-0250","Layanan Binatu",,,,,,,,"https://www.google.com/maps/search/?api=1&query=Fast%20Coin%20Laundry%20Express%2024Jam%20(Cuci%20Cepat%20%26%20Hemat%20Self%20Service)&query_place_id=ChIJ8TSsJtLpaC4R9q7lMi8nhSo","Layanan Binatu"
"Maddie's Salon","4.5","166","Jl. Cemara No.68","Kota Bandung","Jawa Barat","ID",,"+62 22 2043690","Salon Kecantikan",,,,,,,,"https://www.google.com/maps/search/?api=1&query=Maddie's%20Salon&query_place_id=ChIJhatkSIvmaC4RzG1mK3cMEeM","Salon Kecantikan"
"Klin.Hause Laundry Self Service","5","40","Jl. Cikutra Barat No.115","Kota Bandung","Jawa Barat","ID",,"+62 812-2004-2110","Binatu Cucian Kering",,,,,,,,"https://www.google.com/maps/search/?api=1&query=Klin.Hause%20Laundry%20Self%20Service&query_place_id=ChIJn1SDJCbnaC4RMf1zkt0K4WE","Binatu Cucian Kering"
"Erajaya Grafindo Bandung","4.3","56","Perumahan Bumi Mas Kencana, Jl. Bumi Mas Kencana No.15","Kota Bandung","Jawa Barat","ID","https://wa.me/c/628192227555","+62 819-2227-555","Percetakan Komersial","Penerbit",,,,,,,"https://www.google.com/maps/search/?api=1&query=Erajaya%20Grafindo%20Bandung&query_place_id=ChIJ7wrpPBnnaC4RBhWMVQWnDeY","Percetakan Komersial"
"Kasep Barbershop","4.6","105","Jl. Gatot Subroto No.386","Kota Bandung","Jawa Barat","ID",,"","Tempat Cukur Rambut",,,,,,,,"https://www.google.com/maps/search/?api=1&query=Kasep%20Barbershop&query_place_id=ChIJN0S-yAzoaC4Rrk2N4Ye24Po","Tempat Cukur Rambut"
"Marsha Salon","4.3","83","Jl. Cikutra Barat No.91","Kota Bandung","Jawa Barat","ID",,"+62 822-1483-0878","Salon Kecantikan",,,,,,,,"https://www.google.com/maps/search/?api=1&query=Marsha%20Salon&query_place_id=ChIJJUjpz67naC4Rx5Ch0omm8ac","Salon Kecantikan"
"Laundry77 (Laundry Antar Jemput)","4.8","92","Jl. Gagak No.53","Kota Bandung","Jawa Barat","ID","https://lynk.id/laundry77","+62 851-7323-7322","Layanan Binatu","Binatu Cucian Kering",,,,,,,"https://www.google.com/maps/search/?api=1&query=Laundry77%20(Laundry%20Antar%20Jemput)&query_place_id=ChIJV9XZsiLnaC4RCXPcGjuK5yQ","Layanan Binatu"
"Anata Salon Setrasari","4.4","463","Jl. Setrasari Kulon No.2","Kota Bandung","Jawa Barat","ID","https://www.salonanata.com/","+62 811-2135-545","Salon Rambut",,,,,,,,"https://www.google.com/maps/search/?api=1&query=Anata%20Salon%20Setrasari&query_place_id=ChIJU0kbk2DnaC4RVxAG0_P9hiU","Salon Rambut"
"Vivi Salon","4.5","81","Jl. Terusan Cikutra Baru No.33","Kota Bandung","Jawa Barat","ID","http://viviweddingmakeup.blogspot.com/","+62 811-216-692","Salon Kecantikan","Perias","Penata Rambut",,,,,,"https://www.google.com/maps/search/?api=1&query=Vivi%20Salon&query_place_id=ChIJM-6WRDXmaC4RtniPwFsWZ2s","Salon Kecantikan"
"Chingu Laundry Express Lengkong","4.9","129","Jl. Sadakeling No.59A","Kota Bandung","Jawa Barat","ID","https://chingu-laundry.com/outlet-post/chingu-laundry-lengkong/","+62 811-2008-1012","Layanan Binatu",,,,,,,,"https://www.google.com/maps/search/?api=1&query=Chingu%20Laundry%20Express%20Lengkong&query_place_id=ChIJFwiqJ17paC4RXfcxEHed8QI","Layanan Binatu"
"Chingu Laundry Cigadung","4.8","306","Jl. Cigadung Raya Tengah No.90","Kota Bandung","Jawa Barat","ID","http://chingu-laundry.com/","+62 811-2008-1012","Binatu",,,,,,,,"https://www.google.com/maps/search/?api=1&query=Chingu%20Laundry%20Cigadung&query_place_id=ChIJC-C15jXnaC4R6V6_1FxLb8U","Binatu"
"Artha Salon Bandung","5","5","Jl. Cikutra Barat No.54","Kota Bandung","Jawa Barat","ID",,"+62 813-1359-9162","Salon Kecantikan",,,,,,,,"https://www.google.com/maps/search/?api=1&query=Artha%20Salon%20Bandung&query_place_id=ChIJ9RJvcB7naC4RuOPr3dlpVL4","Salon Kecantikan"
"Hana Salon","4.6","79","Jl. Sukawangi No.5","Kota Bandung","Jawa Barat","ID",,"+62 22 82004818","Salon Kecantikan",,,,,,,,"https://www.google.com/maps/search/?api=1&query=Hana%20Salon&query_place_id=ChIJtQCc9CvmaC4RD0tHXJ0-XnQ","Salon Kecantikan"
"San's Salon","4.7","62","Jalan Sukajadi Ruko 18 i, Sukajadi","Kota Bandung","Jawa Barat","ID","https://www.instagram.com/sans_salon.official?igsh=MW82Mm45bTZsYWo2ag%3D%3D&utm_source=qr","+62 819-1009-1999","Salon Kecantikan","Salon alis","Salon Rambut",,,,,,"https://www.google.com/maps/search/?api=1&query=San's%20Salon&query_place_id=ChIJ2aKOaIvmaC4R6NWhunv7UTs","Salon Kecantikan"
"LAUNDRY KILOAN EXPRESS - YOU CAN LAUNDRY","4.8","131","Jl. Babakan Ciamis No.34","Kota Bandung","Jawa Barat","ID","http://youcanlaundry.com/","+62 882-0001-98598","Binatu",,,,,,,,"https://www.google.com/maps/search/?api=1&query=LAUNDRY%20KILOAN%20EXPRESS%20-%20YOU%20CAN%20LAUNDRY&query_place_id=ChIJCyHHlznmaC4Rd2qb-wO3y44","Binatu"
"Briwash Laundry Express - Asia Afrika","4.9","505","Jl. Sunda No.5d","Kota Bandung","Jawa Barat","ID","https://briwash.id/asia-afrika/","+62 811-2008-1011","Binatu",,,,,,,,"https://www.google.com/maps/search/?api=1&query=Briwash%20Laundry%20Express%20-%20Asia%20Afrika&query_place_id=ChIJ0_7fTwDnaC4R8R3xMbme72w","Binatu"
"Percetakan Brosur Murah | Aep SAR","4.4","7","Jl. Gending Jati III No.E21","Kota Bandung","Jawa Barat","ID","http://percetakanbrosurmurah.com/","+62 813-2077-2988","Percetakan Komersial","Toko Percetakan",,,,,,,"https://www.google.com/maps/search/?api=1&query=Percetakan%20Brosur%20Murah%20%7C%20Aep%20SAR&query_place_id=ChIJlS1ImCHdaC4R9h8w-esYGAY","Percetakan Komersial"
"Dokter Clean Laundry | Laundry Antar Jemput | Laundry Express Bandung","4.7","58","Jl. Turangga No.19","Kota Bandung","Jawa Barat","ID","https://www.instagram.com/doktercleanbandung/","+62 813-1343-4367","Layanan Binatu",,,,,,,,"https://www.google.com/maps/search/?api=1&query=Dokter%20Clean%20Laundry%20%7C%20Laundry%20Antar%20Jemput%20%7C%20Laundry%20Express%20Bandung&query_place_id=ChIJwae-CfznaC4RElb-3BCsECg","Layanan Binatu"
"Humaira Salon","4.6","99","Jl. Terusan Sutami No.1a","Kota Bandung","Jawa Barat","ID",,"+62 852-9413-5818","Salon Kecantikan",,,,,,,,"https://www.google.com/maps/search/?api=1&query=Humaira%20Salon&query_place_id=ChIJk1hb5tnnaC4RE0fnIiL4yPE","Salon Kecantikan"
"Fresh Laundry - buahbatu (gratis antar jemput)","4.6","61","Jl. Wartawan IV No.17","Kota Bandung","Jawa Barat","ID",,"+62 858-6287-5467","Binatu",,,,,,,,"https://www.google.com/maps/search/?api=1&query=Fresh%20Laundry%20-%20buahbatu%20(gratis%20antar%20jemput)&query_place_id=ChIJKcVWjWPpaC4R2VvKFeRD3Jg","Binatu"
"Lavanya Salon Cikutra","4.5","110","Jl. Cikutra No.227 RT01, RW.02","Kota Bandung","Jawa Barat","ID",,"+62 821-3013-2023","Salon Kecantikan",,,,,,,,"https://www.google.com/maps/search/?api=1&query=Lavanya%20Salon%20Cikutra&query_place_id=ChIJf6LDK5LCoW4Rry5TuyxbYYk","Salon Kecantikan"
"Yockie Salon","4.7","112","Jl. Terusan Cigadung No.128 A","Kota Bandung","Jawa Barat","ID",,"+62 22 2513454","Salon Kecantikan",,,,,,,,"https://www.google.com/maps/search/?api=1&query=Yockie%20Salon&query_place_id=ChIJy5vqFADnaC4Rt5OKqSKtvMk","Salon Kecantikan"
"Lazeta Salon","4.5","225","Jalan Margacinta No. 91, Margasari, Buahbatu, Jl. Hj. Ratnamah No.3","Kota Bandung","Jawa Barat","ID",,"+62 22 7502545","Salon Kecantikan",,,,,,,,"https://www.google.com/maps/search/?api=1&query=Lazeta%20Salon&query_place_id=ChIJdyBgVTjoaC4RFiqMGO1qI0E","Salon Kecantikan"
"aQualis Laundry & Green Dry Clean - Gegerkalong","5","75","Jl. Gegerkalong Hilir No.77","Kota Bandung","Jawa Barat","ID",,"+62 813-2140-5542","Binatu",,,,,,,,"https://www.google.com/maps/search/?api=1&query=aQualis%20Laundry%20%26%20Green%20Dry%20Clean%20-%20Gegerkalong&query_place_id=ChIJR26El5fmaC4RPtp39aJB0oo","Binatu"
"Sunan Salon","4.5","145","Jl. Cisitu Lama No.10","Kota Bandung","Jawa Barat","ID",,"+62 22 2503615","Salon Kecantikan",,,,,,,,"https://www.google.com/maps/search/?api=1&query=Sunan%20Salon&query_place_id=ChIJP8fsj_nmaC4RJsDsSNdIFXg","Salon Kecantikan"
"Cucika Coin Laundry (Express)","4.8","22","Jl. Cemara No.25","Kota Bandung","Jawa Barat","ID","http://instagram.com/cucikacoinlaundry","+62 831-3810-8559","Binatu",,,,,,,,"https://www.google.com/maps/search/?api=1&query=Cucika%20Coin%20Laundry%20(Express)&query_place_id=ChIJL16W4g_naC4RF92E-TU3GeA","Binatu"
"Laundry Bersih Bandung","4.4","95","Jl. Pendawa No.25a, RW.68","Kota Bandung","Jawa Barat","ID",,"+62 812-2383-6690","Layanan Binatu","Binatu Cucian Kering",,,,,,,"https://www.google.com/maps/search/?api=1&query=Laundry%20Bersih%20Bandung&query_place_id=ChIJaQX6wxTmaC4RVuBMBt0DQi0","Layanan Binatu"
"Soji Laundry Service","4.9","72","Jl. Eceng No.1","Kota Bandung","Jawa Barat","ID","https://sites.google.com/view/sojilaundry","+62 882-2202-2662","Binatu",,,,,,,,"https://www.google.com/maps/search/?api=1&query=Soji%20Laundry%20Service&query_place_id=ChIJ2ygGHgfpaC4RDZ08iKDfzlc","Binatu"
"Anita Salon Sadakeling Bandung","4.7","75","Jl. H. Nawawi No.14A","Kota Bandung","Jawa Barat","ID",,"+62 877-5050-7007","Salon Kecantikan",,,,,,,,"https://www.google.com/maps/search/?api=1&query=Anita%20Salon%20Sadakeling%20Bandung&query_place_id=ChIJgx4p24HoaC4RKfvOq5Myzhw","Salon Kecantikan"
"Anata Salon Margacinta","4.7","321","Jl. Tembaga No.2","Kota Bandung","Jawa Barat","ID","https://www.salonanata.com/","+62 22 87533965","Salon Rambut",,,,,,,,"https://www.google.com/maps/search/?api=1&query=Anata%20Salon%20Margacinta&query_place_id=ChIJyWlHGDzpaC4R_NtowPIht10","Salon Rambut"
"Salon 808 Hair & Beauty Bandung","4.9","288","Jl. Batununggal Indah Raya No.194","Kota Bandung","Jawa Barat","ID",,"+62 821-3013-4822","Salon Kecantikan",,,,,,,,"https://www.google.com/maps/search/?api=1&query=Salon%20808%20Hair%20%26%20Beauty%20Bandung&query_place_id=ChIJwxKR2WFQQywRGzJ9sMukC98","Salon Kecantikan"
"Laundromat Indonesia I LAUNDRY SELF SERVICE 1 JAM BERES","4.9","79","Jl. Tata Surya No.9A","Kota Bandung","Jawa Barat","ID",,"+62 812-8888-8020","Binatu",,,,,,,,"https://www.google.com/maps/search/?api=1&query=Laundromat%20Indonesia%20I%20LAUNDRY%20SELF%20SERVICE%201%20JAM%20BERES&query_place_id=ChIJ_Ut0aYbpaC4R9-xh3IDG2uk","Binatu"
"Sablon",,,"Gg haji durahim rt 05/03 cicabe jatihandap","Kota Bandung","Jawa Barat","ID",,"+62 877-2129-1933","Toko Sablon",,,,,,,,"https://www.google.com/maps/search/?api=1&query=Sablon&query_place_id=ChIJXSGDWMznaC4R1gseuD5ArWw","Toko Sablon"
"Black Salon","4.5","164","Jl. H. Hasan No.19, Lebakgede, Kecamatan Coblong, Kota Bandung, Jawa Barat 40133","Kota Bandung","Jawa Barat","ID",,"+62 813-2002-1548","Salon Kecantikan","Salon Rambut",,,,,,,"https://www.google.com/maps/search/?api=1&query=Black%20Salon&query_place_id=ChIJVR7J6k3maC4REpx4AV3XOic","Salon Kecantikan"
"Moz5 Salon Muslimah Tubagus","4.5","499","Jl. Tubagus Ismail No.86","Kota Bandung","Jawa Barat","ID","http://www.moz5salonmuslimah.com/","+62 811-1118-8330","Salon Kecantikan",,,,,,,,"https://www.google.com/maps/search/?api=1&query=Moz5%20Salon%20Muslimah%20Tubagus&query_place_id=ChIJh73XKPnmaC4R9bbyvbYamAA","Salon Kecantikan"
"CB Laundry and Shoes Care (PUSAT) Terima laundry Express 4 jam, partai besar dan antar jemput","4.5","172","Jl. Cikutra Barat No.115-117","Kota Bandung","Jawa Barat","ID","https://linktr.ee/cblaundry21","+62 822-1622-2100","Layanan Binatu",,,,,,,,"https://www.google.com/maps/search/?api=1&query=CB%20Laundry%20and%20Shoes%20Care%20(PUSAT)%20Terima%20laundry%20Express%204%20jam%2C%20partai%20besar%20dan%20antar%20jemput&query_place_id=ChIJo80tc_7naC4RMBb1pmfhDGs","Layanan Binatu"
"Laundryklin Sudirman ( Laundry Antar Jemput Bandung)","4.7","170","Jl. Sudirman No.486","Kota Bandung","Jawa Barat","ID",,"+62 851-7335-8871","Layanan Binatu",,,,,,,,"https://www.google.com/maps/search/?api=1&query=Laundryklin%20Sudirman%20(%20Laundry%20Antar%20Jemput%20Bandung)&query_place_id=ChIJeyjbcZDnaC4RwCpbF3sZSoM","Layanan Binatu"
"Molaundry (Laundry Service)","4.9","54","Jl. Gegerkalong Girang No.70","Kota Bandung","Jawa Barat","ID",,"+62 896-8663-1333","Layanan Binatu",,,,,,,,"https://www.google.com/maps/search/?api=1&query=Molaundry%20(Laundry%20Service)&query_place_id=ChIJ0YLBHADnaC4R_GK6sHhj7Ng","Layanan Binatu"
"Hen's Salon","4.8","148","Komplek PLN 1 No.14, Jl. PLN Ciateul","Kota Bandung","Jawa Barat","ID",,"+62 22 88884834","Penata Rambut",,,,,,,,"https://www.google.com/maps/search/?api=1&query=Hen's%20Salon&query_place_id=ChIJxzXOuoToaC4RPY_M577JlhE","Penata Rambut"
"BE Laundry Coin","5","147","Jl. Sukahaji No.86","Kota Bandung","Jawa Barat","ID",,"+62 898-1012-581","Binatu","Layanan Binatu",,,,,,,"https://www.google.com/maps/search/?api=1&query=BE%20Laundry%20Coin&query_place_id=ChIJr-45cQDnaC4RUChEofUSaLY","Binatu"
"Laundry Hari Ini - Gagak","4.9","125","Jl. Gagak No.168","Kota Bandung","Jawa Barat","ID","https://laundry-hariini.com/","+62 811-1116-9689","Binatu",,,,,,,,"https://www.google.com/maps/search/?api=1&query=Laundry%20Hari%20Ini%20-%20Gagak&query_place_id=ChIJHTE3HFznaC4RmLiaOVn83N8","Binatu"
"LaundryKlin Point PVJ","4.9","238","Paris Van Java, Jl. Sukajadi","Kota Bandung","Jawa Barat","ID",,"+62 877-0429-0001","Layanan Binatu",,,,,,,,"https://www.google.com/maps/search/?api=1&query=LaundryKlin%20Point%20PVJ&query_place_id=ChIJSwD3x8XnaC4Rqv0mrqGb5lc","Layanan Binatu"
"Sorcha Laundry Arcamanik (Laundry Antar Jemput Bandung)","4.9","756","Ruko Radenia, Jl. Cisaranten Kulon No.3, RT.04/RW.05","Kota Bandung","Jawa Barat","ID","http://sorchalaundry.com/","+62 811-1111-2731","Binatu",,,,,,,,"https://www.google.com/maps/search/?api=1&query=Sorcha%20Laundry%20Arcamanik%20(Laundry%20Antar%20Jemput%20Bandung)&query_place_id=ChIJJbblApfdaC4RUjkExvMbshs","Binatu"
"Indo Express Laundry (Apartemen Grand Setiabudi)","4.8","37","Hotel &, Jl. Dr. Setiabudi No.130-134","Kota Bandung","Jawa Barat","ID","http://indolaundry.id/","+62 819-4546-6155","Layanan Binatu",,,,,,,,"https://www.google.com/maps/search/?api=1&query=Indo%20Express%20Laundry%20(Apartemen%20Grand%20Setiabudi)&query_place_id=ChIJXbWIKkrnaC4RE4SfA622H94","Layanan Binatu"
"SUPER LONDRI","4","35","Jl. Sukagalih No.12","Kota Bandung","Jawa Barat","ID",,"","Layanan Binatu",,,,,,,,"https://www.google.com/maps/search/?api=1&query=SUPER%20LONDRI&query_place_id=ChIJpSdnklDnaC4RVvyK1c6bf3k","Layanan Binatu"
"Rdy salon kecantikan 245","4.8","50","Rdy salon kecantikan 245, Depan rumah bikin bajoe(produksi baju, Jl. Sukagalih GG.h.gozali No.245, RT.07/RW.07","Kota Bandung","Jawa Barat","ID","http://salonkecantikan.com/","","Salon Kecantikan","Salon Rambut",,,,,,,"https://www.google.com/maps/search/?api=1&query=Rdy%20salon%20kecantikan%20245&query_place_id=ChIJ_5bJJjrnaC4RvYrskpCkJhE","Salon Kecantikan"
"Peekaboo Hair & Beauty | Salon Bandung (Hijab Room)","5","618","Jl. Gatot Subroto No.78","Kota Bandung","Jawa Barat","ID",,"+62 877-7878-7801","Salon Rambut",,,,,,,,"https://www.google.com/maps/search/?api=1&query=Peekaboo%20Hair%20%26%20Beauty%20%7C%20Salon%20Bandung%20(Hijab%20Room)&query_place_id=ChIJC3qlSpTnaC4Rkh2r0Cfa8Ic","Salon Rambut"
"Laundry Club Antapani Kidul (Laundry Express Antar dan Jemput)","4.9","245","Jl. Indramayu Kecamatan No.49, RT.001/RW.006","Kota Bandung","Jawa Barat","ID","https://desty.page/laundryclubofficial","+62 851-3646-8249","Layanan Binatu",,,,,,,,"https://www.google.com/maps/search/?api=1&query=Laundry%20Club%20Antapani%20Kidul%20(Laundry%20Express%20Antar%20dan%20Jemput)&query_place_id=ChIJgxbSVojnaC4RZ-AP8yvA__s","Layanan Binatu"
"Chingu Laundry Express Ciumbuleuit","5","43","Jl. Ciumbuleuit No. 73 (Sebelah GCA 3","Kota Bandung","Jawa Barat","ID","https://chingu-laundry.com/outlet-post/chingu-laundry-ciumbuleuit/","","Layanan Binatu",,,,,,,,"https://www.google.com/maps/search/?api=1&query=Chingu%20Laundry%20Express%20Ciumbuleuit&query_place_id=ChIJqbjDfrrnaC4RVApw9X44844","Layanan Binatu"
"Chingu Laundry Express Dago","5","72","Jl. Ir. H. Juanda No.186","Kota Bandung","Jawa Barat","ID","https://chingu-laundry.com/outlet-post/chingu-laundry-dago/","+62 811-2008-1012","Layanan Binatu",,,,,,,,"https://www.google.com/maps/search/?api=1&query=Chingu%20Laundry%20Express%20Dago&query_place_id=ChIJ3_RfKBbnaC4RkLJYhHIvFBg","Layanan Binatu"
"Chingu Laundry Express Sukajadi","5","277","Jl. Sukajadi No.120B, RT.7/RW.11","Kota Bandung","Jawa Barat","ID","https://chingu-laundry.com/outlet-post/chingu-laundry-sukjadi/","+62 811-2008-1012","Binatu",,,,,,,,"https://www.google.com/maps/search/?api=1&query=Chingu%20Laundry%20Express%20Sukajadi&query_place_id=ChIJfR3ItkjnaC4RKgl4Z1PxrUc","Binatu"
"Laundry Kiloan Sinicuci","4.4","99","Jl. Garunggang Kulon No.62/65","Kota Bandung","Jawa Barat","ID",,"+62 857-9552-3868","Layanan Binatu",,,,,,,,"https://www.google.com/maps/search/?api=1&query=Laundry%20Kiloan%20Sinicuci&query_place_id=ChIJ-XJfsT_naC4RlQ4y9Xwd96M","Layanan Binatu"
"LaundryDay Sukajadi • Laundry Antar Jemput","4.9","567","Jl. Sukagalih No.45","Kota Bandung","Jawa Barat","ID","https://www.laundryday.id/","+62 811-2029-9977","Layanan Binatu","Binatu",,,,,,,"https://www.google.com/maps/search/?api=1&query=LaundryDay%20Sukajadi%20%E2%80%A2%20Laundry%20Antar%20Jemput&query_place_id=ChIJo22Yk6LnaC4Rw8p58_n2IuM","Layanan Binatu"
"Moza Laundry & Vacuum Bandung","3.7","1023","Jl. Purbasari Raya No.3","Kota Bandung","Jawa Barat","ID",,"+62 812-2411-1202","Binatu",,,,,,,,"https://www.google.com/maps/search/?api=1&query=Moza%20Laundry%20%26%20Vacuum%20Bandung&query_place_id=ChIJxXF0yU_daC4RUzoPOgl_65Q","Binatu"
"Salon_Gins_Bandung","4.4","36","Jl. Sukarajin I Jl. Suka Indah No.11","Kota Bandung","Jawa Barat","ID",,"+62 821-1781-7158","Salon Kecantikan",,,,,,,,"https://www.google.com/maps/search/?api=1&query=Salon_Gins_Bandung&query_place_id=ChIJ43pUc7znaC4RjKf-a7tsTBQ","Salon Kecantikan"
"Ghesty Salon","4.2","135","Jl. Tikukur No.35","Kota Bandung","Jawa Barat","ID",,"+62 22 92020255","Salon Kecantikan",,,,,,,,"https://www.google.com/maps/search/?api=1&query=Ghesty%20Salon&query_place_id=ChIJKSXLorLnaC4RZYsm0W6uD18","Salon Kecantikan"
"Maestro Sablon",,,"Jalan Padasuka Gg. Babakan cihapit 2 No.27, 006, RT./RW/RW.: 002","Kota Bandung","Jawa Barat","ID",,"+62 831-4269-3921","Toko Sablon",,,,,,,,"https://www.google.com/maps/search/?api=1&query=Maestro%20Sablon&query_place_id=ChIJU4iL9yXnaC4R5sC1YrkxFB0","Toko Sablon"
"Hetty Hair","4.4","66","Jl. Bagusrangin No.7","Kota Bandung","Jawa Barat","ID",,"+62 22 2501270","Salon Kecantikan",,,,,,,,"https://www.google.com/maps/search/?api=1&query=Hetty%20Hair&query_place_id=ChIJlRbiOlHmaC4RcANQSgH_V54","Salon Kecantikan"
"Doni Salon","4.6","98","Jl. Jurang No.89","Kota Bandung","Jawa Barat","ID",,"+62 22 2032377","Salon Kecantikan",,,,,,,,"https://www.google.com/maps/search/?api=1&query=Doni%20Salon&query_place_id=ChIJtbrOB_XmaC4RRQ-uIrboGlY","Salon Kecantikan"
"R Seven Salon","4.7","66","Jl. DR. Rum No.7","Kota Bandung","Jawa Barat","ID",,"+62 22 4264916","Salon Rambut",,,,,,,,"https://www.google.com/maps/search/?api=1&query=R%20Seven%20Salon&query_place_id=ChIJl9db2kHmaC4R5tscNHKd2pk","Salon Rambut"
"Nose Beauty Bandung","4.9","27","73b, Jl. Gegerkalong Tengah No.94","Kota Bandung","Jawa Barat","ID",,"","Salon Kecantikan",,,,,,,,"https://www.google.com/maps/search/?api=1&query=Nose%20Beauty%20Bandung&query_place_id=ChIJnfm4YLnnaC4RQkLIBuoKQwE","Salon Kecantikan"
"Laundry Hari Ini Kiaracondong","4.9","245","Jl. Babakan Sari No.152 A","Kota Bandung","Jawa Barat","ID",,"+62 858-7150-0070","Binatu",,,,,,,,"https://www.google.com/maps/search/?api=1&query=Laundry%20Hari%20Ini%20Kiaracondong&query_place_id=ChIJrxrPyQ7naC4RPb-4qniwEX8","Binatu"
"R'six laundry express (Antar Jemput Bandung Kota)","4.8","57","Jl. H. Basar No.66","Kota Bandung","Jawa Barat","ID",,"+62 838-6503-6500","Binatu Cucian Kering","Layanan Binatu",,,,,,,"https://www.google.com/maps/search/?api=1&query=R'six%20laundry%20express%20(Antar%20Jemput%20Bandung%20Kota)&query_place_id=ChIJgSxOGgDnaC4Rt51QOXB4azI","Binatu Cucian Kering"
"Laundry Express Bandung","4.9","654","Jl. Pasundan No.58","Kota Bandung","Jawa Barat","ID",,"+62 851-7248-8338","Layanan Binatu",,,,,,,,"https://www.google.com/maps/search/?api=1&query=Laundry%20Express%20Bandung&query_place_id=ChIJ9150zBbnaC4R41yDXuUES60","Layanan Binatu"
"Hanny Hair Studio Salon","4.8","147","Cihampelas Walk, Lt 1 Unit 29","Kota Bandung","Jawa Barat","ID",,"+62 815-8688-8688","Salon Kecantikan",,,,,,,,"https://www.google.com/maps/search/?api=1&query=Hanny%20Hair%20Studio%20Salon&query_place_id=ChIJ7x1vzwXnaC4Ry3UXhpgaDDk","Salon Kecantikan"
"Salon Bu Dede","5","43","Jl. Gegerkalong Girang No.2","Kota Bandung","Jawa Barat","ID","https://salondede.taplink.bio/","+62 821-1506-0894","Salon Kecantikan",,,,,,,,"https://www.google.com/maps/search/?api=1&query=Salon%20Bu%20Dede&query_place_id=ChIJWYj8b5bmaC4RKcm8dAijdhg","Salon Kecantikan"
"Mutiara Salon","4.9","31","hotel wiena) Pasteur, Jl. Sukamulya No.55","Kota Bandung","Jawa Barat","ID",,"+62 813-2111-5925","Salon Rambut","Salon Kecantikan",,,,,,,"https://www.google.com/maps/search/?api=1&query=Mutiara%20Salon&query_place_id=ChIJ8XiCLmHmaC4RnpOfZIG-FM0","Salon Rambut"
"Sacco Laundry Batununggal (Laundry Antar Jemput)","4.9","131","Jl. Batununggal Indah Raya No.172","Kota Bandung","Jawa Barat","ID","https://www.instagram.com/sacco.laundry/","+62 851-5691-8485","Binatu Cucian Kering",,,,,,,,"https://www.google.com/maps/search/?api=1&query=Sacco%20Laundry%20Batununggal%20(Laundry%20Antar%20Jemput)&query_place_id=ChIJC65biAzpaC4RKBb4jDAexqA","Binatu Cucian Kering"
"Fresh Clean Laundry Bandung","4.7","79","Jl. Cijawura Hilir No.14","Kota Bandung","Jawa Barat","ID","http://freshcleanlaundrybandung.blogspot.com/","+62 896-5662-3999","Binatu",,,,,,,,"https://www.google.com/maps/search/?api=1&query=Fresh%20Clean%20Laundry%20Bandung&query_place_id=ChIJmSGkAB7paC4RveW4jZrNiK8","Binatu"
"Briwash Laundry Express - Ciwastra","4.9","303","Jl. Margasari No.28","Kota Bandung","Jawa Barat","ID","https://briwash.id/ciwastra/","+62 811-2008-1011","Layanan Binatu",,,,,,,,"https://www.google.com/maps/search/?api=1&query=Briwash%20Laundry%20Express%20-%20Ciwastra&query_place_id=ChIJNZZ4Qh_paC4RtH1yH40qZa0","Layanan Binatu"
"jarijari hair&beauty","4.2","291","Jl. Jurang No.27","Kota Bandung","Jawa Barat","ID","https://linktr.ee/Jarijari_salonnspa","+62 895-0237-8928","Spa","Salon Kecantikan","Tukang Pijat Refleksi",,,,,,"https://www.google.com/maps/search/?api=1&query=jarijari%20hair%26beauty&query_place_id=ChIJa5lHfvXmaC4RyqnoberSv_4","Spa"
"Laundry Club Reog (Laundry Express Antar dan Jemput)","5","101","Jl. Reog No.11","Kota Bandung","Jawa Barat","ID","https://desty.page/laundryclubofficial","+62 851-6520-5061","Layanan Binatu",,,,,,,,"https://www.google.com/maps/search/?api=1&query=Laundry%20Club%20Reog%20(Laundry%20Express%20Antar%20dan%20Jemput)&query_place_id=ChIJY2KW8ofpaC4RFFPDReuRIBs","Layanan Binatu"
"MY's Salon","4.4","70","Jl. Sukajadi No.8, RT.02","Kota Bandung","Jawa Barat","ID","http://www.instagram.com/myssalonstudio","+62 852-2057-8222","Salon Kecantikan","Persewaan Kostum","Klub senam","Salon Rambut",,,,,"https://www.google.com/maps/search/?api=1&query=MY's%20Salon&query_place_id=ChIJX9XNlWfmaC4RBzvQvIAzfJw","Salon Kecantikan"
"UBR Laundry Bandung Timur 24 Jam","5","100","Jl. Sukamulya IV No.23, RT.04/RW.04","Kota Bandung","Jawa Barat","ID","https://www.instagram.com/ubr.laundry?igsh=YTk1bGRwcWMxdWpj","+62 858-1305-1305","Binatu",,,,,,,,"https://www.google.com/maps/search/?api=1&query=UBR%20Laundry%20Bandung%20Timur%2024%20Jam&query_place_id=ChIJtZX-cvndaC4RDl-2I-84GX8","Binatu"
"Premium & Hygienic Laundry (P H Laundry) l Kota Bandung","4.7","119","Jl. Mekar Utama No.1e","Kota Bandung","Jawa Barat","ID",,"+62 878-1110-7999","Layanan Binatu","Binatu Cucian Kering","Binatu",,,,,,"https://www.google.com/maps/search/?api=1&query=Premium%20%26%20Hygienic%20Laundry%20(P%20H%20Laundry)%20l%20Kota%20Bandung&query_place_id=ChIJ9cUKcTnpaC4Rg6jMvCHLzm4","Layanan Binatu"
"Sorcha Laundry Buah Batu (Laundry Antar Jemput Bandung)","4.9","1298","Jl. Jati Indah Raya No.24","Kota Bandung","Jawa Barat","ID","https://www.sorchalaundry-buahbatu.com/","+62 811-1111-2731","Binatu",,,,,,,,"https://www.google.com/maps/search/?api=1&query=Sorcha%20Laundry%20Buah%20Batu%20(Laundry%20Antar%20Jemput%20Bandung)&query_place_id=ChIJzRSfTw7paC4RT_nTooYbfUY","Binatu"
"Chingu Laundry Express Toha","4.9","413","Jl. Moch. Toha No.157","Kota Bandung","Jawa Barat","ID",,"","Binatu",,,,,,,,"https://www.google.com/maps/search/?api=1&query=Chingu%20Laundry%20Express%20Toha&query_place_id=ChIJ4S4pfgDpaC4RE28IbZ6-E-U","Binatu"
"Waroenk laundry Batu Indah | Laundry Express 2 jam beres | wash dry fold","4.8","129","Jl. Batu Indah Raya No.36","Kota Bandung","Jawa Barat","ID",,"+62 811-1319-500","Layanan Binatu",,,,,,,,"https://www.google.com/maps/search/?api=1&query=Waroenk%20laundry%20Batu%20Indah%20%7C%20Laundry%20Express%202%20jam%20beres%20%7C%20wash%20dry%20fold&query_place_id=ChIJa9YEjcXpaC4R79a2KvrQD2A","Layanan Binatu"
"Harina Laundry Jasa Cuci, Setrika, Vacum, Dry Clean, & Antar Jemput","4.7","109","Jl. AH. Nasution No.39","Kota Bandung","Jawa Barat","ID","https://harinalaundry.com/","+62 812-5891-2345","Kantor Perusahaan","Layanan Binatu",,,,,,,"https://www.google.com/maps/search/?api=1&query=Harina%20Laundry%20Jasa%20Cuci%2C%20Setrika%2C%20Vacum%2C%20Dry%20Clean%2C%20%26%20Antar%20Jemput&query_place_id=ChIJNw6EUSfdaC4R_-01nhwGJZk","Kantor Perusahaan"
"Superclean Laundry Bandung #1","5","4","Jl. Sukasari I No.11A","Kota Bandung","Jawa Barat","ID",,"","Binatu",,,,,,,,"https://www.google.com/maps/search/?api=1&query=Superclean%20Laundry%20Bandung%20%231&query_place_id=ChIJNz-2PlLnaC4RXwRwWI_-2fo","Binatu"
"VARA LAUNDRY","5","67","Jl. Ciganitri Mukti No.37","Kabupaten Bandung","Jawa Barat","ID",,"+62 821-3012-4288","Binatu Cucian Kering","Layanan Kebersihan",,,,,,,"https://www.google.com/maps/search/?api=1&query=VARA%20LAUNDRY&query_place_id=ChIJPYZTuHbpaC4RNA8ZwjhS1EM","Binatu Cucian Kering"
"The Fifth Professional Salon","5","194","Jl. Ciumbuleuit No.42D","Kota Bandung","Jawa Barat","ID",,"+62 851-8322-0669","Salon Rambut",,,,,,,,"https://www.google.com/maps/search/?api=1&query=The%20Fifth%20Professional%20Salon&query_place_id=ChIJpy-evxDnaC4RHUIag2Mdu7Q","Salon Rambut"
"Laundry She Bee Bee","4.5","31","Gg. Lurah Hormat No.29","Kota Bandung","Jawa Barat","ID",,"+62 856-2230-053","Binatu Cucian Kering",,,,,,,,"https://www.google.com/maps/search/?api=1&query=Laundry%20She%20Bee%20Bee&query_place_id=ChIJk2bZ9VrmaC4Ri64Yfs_EO4o","Binatu Cucian Kering"
"Princess Laundry 3","5","43","Jl. Banteng No.65","Kota Bandung","Jawa Barat","ID",,"+62 851-6888-8965","Binatu",,,,,,,,"https://www.google.com/maps/search/?api=1&query=Princess%20Laundry%203&query_place_id=ChIJ8-rhbOjpaC4RxmZF8dY6urA","Binatu"
"You Can Laundry Self Service Aceh","4.8","153","Jl. Aceh No.39","Kota Bandung","Jawa Barat","ID","https://wa.me/6288806398000","+62 888-0639-8000","Layanan Binatu",,,,,,,,"https://www.google.com/maps/search/?api=1&query=You%20Can%20Laundry%20Self%20Service%20Aceh&query_place_id=ChIJ3dGVoAjnaC4RfYs6-NDo-zw","Layanan Binatu"
"Cakrawala Express Laundry","4.8","64","Jl. Lombok No.4s","Kota Bandung","Jawa Barat","ID","https://www.instagram.com/cakrawalalaundry?igsh=NGVhN2U2NjQ0Yg==","+62 819-0408-6795","Binatu",,,,,,,,"https://www.google.com/maps/search/?api=1&query=Cakrawala%20Express%20Laundry&query_place_id=ChIJsaUTfDTmaC4RrmBWoPW0KFw","Binatu"
"ELLEQUINN BEAUTY BAR & HAIR STUDIO BANDUNG","4.8","176","Jl. Mekar Laksana","Kota Bandung","Jawa Barat","ID",,"+62 817-333-229","Salon Kecantikan",,,,,,,,"https://www.google.com/maps/search/?api=1&query=ELLEQUINN%20BEAUTY%20BAR%20%26%20HAIR%20STUDIO%20BANDUNG&query_place_id=ChIJJ7oMnODpaC4RFHiNVk8-wO4","Salon Kecantikan"
"Amala Express Laundry Bandung & Wet Cleaning","4.7","131","Jl. Merdeka No.25 - 27","Kota Bandung","Jawa Barat","ID",,"+62 819-0819-6626","Binatu",,,,,,,,"https://www.google.com/maps/search/?api=1&query=Amala%20Express%20Laundry%20Bandung%20%26%20Wet%20Cleaning&query_place_id=ChIJRYY0HJHnaC4RCVqCmIkQuoc","Binatu"
"Indo Express Laundry (DAGO)","4.8","49","Jl. Tubagus Ismail No.2B","Kota Bandung","Jawa Barat","ID","https://indolaundry.id/","+62 818-832-880","Binatu",,,,,,,,"https://www.google.com/maps/search/?api=1&query=Indo%20Express%20Laundry%20(DAGO)&query_place_id=ChIJfS5YahHnaC4RH20zObIvpGk","Binatu"
"Sorcha Laundry Batununggal (Laundry Antar Jemput Bandung)","4.9","866","Jl. Suka Ati Raya No.14","Kota Bandung","Jawa Barat","ID","http://sorchalaundry.com/","+62 811-1111-2731","Binatu",,,,,,,,"https://www.google.com/maps/search/?api=1&query=Sorcha%20Laundry%20Batununggal%20(Laundry%20Antar%20Jemput%20Bandung)&query_place_id=ChIJK__bE0PpaC4RJ96m47T4EDc","Binatu"
"Indo express laundry (parahyangan residence)","4.8","72","4JF3+37Q","Kota Bandung","Jawa Barat","ID","http://www.indolaundry.id/","+62 817-200-193","Layanan Binatu",,,,,,,,"https://www.google.com/maps/search/?api=1&query=Indo%20express%20laundry%20(parahyangan%20residence)&query_place_id=ChIJleQhA_LmaC4R9zC5vc374s8","Layanan Binatu"
"Regesh salon","4.5","26","Jl. Sabang No.95","Kota Bandung","Jawa Barat","ID",,"+62 22 4202838","Salon Kecantikan",,,,,,,,"https://www.google.com/maps/search/?api=1&query=Regesh%20salon&query_place_id=ChIJN2NmaXDnaC4RnxQZPDnHAm8","Salon Kecantikan"
"Rosye Beauty Bar","4.7","435","Jl. Bengawan No.83","Kota Bandung","Jawa Barat","ID",,"+62 858-0111-1956","Salon bulu mata","Salon Kecantikan",,,,,,,"https://www.google.com/maps/search/?api=1&query=Rosye%20Beauty%20Bar&query_place_id=ChIJzf510VPnaC4RzH9vX2ZQQ48","Salon bulu mata"
"Salon Tantri Kitty","4.3","30","Jl. Cikutra No.266","Kota Bandung","Jawa Barat","ID",,"+62 812-2032-3795","Salon Kecantikan",,,,,,,,"https://www.google.com/maps/search/?api=1&query=Salon%20Tantri%20Kitty&query_place_id=ChIJg-dZ3KLnaC4REZQ-FOx-N30","Salon Kecantikan"
"Poise & Polish - Nail & Beauty House","5","259","Jl. Gegerkalong Hilir No.33","Kota Bandung","Jawa Barat","ID",,"+62 818-638-003","Salon Kecantikan",,,,,,,,"https://www.google.com/maps/search/?api=1&query=Poise%20%26%20Polish%20-%20Nail%20%26%20Beauty%20House&query_place_id=ChIJ2b-KmeznaC4R4Yn1azNEh8g","Salon Kecantikan"
"AQI LAUNDRY","4.7","60","Jl. Gegerkalong Tengah No.59","Kota Bandung","Jawa Barat","ID",,"+62 813-8276-5737","Layanan Binatu",,,,,,,,"https://www.google.com/maps/search/?api=1&query=AQI%20LAUNDRY&query_place_id=ChIJBZV21SLnaC4RHwD2eoN8VoA","Layanan Binatu"
"Three Brothers Laundry","4.4","19","Jl. Bukit Jarian No.56","Kota Bandung","Jawa Barat","ID",,"+62 899-0912-797","Binatu Cucian Kering","Layanan Binatu",,,,,,,"https://www.google.com/maps/search/?api=1&query=Three%20Brothers%20Laundry&query_place_id=ChIJuS4LOe7maC4RTt6lgIg-SY4","Binatu Cucian Kering"
"We Wash Laundry Turangga Laundry Express Antar dan Jemput","5","52","Jl. Salendro Raya No.9","Kota Bandung","Jawa Barat","ID","https://desty.page/laundryclubofficial","+62 851-6813-9212","Layanan Binatu",,,,,,,,"https://www.google.com/maps/search/?api=1&query=We%20Wash%20Laundry%20Turangga%20Laundry%20Express%20Antar%20dan%20Jemput&query_place_id=ChIJuacwB3bpaC4Rf4KGpDIrXKM","Layanan Binatu"
"Laundry Club Setiabudi","5","261","Jl. Dr. Setiabudi No.282","Kota Bandung","Jawa Barat","ID","https://www.the-laundryclub.com/outlet/outlet-bandung-cimahi-jatinangor-karawang-tasikmalaya/laundry-club-setiabudi-laundry-antar-jemput-bandung","+62 851-3766-7954","Layanan Binatu",,,,,,,,"https://www.google.com/maps/search/?api=1&query=Laundry%20Club%20Setiabudi&query_place_id=ChIJd7A2HwDnaC4RxtbDwRhDj_A","Layanan Binatu"
"Tabita Salon","4.6","30","Jl. Muararajeun Lama 2 No.05, RT.05","Kota Bandung","Jawa Barat","ID","https://instagram.com/tabitasalonbandung?utm_medium=copy_link","+62 812-2030-6135","Salon Kecantikan",,,,,,,,"https://www.google.com/maps/search/?api=1&query=Tabita%20Salon&query_place_id=ChIJa6VP47DnaC4R_TNVwaICNEw","Salon Kecantikan"
"Bandung Wash Cikutra Barat","4.1","81","Jl. Cikutra Barat No.125-A","Kota Bandung","Jawa Barat","ID",,"","Binatu",,,,,,,,"https://www.google.com/maps/search/?api=1&query=Bandung%20Wash%20Cikutra%20Barat&query_place_id=ChIJbRroMCDnaC4RJSK54mnCs_4","Binatu"
"Strawberry Salon Mochamad Toha","4.7","178","Jl. Moch. Toha No.413","Kota Bandung","Jawa Barat","ID",,"+62 822-3346-1408","Salon Kecantikan",,,,,,,,"https://www.google.com/maps/search/?api=1&query=Strawberry%20Salon%20Mochamad%20Toha&query_place_id=ChIJUbKdzf7paC4Rbe2XJ1XUOl0","Salon Kecantikan"
"Irene salon Bandung","3.9","45","Jl. Surapati No.131","Kota Bandung","Jawa Barat","ID",,"+62 857-9775-3605","Salon Kecantikan",,,,,,,,"https://www.google.com/maps/search/?api=1&query=Irene%20salon%20Bandung&query_place_id=ChIJQ12Ez37naC4RrWHnHKzrlkY","Salon Kecantikan"
"Salon Yung","4.7","45","Jl. Cukang Kawung No.10","Kota Bandung","Jawa Barat","ID",,"+62 821-1563-7448","Salon Kecantikan",,,,,,,,"https://www.google.com/maps/search/?api=1&query=Salon%20Yung&query_place_id=ChIJhSau-KXnaC4RIGLE30z66yg","Salon Kecantikan"
"Happy wash laundry","4.6","59","Jl. Tubagus Ismail Jl. Terusan Tubagus Ismail Raya No.17","Kota Bandung","Jawa Barat","ID",,"+62 859-0956-3747","Layanan Binatu",,,,,,,,"https://www.google.com/maps/search/?api=1&query=Happy%20wash%20laundry&query_place_id=ChIJZ3-18qnnaC4RzUjobNXIkMg","Layanan Binatu"
"Salon Muslimah Amalia Noor","4.3","85","Jl. Gegerkalong Girang No.26","Kota Bandung","Jawa Barat","ID",,"","Salon Kecantikan",,,,,,,,"https://www.google.com/maps/search/?api=1&query=Salon%20Muslimah%20Amalia%20Noor&query_place_id=ChIJmwpeOLzmaC4RasDe69CD9xA","Salon Kecantikan"
"Ardy Salon","4.5","104","Hasan Mustapa, Jl. Khp Hasan Mustopa No.18","Kota Bandung","Jawa Barat","ID",,"+62 857-4635-7009","Salon Rambut","Salon Kecantikan",,,,,,,"https://www.google.com/maps/search/?api=1&query=Ardy%20Salon&query_place_id=ChIJjeK67LrnaC4RQ8yhs59UlPM","Salon Rambut"
"Laundry Antapani","5","393","Jl. Kuningan Raya No.37","Kota Bandung","Jawa Barat","ID",,"","Layanan Binatu",,,,,,,,"https://www.google.com/maps/search/?api=1&query=Laundry%20Antapani&query_place_id=ChIJgacEb-rnaC4REUlbWvYQnD4","Layanan Binatu"
"Rei Salon","4.7","87","Jl. Kesatriaan No.23","Kota Bandung","Jawa Barat","ID",,"+62 811-231-383","Salon Kecantikan",,,,,,,,"https://www.google.com/maps/search/?api=1&query=Rei%20Salon&query_place_id=ChIJUcX8wBXmaC4Rh0hk4sVVMu4","Salon Kecantikan"
"Kutekulash","4.6","149","Jl. Ranggamalela No.8","Kota Bandung","Jawa Barat","ID",,"+62 878-8877-1171","Salon Kuku","Salon bulu mata",,,,,,,"https://www.google.com/maps/search/?api=1&query=Kutekulash&query_place_id=ChIJ8zRoK0zmaC4R6JS20sjhmnE","Salon Kuku"
"Elisabeth Salon Supplier","4.5","489","Jl. Sudirman No.285","Kota Bandung","Jawa Barat","ID","http://www.instagram.com/elisabethsalonsupplier","+62 22 6076862","Toko Alat Kecantikan",,,,,,,,"https://www.google.com/maps/search/?api=1&query=Elisabeth%20Salon%20Supplier&query_place_id=ChIJ9dQjkSLmaC4ROv9euaN5ngs","Toko Alat Kecantikan"
"Briwash Laundry Express - Buah Batu","4.9","376","Jl. Karawitan No.119","Kota Bandung","Jawa Barat","ID","https://briwash.id/buah-batu/","+62 811-2008-1011","Layanan Binatu",,,,,,,,"https://www.google.com/maps/search/?api=1&query=Briwash%20Laundry%20Express%20-%20Buah%20Batu&query_place_id=ChIJo366thrpaC4RrrlzvohH1Ls","Layanan Binatu"
"Laundry Zone","4.8","113","Jl. Mekar Agung No.157B","Kota Bandung","Jawa Barat","ID",,"+62 896-8307-3111","Layanan Binatu",,,,,,,,"https://www.google.com/maps/search/?api=1&query=Laundry%20Zone&query_place_id=ChIJPYq1Fu7oaC4Rf5UeGCvxP34","Layanan Binatu"
"Chingu Laundry Cikutra","4.8","239","Jl. Cigadung Raya Timur No.72","Kota Bandung","Jawa Barat","ID","http://chingu-laundry.com/","+62 811-2008-1012","Layanan Binatu",,,,,,,,"https://www.google.com/maps/search/?api=1&query=Chingu%20Laundry%20Cikutra&query_place_id=ChIJeX2jDOLnaC4RZUaw_BbgwXY","Layanan Binatu"
"Laundry Si-Kinclong: Laundry Berbasis Kiloan di Metro Margahayu Bandung","4.7","66","Jl. Tata Surya No.58","Kota Bandung","Jawa Barat","ID",,"+62 812-2463-4257","Layanan Binatu",,,,,,,,"https://www.google.com/maps/search/?api=1&query=Laundry%20Si-Kinclong%3A%20Laundry%20Berbasis%20Kiloan%20di%20Metro%20Margahayu%20Bandung&query_place_id=ChIJO2538yrpaC4R-AbHzBkncNM","Layanan Binatu"
"Strawberry Salon Cikutra (Beauty Bar)","3.7","18","Jl. Cikutra","Kota Bandung","Jawa Barat","ID",,"+62 822-6190-2778","Salon Rambut",,,,,,,,"https://www.google.com/maps/search/?api=1&query=Strawberry%20Salon%20Cikutra%20(Beauty%20Bar)&query_place_id=ChIJoV9dsQ7naC4RvhYlRu-2aY8","Salon Rambut"
"One Salon By Wawan","4.7","74","Jl. Waspada No.18","Kota Bandung","Jawa Barat","ID",,"+62 818-0906-7654","Salon Kecantikan",,,,,,,,"https://www.google.com/maps/search/?api=1&query=One%20Salon%20By%20Wawan&query_place_id=ChIJRwAjd17maC4RYUEhQG1zjY4","Salon Kecantikan"
"Han's","3.8","32","Jl. Gegerkalong Girang No.43","Kota Bandung","Jawa Barat","ID","https://www.tiktok.com/@hanssalon.id","+62 22 2004445","Salon Kecantikan",,,,,,,,"https://www.google.com/maps/search/?api=1&query=Han's&query_place_id=ChIJDWQV87zmaC4R13oNl5nZnIE","Salon Kecantikan"
"Indo Express Laundry (Summarecon)","4.8","37","2MRQ+HHG","Kota Bandung","Jawa Barat","ID","http://indolaundry.id/","+62 817-217-862","Binatu",,,,,,,,"https://www.google.com/maps/search/?api=1&query=Indo%20Express%20Laundry%20(Summarecon)&query_place_id=ChIJ_Qy1-SnDaC4RTyRahuAJrCE","Binatu"
"Durrani Printing Indonesia",,,"Jl. Nuansa Valley Regency No.14 Blok C","Kota Bandung","Jawa Barat","ID",,"+62 817-9239-715","Percetakan Komersial",,,,,,,,"https://www.google.com/maps/search/?api=1&query=Durrani%20Printing%20Indonesia&query_place_id=ChIJR1WUESHdaC4RwnWgTme_ZfE","Percetakan Komersial"
"Strawberrysalonciumbuleuit","3.8","42","Jl. Ciumbuleuit No.43","Kota Bandung","Jawa Barat","ID",,"+62 821-2926-2293","Salon Kecantikan",,,,,,,,"https://www.google.com/maps/search/?api=1&query=Strawberrysalonciumbuleuit&query_place_id=ChIJc3CkUwDnaC4RR4Bll1LK4Rk","Salon Kecantikan"
"DR Laundry Express","4.2","250","Jl. Tubagus Ismail No.78","Kota Bandung","Jawa Barat","ID","https://drlaundryexpress.com/","+62 818-1883-1993","Binatu","Layanan Binatu",,,,,,,"https://www.google.com/maps/search/?api=1&query=DR%20Laundry%20Express&query_place_id=ChIJ72biCojnaC4RZLB0cVp3x-k","Binatu"
"Chingu Laundry Express Asia Afrika (Antar Jemput Bandung)","4.9","122","Jl. Pasundan No.27, RT.002/RW.004","Kota Bandung","Jawa Barat","ID","https://chingu-laundry.com/outlet-post/chingu-laundry-asia-afrika/","+62 811-2223-0223","Layanan Binatu",,,,,,,,"https://www.google.com/maps/search/?api=1&query=Chingu%20Laundry%20Express%20Asia%20Afrika%20(Antar%20Jemput%20Bandung)&query_place_id=ChIJt3brkHHnaC4RnEBCgOPzAtc","Layanan Binatu"
"Laundry Lengkong Besar","4.5","87","Seberang Hotel Mercure, Jl. Lengkong Besar No.49A","Kota Bandung","Jawa Barat","ID",,"+62 812-2333-773","Layanan Binatu",,,,,,,,"https://www.google.com/maps/search/?api=1&query=Laundry%20Lengkong%20Besar&query_place_id=ChIJ3f6JrybnaC4R6qzHRdk6MVo","Layanan Binatu"
"Dicky salon & beauty","4.8","23","Jl. Sadang Tengah","Kota Bandung","Jawa Barat","ID",,"+62 821-1999-9806","Salon Kecantikan",,,,,,,,"https://www.google.com/maps/search/?api=1&query=Dicky%20salon%20%26%20beauty&query_place_id=ChIJZZogLrvnaC4RVEUGigYzP7o","Salon Kecantikan"
"hairzonetyle Bandung","5","2508","Sebelah Mega Pertstore Jl. Leuwi Panjang No.15a RUKO MUARA REGENCY","Kota Bandung","Jawa Barat","ID",,"+62 822-4677-8630","Salon Kecantikan",,,,,,,,"https://www.google.com/maps/search/?api=1&query=hairzonetyle%20Bandung&query_place_id=ChIJoyfi3N_paC4RDeskJyRlnL0","Salon Kecantikan"
"Strawbery Salon","4.3","540","Jl. Abdul Rahman Saleh","Kota Bandung","Jawa Barat","ID",,"+62 831-0983-3642","Salon Rambut",,,,,,,,"https://www.google.com/maps/search/?api=1&query=Strawbery%20Salon&query_place_id=ChIJMYf7lXLmaC4Rl-mvz28Wyus","Salon Rambut"
"Heartspa Salon & Reflexology","4.2","84","Jl. Mundinglaya No.4","Kota Bandung","Jawa Barat","ID",,"+62 22 2501939","Spa","Salon Kecantikan",,,,,,,"https://www.google.com/maps/search/?api=1&query=Heartspa%20Salon%20%26%20Reflexology&query_place_id=ChIJXQCn5U_maC4RVWGIjwt_Yqw","Spa"
"Ay-ay Hair Beauty Salon","4.8","70","Jl. Mekar Agung No.53A","Kota Bandung","Jawa Barat","ID",,"+62 877-2245-6808","Salon Rambut",,,,,,,,"https://www.google.com/maps/search/?api=1&query=Ay-ay%20Hair%20Beauty%20Salon&query_place_id=ChIJp9lb8fPoaC4R8JB_6D9lnbk","Salon Rambut"
"Alevia Curly Hair-Friendly Salon","4.9","93","Jl. Badak Singa No.6","Kota Bandung","Jawa Barat","ID","https://instagram.com/aleviasalon","+62 815-8819-395","Salon Kecantikan",,,,,,,,"https://www.google.com/maps/search/?api=1&query=Alevia%20Curly%20Hair-Friendly%20Salon&query_place_id=ChIJ24Z_AUrnaC4R_xkVtIW3hwk","Salon Kecantikan"
"Laundry Zone Batununggal","4.9","58","Ruko, Jl. Batununggal Indah Raya No.65","Kota Bandung","Jawa Barat","ID","https://laundryzone.id/","+62 896-3045-6868","Layanan Binatu","Binatu Cucian Kering","Binatu",,,,,,"https://www.google.com/maps/search/?api=1&query=Laundry%20Zone%20Batununggal&query_place_id=ChIJVwO2VtbpaC4RM0rQGbRBHWo","Layanan Binatu"
"La Capelli Salon","4.8","24","Jl. Kurdi Tim. No.3","Kota Bandung","Jawa Barat","ID",,"+62 22 5207645","Salon Kecantikan",,,,,,,,"https://www.google.com/maps/search/?api=1&query=La%20Capelli%20Salon&query_place_id=ChIJUeli25PoaC4R-l_b5w4nWsA","Salon Kecantikan"
"Leny Salon","4.7","30","Jl. Cikaso No.51","Kota Bandung","Jawa Barat","ID",,"+62 812-2131-8222","Salon Kecantikan",,,,,,,,"https://www.google.com/maps/search/?api=1&query=Leny%20Salon&query_place_id=ChIJxRpQbMbnaC4RsRcJul-vv98","Salon Kecantikan"
"Amarra Beauty bar","4.8","518","Jl. Mekar Agung No.19","Kota Bandung","Jawa Barat","ID",,"+62 851-9922-7062","Salon Kecantikan",,,,,,,,"https://www.google.com/maps/search/?api=1&query=Amarra%20Beauty%20bar&query_place_id=ChIJ0xzosljpaC4RDzHq4hgWnRg","Salon Kecantikan"
"Laundry Club Hotel 10","4.9","308","Jl. Buah Batu No.81","Kota Bandung","Jawa Barat","ID","http://bit.ly/customer_laundryclub_hotel10","+62 851-7517-5029","Layanan Binatu",,,,,,,,"https://www.google.com/maps/search/?api=1&query=Laundry%20Club%20Hotel%2010&query_place_id=ChIJR2QsNQDpaC4RSnn7DcE0Gx0","Layanan Binatu"
"Cuci Laundry Cijagra","4.8","26","Jl. Cijagra No.18A","Kota Bandung","Jawa Barat","ID",,"+62 812-2188-8899","Layanan Binatu",,,,,,,,"https://www.google.com/maps/search/?api=1&query=Cuci%20Laundry%20Cijagra&query_place_id=ChIJmY0Md8rpaC4RQOzpUT92tzo","Layanan Binatu"
"Laundry kilat ,laundry kiloan ,laundry satuan ,laundry sepatu , laundry treatment,laundry hotel(laundry white klin bdg)","4.9","201","Jl. Kembang Sapatu No.39","Kota Bandung","Jawa Barat","ID","https://wa.me/82130635990","+62 821-3063-5990","Binatu Cucian Kering","Pemasok Parfum dan Aroma untuk Makanan","Binatu","Layanan Binatu","Toko Parfum","Reparasi Mesin Cuci & Pengering",,,"https://www.google.com/maps/search/?api=1&query=Laundry%20kilat%20%2Claundry%20kiloan%20%2Claundry%20satuan%20%2Claundry%20sepatu%20%2C%20laundry%20treatment%2Claundry%20hotel(laundry%20white%20klin%20bdg)&query_place_id=ChIJhXRyeS7naC4R5fNoKm8nE7U","Binatu Cucian Kering"
"Speed Laundry (Cabang)Free Pick Up & Delivery","3.8","10","Jl. Bagusrangin No.1A, RW.50","Kota Bandung","Jawa Barat","ID",,"+62 838-2029-9190","Binatu",,,,,,,,"https://www.google.com/maps/search/?api=1&query=Speed%20Laundry%20(Cabang)Free%20Pick%20Up%20%26%20Delivery&query_place_id=ChIJm2sFw0bmaC4RREP26NMd9fQ","Binatu"
"aRBee Salon Spa","4.4","154","Jl. Mars Sel. No.3","Kota Bandung","Jawa Barat","ID",,"+62 813-2046-4779","Salon Kecantikan",,,,,,,,"https://www.google.com/maps/search/?api=1&query=aRBee%20Salon%20Spa&query_place_id=ChIJf1k3AiLoaC4RX3k_CWGBvLs","Salon Kecantikan"
"Heaven men & woman Salon","5","27","Ruko Pelangi, Jl. Terusan Jakarta No.2 no.2","Kota Bandung","Jawa Barat","ID",,"+62 821-1797-7969","Salon Kecantikan",,,,,,,,"https://www.google.com/maps/search/?api=1&query=Heaven%20men%20%26%20woman%20Salon&query_place_id=ChIJdTkqJzHnaC4Rl5-QedbqAuU","Salon Kecantikan"
"B&D Araya Laundry","4","74","seberang Ardan Hotel, Jl. Sederhana No.49","Kota Bandung","Jawa Barat","ID",,"+62 813-8159-2892","Binatu",,,,,,,,"https://www.google.com/maps/search/?api=1&query=B%26D%20Araya%20Laundry&query_place_id=ChIJI7Bg7F3maC4RY0NrMh7l7Nk","Binatu"
"Beloved Beauty Salon","4.8","30","Jl. Raya Kopo No.140 lantai 2","Kota Bandung","Jawa Barat","ID",,"+62 822-1888-8595","Salon Kecantikan",,,,,,,,"https://www.google.com/maps/search/?api=1&query=Beloved%20Beauty%20Salon&query_place_id=ChIJVVVa2FXmaC4RVzEcsD_zhlk","Salon Kecantikan"
"The Daily Wash Laundry Sukaluyu","4.7","34","Jl. Rereng Wulung No.32","Kota Bandung","Jawa Barat","ID",,"+62 856-2438-7900","Binatu",,,,,,,,"https://www.google.com/maps/search/?api=1&query=The%20Daily%20Wash%20Laundry%20Sukaluyu&query_place_id=ChIJY3LzjcfnaC4R3xMJbYq4QEs","Binatu"
"CB Laundry and Shoes Care Outlet Kebon Kawung (Layanan Laundry Express & Antar Jemput)","4.6","54","Jl. Kebon Kawung No.27","Kota Bandung","Jawa Barat","ID","https://linktr.ee/cblaundry21","+62 822-2100-9295","Binatu",,,,,,,,"https://www.google.com/maps/search/?api=1&query=CB%20Laundry%20and%20Shoes%20Care%20Outlet%20Kebon%20Kawung%20(Layanan%20Laundry%20Express%20%26%20Antar%20Jemput)&query_place_id=ChIJtdNYR_nnaC4RUolbV1Avoro","Binatu"
"First Clean Laundry for Hotel","5","35","Jl. Cigadung Kaler IV No.5","Kota Bandung","Jawa Barat","ID",,"+62 857-9797-8343","Layanan Binatu",,,,,,,,"https://www.google.com/maps/search/?api=1&query=First%20Clean%20Laundry%20for%20Hotel&query_place_id=ChIJLVLdP1PnaC4Rhz1MST6orSM","Layanan Binatu"
"Jois Salon","4.3","251","Jl. PSM No.26","Kota Bandung","Jawa Barat","ID",,"+62 821-1679-1454","Salon Kecantikan",,,,,,,,"https://www.google.com/maps/search/?api=1&query=Jois%20Salon&query_place_id=ChIJLe8ctQroaC4RpoF_z3KNHAI","Salon Kecantikan"
"Iwan Salon","4.5","81","Jl. Sunda No.47","Kota Bandung","Jawa Barat","ID",,"+62 895-7064-49040","Salon Kecantikan",,,,,,,,"https://www.google.com/maps/search/?api=1&query=Iwan%20Salon&query_place_id=ChIJgcj1CC7maC4RUhgzlx-QQlY","Salon Kecantikan"
"Laundry & Dry Clean Fresh","5","3","3JXM+J65, Sukaluyu Jl. Terusan Brigjen Katam","Kabupaten Bandung","Jawa Barat","ID",,"+62 22 7204868","Binatu",,,,,,,,"https://www.google.com/maps/search/?api=1&query=Laundry%20%26%20Dry%20Clean%20Fresh&query_place_id=ChIJW2WdqLDnaC4RiE-6G4qAj-A","Binatu"
"AB Salon & Barber","4.8","20","Jl. Siti Munigar","Kota Bandung","Jawa Barat","ID",,"+62 822-2226-0203","Salon Kecantikan",,,,,,,,"https://www.google.com/maps/search/?api=1&query=AB%20Salon%20%26%20Barber&query_place_id=ChIJW18tuyDmaC4RBalwPe16BwA","Salon Kecantikan"
"Mida Salon & Spa","3.6","273","Jl. Kb. Gedang No.40","Kota Bandung","Jawa Barat","ID",,"+62 812-2375-0555","Salon Kecantikan",,,,,,,,"https://www.google.com/maps/search/?api=1&query=Mida%20Salon%20%26%20Spa&query_place_id=ChIJjXyiid_naC4R4nIliY1TczA","Salon Kecantikan"
"MILi Digital Londri (Laundry Self Service)","4.9","77","Jl. Cikutra No.228","Kota Bandung","Jawa Barat","ID","https://instagram.com/milidigitallondri?utm_source=qr&igshid=MzNlNGNkZWQ4Mg%3D%3D","+62 878-4113-0013","Binatu",,,,,,,,"https://www.google.com/maps/search/?api=1&query=MILi%20Digital%20Londri%20(Laundry%20Self%20Service)&query_place_id=ChIJTygvSsznaC4RbVDzBx186yk","Binatu"
"Cleanlite Laundry Bandung","4.2","59","Jl. Cibeunying Kolot No.26","Kota Bandung","Jawa Barat","ID",,"+62 899-6173-360","Binatu","Pemasok peralatan binatu yang dioperasikan dengan koin",,,,,,,"https://www.google.com/maps/search/?api=1&query=Cleanlite%20Laundry%20Bandung&query_place_id=ChIJH1qAwnfnaC4RHXh5_oBwy74","Binatu"
"Lentera Beauty Salon & Spa Cabang Caheum","4","43","Jl. Khp Hasan Mustopa No.98","Kota Bandung","Jawa Barat","ID",,"+62 899-9254-530","Salon Kecantikan",,,,,,,,"https://www.google.com/maps/search/?api=1&query=Lentera%20Beauty%20Salon%20%26%20Spa%20Cabang%20Caheum&query_place_id=ChIJN7e5Wa_DaC4RTSw0Q2hAdcQ","Salon Kecantikan"
"Luvale Salon & Barber","4.9","62","Jl. Kihiur No.10","Kota Bandung","Jawa Barat","ID",,"+62 819-1110-7181","Salon Rambut","Tempat Cukur Rambut","Penata Rambut",,,,,,"https://www.google.com/maps/search/?api=1&query=Luvale%20Salon%20%26%20Barber&query_place_id=ChIJja8yn-3naC4Ru-LIcQFsPnw","Salon Rambut"
"Roger's Salon Dago","4.4","366","Jl. Ir. H. Juanda No.97","Kota Bandung","Jawa Barat","ID","http://www.rogersalon.com/","+62 22 2502662","Salon Kecantikan",,,,,,,,"https://www.google.com/maps/search/?api=1&query=Roger's%20Salon%20Dago&query_place_id=ChIJ_8sDJFHmaC4Rt87pGxj7HHw","Salon Kecantikan"
"Ling Ling","4.7","9","Ruko setrasari plaza 2, Jl. Setrawangi No. a15","Kota Bandung","Jawa Barat","ID",,"+62 813-1341-7638","Salon Kecantikan",,,,,,,,"https://www.google.com/maps/search/?api=1&query=Ling%20Ling&query_place_id=ChIJNS7bq5rmaC4RHfKKlxUh7b0","Salon Kecantikan"
"Coffeelaundre Pasteur","4.9","35","Jl. Dr. Djunjunan No.5A","Kota Bandung","Jawa Barat","ID","http://www.coffeelaundre.com/","+62 822-2686-8383","Layanan Binatu",,,,,,,,"https://www.google.com/maps/search/?api=1&query=Coffeelaundre%20Pasteur&query_place_id=ChIJc8tJjfbnaC4R0g_K3H1SGOo","Layanan Binatu"
"aQualis Laundry & Green Dry Clean - Papaya Sukajadi","4.8","76","Jl. Sukaasih No.1","Kota Bandung","Jawa Barat","ID","https://aqualisfabricare.com/","+62 821-1720-0076","Binatu",,,,,,,,"https://www.google.com/maps/search/?api=1&query=aQualis%20Laundry%20%26%20Green%20Dry%20Clean%20-%20Papaya%20Sukajadi&query_place_id=ChIJG4bfHo3maC4R8BR4rEQp2uM","Binatu"
"Kingwash Laundry","4.9","46","Jl. Tubagus Ismail Dalam No.40a","Kota Bandung","Jawa Barat","ID","https://www.instagram.com/kingwashlaundry/?igshid=18ljqs46e1kyj","+62 813-5000-6203","Layanan Binatu",,,,,,,,"https://www.google.com/maps/search/?api=1&query=Kingwash%20Laundry&query_place_id=ChIJTa6IfxLnaC4Rn8_ZTwoJSbQ","Layanan Binatu"
"Yucca Salon","5","1","Jl. Dr. Setiabudi No.107B","Kota Bandung","Jawa Barat","ID",,"","Salon Rambut",,,,,,,,"https://www.google.com/maps/search/?api=1&query=Yucca%20Salon&query_place_id=ChIJzYD5SQDnaC4RXWvtBdPLmPI","Salon Rambut"
"VENETIAN HAVANA KARAOKE & SPA BANDUNG","4.6","521","Jl. Sukajadi No.206","Kota Bandung","Jawa Barat","ID",,"+62 822-9889-7890","Spa","Bar Karaoke",,,,,,,"https://www.google.com/maps/search/?api=1&query=VENETIAN%20HAVANA%20KARAOKE%20%26%20SPA%20BANDUNG&query_place_id=ChIJAzemKBbmaC4RW1251tc_Y30","Spa"
"Barsi Laundry Kosambi","5","84","Jl. Baranang Siang No.57","Kota Bandung","Jawa Barat","ID","https://wa.me/6285713920830","+62 857-1392-0830","Layanan Binatu",,,,,,,,"https://www.google.com/maps/search/?api=1&query=Barsi%20Laundry%20Kosambi&query_place_id=ChIJ-TTuBnHnaC4RlgBe4GcB5DY","Layanan Binatu"
"Ardhi Salon","4.7","145","Jl. Mars Sel. VIII No.11A","Kota Bandung","Jawa Barat","ID",,"+62 22 7569201","Salon Kecantikan",,,,,,,,"https://www.google.com/maps/search/?api=1&query=Ardhi%20Salon&query_place_id=ChIJD-rDtyHoaC4RfbqQZHkSTSs","Salon Kecantikan"
"Cuci Ceria Laundry Bandung","5","30","Jl. Sekeloa Utara No.213","Kota Bandung","Jawa Barat","ID",,"+62 877-7971-6700","Layanan Binatu",,,,,,,,"https://www.google.com/maps/search/?api=1&query=Cuci%20Ceria%20Laundry%20Bandung&query_place_id=ChIJL1tDaYLnaC4RCJqTPlHc8DE","Layanan Binatu"
"Pewangi Laundry Bandung","4.8","8","Jl. Sukahaji Wetan No.36","Kota Bandung","Jawa Barat","ID",,"+62 823-2146-0628","Toko Parfum",,,,,,,,"https://www.google.com/maps/search/?api=1&query=Pewangi%20Laundry%20Bandung&query_place_id=ChIJt2YhVgXnaC4RjngFcLSEdYM","Toko Parfum"
"BOS PENGERING (Pusat Peralatan Laundry Bandung, Paket Laundry, Dryer, Washer, Setrika Uap Boiler, Parfum, Deterjen)","4.6","482","Jl. Batu Indah Raya No.36","Kota Bandung","Jawa Barat","ID","https://bospengering.id/","+62 812-2167-3020","Toko Mesin Cuci & Pengering",,,,,,,,"https://www.google.com/maps/search/?api=1&query=BOS%20PENGERING%20(Pusat%20Peralatan%20Laundry%20Bandung%2C%20Paket%20Laundry%2C%20Dryer%2C%20Washer%2C%20Setrika%20Uap%20Boiler%2C%20Parfum%2C%20Deterjen)&query_place_id=ChIJTVPnHKzpaC4REtGdNMgLyJc","Toko Mesin Cuci & Pengering"
"INFINITY LAUNDRY","4.3","35","Jl. Jurang No.11","Kota Bandung","Jawa Barat","ID",,"+62 877-2288-5867","Layanan Binatu",,,,,,,,"https://www.google.com/maps/search/?api=1&query=INFINITY%20LAUNDRY&query_place_id=ChIJIR5Qsl_maC4RDxHle_eH3bQ","Layanan Binatu"
"Strawberry Salon Sukajadi (Beauty bar)","3.9","59","Jl. Sukajadi No.72","Kota Bandung","Jawa Barat","ID",,"","Salon Kecantikan",,,,,,,,"https://www.google.com/maps/search/?api=1&query=Strawberry%20Salon%20Sukajadi%20(Beauty%20bar)&query_place_id=ChIJ3w2WOZDnaC4RIdczJuDM0k0","Salon Kecantikan"
"Martha Beauty Bar Turangga","4.8","1753","Jl. Rajamantri Wetan No.13b","Kota Bandung","Jawa Barat","ID",,"","Salon Kecantikan",,,,,,,,"https://www.google.com/maps/search/?api=1&query=Martha%20Beauty%20Bar%20Turangga&query_place_id=ChIJNWltsqjpaC4RgUmBodEW94U","Salon Kecantikan"
"RAYA BEAUTY SALON & SPA","5","19","Jl. Gagak No.43","Kota Bandung","Jawa Barat","ID",,"+62 823-7695-2691","Salon Kecantikan",,,,,,,,"https://www.google.com/maps/search/?api=1&query=RAYA%20BEAUTY%20SALON%20%26%20SPA&query_place_id=ChIJ5ZDNwQPnaC4RV9-hld0kXIk","Salon Kecantikan"
"Indo Express Laundry","4.6","89","Jl. Cihampleas Belakang No.10, The Jarrdin Apartement, Tower C, No. B-07","Kota Bandung","Jawa Barat","ID",,"+62 817-200-237","Layanan Binatu",,,,,,,,"https://www.google.com/maps/search/?api=1&query=Indo%20Express%20Laundry&query_place_id=ChIJ87AWX1nmaC4Ra__W6J5LSpE","Layanan Binatu"
"Monza","4.4","85","My Fair, Jl. Sukajadi","Kota Bandung","Jawa Barat","ID",,"+62 22 2044174","Salon Rambut",,,,,,,,"https://www.google.com/maps/search/?api=1&query=Monza&query_place_id=ChIJmzXVI43maC4RcFSMQaJTG4o","Salon Rambut"
"1112 Printing",,,"Jl. Jatihandap Timur No.117a","Kota Bandung","Jawa Barat","ID","http://kemasankakilima.com/","+62 812-2020-2627","Percetakan Komersial",,,,,,,,"https://www.google.com/maps/search/?api=1&query=1112%20Printing&query_place_id=ChIJ65yiVADnaC4RjbQ8sFoZHmk","Percetakan Komersial"
"Rodman Professional Salon Bandung","5","42","Jl. Gatot Subroto No.253","Kota Bandung","Jawa Barat","ID",,"+62 812-9995-7881","Salon Rambut",,,,,,,,"https://www.google.com/maps/search/?api=1&query=Rodman%20Professional%20Salon%20Bandung&query_place_id=ChIJsfI7NbDnaC4RSoQXBXgEjhw","Salon Rambut"
"D""ffond Salon","4.7","75","Jl. Dagopojok No.16","Kota Bandung","Jawa Barat","ID",,"+62 813-2052-2282","Salon Rambut",,,,,,,,"https://www.google.com/maps/search/?api=1&query=D%22ffond%20Salon&query_place_id=ChIJiT-hquPmaC4Rt6cby9Uax_Q","Salon Rambut"
"ANNE HUMAIRA SALON","5","21","Jl. Sekeloa Timur No.11","Kota Bandung","Jawa Barat","ID",,"+62 815-7276-0246","Salon Rambut","Salon Kecantikan","Terapis Pijat",,,,,,"https://www.google.com/maps/search/?api=1&query=ANNE%20HUMAIRA%20SALON&query_place_id=ChIJ5w6ehTTnaC4Rfh7l6MkRvQg","Salon Rambut"
"Salon Panggilan Bandung / salon online bandung","5","23","Jl. Cemara Gg. 6 No.28a","Kota Bandung","Jawa Barat","ID","https://www.instagram.com/salon_panggilan_bandung/","+62 822-2057-7783","Salon Rambut",,,,,,,,"https://www.google.com/maps/search/?api=1&query=Salon%20Panggilan%20Bandung%20%2F%20salon%20online%20bandung&query_place_id=ChIJRSUZVIfpaC4RNNuNcFnIXqQ","Salon Rambut"
"Smiles And Kidsmile Salon","3.5","55","Paris Van Java, Jl. Sukajadi No.09 PVJ) L6","Kota Bandung","Jawa Barat","ID",,"+62 22 82063792","Salon Kecantikan",,,,,,,,"https://www.google.com/maps/search/?api=1&query=Smiles%20And%20Kidsmile%20Salon&query_place_id=ChIJVXQtQGDmaC4RNqlAMLeMctM","Salon Kecantikan"
"Kenz Nail Art","4.6","30","Jl. Hegarmanah Cikendi No.6 166a","Kota Bandung","Jawa Barat","ID","https://www.kenznailart.com/","+62 812-2157-6790","Salon Kuku","Salon Kecantikan",,,,,,,"https://www.google.com/maps/search/?api=1&query=Kenz%20Nail%20Art&query_place_id=ChIJPTPS8ZroaC4RDUge09hdfx8","Salon Kuku"
"NESYA LAUNDRY EXPRESS","4.7","83","Jl. Babakan Tarogong No.83A","Kota Bandung","Jawa Barat","ID",,"+62 813-8909-6166","Layanan Binatu",,,,,,,,"https://www.google.com/maps/search/?api=1&query=NESYA%20LAUNDRY%20EXPRESS&query_place_id=ChIJT6-naKTpaC4RsSjpDIhxCa8","Layanan Binatu"
"Riyan Salon Bandung",,,"Jl. Haji Yasin No.9 No. 56, RT.06/RW.02","Kota Bandung","Jawa Barat","ID",,"","Salon Kecantikan",,,,,,,,"https://www.google.com/maps/search/?api=1&query=Riyan%20Salon%20Bandung&query_place_id=ChIJK8ijHQDnaC4RH180lK9_bqw","Salon Kecantikan"
"Sherlly salon","5","7","Jl. Sadang Serang No.21","Kota Bandung","Jawa Barat","ID",,"+62 897-9555-885","Salon Kecantikan",,,,,,,,"https://www.google.com/maps/search/?api=1&query=Sherlly%20salon&query_place_id=ChIJ0TjpEsznaC4RiXBMSaAkhEM","Salon Kecantikan"
"La Rosso Lifestyle of Beauty","4.6","91","Gedung Graha Manggala Siliwangi, Jl. Aceh No.66","Kota Bandung","Jawa Barat","ID",,"+62 22 4223231","Salon Rambut",,,,,,,,"https://www.google.com/maps/search/?api=1&query=La%20Rosso%20Lifestyle%20of%20Beauty&query_place_id=ChIJz3UWQvjmaC4RBI7USRyVnLA","Salon Rambut"
"SPEED LAUNDRY (cabang)","4.9","40","Gg. Nangkasuni No.19, RT.04/RW.18","Kota Bandung","Jawa Barat","ID",,"+62 822-1918-6400","Binatu",,,,,,,,"https://www.google.com/maps/search/?api=1&query=SPEED%20LAUNDRY%20(cabang)&query_place_id=ChIJR4w1A0fmaC4Ri3wbuK4Uz_8","Binatu"
"Martha Tilaar Salon & Day Spa","4.5","192","Jl. Ciumbuleuit No.83","Kota Bandung","Jawa Barat","ID",,"+62 22 2034182","Day Spa",,,,,,,,"https://www.google.com/maps/search/?api=1&query=Martha%20Tilaar%20Salon%20%26%20Day%20Spa&query_place_id=ChIJX9K5Ue7maC4RKfgFQDdl7HQ","Day Spa"
"IZ BALQIS SALON","4.5","24","Jl. Cikondang No.2","Kota Bandung","Jawa Barat","ID",,"+62 812-2091-5879","Salon Rambut",,,,,,,,"https://www.google.com/maps/search/?api=1&query=IZ%20BALQIS%20SALON&query_place_id=ChIJFfBZhDrnaC4Rvgcy7X36fj0","Salon Rambut"
"Christine Salon","4.4","20","Jl. Ciumbuleuit No.47","Kota Bandung","Jawa Barat","ID",,"+62 22 2037544","Salon Kecantikan",,,,,,,,"https://www.google.com/maps/search/?api=1&query=Christine%20Salon&query_place_id=ChIJB5tDrPbmaC4Rl8E5xkwzumY","Salon Kecantikan"
"Isye Salon Bandung","4.5","132","Jl. Babakan Tarogong No.2","Kota Bandung","Jawa Barat","ID",,"+62 812-2099-9696","Salon Rambut","Jasa Pemanjangan Rambut",,,,,,,"https://www.google.com/maps/search/?api=1&query=Isye%20Salon%20Bandung&query_place_id=ChIJ6Z1c96foaC4RBf7Zo3Yc5jA","Salon Rambut"
"De'Rush Beauty Studio","4.9","60","Gg. Pelita II No.39, RT.02/RW.02","Kota Bandung","Jawa Barat","ID",,"+62 838-9559-4003","Salon Kecantikan",,,,,,,,"https://www.google.com/maps/search/?api=1&query=De'Rush%20Beauty%20Studio&query_place_id=ChIJO1MO1UXnaC4Ry-UMUxuds7Y","Salon Kecantikan"
"Anata Salon Gandapura 73","4.6","221","Jl. Gandapura No.73","Kota Bandung","Jawa Barat","ID","https://www.salonanata.com/","+62 816-605-805","Salon Rambut",,,,,,,,"https://www.google.com/maps/search/?api=1&query=Anata%20Salon%20Gandapura%2073&query_place_id=ChIJRa4huoDnaC4RUfWS7hw6kR0","Salon Rambut"
"Me Time Beauty Bar Bandung","4.8","6","Jl. Titiran No.9","Kota Bandung","Jawa Barat","ID","https://www.instagram.com/metime.idn?igsh=MXdmbjVxNHI3NnRyMw==&utm_source=qr","+62 838-3711-0783","Salon Kuku","Salon Kecantikan","Salon alis",,,,,,"https://www.google.com/maps/search/?api=1&query=Me%20Time%20Beauty%20Bar%20Bandung&query_place_id=ChIJC--QhL_naC4RQ2pq9CBF82s","Salon Kuku"
"UBER PRINTING","4.2","157","Jl. Raya Ujung Berung No.105","Kota Bandung","Jawa Barat","ID",,"+62 813-9555-7120","Toko Percetakan","Percetakan Komersial","Layanan cetak digital",,,,,,"https://www.google.com/maps/search/?api=1&query=UBER%20PRINTING&query_place_id=ChIJi8ZGrQndaC4Rkp01n96Ogk0","Toko Percetakan"
"Asvy Salon","5","60","Jl. Leuwipanjang","Kota Bandung","Jawa Barat","ID",,"+62 813-2038-3878","Salon Rambut",,,,,,,,"https://www.google.com/maps/search/?api=1&query=Asvy%20Salon&query_place_id=ChIJ61tbcaLoaC4RPSY4ya_Dd_g","Salon Rambut"
"Salon Seruni","4.3","45","Jl. Ir. H. Juanda A No.263","Kota Bandung","Jawa Barat","ID",,"+62 812-1184-5808","Salon Kecantikan",,,,,,,,"https://www.google.com/maps/search/?api=1&query=Salon%20Seruni&query_place_id=ChIJDYcDDPzmaC4Rw7c5Fexcy4w","Salon Kecantikan"
"Urban Laundry & Dry Cleaning","4.6","76","Jl. Cisitu Baru No.1","Kota Bandung","Jawa Barat","ID",,"+62 898-4108-777","Layanan Binatu",,,,,,,,"https://www.google.com/maps/search/?api=1&query=Urban%20Laundry%20%26%20Dry%20Cleaning&query_place_id=ChIJlYtT4vjmaC4RK5OOlwgYJEA","Layanan Binatu"
"MC Laundry - Taman Musik","5","187","Jl. Kalimantan No.12","Kota Bandung","Jawa Barat","ID","https://www.mclaundry.id/","+62 811-2005-5575","Binatu",,,,,,,,"https://www.google.com/maps/search/?api=1&query=MC%20Laundry%20-%20Taman%20Musik&query_place_id=ChIJiZlS7CHnaC4RAW6I1cjEKEY","Binatu"
"Aylie Salon","4.7","58","Jl. Karawitan No.41","Kota Bandung","Jawa Barat","ID",,"+62 22 91979902","Salon Kecantikan","Salon Rambut",,,,,,,"https://www.google.com/maps/search/?api=1&query=Aylie%20Salon&query_place_id=ChIJ7ZplsGToaC4RCSbAElZtXis","Salon Kecantikan"
"Laundry Club Sudirman","4.9","293","Jl. Sudirman No.486","Kota Bandung","Jawa Barat","ID","https://www.the-laundryclub.com/outlet/outlet-bandung-cimahi-jatinangor/laundry-club-sudirman-laundry-antar-jemput-bandung","","Layanan Binatu",,,,,,,,"https://www.google.com/maps/search/?api=1&query=Laundry%20Club%20Sudirman&query_place_id=ChIJu7aYZADnaC4RJxhNCx812F0","Layanan Binatu"
"Bengkel Rambut 55 (Barbershop)","4.4","335","Jl. Subang No.56","Kota Bandung","Jawa Barat","ID",,"","Tempat Cukur Rambut",,,,,,,,"https://www.google.com/maps/search/?api=1&query=Bengkel%20Rambut%2055%20(Barbershop)&query_place_id=ChIJLxzAm-_naC4RkywQ3EhljEg","Tempat Cukur Rambut"
"Briwash Laundry Express - Mekarwangi","4.9","930","Jl. Mekar Puspita No.39 B","Kota Bandung","Jawa Barat","ID","https://briwash.id/mekarwangi/","+62 811-2008-1011","Layanan Binatu",,,,,,,,"https://www.google.com/maps/search/?api=1&query=Briwash%20Laundry%20Express%20-%20Mekarwangi&query_place_id=ChIJtW-R8DDpaC4RIYcwDk0MVvc","Layanan Binatu"
"Katiga Hair and Beauty Salon Bandung","5","45","Jl. Mekar Pesona I No.37","Kota Bandung","Jawa Barat","ID","https://katigahairandbeauty.com/","+62 877-8898-2713","Jasa Pemanjangan Rambut","Pemasok ekstensi rambut",,,,,,,"https://www.google.com/maps/search/?api=1&query=Katiga%20Hair%20and%20Beauty%20Salon%20Bandung&query_place_id=ChIJ147CmwjpaC4R3KZt6ReLoao","Jasa Pemanjangan Rambut"
"Joss Laundry Antapani Bandung","4.6","295","Jl. Purwakarta No.200","Kota Bandung","Jawa Barat","ID","https://wa.me/6281280793497","+62 812-8079-3497","Layanan Binatu",,,,,,,,"https://www.google.com/maps/search/?api=1&query=Joss%20Laundry%20Antapani%20Bandung&query_place_id=ChIJWcFWAXfnaC4R7c88NnBeCww","Layanan Binatu"
"Laundry cuci express-kiloan PRIORITY LAUNDRY 24 jam Bandung","4.7","193","d'laundry, Jl. Pajajaran Gg. Terasana No.124 29B","Kota Bandung","Jawa Barat","ID","https://wa.me/6282151619136","+62 821-5161-9136","Binatu Cucian Kering",,,,,,,,"https://www.google.com/maps/search/?api=1&query=Laundry%20cuci%20express-kiloan%20PRIORITY%20LAUNDRY%2024%20jam%20Bandung&query_place_id=ChIJkfyVgFjnaC4RDD3hsgdUQz0","Binatu Cucian Kering"
"One Stop Laundry Bandung","4.7","39","Jl. Gumuruh No.91, RT.04/RW.08","Kota Bandung","Jawa Barat","ID","https://www.laundrybandung.id/","+62 811-2380-050","Layanan Binatu",,,,,,,,"https://www.google.com/maps/search/?api=1&query=One%20Stop%20Laundry%20Bandung&query_place_id=ChIJi5MOSSzpaC4RikE4BjW1QKU","Layanan Binatu"
"Princess Beauty Salon","4.8","363","Jl. Terusan Pasirkoja No.168","Kota Bandung","Jawa Barat","ID",,"+62 896-3031-5710","Salon Kecantikan","Ahli estetika",,,,,,,"https://www.google.com/maps/search/?api=1&query=Princess%20Beauty%20Salon&query_place_id=ChIJSQcHOkznaC4R5W853IMNdkk","Salon Kecantikan"
"Lucky Sae SALON","5","150","Gg. Jamhari","Kota Bandung","Jawa Barat","ID",,"+62 882-0010-72983","Salon Kecantikan",,,,,,,,"https://www.google.com/maps/search/?api=1&query=Lucky%20Sae%20SALON&query_place_id=ChIJrd6E0bbnaC4R4T0KZywj7Kg","Salon Kecantikan"
"PANDAWA LAUNDRY KARPET PREMIUM BANDUNG","4.3","55","Jl. Babakan Jeruk II No.39 a","Kota Bandung","Jawa Barat","ID",,"+62 811-2338-086","Binatu",,,,,,,,"https://www.google.com/maps/search/?api=1&query=PANDAWA%20LAUNDRY%20KARPET%20PREMIUM%20BANDUNG&query_place_id=ChIJ2--hftDlaC4ReL4kPdj3Fyw","Binatu"
"Kolasuki Laundry","5","31","Jl. Kubang Selatan No.6, RT.003/RW.014","Kota Bandung","Jawa Barat","ID",,"+62 811-2131-474","Layanan Binatu",,,,,,,,"https://www.google.com/maps/search/?api=1&query=Kolasuki%20Laundry&query_place_id=ChIJdWptOFTmaC4REbZ7MfNk4H0","Layanan Binatu"
"Oliver Beauty Bar","4.6","119","Jl. Ciumbuleuit No.70","Kota Bandung","Jawa Barat","ID",,"+62 812-9997-8033","Salon Kecantikan",,,,,,,,"https://www.google.com/maps/search/?api=1&query=Oliver%20Beauty%20Bar&query_place_id=ChIJ1ws5TcnnaC4R3teY6sCN-_U","Salon Kecantikan"
"Sorcha Laundry Antapani","4.8","388","Jl. Subang No.42, RT.05/RW.02","Kota Bandung","Jawa Barat","ID","https://sorchalaundry.com/","+62 811-1111-2731","Layanan Binatu",,,,,,,,"https://www.google.com/maps/search/?api=1&query=Sorcha%20Laundry%20Antapani&query_place_id=ChIJTeg5Hs_naC4RMclvAixqjdU","Layanan Binatu"
"Jim's Barbershop 3","4.9","88","Jl. Buah Batu No.103","Kota Bandung","Jawa Barat","ID","https://instagram.com/jims_barbershop","+62 813-2179-4000","Tempat Cukur Rambut",,,,,,,,"https://www.google.com/maps/search/?api=1&query=Jim's%20Barbershop%203&query_place_id=ChIJ750TSCfpaC4RTAubfmBTeso","Tempat Cukur Rambut"
"Percetakan Bandung","4.7","106","Jl. Cikawao Dalam I No.35F","Kota Bandung","Jawa Barat","ID","https://percetakanbandung.com/","+62 853-2130-0300","Percetakan Komersial",,,,,,,,"https://www.google.com/maps/search/?api=1&query=Percetakan%20Bandung&query_place_id=ChIJrwPevY7oaC4RsMJcptzl7WU","Percetakan Komersial"
"G'M STUDIO BARBERSHOP 3","3.7","26","Jl. Kb. Gedang No.74","Kota Bandung","Jawa Barat","ID",,"+62 813-3290-3622","Tempat Cukur Rambut",,,,,,,,"https://www.google.com/maps/search/?api=1&query=G'M%20STUDIO%20BARBERSHOP%203&query_place_id=ChIJp6VkW-npaC4RJqJaFnAs1uc","Tempat Cukur Rambut"
"San Laundry & service ritel","4.9","50","Jl. Tubagus Ismail Dalam No.8 lebak gede","Kota Bandung","Jawa Barat","ID",,"+62 821-1000-0651","Layanan Binatu",,,,,,,,"https://www.google.com/maps/search/?api=1&query=San%20Laundry%20%26%20service%20ritel&query_place_id=ChIJb-8eShDnaC4RAQfLgVzAXWI","Layanan Binatu"
"Barbershop Ababil","4.6","19","Jl. Cibangkong No.54","Kota Bandung","Jawa Barat","ID",,"+62 858-6497-7540","Tempat Cukur Rambut",,,,,,,,"https://www.google.com/maps/search/?api=1&query=Barbershop%20Ababil&query_place_id=ChIJRbB6edfnaC4R9YNy3sl55zY","Tempat Cukur Rambut"
"Laundry Club Dago (Laundry Express Antar dan Jemput)","5","314","Jl. Ir. H. Juanda No.374","Kota Bandung","Jawa Barat","ID","https://desty.page/laundryclubofficial","+62 851-3646-8250","Layanan Binatu",,,,,,,,"https://www.google.com/maps/search/?api=1&query=Laundry%20Club%20Dago%20(Laundry%20Express%20Antar%20dan%20Jemput)&query_place_id=ChIJez0S5kfnaC4RwVbQlfg7R7U","Layanan Binatu"
"Laundry Hari Ini Cikutra","4.9","402","Jl. Terusan Batik Halus No.12A","Kota Bandung","Jawa Barat","ID","http://sorchalaundry.com/","+62 811-1116-9689","Layanan Binatu",,,,,,,,"https://www.google.com/maps/search/?api=1&query=Laundry%20Hari%20Ini%20Cikutra&query_place_id=ChIJ1dw-sMvnaC4RCwLTAeghEpk","Layanan Binatu"
"JNE Sersan Bajuri","4.6","132","Jl. Sersan Bajuri No.6","Kota Bandung","Jawa Barat","ID",,"+62 21 29278888","Jasa Kurir",,,,,,,,"https://www.google.com/maps/search/?api=1&query=JNE%20Sersan%20Bajuri&query_place_id=ChIJFZ03erPmaC4RRjm-znIxS6o","Jasa Kurir"
"Rio Barber Shop","4.7","31","Jl. Pagarsih No.121","Kota Bandung","Jawa Barat","ID",,"","Tempat Cukur Rambut",,,,,,,,"https://www.google.com/maps/search/?api=1&query=Rio%20Barber%20Shop&query_place_id=ChIJmSH33RvmaC4R_Nll6SdCX3o","Tempat Cukur Rambut"
"Barbershop blusky","3.3","21","3JCP+75W, Jl. Turangga No.8","Kota Bandung","Jawa Barat","ID",,"+62 852-1354-4806","Tempat Cukur Rambut",,,,,,,,"https://www.google.com/maps/search/?api=1&query=Barbershop%20blusky&query_place_id=ChIJqTQlcADpaC4RXz4nRovrA4s","Tempat Cukur Rambut"
"Nusantara Laundry Bandung","5","6","Jl. PDAM, RT.5/RW.06","Kota Bandung","Jawa Barat","ID",,"+62 812-2061-2340","Layanan Binatu",,,,,,,,"https://www.google.com/maps/search/?api=1&query=Nusantara%20Laundry%20Bandung&query_place_id=ChIJlQpPT8vnaC4R5Hrvc4dM_PI","Layanan Binatu"
"LAVANYA SALON khusus Wanita","4.2","37","Jl. Anggrek Boulevard No.37","Kota Bandung","Jawa Barat","ID",,"","Salon Kecantikan",,,,,,,,"https://www.google.com/maps/search/?api=1&query=LAVANYA%20SALON%20khusus%20Wanita&query_place_id=ChIJR7EC1LznaC4Ro1f6fYjEKBA","Salon Kecantikan"
"JNT CARGO SUKAJADI BDO016A","4.1","71","Jl. Cipedes Tengah No.147","Kota Bandung","Jawa Barat","ID",,"+62 815-6175-555","Jasa Kurir",,,,,,,,"https://www.google.com/maps/search/?api=1&query=JNT%20CARGO%20SUKAJADI%20BDO016A&query_place_id=ChIJpbhfODTnaC4R56CZaxuqYgQ","Jasa Kurir"
"Wid's Salon","4.2","69","Jl. Cikutra Barat No.1D","Kota Bandung","Jawa Barat","ID",,"+62 22 2513415","Salon Kecantikan",,,,,,,,"https://www.google.com/maps/search/?api=1&query=Wid's%20Salon&query_place_id=ChIJt4nav6XnaC4R60MXiWDEDVU","Salon Kecantikan"
"Culture Barbershop Arcamanik","4.6","601","Jl. Golf Barat Raya No.13","Kota Bandung","Jawa Barat","ID",,"+62 878-2221-2314","Tempat Cukur Rambut","Salon Rambut",,,,,,,"https://www.google.com/maps/search/?api=1&query=Culture%20Barbershop%20Arcamanik&query_place_id=ChIJJzdmHVfdaC4R6g6nf6iJ_nM","Tempat Cukur Rambut"
"ANTAR JASA ekspedisi angkutan barang/pindahan",,,"Jl. Ir. H. Juanda No.387, RW.01","Kota Bandung","Jawa Barat","ID",,"+62 878-1437-4154","Kantor Perusahaan",,,,,,,,"https://www.google.com/maps/search/?api=1&query=ANTAR%20JASA%20ekspedisi%20angkutan%20barang%2Fpindahan&query_place_id=ChIJnyD9n3HnaC4R-8CtnRO63T8","Kantor Perusahaan"
"Argo Salon","4.4","47","Jl. Surapati No.130A","Kota Bandung","Jawa Barat","ID",,"+62 22 7211343","Salon Kecantikan",,,,,,,,"https://www.google.com/maps/search/?api=1&query=Argo%20Salon&query_place_id=ChIJS26tVLLnaC4RVJ3LmC_HAkw","Salon Kecantikan"
"Laundry racing coin","5","33","Jl. Sekeloa Utara No.57","Kota Bandung","Jawa Barat","ID",,"+62 821-2066-6006","Binatu Cucian Kering",,,,,,,,"https://www.google.com/maps/search/?api=1&query=Laundry%20racing%20coin&query_place_id=ChIJbZAYGsznaC4R6lDumkuxHi8","Binatu Cucian Kering"
"SiCepat Ekspres Cibeunying Kidul","1.4","604","Jl. A. Yani No.831","Kota Bandung","Jawa Barat","ID","http://www.sicepat.com/","","Jasa Pengiriman",,,,,,,,"https://www.google.com/maps/search/?api=1&query=SiCepat%20Ekspres%20Cibeunying%20Kidul&query_place_id=ChIJOYNJfJbnaC4RvZficYiVFsk","Jasa Pengiriman"
"JNT CARGO SUKAGALIH","5","1",,,,,,"+62 838-3833-7816","Jasa Pengiriman Kargo","Service establishment",,,,,,,"https://www.google.com/maps/search/?api=1&query=JNT%20CARGO%20SUKAGALIH&query_place_id=ChIJu93DC04tiiwRT08bdnPrPUM","Jasa Pengiriman Kargo"
"DANY BARBERSHOP 1","4.4","38","Jl. Cetarip Barat Jl. Madesa No 40 Blok K","Kota Bandung","Jawa Barat","ID",,"+62 898-7028-514","Tempat Cukur Rambut",,,,,,,,"https://www.google.com/maps/search/?api=1&query=DANY%20BARBERSHOP%201&query_place_id=ChIJe1iWGKPoaC4RFjdH-mGk1qc","Tempat Cukur Rambut"
"The Daddy's Barbershop","4.6","23","Jl. Terusan Buah Batu No.15","Kabupaten Bandung","Jawa Barat","ID",,"","Tempat Cukur Rambut",,,,,,,,"https://www.google.com/maps/search/?api=1&query=The%20Daddy's%20Barbershop&query_place_id=ChIJA2gUCUboaC4RRevrRW-6K2g","Tempat Cukur Rambut"
"Washlab Laundry Cihampelas","4.7","34","Depan Alfa Express, Washlab Laundry Tower B, Washlab Smart Laundry, The Jarrdin Apartment Cihampelas, lantai L (Lobby) No B.38","Kota Bandung","Jawa Barat","ID",,"+62 878-1992-2020","Layanan Binatu",,,,,,,,"https://www.google.com/maps/search/?api=1&query=Washlab%20Laundry%20Cihampelas&query_place_id=ChIJVbJpJHrnaC4RuGrDAzMSN5Q","Layanan Binatu"
"Boys Barbershop ( Premium Barbershop)","4.2","361","Jl. Peta No.120","Kota Bandung","Jawa Barat","ID",,"+62 22 20594381","Tempat Cukur Rambut","Salon Rambut",,,,,,,"https://www.google.com/maps/search/?api=1&query=Boys%20Barbershop%20(%20Premium%20Barbershop)&query_place_id=ChIJQw6WAKPoaC4RG_E-1A7NzDs","Tempat Cukur Rambut"
"AisSpa Salon & Reflexology(Home Service) Bandung","4.9","35","Gg. Pancasila","Kota Bandung","Jawa Barat","ID","https://www.instagram.com/aisspa_salon/","+62 821-2633-6477","Spa pijat",,,,,,,,"https://www.google.com/maps/search/?api=1&query=AisSpa%20Salon%20%26%20Reflexology(Home%20Service)%20Bandung&query_place_id=ChIJYaDTV0jnaC4R-Sr_qdhN2Mw","Spa pijat"
"Anata Salon Arcamanik","4.6","316","Jl. Golf Timur 4 No.20","Kota Bandung","Jawa Barat","ID","https://www.salonanata.com/","+62 22 45720059","Salon Rambut",,,,,,,,"https://www.google.com/maps/search/?api=1&query=Anata%20Salon%20Arcamanik&query_place_id=ChIJJRnOAendaC4RPFAXVzpft3g","Salon Rambut"
"HOLLOWDREAMS BARBERSHOP","5","2","Jl. Kawaluyaan Indah Raya No.41-43","Kota Bandung","Jawa Barat","ID",,"+62 851-7300-3242","Tempat Cukur Rambut",,,,,,,,"https://www.google.com/maps/search/?api=1&query=HOLLOWDREAMS%20BARBERSHOP&query_place_id=ChIJzZA0BlXpaC4RT8GA_4nZC7I","Tempat Cukur Rambut"
"Naufal Laundry","4.6","85","Jl. Ahmad No.9","Kota Bandung","Jawa Barat","ID",,"+62 821-1975-6778","Binatu","Kantor Perusahaan",,,,,,,"https://www.google.com/maps/search/?api=1&query=Naufal%20Laundry&query_place_id=ChIJVRO-s2nmaC4RFxhdq2vO1Qo","Binatu"
"pieters barbershop","4.1","17","Jl. Buah Batu No.47 no. bandung","Kota Bandung","Jawa Barat","ID",,"+62 899-7526-490","Tempat Cukur Rambut",,,,,,,,"https://www.google.com/maps/search/?api=1&query=pieters%20barbershop&query_place_id=ChIJNc6a1oDoaC4RrTjZ5tdaf40","Tempat Cukur Rambut"
"Neng Laundry Express Arcamanik - Laundry Terbaik di Bandung (Express & Cuci Satuan)","4.8","96","Jl. Arcamanik Endah No.87 Blk C","Kota Bandung","Jawa Barat","ID","https://nenglaundry.com/","+62 813-1250-4752","Binatu",,,,,,,,"https://www.google.com/maps/search/?api=1&query=Neng%20Laundry%20Express%20Arcamanik%20-%20Laundry%20Terbaik%20di%20Bandung%20(Express%20%26%20Cuci%20Satuan)&query_place_id=ChIJ3zGZStrdaC4RPZlVP8Vk9u0","Binatu"
"JIM'S BarberShop 2","4.8","322","Jl. Riung Bandung Raya Jl. Raya Cipamokolan No.45","Kota Bandung","Jawa Barat","ID",,"+62 813-2179-4000","Tempat Cukur Rambut",,,,,,,,"https://www.google.com/maps/search/?api=1&query=JIM'S%20BarberShop%202&query_place_id=ChIJPWm16IbCaC4RQVolx7qy3iM","Tempat Cukur Rambut"
"Cuci Bandung - Express Delivery Laundry","5","4","Jl. Jati No.24 Pav","Kota Bandung","Jawa Barat","ID","https://www.cucibandung.com/","+62 899-3033-338","Layanan Binatu","Binatu","Jasa Semir Sepatu",,,,,,"https://www.google.com/maps/search/?api=1&query=Cuci%20Bandung%20-%20Express%20Delivery%20Laundry&query_place_id=ChIJD4eQeZ7naC4RZqplvWx8nG8","Layanan Binatu"
"EXEL BarberShop","4.5","58","Jl. Tata Surya Metro Margahayu Raya No.40","Kota Bandung","Jawa Barat","ID",,"+62 896-6404-0666","Tempat Cukur Rambut",,,,,,,,"https://www.google.com/maps/search/?api=1&query=EXEL%20BarberShop&query_place_id=ChIJ51YjvR_oaC4RxRnzxZa0ijc","Tempat Cukur Rambut"
"Dokter Clean Cibadak | Laundry Express Bandung | Laundry Antar Jemput","4.8","198","Jl. Cibadak No.213-227","Kota Bandung","Jawa Barat","ID",,"+62 813-1343-4367","Layanan Binatu",,,,,,,,"https://www.google.com/maps/search/?api=1&query=Dokter%20Clean%20Cibadak%20%7C%20Laundry%20Express%20Bandung%20%7C%20Laundry%20Antar%20Jemput&query_place_id=ChIJKYjXHeXnaC4RdPQtlFmvggk","Layanan Binatu"
"Cutiecles Nail Studio 1.0 (Dipati Ukur)","5","630","Jl. Dipati Ukur No.29, RT.4/RW.8","Kota Bandung","Jawa Barat","ID","https://www.instagram.com/cutiecles.studio/","+62 859-2175-2267","Salon Kuku",,,,,,,,"https://www.google.com/maps/search/?api=1&query=Cutiecles%20Nail%20Studio%201.0%20(Dipati%20Ukur)&query_place_id=ChIJaZU2yADnaC4RVrWI8wdZBbg","Salon Kuku"
"Bhanda Ghara Reksa. PT Persero","5","1","Jl. Multatuli No.5","Kota Bandung","Jawa Barat","ID",,"+62 22 2502990","Jasa Pengiriman Kargo",,,,,,,,"https://www.google.com/maps/search/?api=1&query=Bhanda%20Ghara%20Reksa.%20PT%20Persero&query_place_id=ChIJOZphKlTmaC4REozXAlKvjh0","Jasa Pengiriman Kargo"
"Jnt cargo area bandung","1","1","Jl. Cihampelas No.86","Kota Bandung","Jawa Barat","ID",,"","Jasa Pengiriman Kargo",,,,,,,,"https://www.google.com/maps/search/?api=1&query=Jnt%20cargo%20area%20bandung&query_place_id=ChIJ3-HHdADnaC4R__HW2IXljOo","Jasa Pengiriman Kargo"
"GK Barbershop","4.8","47","Jl. Martanegara No.56","Kota Bandung","Jawa Barat","ID",,"+62 821-2739-1517","Tempat Cukur Rambut",,,,,,,,"https://www.google.com/maps/search/?api=1&query=GK%20Barbershop&query_place_id=ChIJkb7L_KfpaC4RwsdrZTfT8w8","Tempat Cukur Rambut"
"laundry bandung","4.9","30","Jl. RH Hasan Saputra Raya No.19","Kota Bandung","Jawa Barat","ID",,"","Toko",,,,,,,,"https://www.google.com/maps/search/?api=1&query=laundry%20bandung&query_place_id=ChIJX8kVCwDpaC4Rm08A9Jpae-o","Toko"
"Lion Parcel Surapati Bandung","4.4","77","Jl. Surapati No.93","Kota Bandung","Jawa Barat","ID",,"+62 857-9406-8870","Jasa Pengiriman",,,,,,,,"https://www.google.com/maps/search/?api=1&query=Lion%20Parcel%20Surapati%20Bandung&query_place_id=ChIJbR8X_7LnaC4RrnSEaNDbleA","Jasa Pengiriman"
"PT. Pandu Siwi Sentosa",,,"Komp. Bazar Daarut Tauhiid, Jl. Gegerkalong Girang No.55","Kota Bandung","Jawa Barat","ID",,"+62 856-2222-170","Jasa Pengiriman",,,,,,,,"https://www.google.com/maps/search/?api=1&query=PT.%20Pandu%20Siwi%20Sentosa&query_place_id=ChIJ5fotRrzmaC4RbPJTBgwjY2o","Jasa Pengiriman"
"23Quicklaundry Coin Laundry","4.6","98","Jl. Saturnus Tengah II No.23","Kota Bandung","Jawa Barat","ID","https://23quicklaundry.com/","+62 851-7323-0850","Layanan Binatu",,,,,,,,"https://www.google.com/maps/search/?api=1&query=23Quicklaundry%20Coin%20Laundry&query_place_id=ChIJKaf_Rj3paC4RlIBeIbeVPFE","Layanan Binatu"
"Kingsman Barber Supply","5","20","Jl. Bukit Indah No.105c 166a, RW.Ciumbuleuit","Kota Bandung","Jawa Barat","ID","https://kronik.id/","+62 821-1212-3420","Pemasok Produk Kecantikan","Grosir produk kecantikan",,,,,,,"https://www.google.com/maps/search/?api=1&query=Kingsman%20Barber%20Supply&query_place_id=ChIJSd5m2cbnaC4R6vPHnImEVLY","Pemasok Produk Kecantikan"
"UWA EWOK BARBERSHOP CIKUTRA","4.6","54","Jl. Cikondang No.16","Kota Bandung","Jawa Barat","ID",,"+62 878-2322-0330","Tempat Cukur Rambut",,,,,,,,"https://www.google.com/maps/search/?api=1&query=UWA%20EWOK%20BARBERSHOP%20CIKUTRA&query_place_id=ChIJc-MG9X3naC4RhBp7NWjxMA8","Tempat Cukur Rambut"
"Unna Hair & Beauty School","4.3","101","Jl. Dr. Hatta No.20","Kota Bandung","Jawa Barat","ID",,"+62 22 4204313","Salon Kecantikan",,,,,,,,"https://www.google.com/maps/search/?api=1&query=Unna%20Hair%20%26%20Beauty%20School&query_place_id=ChIJ76dyAbTnaC4RBJxXk00Oh8o","Salon Kecantikan"
"Jasa angkutan barang Bandung","3","2","Jl. Babakan Baru No.48","Kota Bandung","Jawa Barat","ID",,"+62 882-2278-6290","Jasa Kurir",,,,,,,,"https://www.google.com/maps/search/?api=1&query=Jasa%20angkutan%20barang%20Bandung&query_place_id=ChIJF4P-Av7naC4RuRtldaHx5PY","Jasa Kurir"
"SiCepat Ekspres Bandung Sukasari","1.7","12","Jl. Gegerkalong Girang No.25","Kota Bandung","Jawa Barat","ID","https://www.sicepat.com/","+62 21 30205069","Jasa Pengiriman",,,,,,,,"https://www.google.com/maps/search/?api=1&query=SiCepat%20Ekspres%20Bandung%20Sukasari&query_place_id=ChIJ1erZfLLnaC4R6DsCQvCc1Qs","Jasa Pengiriman"
"Retro Trim Barber Studio","5","81","Jl. Batik Kumeli No.72","Kota Bandung","Jawa Barat","ID",,"+62 813-1880-3635","Tempat Cukur Rambut",,,,,,,,"https://www.google.com/maps/search/?api=1&query=Retro%20Trim%20Barber%20Studio&query_place_id=ChIJr5MQAADnaC4Rv_pgVodJ6bk","Tempat Cukur Rambut"
"Alola Nailbar Bandung","4.9","532","Jl. Buah Batu No.252","Kota Bandung","Jawa Barat","ID","https://instagram.com/alolanailbar.bandung?igshid=YmMyMTA2M2Y=","+62 821-1684-5680","Salon Kuku","Salon Kecantikan","Salon bulu mata","Spa","Layanan Waxing untuk Penghilang Rambut",,,,"https://www.google.com/maps/search/?api=1&query=Alola%20Nailbar%20Bandung&query_place_id=ChIJE40scVjpaC4RgCDAKLAiSyc","Salon Kuku"
"Eighty Nine Barbershop","2.9","16","3JMF+M47, Jl. Gudang Utara","Kota Bandung","Jawa Barat","ID",,"","Tempat Cukur Rambut",,,,,,,,"https://www.google.com/maps/search/?api=1&query=Eighty%20Nine%20Barbershop&query_place_id=ChIJJdoAeennaC4R2H1h9-Xrpfs","Tempat Cukur Rambut"
"Yoyong Redhy Salon","4.7","124","Jl. Pajajaran No.139","Kota Bandung","Jawa Barat","ID",,"+62 22 6074166","Salon Kecantikan",,,,,,,,"https://www.google.com/maps/search/?api=1&query=Yoyong%20Redhy%20Salon&query_place_id=ChIJKYihX2vmaC4RTFi09dyxRS4","Salon Kecantikan"
"Indo Express Laundry (Grand Asia Afrika Apartemen)","4.8","39","Area Komersil, Jl. Karapitan No.1 Blok-C3","Kota Bandung","Jawa Barat","ID","http://indolaundry.id/","+62 817-380-210","Layanan Binatu",,,,,,,,"https://www.google.com/maps/search/?api=1&query=Indo%20Express%20Laundry%20(Grand%20Asia%20Afrika%20Apartemen)&query_place_id=ChIJHRtT8dDnaC4RAMHbWiZvc1A","Layanan Binatu"
"Sity Salon","4.6","151","Jl. Sukanagara No.38","Kota Bandung","Jawa Barat","ID",,"+62 22 87273078","Salon Rambut",,,,,,,,"https://www.google.com/maps/search/?api=1&query=Sity%20Salon&query_place_id=ChIJq6qqqvvnaC4RVFLbbFLiQBE","Salon Rambut"
"BG barbershop","4.6","73","Jl. Gegerkalong Tengah No.14b","Kota Bandung","Jawa Barat","ID",,"+62 851-6810-6870","Tempat Cukur Rambut",,,,,,,,"https://www.google.com/maps/search/?api=1&query=BG%20barbershop&query_place_id=ChIJJwXXDA_naC4Ri3KWbk_vOK8","Tempat Cukur Rambut"
"Laundry Sendiri","4.6","36","Jl. Margasari No.28","Kota Bandung","Jawa Barat","ID","https://instagram.com/laundrysendiri","+62 821-2128-1878","Binatu","Pemasok peralatan binatu yang dioperasikan dengan koin","Layanan Persewaan Gudang",,,,,,"https://www.google.com/maps/search/?api=1&query=Laundry%20Sendiri&query_place_id=ChIJeWB63ePpaC4RWM1It1HF6qQ","Binatu"
"Mr Frank barbershop","4.6","46","Jl. Karawitan No.41","Kota Bandung","Jawa Barat","ID",,"+62 821-1583-8625","Tempat Cukur Rambut",,,,,,,,"https://www.google.com/maps/search/?api=1&query=Mr%20Frank%20barbershop&query_place_id=ChIJW04c6HvpaC4RREUn6dkRAaQ","Tempat Cukur Rambut"
"JNT CARGO BANDUNG SURAPATI",,,"Jl. Surapati No.143","Bandung (Kota","Jawa Barat","ID",,"+62 851-1713-7560","Jasa Kurir",,,,,,,,"https://www.google.com/maps/search/?api=1&query=JNT%20CARGO%20BANDUNG%20SURAPATI&query_place_id=ChIJL9I8TMfnaC4R7B2ZrGlOnhM","Jasa Kurir"
"Memori Salon","4.3","439","Jl. Karawitan No.19","Kota Bandung","Jawa Barat","ID",,"+62 22 7300982","Salon Rambut",,,,,,,,"https://www.google.com/maps/search/?api=1&query=Memori%20Salon&query_place_id=ChIJ86p2uGToaC4R2chZSrrOfjU","Salon Rambut"
"BIKERS BARBERSHOP","5","23","Jl. Moch. Toha No.423","Kota Bandung","Jawa Barat","ID","http://www.instagram.com/bikersbarbershop","+62 822-1897-8575","Tempat Cukur Rambut",,,,,,,,"https://www.google.com/maps/search/?api=1&query=BIKERS%20BARBERSHOP&query_place_id=ChIJp6UMXevoaC4RrifaoA7vcqo","Tempat Cukur Rambut"
"Barbershop FIX","5","27","Jl. Sukanagara No.7","Kota Bandung","Jawa Barat","ID",,"+62 856-4320-9219","Tempat Cukur Rambut",,,,,,,,"https://www.google.com/maps/search/?api=1&query=Barbershop%20FIX&query_place_id=ChIJVaxyMqLnaC4RAwhOYmhUMnI","Tempat Cukur Rambut"
"Kireiwash • Kirei Wash & Beyond - Bandung","5","21","Jl. Indrayasa No.92","Kota Bandung","Jawa Barat","ID","http://www.kireiwash.com/","+62 813-1853-5523","Binatu",,,,,,,,"https://www.google.com/maps/search/?api=1&query=Kireiwash%20%E2%80%A2%20Kirei%20Wash%20%26%20Beyond%20-%20Bandung&query_place_id=ChIJGeanv_HpaC4R_6GDpxZ-e9U","Binatu"
"Barbershop By Gustav","4.8","40","Jl. Menado","Kota Bandung","Jawa Barat","ID",,"","Tempat Cukur Rambut",,,,,,,,"https://www.google.com/maps/search/?api=1&query=Barbershop%20By%20Gustav&query_place_id=ChIJPW4lEvjnaC4R2sLkFFrJ0QE","Tempat Cukur Rambut"
"OC Barber Shop","4.6","189","Jl. Purwakarta No.22","Kota Bandung","Jawa Barat","ID",,"+62 858-7753-2222","Tempat Cukur Rambut",,,,,,,,"https://www.google.com/maps/search/?api=1&query=OC%20Barber%20Shop&query_place_id=ChIJ43wJPu_naC4RzwKUbHjWSX4","Tempat Cukur Rambut"
"Pangkas Rambut Utama (Barbershop Versi Garut Murmer)","4.7","48","Jl. Jurang No.7","Kota Bandung","Jawa Barat","ID",,"","Tempat Cukur Rambut",,,,,,,,"https://www.google.com/maps/search/?api=1&query=Pangkas%20Rambut%20Utama%20(Barbershop%20Versi%20Garut%20Murmer)&query_place_id=ChIJpeo4sl_maC4R8jJQKtcnowk","Tempat Cukur Rambut"
"Biya Salon Muslimah","4.6","253","Jl. Kuningan Raya No.76","Kota Bandung","Jawa Barat","ID",,"+62 896-4458-6597","Salon Kecantikan","Toko",,,,,,,"https://www.google.com/maps/search/?api=1&query=Biya%20Salon%20Muslimah&query_place_id=ChIJvetVOu7naC4Rv-lB6YXG2eI","Salon Kecantikan"
"Davin Barbershop","4.2","20","Jl. Inhoftank","Kota Bandung","Jawa Barat","ID",,"+62 838-0722-1132","Tempat Cukur Rambut",,,,,,,,"https://www.google.com/maps/search/?api=1&query=Davin%20Barbershop&query_place_id=ChIJIRKCkpToaC4RvnGgv9xLLk4","Tempat Cukur Rambut"
"Smile Laundry Bandung","4.6","5","Jl. Sersan Surip No.125","Kota Bandung","Jawa Barat","ID",,"+62 856-5912-4840","Binatu",,,,,,,,"https://www.google.com/maps/search/?api=1&query=Smile%20Laundry%20Bandung&query_place_id=ChIJO4scXbjmaC4R8DBvZw0xO1k","Binatu"
"GR Barbershop cabang 1","5","1","depan pt skyline semesta, Jl. Terusan Mulyasari No.3","Kota Bandung","Jawa Barat","ID",,"+62 851-8212-8018","Tempat Cukur Rambut",,,,,,,,"https://www.google.com/maps/search/?api=1&query=GR%20Barbershop%20cabang%201&query_place_id=ChIJDQYPKgDnaC4RBmssTtthdeA","Tempat Cukur Rambut"
"Collars Barber","4.6","161","Jl. Citarum No.12","Kota Bandung","Jawa Barat","ID","http://instagram.com/collarsbarber","+62 812-2143-2834","Tempat Cukur Rambut",,,,,,,,"https://www.google.com/maps/search/?api=1&query=Collars%20Barber&query_place_id=ChIJscq8VXboaC4RRUZYu7Ay17U","Tempat Cukur Rambut"
"Daily Cuts Barbershop","4.5","276","Jl. Aceh No.41","Kota Bandung","Jawa Barat","ID",,"+62 822-2111-3341","Tempat Cukur Rambut",,,,,,,,"https://www.google.com/maps/search/?api=1&query=Daily%20Cuts%20Barbershop&query_place_id=ChIJtb3ZyjnmaC4RjTBqo4oEqvg","Tempat Cukur Rambut"
"KARUHUN BARBER SHOP","4.8","43",,"Kota Bandung","Jawa Barat","ID",,"+62 813-1330-1710","Tempat Cukur Rambut",,,,,,,,"https://www.google.com/maps/search/?api=1&query=KARUHUN%20BARBER%20SHOP&query_place_id=ChIJA-4RY3vnaC4RdfFAQbDt-aE","Tempat Cukur Rambut"
"GM STUDIO BARBERSHOP 2","4.7","44","Jl. Sindangsari No.7, RT.01","Kota Bandung","Jawa Barat","ID",,"+62 813-3290-3622","Tempat Cukur Rambut",,,,,,,,"https://www.google.com/maps/search/?api=1&query=GM%20STUDIO%20BARBERSHOP%202&query_place_id=ChIJ5XX4gk_daC4R8anKyzK29R4","Tempat Cukur Rambut"
"Three Brothers Laundry - Ciumbuleuit","3.8","48","Jl. Ciumbuleuit No.25","Kota Bandung","Jawa Barat","ID",,"+62 895-3299-19908","Binatu Cucian Kering","Binatu","Layanan Binatu",,,,,,"https://www.google.com/maps/search/?api=1&query=Three%20Brothers%20Laundry%20-%20Ciumbuleuit&query_place_id=ChIJ0_OudUznaC4RyF_PdGqWVz8","Binatu Cucian Kering"
"Aero Clean Laundry Cikutra","4","12","Jl. Cikutra Barat No.100","Kota Bandung","Jawa Barat","ID","http://aerocleanlaundry.com/","+62 811-2292-100","Layanan Binatu",,,,,,,,"https://www.google.com/maps/search/?api=1&query=Aero%20Clean%20Laundry%20Cikutra&query_place_id=ChIJHQHZ57nnaC4RtjGv_UcJdKY","Layanan Binatu"
"Neo salon","4.2","254","Jl. Ciwastra No.275A","Kota Bandung","Jawa Barat","ID",,"+62 22 4237310","Salon Kecantikan",,,,,,,,"https://www.google.com/maps/search/?api=1&query=Neo%20salon&query_place_id=ChIJyWyHnynoaC4RJLWxszA8kCc","Salon Kecantikan"
"Sablon percetakan asep",,,"belakang komplek gaharu, Kp sukamaju Babakan, Belakang komplek gaharu Gg. Merpati III No.blok","Kota Bandung","Jawa Barat","ID",,"+62 821-2130-0091","Toko Sablon",,,,,,,,"https://www.google.com/maps/search/?api=1&query=Sablon%20percetakan%20asep&query_place_id=ChIJLVFpdOHnaC4RsESDwB_txNE","Toko Sablon"
"TAMPAN HAIRCUT GEGERKALONG","4.9","498","Jl. Gegerkalong Tengah No.64","Kota Bandung","Jawa Barat","ID",,"+62 896-5444-3345","Tempat Cukur Rambut",,,,,,,,"https://www.google.com/maps/search/?api=1&query=TAMPAN%20HAIRCUT%20GEGERKALONG&query_place_id=ChIJWbb7QWDnaC4RdJhZrYMWq-s","Tempat Cukur Rambut"
"Undangan Bandung (CUBICARDS)","5","25","Plang Masjid Al Ikhlas, Gg. Layung II Jl. Padasuka, Belakang Rumah No.186, RT.01/RW.03","Kota Bandung","Jawa Barat","ID",,"+62 857-2386-4487","Layanan Percetakan Undangan",,,,,,,,"https://www.google.com/maps/search/?api=1&query=Undangan%20Bandung%20(CUBICARDS)&query_place_id=ChIJdU6Hz4TnaC4R181DvY4fzAw","Layanan Percetakan Undangan"
"SUMA Barber","4.7","1073","Jl. Sindang Sirna No.21","Kota Bandung","Jawa Barat","ID",,"+62 877-2524-1193","Tempat Cukur Rambut",,,,,,,,"https://www.google.com/maps/search/?api=1&query=SUMA%20Barber&query_place_id=ChIJw1OM_YXnaC4RI13oA0fJpUE","Tempat Cukur Rambut"
"TLX (Kirim Paket Ke Luar Negeri)","4.7","203","Jl. Prof. Dr. Sutami No.96","Kota Bandung","Jawa Barat","ID","https://www.tlx.co.id/","+62 813-2230-0021","Eksportir","Jasa Kurir","Perusahaan Ekspor-Impor",,,,,,"https://www.google.com/maps/search/?api=1&query=TLX%20(Kirim%20Paket%20Ke%20Luar%20Negeri)&query_place_id=ChIJdbFcIJfnaC4RMxCy_KRtF9I","Eksportir"
"Jois Salon Turangga","4.4","222","Jl. Martanegara No.68 b","Kota Bandung","Jawa Barat","ID","https://www.instagram.com/jois_turangga?igsh=MWpidjdmd2ptOTNpMg==","+62 813-9401-0015","Salon Kecantikan",,,,,,,,"https://www.google.com/maps/search/?api=1&query=Jois%20Salon%20Turangga&query_place_id=ChIJWTmsEXfoaC4RcfIu3uWYw_g","Salon Kecantikan"
"Anugrah Prima","4.5","165","Jl. Dipati Ukur No.231","Kota Bandung","Jawa Barat","ID",,"+62 811-2097-775","Printer Digital",,,,,,,,"https://www.google.com/maps/search/?api=1&query=Anugrah%20Prima&query_place_id=ChIJd6fPdlTmaC4RjSS06RNOwuA","Printer Digital"
"Indah Logistik Cargo Gegerkalong-Bandung","4.7","92","Jl. Sukaresmi No.9","Kota Bandung","Jawa Barat","ID",,"+62 897-6335-383","Jasa Pengiriman",,,,,,,,"https://www.google.com/maps/search/?api=1&query=Indah%20Logistik%20Cargo%20Gegerkalong-Bandung&query_place_id=ChIJuUrP7D7naC4RWUuvkrYPbhM","Jasa Pengiriman"
"Hairhouse Barbershop","4.9","34","Jl.Sriwijaya,Gg Babakan Priangan 3 no 24 RT02/RW01 Ke","Kota Bandung","Jawa Barat","ID","https://widget.zenwel.com/348553068/hairhouse-barbershop?lang=id","+62 819-888-058","Tempat Cukur Rambut",,,,,,,,"https://www.google.com/maps/search/?api=1&query=Hairhouse%20Barbershop&query_place_id=ChIJvXLrJNjpaC4RkqGy5izIA3c","Tempat Cukur Rambut"
"Percetakan dan Fotocopy Pak Iskandar",,,"4J93+6VJ, Gg. H. Durahim","Kota Bandung","Jawa Barat","ID",,"","Toko Percetakan",,,,,,,,"https://www.google.com/maps/search/?api=1&query=Percetakan%20dan%20Fotocopy%20Pak%20Iskandar&query_place_id=ChIJE4mWFgDnaC4RqYu-Mb0vtRs","Toko Percetakan"
"Ekspedisi Cargo","5","1","Jl. Sukagalih II No.18D","Kota Bandung","Jawa Barat","ID",,"+62 821-1677-1972","Perusahaan Ekspedisi",,,,,,,,"https://www.google.com/maps/search/?api=1&query=Ekspedisi%20Cargo&query_place_id=ChIJAQ5qTGfmaC4RsnpYL7MjUSQ","Perusahaan Ekspedisi"
"Rajawali Barbershop","4.6","107","Jl. Rajawali Timur No.24","Kota Bandung","Jawa Barat","ID",,"+62 812-2494-9696","Tempat Cukur Rambut",,,,,,,,"https://www.google.com/maps/search/?api=1&query=Rajawali%20Barbershop&query_place_id=ChIJpVApsxHmaC4RLYB53S-r1oo","Tempat Cukur Rambut"
"La Rise Salon","4.6","64","Jl. Paledang No.91","Kota Bandung","Jawa Barat","ID",,"+62 812-9500-1323","Salon Kecantikan",,,,,,,,"https://www.google.com/maps/search/?api=1&query=La%20Rise%20Salon&query_place_id=ChIJSWBbySvmaC4RciWY7VWnnSs","Salon Kecantikan"
"Barbershop Andy","4.2","64","Jl. Palasari No.52","Kota Bandung","Jawa Barat","ID",,"+62 813-2035-9567","Tempat Cukur Rambut",,,,,,,,"https://www.google.com/maps/search/?api=1&query=Barbershop%20Andy&query_place_id=ChIJLU2lA37oaC4RYINOzaUvcLE","Tempat Cukur Rambut"
"Otw Kasep Barbershop","4.7","90","Jl. Cibadak No.205","Kota Bandung","Jawa Barat","ID","http://www.instagram.com/otw.kasepbarbershop","+62 859-5993-3636","Tempat Cukur Rambut",,,,,,,,"https://www.google.com/maps/search/?api=1&query=Otw%20Kasep%20Barbershop&query_place_id=ChIJ_2UIsYLnaC4R_GdVU2wJErw","Tempat Cukur Rambut"
"YADI BARBERSHOP BIMA","4.6","274","Jl. Bima No.8","Kota Bandung","Jawa Barat","ID",,"+62 822-1825-0569","Tempat Cukur Rambut",,,,,,,,"https://www.google.com/maps/search/?api=1&query=YADI%20BARBERSHOP%20BIMA&query_place_id=ChIJw5fPsxXmaC4R5T7-3Uxv3ow","Tempat Cukur Rambut"
"G Barbershop Antapani","5","157","Jl. Purwakarta No.124","Kota Bandung","Jawa Barat","ID","https://linktr.ee/gbarbershop","+62 811-1100-1004","Tempat Cukur Rambut",,,,,,,,"https://www.google.com/maps/search/?api=1&query=G%20Barbershop%20Antapani&query_place_id=ChIJwTwLR6LnaC4RD-IkOxA_yWc","Tempat Cukur Rambut"
"Blackbox Barbershop Bandung","4.4","80","Jl. Tulip XI No.1","Kota Bandung","Jawa Barat","ID","https://blackboxindonesia.com/","+62 821-2938-0008","Tempat Cukur Rambut",,,,,,,,"https://www.google.com/maps/search/?api=1&query=Blackbox%20Barbershop%20Bandung&query_place_id=ChIJqTXuGyLoaC4Rt__5bzfqA_Y","Tempat Cukur Rambut"
"Sachi Salon","4","31","Jl. Setrasari III No.2A","Kota Bandung","Jawa Barat","ID",,"+62 22 20277817","Salon Kecantikan",,,,,,,,"https://www.google.com/maps/search/?api=1&query=Sachi%20Salon&query_place_id=ChIJnzeg1Y_maC4RfI4C348Cvgo","Salon Kecantikan"
"Rekka Barber - Palasari","4.9","174","@ HighrollersPoint, Jl. Palasari No.45","Kota Bandung","Jawa Barat","ID",,"+62 857-2223-5288","Tempat Cukur Rambut","Toko Peralatan Pangkas Rambut","Penata Rambut",,,,,,"https://www.google.com/maps/search/?api=1&query=Rekka%20Barber%20-%20Palasari&query_place_id=ChIJ55uDKALpaC4Ror1RU8os85E","Tempat Cukur Rambut"
"Bubble Laundry","4.7","19","Jl. Kebon Bibit No.9","Kota Bandung","Jawa Barat","ID",,"+62 821-2729-1776","Layanan Binatu",,,,,,,,"https://www.google.com/maps/search/?api=1&query=Bubble%20Laundry&query_place_id=ChIJGUlELkXmaC4RzzX62MHWwNs","Layanan Binatu"
"Strawberry Salon Gatsu (Beauty Bar)","3.9","111","Jl. Gatot Subroto No.309","Kota Bandung","Jawa Barat","ID",,"+62 877-7844-7072","Salon Rambut","Salon Kecantikan",,,,,,,"https://www.google.com/maps/search/?api=1&query=Strawberry%20Salon%20Gatsu%20(Beauty%20Bar)&query_place_id=ChIJ9XCSa3boaC4R8wfPo7tnsyI","Salon Rambut"
"G Barbershop Lodaya","5","14","Jl. Lodaya No.103","Kota Bandung","Jawa Barat","ID","https://linktr.ee/gbarbershop","+62 877-4535-0693","Tempat Cukur Rambut",,,,,,,,"https://www.google.com/maps/search/?api=1&query=G%20Barbershop%20Lodaya&query_place_id=ChIJoYXOXP_paC4RBvzbHdiOCPc","Tempat Cukur Rambut"
"La Maison Salon by Renata","5","6","Jl. Aipda. KS. Tubun No.46, RT./RW/RW.: 03","Kota Bandung","Jawa Barat","ID",,"+62 811-2435-758","Salon Rambut",,,,,,,,"https://www.google.com/maps/search/?api=1&query=La%20Maison%20Salon%20by%20Renata&query_place_id=ChIJR5839s3naC4RF6Gr0Sx7JqA","Salon Rambut"
"Sikasep Barbershop","4.7","152",,"Kota Bandung","Jawa Barat","ID",,"+62 812-8186-2000","Tempat Cukur Rambut",,,,,,,,"https://www.google.com/maps/search/?api=1&query=Sikasep%20Barbershop&query_place_id=ChIJTZ4dWD7DaC4RaXmzYNpThxM","Tempat Cukur Rambut"
"KAKA BARBERSHOP HAIRCUT & SHAVE","4.4","264","Jl. Venus Raya Metro, Margahayu Raya No.10","Kota Bandung","Jawa Barat","ID",,"+62 22 7562625","Tempat Cukur Rambut",,,,,,,,"https://www.google.com/maps/search/?api=1&query=KAKA%20BARBERSHOP%20HAIRCUT%20%26%20SHAVE&query_place_id=ChIJMeDEwB3oaC4RHybpeznkCpc","Tempat Cukur Rambut"
"KICK HEAD BARBERSHOP","4.6","55","Jl. Ciganitri Mukti VI No.20","Kota Bandung","Jawa Barat","ID",,"+62 812-2236-0537","Tempat Cukur Rambut",,,,,,,,"https://www.google.com/maps/search/?api=1&query=KICK%20HEAD%20BARBERSHOP&query_place_id=ChIJm1jMRIHpaC4Rmi3Uy0EJC6c","Tempat Cukur Rambut"
"JPBAI BANDUNG","4.9","48","8,7 km, Jl. Gagak dalam II No.277","Kota Bandung","Jawa Barat","ID",,"+62 895-0856-4340","Perusahaan Ekspedisi",,,,,,,,"https://www.google.com/maps/search/?api=1&query=JPBAI%20BANDUNG&query_place_id=ChIJS5754UvnaC4R6ySxkGAGkg4","Perusahaan Ekspedisi"
"Diyani Salon ( Hair & Beauty )","4.3","4","Jl. Pelesiran No.75","Kota Bandung","Jawa Barat","ID",,"+62 857-9460-4645","Salon Rambut",,,,,,,,"https://www.google.com/maps/search/?api=1&query=Diyani%20Salon%20(%20Hair%20%26%20Beauty%20)&query_place_id=ChIJ3VSaYkTnaC4RgJj65uzxvSE","Salon Rambut"
"Percetakan Kafi Design","5","3","Pinggir mesjid Miftahul Khoir, Gg. Pa Elas No.2","Kota Bandung","Jawa Barat","ID",,"+62 838-2102-3902","Layanan cetak digital",,,,,,,,"https://www.google.com/maps/search/?api=1&query=Percetakan%20Kafi%20Design&query_place_id=ChIJxZNQ9RvnaC4REE9YTzc5KS0","Layanan cetak digital"
"IRUKA Pet Aesthetic Bandung","4.8","64","Jl. Setrasari Kulon I No.3","Kota Bandung","Jawa Barat","ID","https://iloveiruka.com/","+62 819-5117-744","Salon Hewan Peliharaan",,,,,,,,"https://www.google.com/maps/search/?api=1&query=IRUKA%20Pet%20Aesthetic%20Bandung&query_place_id=ChIJqxTuoVznaC4R225zHB9apKI","Salon Hewan Peliharaan"
"StyleUp Salon - Style Up hair design n esthetic","4.8","46","Jl. Astina No.14","Kota Bandung","Jawa Barat","ID",,"+62 877-3555-8000","Salon Rambut","Tempat Cukur Rambut","Salon Kecantikan",,,,,,"https://www.google.com/maps/search/?api=1&query=StyleUp%20Salon%20-%20Style%20Up%20hair%20design%20n%20esthetic&query_place_id=ChIJDVCzX2rmaC4RHfI3lhNBwBk","Salon Rambut"
"Jasa Angkutan Barang - Alvo Putra Ekspedisi","5","66","Jl. Tm. Cibeunying Sel.","Kota Bandung","Jawa Barat","ID",,"+62 812-2474-3510","Jasa Pengiriman",,,,,,,,"https://www.google.com/maps/search/?api=1&query=Jasa%20Angkutan%20Barang%20-%20Alvo%20Putra%20Ekspedisi&query_place_id=ChIJs1-yT6bpaC4RdFuXOFrTeh8","Jasa Pengiriman"
"Barber Shop Anang","5","26","Jl. Ciwastra No.63","Kota Bandung","Jawa Barat","ID",,"+62 813-2039-4124","Tempat Cukur Rambut",,,,,,,,"https://www.google.com/maps/search/?api=1&query=Barber%20Shop%20Anang&query_place_id=ChIJVVU4ADDoaC4RMfUEqZItGPU","Tempat Cukur Rambut"
"YOPIE Salon Ciwalk","3.4","95","Cihampelas Walk, Jl. Cihampelas No.160 Lt 1","Kota Bandung","Jawa Barat","ID",,"+62 857-9440-2642","Salon Kecantikan",,,,,,,,"https://www.google.com/maps/search/?api=1&query=YOPIE%20Salon%20Ciwalk&query_place_id=ChIJG96_w1vmaC4Rxf9i5gECkrU","Salon Kecantikan"
"BANDUNG UNIPRO",,,"Jl. Sadang Tengah I No.1","Kota Bandung","Jawa Barat","ID",,"+62 857-2321-7454","Pemasok Pakaian","Toko Pakaian","Toko Sablon","Perusahaan jahit",,,,,"https://www.google.com/maps/search/?api=1&query=BANDUNG%20UNIPRO&query_place_id=ChIJ0QCd4VPnaC4R5l9JT5zs40c","Pemasok Pakaian"
"Bewara Laundry","5","12","Gg. H.Moch.Tabri No.78/65","Kota Bandung","Jawa Barat","ID",,"+62 851-2106-6046","Layanan Binatu",,,,,,,,"https://www.google.com/maps/search/?api=1&query=Bewara%20Laundry&query_place_id=ChIJy9wfdQTnaC4RmDKAzOlxIs4","Layanan Binatu"
"Jakarta Coin Laundry Gegerkalong Hilir","4.3","87","Jl. Gegerkalong Hilir No.50B","Kota Bandung","Jawa Barat","ID",,"","Binatu",,,,,,,,"https://www.google.com/maps/search/?api=1&query=Jakarta%20Coin%20Laundry%20Gegerkalong%20Hilir&query_place_id=ChIJHdshs1nnaC4REjz_onhIxqs","Binatu"
"RGX'S Barber Shop","4.3","141","Jl. Ciumbuleuit No.95 E","Kota Bandung","Jawa Barat","ID",,"+62 22 82068428","Tempat Cukur Rambut",,,,,,,,"https://www.google.com/maps/search/?api=1&query=RGX'S%20Barber%20Shop&query_place_id=ChIJjd-W7mXnaC4RHJvqNR8Dt3A","Tempat Cukur Rambut"
"JIM'S® Barbershop","4.7","504","Jl. Jupiter Barat IV No.1","Kota Bandung","Jawa Barat","ID","http://www.instagram.com/jims_barbershop","+62 813-2179-4000","Tempat Cukur Rambut","Salon Rambut",,,,,,,"https://www.google.com/maps/search/?api=1&query=JIM'S%C2%AE%20Barbershop&query_place_id=ChIJFxtcfn3oaC4RJbKWUtyMVfU","Tempat Cukur Rambut"
"Mustika Barbershop","4.7","86","Jl. Ciwastra Jl. Rancasawo No.329 A","Kota Bandung","Jawa Barat","ID",,"+62 857-2454-4449","Tempat Cukur Rambut",,,,,,,,"https://www.google.com/maps/search/?api=1&query=Mustika%20Barbershop&query_place_id=ChIJabXKJoLCaC4R68QyoQWzJOI","Tempat Cukur Rambut"
"Percetakan Ar-Rasyid sanjaya",,,,,,,,"+62 878-5748-5242","Toko Percetakan","Service establishment",,,,,,,"https://www.google.com/maps/search/?api=1&query=Percetakan%20Ar-Rasyid%20sanjaya&query_place_id=ChIJL-7kSaPhVikRqnC1mcIvDuA","Toko Percetakan"
"Jakarta Coin Laundry Sederhana","4.3","99","Jl. Sederhana No.11","Kota Bandung","Jawa Barat","ID",,"","Binatu",,,,,,,,"https://www.google.com/maps/search/?api=1&query=Jakarta%20Coin%20Laundry%20Sederhana&query_place_id=ChIJwwjEedfnaC4RpCeXDWicrzU","Binatu"
"SECTION COMPLEMENT","4.9","408","Jl. Ambon No.11a","Kota Bandung","Jawa Barat","ID",,"+62 821-1532-2024","Tempat Cukur Rambut",,,,,,,,"https://www.google.com/maps/search/?api=1&query=SECTION%20COMPLEMENT&query_place_id=ChIJrVcoZADnaC4RRh9Zt-rgbvw","Tempat Cukur Rambut"
"TriJaya BarberShop","4.4","13","Jl. Gudang Selatan No.83","Kota Bandung","Jawa Barat","ID",,"+62 822-8922-2953","Tempat Cukur Rambut",,,,,,,,"https://www.google.com/maps/search/?api=1&query=TriJaya%20BarberShop&query_place_id=ChIJ372nmHvnaC4R0tiVeQ7PJV8","Tempat Cukur Rambut"
"(AYU SALON HAIR STYLIST)","5","21","3JHF+7H2, Jl. Cipaera","Kota Bandung","Jawa Barat","ID",,"+62 821-1997-9963","Salon Rambut",,,,,,,,"https://www.google.com/maps/search/?api=1&query=(AYU%20SALON%20HAIR%20STYLIST)&query_place_id=ChIJv4IN7ovnaC4RmrSM7uiwnB4","Salon Rambut"
"Mr Logay Barbershop","4.6","125","Jl. Karawitan No.16","Kota Bandung","Jawa Barat","ID","https://www.instagram.com/barberlogaybdg/profilecard/?igsh=MXQ2a2d0bWt2Yjd5Yg==","+62 811-2237-070","Tempat Cukur Rambut",,,,,,,,"https://www.google.com/maps/search/?api=1&query=Mr%20Logay%20Barbershop&query_place_id=ChIJE-1nb0npaC4RnXWEG9Ew-es","Tempat Cukur Rambut"
"Kaka Barber Shop Antapani","4.4","561","Jl. Kuningan Raya No.2","Kota Bandung","Jawa Barat","ID",,"+62 22 7218713","Tempat Cukur Rambut","Salon Rambut",,,,,,,"https://www.google.com/maps/search/?api=1&query=Kaka%20Barber%20Shop%20Antapani&query_place_id=ChIJT-P89vDnaC4ROn4TPxI9S3Y","Tempat Cukur Rambut"
"Baihaqi Barbershop","4.6","95","Jl. Rajamantri Wetan No.5","Kota Bandung","Jawa Barat","ID",,"+62 813-8191-6171","Tempat Cukur Rambut",,,,,,,,"https://www.google.com/maps/search/?api=1&query=Baihaqi%20Barbershop&query_place_id=ChIJoYP6SK3laC4Rp56Co7XBnCM","Tempat Cukur Rambut"
"Kang Jastip Bandung","5","6","Jl. Bagusrangin 2 No.113/50, RT.05/RW.07","Kota Bandung","Jawa Barat","ID","http://linktr.ee/kangjastipbdg","+62 821-2614-2545","Jasa Pengiriman Kargo",,,,,,,,"https://www.google.com/maps/search/?api=1&query=Kang%20Jastip%20Bandung&query_place_id=ChIJPVIREgDnaC4RJW_EZWcsdEU","Jasa Pengiriman Kargo"
"Heel Salon","4.7","36","Jl. Siti Munigar No.25","Kota Bandung","Jawa Barat","ID",,"+62 812-2465-6849","Salon Kecantikan",,,,,,,,"https://www.google.com/maps/search/?api=1&query=Heel%20Salon&query_place_id=ChIJw79o8ZToaC4RI9hAmT_17YU","Salon Kecantikan"
"Barber Shop 808","4.3","264","Jln. Terusan Ciwastra No.105","Kota Bandung","Jawa Barat","ID",,"+62 858-7144-9804","Tempat Cukur Rambut",,,,,,,,"https://www.google.com/maps/search/?api=1&query=Barber%20Shop%20808&query_place_id=ChIJtXgd0z3DaC4Rn2unLTRiiVw","Tempat Cukur Rambut"
"Barbershop tedz's hair studio","4.7","41","Jl. Merdeka No.64","Kota Bandung","Jawa Barat","ID","https://www.instagram.com/tedzs_haircuts?igsh=MXdxbHg3c3M5d2E2YQ==","+62 895-3336-77770","Tempat Cukur Rambut",,,,,,,,"https://www.google.com/maps/search/?api=1&query=Barbershop%20tedz's%20hair%20studio&query_place_id=ChIJAbEgm7znaC4RKIQOaomLk5s","Tempat Cukur Rambut"
"INDAH CARGO DAGO BANDUNG","5","6","Jl. Ir. H. Juanda No.320","Kota Bandung","Jawa Barat","ID",,"+62 813-1731-7628","Jasa Pengiriman",,,,,,,,"https://www.google.com/maps/search/?api=1&query=INDAH%20CARGO%20DAGO%20BANDUNG&query_place_id=ChIJZTFegP7naC4Rk-fYJFOuuPc","Jasa Pengiriman"
"GrandG Barber Shop & Piercing - Hair Studio (Gudang Utara, Bandung)","4.7","119","Jl. Gudang Utara No.27","Kota Bandung","Jawa Barat","ID","https://www.instagram.com/grandbarber_piercing?igsh=eXE2eG1xcmF2NWJt","+62 813-2483-3811","Tempat Cukur Rambut","Toko Tindik","Jasa Tindik Telinga","Salon Rambut","Penata Rambut",,,,"https://www.google.com/maps/search/?api=1&query=GrandG%20Barber%20Shop%20%26%20Piercing%20-%20Hair%20Studio%20(Gudang%20Utara%2C%20Bandung)&query_place_id=ChIJp5EsXwDnaC4Rk3TY-HN3lEc","Tempat Cukur Rambut"
"Karin's Salon","4.7","117","Karins salon, Jl. Pasirluyu No.40","Kota Bandung","Jawa Barat","ID",,"+62 821-2179-6538","Salon Kecantikan","Salon Rambut",,,,,,,"https://www.google.com/maps/search/?api=1&query=Karin's%20Salon&query_place_id=ChIJu497YYjoaC4RbqbcHhmwbKA","Salon Kecantikan"
"JASA ANGKUTAN BARANG BANDUNG","4.6","19","Gg. Kubang Sari VII No.22","Kota Bandung","Jawa Barat","ID",,"+62 852-7471-4525","Layanan pindahan","Jasa Pengiriman Kargo","Layanan Pengangkut Piano",,,,,,"https://www.google.com/maps/search/?api=1&query=JASA%20ANGKUTAN%20BARANG%20BANDUNG&query_place_id=ChIJUwYxoFXmaC4RtKqcX9331Uw","Layanan pindahan"
"Percetakan Rilsa",,,"Jl. Jatihandap No.269","Kota Bandung","Jawa Barat","ID",,"+62 898-6133-431","Pemasok peralatan percetakan",,,,,,,,"https://www.google.com/maps/search/?api=1&query=Percetakan%20Rilsa&query_place_id=ChIJX-iN58znaC4RATY2FIk7zbQ","Pemasok peralatan percetakan"
