title;totalScore;reviewsCount;street;city;state;countryCode;website;phone;categories/0;categories/1;categories/2;categories/3;categories/4;categories/5;categories/6;categories/7;categories/8;categories/9;url;categoryName;;;;;
Toko Sembako Mas Gito;;;Jl. Bojong Awi Kaler No.83, RT.03/RW.03;Kota Bandung;Jawa Barat;ID;;+62 813-2486-0776;Grosir Barang Kelontong;;;;;;;;;;https://www.google.com/maps/search/?api=1&query=Toko%20Sembako%20Mas%20Gito&query_place_id=ChIJETwdcWXdaC4Rob20jHXkFAY;Grosir Barang Kelontong;;;;;
AHS GANIS;5;2;3M3M+9C7, Jl. Riung Purna I;Kota Bandung;Jawa Barat;ID;;;Toko Kelontong Asia;;;;;;;;;;https://www.google.com/maps/search/?api=1&query=AHS%20GANIS&query_place_id=ChIJww2cZwDDaC4RVKMm8LYtFgM;Toko Kelontong Asia;;;;;
Toko Tata;4.6;47;Jl. Ciwastra No.263;Kota Bandung;Jawa Barat;ID;;+62 878-2336-6457;Ahli tembakau;;;;;;;;;;https://www.google.com/maps/search/?api=1&query=Toko%20Tata&query_place_id=ChIJQScQOynoaC4RbASWqpi2Ot8;Ahli tembakau;;;;;
Alfamart Griya Cempaka Arum;4.2;134;Perum. Griya Cempaka Arum Blok D01 No 25 Rt 04 Rw 07 Kel Cimencrang, Ds;Kota Bandung;Jawa Tengah;ID;;;Minimarket;ATM;Toko Swalayan;;;;;;;;https://www.google.com/maps/search/?api=1&query=Alfamart%20Griya%20Cempaka%20Arum&query_place_id=ChIJIbNCS_vCaC4R4rMmGvlAkTs;Minimarket;;;;;
Joy Kelontong;;;;;;;;+62 895-3347-03660;Toko Kelontong Asia;Service establishment;;;;;;;;;https://www.google.com/maps/search/?api=1&query=Joy%20Kelontong&query_place_id=ChIJddxdQ3jnaC4RdHu-r-SRmfM;Toko Kelontong Asia;;;;;
Nasi Kuning (depan masjid Al Muhajir) A2 no. 1;4.8;4;Blok A2, Komp. Bumi Panyileukan Jalan Panineungan II No.1;Kota Bandung;Jawa Barat;ID;;;Warung nasi;Toko Kelontong Asia;;;;;;;;;https://www.google.com/maps/search/?api=1&query=Nasi%20Kuning%20(depan%20masjid%20Al%20Muhajir)%20A2%20no.%201&query_place_id=ChIJy-1k2tjCaC4R5qWEOMwxFj0;Warung nasi;;;;;
Warung seblak mamah bella;;;Jl. Golf Raya Gg. H Sobana, RT.4/RW.3;Kota Bandung;Jawa Barat;ID;;+62 895-0771-4554;Toko Kelontong Asia;;;;;;;;;;https://www.google.com/maps/search/?api=1&query=Warung%20seblak%20mamah%20bella&query_place_id=ChIJty-gt1PdaC4R0W7Qxh1DXFM;Toko Kelontong Asia;;;;;
TOKO SALWA;4.4;21;Jl. Desa Cipadung No.47A;Kota Bandung;Jawa Barat;ID;;;Toko outlet;Toko Swalayan;;;;;;;;;https://www.google.com/maps/search/?api=1&query=TOKO%20SALWA&query_place_id=ChIJf9cE9dXCaC4RUNiAXLceiqQ;Toko outlet;;;;;
Warung Mitra Sejati;5;1;3MG7+JQG, Jl. Cibodas Raya;Kota Bandung;Jawa Barat;ID;;+62 22 70713329;Warung Makanan Kecil;;;;;;;;;;https://www.google.com/maps/search/?api=1&query=Warung%20Mitra%20Sejati&query_place_id=ChIJrTRxXvnnaC4RuXT6rzMIkls;Warung Makanan Kecil;;;;;
Warung Sehat 1000 Kebun;4.8;194;Jl. Golf Bar. XIII No.11;Kota Bandung;Jawa Barat;ID;;+62 851-7200-9036;Toko Makanan Alami;Toko Swalayan;;;;;;;;;https://www.google.com/maps/search/?api=1&query=Warung%20Sehat%201000%20Kebun&query_place_id=ChIJ6ebnJlTdaC4Ry8UMfudPfLE;Toko Makanan Alami;;;;;
Toko Gin-Gin dan Kosan;3.8;14;Jl. AH. Nasution No.300;Kota Bandung;Jawa Barat;ID;;+62 812-9988-0300;Pondok;Toko Makanan;;;;;;;;;https://www.google.com/maps/search/?api=1&query=Toko%20Gin-Gin%20dan%20Kosan&query_place_id=ChIJO6QVtdfCaC4Rfkc3Hbied_I;Pondok;;;;;
UD. Yayah. S;3;2;Los Ps. Eceran Gede Bage, Jl. Soekarno-Hatta Blok TU No. 491;Kota Bandung;Jawa Barat;ID;;+62 819-3200-7277;Toko Kelontong India;;;;;;;;;;https://www.google.com/maps/search/?api=1&query=UD.%20Yayah.%20S&query_place_id=ChIJZQ9kTM_CaC4Rgaol2SsYWSY;Toko Kelontong India;;;;;
Warung Lisna;;;Jalan Sadaria No.93, RT.03/RW.05;Kota Bandung;Jawa Barat;ID;;+62 821-1248-7245;Minimarket;;;;;;;;;;https://www.google.com/maps/search/?api=1&query=Warung%20Lisna&query_place_id=ChIJtzF27dLcaC4RRw5PcRCcUWo;Minimarket;;;;;
Warung Sembako Irrawadie;;;Jl. Senam Indah I No.4;Kota Bandung;Jawa Barat;ID;;+62 822-4246-6465;Toko Kelontong Asia;;;;;;;;;;https://www.google.com/maps/search/?api=1&query=Warung%20Sembako%20Irrawadie&query_place_id=ChIJ4UF2YWrnaC4RVa1xWhIgAkQ;Toko Kelontong Asia;;;;;
Warung Arif;5;1;Jl. Embah Jaksa Gg. Pesantren IV No.71, RT.004/RW.001;Kota Bandung;Jawa Barat;ID;;+62 898-4596-330;Toko;;;;;;;;;;https://www.google.com/maps/search/?api=1&query=Warung%20Arif&query_place_id=ChIJuR_iodjDaC4RH_I2Avtf2cA;Toko;;;;;
Warung riky45;;;Jl. Parakansaat ll Gg. Bah Idrus No.45;Kota Bandung;Jawa Barat;ID;;;Toko Kelontong Asia;;;;;;;;;;https://www.google.com/maps/search/?api=1&query=Warung%20riky45&query_place_id=ChIJMRlg3wXDaC4R335Fm2PxsLs;Toko Kelontong Asia;;;;;
Toko Madinah;4.9;10;3P88+8QF, Jl. Raya Cipadung;Kota Bandung;Jawa Barat;ID;;+62 822-9564-8399;Minimarket;;;;;;;;;;https://www.google.com/maps/search/?api=1&query=Toko%20Madinah&query_place_id=ChIJaXQUBijDaC4RAsZ2sJI61SY;Minimarket;;;;;
Toko hana;4.5;8;3P47+RRH, Jalan Raya;Kota Bandung;Jawa Barat;ID;;;Pusat Perbelanjaan;;;;;;;;;;https://www.google.com/maps/search/?api=1&query=Toko%20hana&query_place_id=ChIJS_dK7PvDaC4RcjDGcUdIB5c;Pusat Perbelanjaan;;;;;
Toko Sumiati;4.5;2;3PG9+JVJ, Jl. Desa Cipadung;Kota Bandung;Jawa Barat;ID;;;Toko;;;;;;;;;;https://www.google.com/maps/search/?api=1&query=Toko%20Sumiati&query_place_id=ChIJ0Val0NTcaC4RMRkYc773q4I;Toko;;;;;
LOTTE GROSIR BANDUNG;4.3;2328;Jl. Soekarno-Hatta No.646;Kota Bandung;Jawa Barat;ID;https://order.lottemart.co.id/;;Grosir;Hipermarket;;;;;;;;;https://www.google.com/maps/search/?api=1&query=LOTTE%20GROSIR%20BANDUNG&query_place_id=ChIJi0NorKXCaC4RT_kkR5O8svA;Grosir;;;;;
TOKO TRI;4.6;16;Jl. Setra Dago Raya No.15a;Kota Bandung;Jawa Barat;ID;;+62 22 87789130;Layanan Pengiriman Barang Kelontong;;;;;;;;;;https://www.google.com/maps/search/?api=1&query=TOKO%20TRI&query_place_id=ChIJAcnjkPHnaC4RZMIh_7IefZM;Layanan Pengiriman Barang Kelontong;;;;;
Toko Barokah01;4.1;16;Jl. Gedebage Selatan No.5;Kota Bandung;Jawa Barat;ID;;+62 858-7156-9804;Toko bahan makanan;;;;;;;;;;https://www.google.com/maps/search/?api=1&query=Toko%20Barokah01&query_place_id=ChIJh6cuAozCaC4RrvOGJ2GZdp8;Toko bahan makanan;;;;;
TOKO FAJAR;4.6;5;Jl. Kertamanah No.215;Kota Bandung;Jawa Barat;ID;;+62 813-2497-1744;Minimarket;;;;;;;;;;https://www.google.com/maps/search/?api=1&query=TOKO%20FAJAR&query_place_id=ChIJVctLM0XdaC4R5cYQ-ezee5Y;Minimarket;;;;;
Toko Bunda;4.6;29;Jl. Cilengkrang 1 No.71;Kota Bandung;Jawa Barat;ID;;+62 22 87881132;Toko bahan makanan;Toko;;;;;;;;;https://www.google.com/maps/search/?api=1&query=Toko%20Bunda&query_place_id=ChIJX1p_syndaC4RiwfbwywJ-WE;Toko bahan makanan;;;;;
Warung Mama Sultan;5;2;Gg. Mekar Sari XI No.62-46;Kota Bandung;Jawa Barat;ID;;;Toko;;;;;;;;;;https://www.google.com/maps/search/?api=1&query=Warung%20Mama%20Sultan&query_place_id=ChIJ47fIUgDpaC4R6X0fpJdleJY;Toko;;;;;
Warung acung;4.5;4;Jl. Rancasagatan;Kota Bandung;Jawa Barat;ID;;+62 899-6127-603;Toko;;;;;;;;;;https://www.google.com/maps/search/?api=1&query=Warung%20acung&query_place_id=ChIJk63t6x7DaC4R3EgobFyZgPI;Toko;;;;;
Toko Banjar;4.8;40;Jl. Cicukang;Kota Bandung;Jawa Barat;ID;;;Toko;;;;;;;;;;https://www.google.com/maps/search/?api=1&query=Toko%20Banjar&query_place_id=ChIJYzz4_U7daC4RzGd9sNJUNw8;Toko;;;;;
Warung Cau Mang Ending;;;Pinggir Jl. Riung Hegar Raya No.7;Kota Bandung;Jawa Barat;ID;;+62 813-2147-8234;Grosir Sayur dan Buah;;;;;;;;;;https://www.google.com/maps/search/?api=1&query=Warung%20Cau%20Mang%20Ending&query_place_id=ChIJ3xzR8-3DaC4R3DyXIKm7gUQ;Grosir Sayur dan Buah;;;;;
Toko Biru;5;1;Jl. Puri Asih Raya No.20;Kota Bandung;Jawa Barat;ID;;+62 878-8546-1996;Warung Makanan Kecil;Toko Kelontong Asia;;;;;;;;;https://www.google.com/maps/search/?api=1&query=Toko%20Biru&query_place_id=ChIJI89mH9jDaC4RGIE1aJFY5PU;Warung Makanan Kecil;;;;;
Warung;;;Jl. Pamekar Raya No.53A Komplek panghegar permai;Kota Bandung;Jawa Barat;ID;;+62 895-1258-4312;Toserba;;;;;;;;;;https://www.google.com/maps/search/?api=1&query=Warung&query_place_id=ChIJMVE3FgDDaC4RmI_wZAWFGtg;Toserba;;;;;
Warung sembako teh neng ati;;;3M4P+3X4, Jl. Gedebage Selatan;Kota Bandung;Jawa Barat;ID;;+62 895-4161-77112;Toko bahan makanan;;;;;;;;;;https://www.google.com/maps/search/?api=1&query=Warung%20sembako%20teh%20neng%20ati&query_place_id=ChIJY8zYOPfDaC4RsR4eo-qDP00;Toko bahan makanan;;;;;
Ramadhan(BRI Link&wr.sembako);5;3;komplek, Jl. Terusan Sukup Baru II No.34 rt07/06;Kota Bandung;Jawa Barat;ID;;;Toko Kelontong Asia;;;;;;;;;;https://www.google.com/maps/search/?api=1&query=Ramadhan(BRI%20Link%26wr.sembako)&query_place_id=ChIJi9-eBPXdaC4RZQ8aI5vpAhY;Toko Kelontong Asia;;;;;
Toko Anugrah;4.4;9;Jl. Raya Panyileukan No.1;Kota Bandung;Jawa Barat;ID;;+62 22 7809388;Minimarket;;;;;;;;;;https://www.google.com/maps/search/?api=1&query=Toko%20Anugrah&query_place_id=ChIJTYumeeDCaC4RHxWI6N4oyhg;Minimarket;;;;;
Warung;;;Jl. Sindangsari II Indah No.47A;Kota Bandung;Jawa Barat;ID;;+62 813-4874-1770;Toko Kelontong Asia;;;;;;;;;;https://www.google.com/maps/search/?api=1&query=Warung&query_place_id=ChIJjXmwRjvnaC4R_lyqm8s1u14;Toko Kelontong Asia;;;;;
Toko Giri Mukti;4.7;25;Jl. Babakan Dangdeur No.10;Kota Bandung;Jawa Barat;ID;;;Toko bahan makanan;;;;;;;;;;https://www.google.com/maps/search/?api=1&query=Toko%20Giri%20Mukti&query_place_id=ChIJkXIDPinDaC4R2J48f_ddO2M;Toko bahan makanan;;;;;
Toko Hade II Cipadung;4.4;18;Toko Hade, Depan Sd Pelita, Jl. Cipadung No.RT.03/13;Kota Bandung;Jawa Barat;ID;;+62 877-1525-3991;Toko Kelontong Asia;;;;;;;;;;https://www.google.com/maps/search/?api=1&query=Toko%20Hade%20II%20Cipadung&query_place_id=ChIJR9FligfdaC4RZKQdEwl_F0E;Toko Kelontong Asia;;;;;
Warung Mba Maryam;;;Jl. Rumah Sakit Gg. Siliwangi VI No.39;Kota Bandung;Jawa Barat;ID;;+62 818-277-112;Toko Kelontong Asia;;;;;;;;;;https://www.google.com/maps/search/?api=1&query=Warung%20Mba%20Maryam&query_place_id=ChIJUacnYCTdaC4RGR1bsXkTCzQ;Toko Kelontong Asia;;;;;
Warung Bang Hakim;5;1;Jl. Kusuma Lestari No.41;Kota Bandung;Jawa Barat;ID;;;Toko;;;;;;;;;;https://www.google.com/maps/search/?api=1&query=Warung%20Bang%20Hakim&query_place_id=ChIJjavgdgDdaC4RoLLg4tvzOok;Toko;;;;;
Warung Azkia;5;3;3M7F+MG6, Jl. Parakan Saat III;Kota Bandung;Jawa Barat;ID;;;Toko;;;;;;;;;;https://www.google.com/maps/search/?api=1&query=Warung%20Azkia&query_place_id=ChIJgdF3Y_PDaC4RYCMtX-FUXLs;Toko;;;;;
Warung Pak Maman / Ceu Tete;;;Jl. Cijambe No.43;Kota Bandung;Jawa Barat;ID;;;Toko Kelontong Asia;;;;;;;;;;https://www.google.com/maps/search/?api=1&query=Warung%20Pak%20Maman%20%2F%20Ceu%20Tete&query_place_id=ChIJDYdnd4HdaC4RxeAxmWP9Ekg;Toko Kelontong Asia;;;;;
Toko Sembako K - Laksana;5;2;Jl. Cigending No.54;Kota Bandung;Jawa Barat;ID;;+62 821-2135-5567;Toko Kelontong Asia;;;;;;;;;;https://www.google.com/maps/search/?api=1&query=Toko%20Sembako%20K%20-%20Laksana&query_place_id=ChIJmbf1HADdaC4RZ6Xn0OWvAXU;Toko Kelontong Asia;;;;;
TOKO FAJAR;5;6;2MQ7+PMR, Jl. Ciwastra;Kota Bandung;Jawa Barat;ID;;;Toko Kelontong Asia;;;;;;;;;;https://www.google.com/maps/search/?api=1&query=TOKO%20FAJAR&query_place_id=ChIJ3eWgDzDpaC4R0NPjS-UGGYk;Toko Kelontong Asia;;;;;
Warung Bu Wayan ( Warung Bali );4.9;11;Jl. Kuningan V No.30;Kota Bandung;Jawa Barat;ID;;+62 813-2440-0681;Toko;;;;;;;;;;https://www.google.com/maps/search/?api=1&query=Warung%20Bu%20Wayan%20(%20Warung%20Bali%20)&query_place_id=ChIJRQLaGvrnaC4RllyiQ521BV4;Toko;;;;;
Toko Obay;4.5;2;3M8H+WQG, Jl. Cisaranten Kulon;Kota Bandung;Jawa Barat;ID;;;Minimarket;;;;;;;;;;https://www.google.com/maps/search/?api=1&query=Toko%20Obay&query_place_id=ChIJfeBwN67CaC4RAHsKN8su750;Minimarket;;;;;
Warung Kelontong Bu Ade;;;Jl. Cisaranten Kulon no. 49 b, Gg. H. Zakaria No.RT 02/02;Kota Bandung;Jawa Barat;ID;;+62 899-8930-794;Produsen makanan;;;;;;;;;;https://www.google.com/maps/search/?api=1&query=Warung%20Kelontong%20Bu%20Ade&query_place_id=ChIJGXX3xLbDaC4RiuVj9qStENw;Produsen makanan;;;;;
Warung Rival;;;Jl. Cigending No.54;Kota Bandung;Jawa Barat;ID;;+62 821-2878-9373;Toko Kelontong Asia;;;;;;;;;;https://www.google.com/maps/search/?api=1&query=Warung%20Rival&query_place_id=ChIJiXC1M8rdaC4Rd_x8Sxao8MI;Toko Kelontong Asia;;;;;
Warung Tante Geulis;;;Jl. Cilengkrang II Kelurahan No.100 Blk. N-O, RT.003/RW.002;Kabupaten Bandung;Jawa Barat;ID;;+62 857-9719-7588;Toko Kelontong Asia;;;;;;;;;;https://www.google.com/maps/search/?api=1&query=Warung%20Tante%20Geulis&query_place_id=ChIJFaBmyoDdaC4R4RWFmdqhWZQ;Toko Kelontong Asia;;;;;
Warung Sembako Anissa;;;gedebage,rancanumpang,masuk gang mesjid al ikhwan RT02/RW01;Kota Bandung;Jawa Barat;ID;;+62 857-5957-4099;Toko;;;;;;;;;;https://www.google.com/maps/search/?api=1&query=Warung%20Sembako%20Anissa&query_place_id=ChIJ61_xlWjDaC4RrKu59alDY48;Toko;;;;;
warung kelontong Bapak Ilyas;;;Jl. Cicukang kidul No.146;Kota Bandung;Jawa Barat;ID;;;Warung Makanan Kecil;;;;;;;;;;https://www.google.com/maps/search/?api=1&query=warung%20kelontong%20Bapak%20Ilyas&query_place_id=ChIJe-2ZKBHdaC4RGMGNRKCqULw;Warung Makanan Kecil;;;;;
Toko Ali 94;5;1;Jl. Cipamokolan No.47;Kota Bandung;Jawa Barat;ID;https://shopee.co.id/snackali94;+62 821-2643-2460;Toko Kelontong Asia;;;;;;;;;;https://www.google.com/maps/search/?api=1&query=Toko%20Ali%2094&query_place_id=ChIJl1k3tnzDaC4RZKBZwvVdt5A;Toko Kelontong Asia;;;;;
Toko Khan Abadi;3.8;123;Jl. Soekarno-Hatta No.697;Kota Bandung;Jawa Barat;ID;;+62 22 7314360;Grosir Barang Kelontong;;;;;;;;;;https://www.google.com/maps/search/?api=1&query=Toko%20Khan%20Abadi&query_place_id=ChIJs-aeURroaC4RuLeD7PFPqI0;Grosir Barang Kelontong;;;;;
Warung Bu Tuti;;;Jl. Rancabolang No.48;Kota Bandung;Jawa Barat;ID;;;Grosir Barang Kelontong;;;;;;;;;;https://www.google.com/maps/search/?api=1&query=Warung%20Bu%20Tuti&query_place_id=ChIJreiDH3fpaC4RdQNOQNuUnVM;Grosir Barang Kelontong;;;;;
Warung Sembako Bu Yuningsih;;;3PJG+34G, Jl. Cikuda;Kota Bandung;Jawa Barat;ID;;;Toko bahan makanan;;;;;;;;;;https://www.google.com/maps/search/?api=1&query=Warung%20Sembako%20Bu%20Yuningsih&query_place_id=ChIJ-X5g5jrdaC4RDjIzvVVnkn8;Toko bahan makanan;;;;;
Warung Emon;5;6;;Kota Bandung;Jawa Barat;ID;;+62 821-1797-2892;Toko grosir;Toko Makanan;Toko Minuman Bersoda;;;;;;;;https://www.google.com/maps/search/?api=1&query=Warung%20Emon&query_place_id=ChIJqYzv2RHnaC4Ruxx4lO_Alps;Toko grosir;;;;;
Toko kelontong;1;1;samping Alfamidi, Jl. Cimincrang Raya No.7;Kota Bandung;Jawa Barat;ID;;+62 813-2065-4968;Toko bahan makanan;;;;;;;;;;https://www.google.com/maps/search/?api=1&query=Toko%20kelontong&query_place_id=ChIJn3RkhJbDaC4R8yszK2BZbi0;Toko bahan makanan;;;;;
Warung Kelontong Pak Ended;5;4;Cikoang Kaler RT 02 RW 03 No.30;Kota Bandung;Jawa Barat;ID;;+62 857-2235-0599;Toko Makanan;;;;;;;;;;https://www.google.com/maps/search/?api=1&query=Warung%20Kelontong%20Pak%20Ended&query_place_id=ChIJ42NqD3_daC4RsiLAQ6hVNWs;Toko Makanan;;;;;
Toko sembako 79;5;1;Jln RSUD ujung Berung No.105;Kota Bandung;Jawa Barat;ID;;+62 895-3515-67171;Grosir Barang Kelontong;;;;;;;;;;https://www.google.com/maps/search/?api=1&query=Toko%20sembako%2079&query_place_id=ChIJvwGihpHdaC4RUX6FN494ELk;Grosir Barang Kelontong;;;;;
Toko Barokah;4.1;13;Depan Komplek DPRD, Jl. Marga Asih No.55;Kota Bandung;Jawa Barat;ID;;;Grosir;;;;;;;;;;https://www.google.com/maps/search/?api=1&query=Toko%20Barokah&query_place_id=ChIJg5Y-qjroaC4R6c6SBvAe0J0;Grosir;;;;;
Toko Putri kelontong;5;1;Jl. Kawaluyaan Raya No.4, RT.006/006;Kota Bandung;Jawa Barat;ID;;+62 857-2232-2252;Toko Kelontong Asia;;;;;;;;;;https://www.google.com/maps/search/?api=1&query=Toko%20Putri%20kelontong&query_place_id=ChIJ4Zx1nhzoaC4Rja2Zu-Ar_wM;Toko Kelontong Asia;;;;;
Toko Gandapura;4.6;13;Jl. Cibatu Raya No.70;Kota Bandung;Jawa Barat;ID;;;Minimarket;;;;;;;;;;https://www.google.com/maps/search/?api=1&query=Toko%20Gandapura&query_place_id=ChIJO21NivnnaC4RrlWQRLTkke4;Minimarket;;;;;
Warung Sahabat;4;1;Jl. Manisi No.44;Kota Bandung;Jawa Barat;ID;;+62 853-2050-6694;Grosir;Toko umum;;;;;;;;;https://www.google.com/maps/search/?api=1&query=Warung%20Sahabat&query_place_id=ChIJ10mMZijDaC4RQ_R0VO1uy7A;Grosir;;;;;
Toko Jajawayy;4.5;31;Jl. Jajaway Timur VIII No.28, RT.02/RW.18;Kota Bandung;Jawa Barat;ID;;+62 22 7215817;Toko Kelontong Asia;;;;;;;;;;https://www.google.com/maps/search/?api=1&query=Toko%20Jajawayy&query_place_id=ChIJRwx0xgDoaC4RNdsxu1Hd8Zg;Toko Kelontong Asia;;;;;
Toko Kelontong Pa Kumis 2;4.9;7;Jl. Pesantren, RT.02/RW.011;Kota Bandung;Jawa Barat;ID;https://grab.onelink.me/2695613898?pid=inappsharing&c=6-C3ABR6LVL7AJT2&is_retargeting=true&af_dp=grab%3A%2F%2Fopen%3FscreenType%3DGRABMART%26sourceID%3DA4pcqCZkS4%26merchantIDs%3D6-C3ABR6LVL7AJT2&af_force_deeplink=true&af_web_dp=https%3A%2F%2Fwww.grab.com%2Fdownload;;Toko bahan makanan;;;;;;;;;;https://www.google.com/maps/search/?api=1&query=Toko%20Kelontong%20Pa%20Kumis%202&query_place_id=ChIJi1ARv5bdaC4RY-DozGjTIrQ;Toko bahan makanan;;;;;
Toko Bu Een Cimencrang;5;2;;Kota Bandung;Jawa Barat;ID;;+62 852-2216-8899;Toko bahan makanan;Layanan Transfer Uang;;;;;;;;;https://www.google.com/maps/search/?api=1&query=Toko%20Bu%20Een%20Cimencrang&query_place_id=ChIJp_ZMDNvCaC4RUkdidwaq5dM;Toko bahan makanan;;;;;
Warung Kasturi;4.7;6;Jl. Kawali Raya No.14;Kota Bandung;Jawa Barat;ID;;+62 838-2282-2666;Toko Daging;Toko Kelontong Asia;Toko Ikan;Toko Buah dan Sayuran;;;;;;;https://www.google.com/maps/search/?api=1&query=Warung%20Kasturi&query_place_id=ChIJzxobKPjnaC4RBfYulurOhao;Toko Daging;;;;;
Toko Mawar Inti;4.5;11;Jl. Parakansaat ll No.21;Kota Bandung;Jawa Barat;ID;;+62 812-3562-1337;Toko Kelontong Asia;;;;;;;;;;https://www.google.com/maps/search/?api=1&query=Toko%20Mawar%20Inti&query_place_id=ChIJHRxy8qfCaC4R8ZEiJ1_uzrY;Toko Kelontong Asia;;;;;
Warung sembako al barokah;5;1;Jl. Jatisari Ⅰ No.38;Kota Bandung;Jawa Barat;ID;;+62 898-6039-868;Toko Swalayan;;;;;;;;;;https://www.google.com/maps/search/?api=1&query=Warung%20sembako%20al%20barokah&query_place_id=ChIJr6YJnKvpaC4Rs0AJqXgUZhM;Toko Swalayan;;;;;
Warung Berkah Kelontongan Dan Sayuran;;;Jl. Nagrog No.31;Kota Bandung;Jawa Barat;ID;;;Toko bahan makanan;;;;;;;;;;https://www.google.com/maps/search/?api=1&query=Warung%20Berkah%20Kelontongan%20Dan%20Sayuran&query_place_id=ChIJL8JQPSHdaC4R9_zmyRx3lk4;Toko bahan makanan;;;;;
Warung Inara;;;Jl. Cijambe No.43, RT.05/RW.06;Kota Bandung;Jawa Barat;ID;;;Toko Kelontong Asia;;;;;;;;;;https://www.google.com/maps/search/?api=1&query=Warung%20Inara&query_place_id=ChIJ1ZEvokXdaC4RK96TAmAQEcE;Toko Kelontong Asia;;;;;
Toko Sembako Teratai;5;2;Jl. Teratai VIII No.9;Kota Bandung;Jawa Barat;ID;;+62 812-1489-8993;Toko Kelontong Asia;;;;;;;;;;https://www.google.com/maps/search/?api=1&query=Toko%20Sembako%20Teratai&query_place_id=ChIJ6YqGf5bDaC4Rw6VH0MOzIqo;Toko Kelontong Asia;;;;;
Warung Sayuran dan sembako Mba Roy;5;4;3M75+GVH, Jl. Kawaluyaan Gang Kawaluyaan V, RT.05/RW.06;Kota Bandung;Jawa Barat;ID;;+62 896-9498-9163;Pusat Perbelanjaan;;;;;;;;;;https://www.google.com/maps/search/?api=1&query=Warung%20Sayuran%20dan%20sembako%20Mba%20Roy&query_place_id=ChIJBb8uH53paC4R_7vqBP5_50g;Pusat Perbelanjaan;;;;;
Warung Kuyy;;;Jl. Sindangsari No.99;Kota Bandung;Jawa Barat;ID;;+62 899-0775-389;Toko Kelontong Asia;;;;;;;;;;https://www.google.com/maps/search/?api=1&query=Warung%20Kuyy&query_place_id=ChIJz6rL-ADdaC4Re7673Tk9psg;Toko Kelontong Asia;;;;;
Warung Sembako Bu'cin;5;1;udapapCi;Kota Bandung;Jawa Barat;ID;;+62 831-5310-1153;Grosir Beras;;;;;;;;;;https://www.google.com/maps/search/?api=1&query=Warung%20Sembako%20Bu'cin&query_place_id=ChIJ2anq3arDaC4RX1DJP7GH3n4;Grosir Beras;;;;;
Kaka grosir dan warung sembako;5;2;Gg. Kawaluyaan III No.70a, RT.07/RW.06;Kota Bandung;Jawa Barat;ID;;+62 895-2350-7105;Grosir;;;;;;;;;;https://www.google.com/maps/search/?api=1&query=Kaka%20grosir%20dan%20warung%20sembako&query_place_id=ChIJF4iYD3npaC4Rae4iB8Kh9cs;Grosir;;;;;
Toko Sembako Barokah;5;7;Jl. Pasir;Kota Bandung;Jawa Barat;ID;;;Toko bahan makanan;;;;;;;;;;https://www.google.com/maps/search/?api=1&query=Toko%20Sembako%20Barokah&query_place_id=ChIJAT_n_gLnaC4RbIN6H_WjTIU;Toko bahan makanan;;;;;
SAHABAT JAYA;5;8;Jl. Cijambe No.5;Kota Bandung;Jawa Barat;ID;;+62 823-2177-8286;Toko Kelontong Asia;;;;;;;;;;https://www.google.com/maps/search/?api=1&query=SAHABAT%20JAYA&query_place_id=ChIJY99dB9rdaC4RAvNbfiu3rXM;Toko Kelontong Asia;;;;;
Warung Kelontong Shasa;;;Grand PKJ, Blk. H2 No.11;Kota Bandung;Jawa Barat;ID;;+62 899-0377-319;Toko;;;;;;;;;;https://www.google.com/maps/search/?api=1&query=Warung%20Kelontong%20Shasa&query_place_id=ChIJzXZdFgDdaC4Rf6tySUL_Fhw;Toko;;;;;
Warung kelontong by jingga;;;ruko warna biru, Komplek Bumi Panyileukan Blok i9 no. 14 Rt. 09 Rw. 08. Kel. Cipadung kidul, depan stasion kereta api;Kota Bandung;Jawa Barat;ID;;+62 895-6007-13500;Toko;;;;;;;;;;https://www.google.com/maps/search/?api=1&query=Warung%20kelontong%20by%20jingga&query_place_id=ChIJlX9hE-TDaC4RQXAk143McNc;Toko;;;;;
Toko Surabaya;5;3;Jl. Babakan Sari No.47;Kota Bandung;Jawa Barat;ID;;+62 878-7874-4334;Toko Kelontong Asia;;;;;;;;;;https://www.google.com/maps/search/?api=1&query=Toko%20Surabaya&query_place_id=ChIJF31Bs-LnaC4ROFNqAmdsxmQ;Toko Kelontong Asia;;;;;
TOKO ROSA;4.5;112;Jl. Tata Surya Margahayu Raya No.93;Kota Bandung;Jawa Barat;ID;;+62 22 7502810;Toko Swalayan;Toko;;;;;;;;;https://www.google.com/maps/search/?api=1&query=TOKO%20ROSA&query_place_id=ChIJEdDc-CDoaC4RTl-umOoR7U0;Toko Swalayan;;;;;
Toko Grosir dan Eceran Sembako M.A;5;3;Jl. Ciwastra;Kota Bandung;Jawa Barat;ID;;+62 812-7448-8506;Toko bahan makanan;;;;;;;;;;https://www.google.com/maps/search/?api=1&query=Toko%20Grosir%20dan%20Eceran%20Sembako%20M.A&query_place_id=ChIJcfv1cgDpaC4RTZj_540YefI;Toko bahan makanan;;;;;
Toko Sembako Ady Laris Jaya;4.8;12;Jl. Parakan Saat No.9;Kota Bandung;Jawa Barat;ID;;+62 857-9530-3552;Toko Perlengkapan Rumah;;;;;;;;;;https://www.google.com/maps/search/?api=1&query=Toko%20Sembako%20Ady%20Laris%20Jaya&query_place_id=ChIJ8yxg6grpaC4ReftD7f1pLZM;Toko Perlengkapan Rumah;;;;;
Warung Kelontong Vanitha Jaya;3;1;Jl. AH. Nasution No.99;Kota Bandung;Jawa Barat;ID;;+62 822-9783-1520;Toko bahan makanan;;;;;;;;;;https://www.google.com/maps/search/?api=1&query=Warung%20Kelontong%20Vanitha%20Jaya&query_place_id=ChIJp4_zu6PdaC4RMCGtmhFiK7I;Toko bahan makanan;;;;;
Toko kelontong;;;2MWH+3X3, Jl. Keadilan IX;Kota Bandung;Jawa Barat;ID;;;Kedai Sarapan;;;;;;;;;;https://www.google.com/maps/search/?api=1&query=Toko%20kelontong&query_place_id=ChIJ7zJnGgDDaC4RuRxjGHhJUPY;Kedai Sarapan;;;;;
TOKO CILACAP;4.2;62;Jl. Terbang Layang No.68;Kota Bandung;Jawa Barat;ID;;+62 22 7104518;Toko Kelontong Asia;;;;;;;;;;https://www.google.com/maps/search/?api=1&query=TOKO%20CILACAP&query_place_id=ChIJuxrnxFTdaC4RJIJH5sMK1hQ;Toko Kelontong Asia;;;;;
Warung Sabqi;;;Jl. Marga Makmur No.10;Kota Bandung;Jawa Barat;ID;;+62 877-2500-8383;Toko Kelontong Asia;;;;;;;;;;https://www.google.com/maps/search/?api=1&query=Warung%20Sabqi&query_place_id=ChIJKaXh_KzpaC4Ro6G5Oi-SqN0;Toko Kelontong Asia;;;;;
Toko Sembako Übêna Mart;5;6;Jl. Purwakarta No.230;Kota Bandung;Jawa Barat;ID;;;Toko bahan makanan;;;;;;;;;;https://www.google.com/maps/search/?api=1&query=Toko%20Sembako%20%C3%9Cb%C3%AAna%20Mart&query_place_id=ChIJ312RFfrnaC4R5DwITnov8lo;Toko bahan makanan;;;;;
Toko Kelontong Sibungsu;;;Jl. Cijawura Hilir II No.45;Kota Bandung;Jawa Barat;ID;;+62 821-3987-4302;Minimarket;;;;;;;;;;https://www.google.com/maps/search/?api=1&query=Toko%20Kelontong%20Sibungsu&query_place_id=ChIJr5bgM-3paC4RLzPH3DKztrc;Minimarket;;;;;
Warung sayur dan sembako (toko AZ);4.8;8;Jl. Neptunus Timur I No.48a;Kota Bandung;Jawa Barat;ID;;+62 853-8526-8844;Toko Swalayan;;;;;;;;;;https://www.google.com/maps/search/?api=1&query=Warung%20sayur%20dan%20sembako%20(toko%20AZ)&query_place_id=ChIJZU30WynpaC4RD0z2pW3rIzU;Toko Swalayan;;;;;
Waroeng Kelontong Mang Obay;4;1;Jl.Masini No.107;Kota Bandung;Jawa Barat;ID;;+62 822-1486-0019;Toko bahan makanan;;;;;;;;;;https://www.google.com/maps/search/?api=1&query=Waroeng%20Kelontong%20Mang%20Obay&query_place_id=ChIJs0EbZSnDaC4RkKJ0pDwURUk;Toko bahan makanan;;;;;
Toko Grosir Nugi;4.2;52;Jl. Babakan Sari No.165;Kota Bandung;Jawa Barat;ID;;+62 22 7237989;Grosir Barang Kelontong;;;;;;;;;;https://www.google.com/maps/search/?api=1&query=Toko%20Grosir%20Nugi&query_place_id=ChIJixhOrePnaC4R-IRm_cgWAKU;Grosir Barang Kelontong;;;;;
Toko Utama Mandiri;4.3;10;Jl. Raya Cibiru No.1;Kota Bandung;Jawa Barat;ID;;+62 878-2433-5948;Grosir Barang Kelontong;;;;;;;;;;https://www.google.com/maps/search/?api=1&query=Toko%20Utama%20Mandiri&query_place_id=ChIJER-S1ifDaC4R7-M9CVedCL4;Grosir Barang Kelontong;;;;;
WARUNG SEMBAKO MBAK DESI;5;2;Kp. Mekarsari No.47, RT.007/RW.001;Kota Bandung;Jawa Barat;ID;;+62 895-4212-11772;Pusat Perbelanjaan;;;;;;;;;;https://www.google.com/maps/search/?api=1&query=WARUNG%20SEMBAKO%20MBAK%20DESI&query_place_id=ChIJZWRTtyvdaC4RBAKAI89otOU;Pusat Perbelanjaan;;;;;
Toko Sembako Alfarizqi;4;2;3P89+893, Jl. Manisi;Kota Bandung;Jawa Barat;ID;;;Toko;;;;;;;;;;https://www.google.com/maps/search/?api=1&query=Toko%20Sembako%20Alfarizqi&query_place_id=ChIJrxn_HQDDaC4RPjdnMT0t-uo;Toko;;;;;
WARUNG SEMBAKO 35;;;3PR2+QPV, Jl. Cikoang Kidul;Kota Bandung;Jawa Barat;ID;;;Toko bahan makanan;;;;;;;;;;https://www.google.com/maps/search/?api=1&query=WARUNG%20SEMBAKO%2035&query_place_id=ChIJqQpFizzdaC4Rp39hlBrS0bo;Toko bahan makanan;;;;;
Rg Warung Sembako Lestari;5;1;3M5M+GPJ, Jl. Riung Endah;Kota Bandung;Jawa Barat;ID;;;Toko bahan makanan;;;;;;;;;;https://www.google.com/maps/search/?api=1&query=Rg%20Warung%20Sembako%20Lestari&query_place_id=ChIJ5cU1erzCaC4RzRMm06fDlOk;Toko bahan makanan;;;;;
Warung sembako Suryalaya;5;2;Jl. Neglasari I No.12-10;Kota Bandung;Jawa Barat;ID;;+62 857-9700-1933;Toko;;;;;;;;;;https://www.google.com/maps/search/?api=1&query=Warung%20sembako%20Suryalaya&query_place_id=ChIJn8mPvqHdaC4RI9NwrO3WRo0;Toko;;;;;
Toko Sembako Rasendra;5;1;Jl. Raya Derwati No.36;Kota Bandung;Jawa Barat;ID;;+62 821-1806-1021;Toko bahan makanan;;;;;;;;;;https://www.google.com/maps/search/?api=1&query=Toko%20Sembako%20Rasendra&query_place_id=ChIJr42COQDDaC4R5A_ku3UPPDE;Toko bahan makanan;;;;;
Warung Sembako dan Beras Haji Buloh;4.6;12;Gg. Mekarjati 6 No.108;Kota Bandung;Jawa Barat;ID;;+62 857-2217-6968;Toko bahan makanan;;;;;;;;;;https://www.google.com/maps/search/?api=1&query=Warung%20Sembako%20dan%20Beras%20Haji%20Buloh&query_place_id=ChIJ98fYHizDaC4RtX-Bu__sECo;Toko bahan makanan;;;;;
Warung Sayur & Sembako;4.5;34;Jl. Pinus VIII No.40;Kota Bandung;Jawa Barat;ID;;;Toko bahan makanan;;;;;;;;;;https://www.google.com/maps/search/?api=1&query=Warung%20Sayur%20%26%20Sembako&query_place_id=ChIJx8Jo-PXCaC4RwPS-e9YaylQ;Toko bahan makanan;;;;;
LAUTAN SEMBAKO;4.5;141;raya no 14, cipicung, ujungberung, timur, Jl. Cinangka;Kota Bandung;Jawa Barat;ID;;+62 822-9826-1683;Pusat Perbelanjaan;;;;;;;;;;https://www.google.com/maps/search/?api=1&query=LAUTAN%20SEMBAKO&query_place_id=ChIJT98P86vdaC4Rjl9j0AMUX9I;Pusat Perbelanjaan;;;;;
Warung Bapak Muhardi;5;2;Jl. AH. Nasution Gg. Andir Kidul III No.16, RT.01/RW.3;Kota Bandung;Jawa Barat;ID;;+62 878-3531-7631;Toko sembako pemerintah;;;;;;;;;;https://www.google.com/maps/search/?api=1&query=Warung%20Bapak%20Muhardi&query_place_id=ChIJyXwLhDvdaC4RjH3qI-4Nswg;Toko sembako pemerintah;;;;;
Toko Berkah Abadi (Grosir Kelontongan);4.9;8;Jl. Nagrog No.53;Kota Bandung;Jawa Barat;ID;;+62 899-6305-642;Grosir Barang Kelontong;;;;;;;;;;https://www.google.com/maps/search/?api=1&query=Toko%20Berkah%20Abadi%20(Grosir%20Kelontongan)&query_place_id=ChIJIWPTwDrdaC4RY58UU5MDLIQ;Grosir Barang Kelontong;;;;;
warung sayur & sembako bangkit jaya Riung bandung;5;2;Jl. Riung Hegar Raya No.8b;Kota Bandung;Jawa Barat;ID;;+62 813-1333-9792;Toko;;;;;;;;;;https://www.google.com/maps/search/?api=1&query=warung%20sayur%20%26%20sembako%20bangkit%20jaya%20Riung%20bandung&query_place_id=ChIJQcJck47DaC4RpESBdUA9DPg;Toko;;;;;
WARUNG SEMBAKO MITRA GROSIR;5;1;2MRP+PP2, Gg. Yadista;Kota Bandung;Jawa Barat;ID;;;Toko bahan makanan;;;;;;;;;;https://www.google.com/maps/search/?api=1&query=WARUNG%20SEMBAKO%20MITRA%20GROSIR&query_place_id=ChIJARjDMADDaC4Ruqzmw27zKtQ;Toko bahan makanan;;;;;
Toko Nandang;4.7;3;Jl. Gedebage Selatan No.104;Kota Bandung;Jawa Barat;ID;;;Toko Kelontong Asia;Toko bahan makanan;;;;;;;;;https://www.google.com/maps/search/?api=1&query=Toko%20Nandang&query_place_id=ChIJpQ8EEL_CaC4R7iWEsNjnF4g;Toko Kelontong Asia;;;;;
Warung 117;4.7;3;3P98+78M, Jl. Gg. Kujang;Kota Bandung;Jawa Barat;ID;;+62 22 92314521;Minimarket;;;;;;;;;;https://www.google.com/maps/search/?api=1&query=Warung%20117&query_place_id=ChIJz_SSLNbCaC4R_22Td3dxpLc;Minimarket;;;;;
warung bu dida;4.4;8;2MMQ+M6M Gg.cuplis;Kota Bandung;Jawa Barat;ID;;;Toko Kelontong Asia;;;;;;;;;;https://www.google.com/maps/search/?api=1&query=warung%20bu%20dida&query_place_id=ChIJkzyLL0jDaC4RpQrc-Kb8ftw;Toko Kelontong Asia;;;;;
Toko Amira Warung Sayur dan Sembako Cisaranten Kulon;4.6;59;Jl. Cisaranten Kulon VIII No.63A;Kota Bandung;Jawa Barat;ID;;+62 812-8080-4494;Toko bahan makanan;;;;;;;;;;https://www.google.com/maps/search/?api=1&query=Toko%20Amira%20Warung%20Sayur%20dan%20Sembako%20Cisaranten%20Kulon&query_place_id=ChIJf6EugDLdaC4RiQM5xmVZFr4;Toko bahan makanan;;;;;
Warung Honey;5;19;Jl. Buni Sari No.243, RT.05/RW.07;Kota Bandung;Jawa Barat;ID;;+62 895-6054-12718;Grosir Barang Kelontong;Toko bahan makanan;;;;;;;;;https://www.google.com/maps/search/?api=1&query=Warung%20Honey&query_place_id=ChIJ4YDSSwDnaC4RB7SLR2KNVnE;Grosir Barang Kelontong;;;;;
warung A26;5;2;3P65+F6R, Unnamed Road;Kota Bandung;Jawa Barat;ID;;;Toko Kelontong Asia;;;;;;;;;;https://www.google.com/maps/search/?api=1&query=warung%20A26&query_place_id=ChIJaQGAM6bDaC4RZEhWXlOwjfw;Toko Kelontong Asia;;;;;
Toko Sembako Pak Amir (almira);4.7;32;3M79+GJP, Jl. Parakansaat ll;Kota Bandung;Jawa Barat;ID;;+62 857-5934-1488;Grosir Barang Kelontong;Toko Mainan;;;;;;;;;https://www.google.com/maps/search/?api=1&query=Toko%20Sembako%20Pak%20Amir%20(almira)&query_place_id=ChIJ56SmAKjCaC4R_hNJEfrr8Qo;Grosir Barang Kelontong;;;;;
Warung Ruko - Kelontongan;5;1;3PP2+94V;Kota Bandung;Jawa Barat;ID;;+62 856-5905-8961;Toko;;;;;;;;;;https://www.google.com/maps/search/?api=1&query=Warung%20Ruko%20-%20Kelontongan&query_place_id=ChIJ0QwVKx3daC4ROaRoUyAO1AA;Toko;;;;;
Cwarung Panasaran;4.8;5;3P98+F9R, Jl. Gg. Kujang;Kota Bandung;Jawa Barat;ID;;+62 857-9576-0484;Minimarket;;;;;;;;;;https://www.google.com/maps/search/?api=1&query=Cwarung%20Panasaran&query_place_id=ChIJu8QqKdbCaC4R_R8ZociVqZo;Minimarket;;;;;
Warung Wulan;5;4;Jl. Cingised No.207;Kota Bandung;Jawa Barat;ID;;;Toko bahan makanan;;;;;;;;;;https://www.google.com/maps/search/?api=1&query=Warung%20Wulan&query_place_id=ChIJTcJz1dbDaC4Refg_Y7mKCHs;Toko bahan makanan;;;;;
TOKO BAROKAH;4.9;53;3P57+2PW;Kota Bandung;Jawa Barat;ID;;+62 877-2003-5543;Toko bahan makanan;;;;;;;;;;https://www.google.com/maps/search/?api=1&query=TOKO%20BAROKAH&query_place_id=ChIJ83tqCmnDaC4RtYatFm9jOnc;Toko bahan makanan;;;;;
WARUNG SEMBAKO IBU BETI;5;31;Jl Sekedangdeur No 28, RT.05/RW.10, Pasanggrahan, Kec. Ujung Berung;Kota Bandung;Jawa Barat;ID;;+62 877-3866-5859;Toko bahan makanan;;;;;;;;;;https://www.google.com/maps/search/?api=1&query=WARUNG%20SEMBAKO%20IBU%20BETI&query_place_id=ChIJE7iX8xbdaC4RXcN0fWIOs1o;Toko bahan makanan;;;;;
Warung Bu Tatang;5;4;Jl. Keadilan III No.2;Kota Bandung;Jawa Barat;ID;;+62 813-2148-4165;Toko Kelontong Asia;;;;;;;;;;https://www.google.com/maps/search/?api=1&query=Warung%20Bu%20Tatang&query_place_id=ChIJ4c9UnVHDaC4RO4jtRx2v4k0;Toko Kelontong Asia;;;;;
Warung Kelontong Dan Londry Puspita;5;2;Jl. Cisaranten Wetan III No.50;Kota Bandung;Jawa Barat;ID;;;Toko Swalayan;;;;;;;;;;https://www.google.com/maps/search/?api=1&query=Warung%20Kelontong%20Dan%20Londry%20Puspita&query_place_id=ChIJl5bmm9XDaC4RycerNB6IxnI;Toko Swalayan;;;;;
Toko Tas Dan Perawatan Bahan Dasar Kulit;4.7;26;Jl. Rereng Adumanis No.10;Kota Bandung;Jawa Barat;ID;;+62 821-3600-8687;Toko Tas;;;;;;;;;;https://www.google.com/maps/search/?api=1&query=Toko%20Tas%20Dan%20Perawatan%20Bahan%20Dasar%20Kulit&query_place_id=ChIJ0QJP3K_naC4RVp7kec-NVWw;Toko Tas;;;;;
Warung mbak;;;Jl. Sukahaji No.Gg 02, RT.02/RW.07;Kota Bandung;Jawa Barat;ID;;;Toko Kelontong Asia;;;;;;;;;;https://www.google.com/maps/search/?api=1&query=Warung%20mbak&query_place_id=ChIJbeUGVADnaC4RHjPJttTN_6g;Toko Kelontong Asia;;;;;
Toko Sembako Rizki Dua Putra;4.8;12;Jl. Rereongan Sarupi, Ciumbuleuit, Cidadap;Kota Bandung;Jawa Barat;ID;;+62 22 7302571;Warung nasi;;;;;;;;;;https://www.google.com/maps/search/?api=1&query=Toko%20Sembako%20Rizki%20Dua%20Putra&query_place_id=ChIJKcRwetDmaC4R6O-i3fGeMx0;Warung nasi;;;;;
Kalimas Sukajadi;4.5;28;Jl. Sukajadi No.36;Kota Bandung;Jawa Barat;ID;;+62 22 2035210;Toko Pakaian;;;;;;;;;;https://www.google.com/maps/search/?api=1&query=Kalimas%20Sukajadi&query_place_id=ChIJEYfo3YrmaC4RveQs77w-mt8;Toko Pakaian;;;;;
Produsen Littlebee - Rumah Hanad Baby And Kids Shop;4.5;15;Perumahan mande Asri, Jl. Cikadut No.B9;Kota Bandung;Jawa Barat;ID;http://www.shopee.co.id/rumah_hanad;+62 856-5088-2629;Toko Pakaian;;;;;;;;;;https://www.google.com/maps/search/?api=1&query=Produsen%20Littlebee%20-%20Rumah%20Hanad%20Baby%20And%20Kids%20Shop&query_place_id=ChIJ7cJYgIznaC4RIPs_PNm7XCg;Toko Pakaian;;;;;
Warung Bu Wiwin;5;1;Jl. Siliwangi Dalam No.1, RT.01/Rw01/RW.No. 91;Kota Bandung;Jawa Barat;ID;;+62 877-3142-4010;Grosir;;;;;;;;;;https://www.google.com/maps/search/?api=1&query=Warung%20Bu%20Wiwin&query_place_id=ChIJY-F7nkjnaC4RUjxw2zOEg04;Grosir;;;;;
Warung mba;;;4HJM+8MGJl, Jl. Sukahaji Blk. B, RT.2RT.02/RW.07;Kota Bandung;Jawa Barat;ID;;+62 889-7084-3256;Toko Kelontong Asia;;;;;;;;;;https://www.google.com/maps/search/?api=1&query=Warung%20mba&query_place_id=ChIJNY3BQADnaC4RXS0vqNSH6_k;Toko Kelontong Asia;;;;;
Pasar Kaget Gasibu;4.7;31;Jl. Japati No.1;Kota Bandung;Jawa Barat;ID;;;Pusat Perbelanjaan;;;;;;;;;;https://www.google.com/maps/search/?api=1&query=Pasar%20Kaget%20Gasibu&query_place_id=ChIJ18-70nvnaC4R_hGvWaXH-YY;Pusat Perbelanjaan;;;;;
Yen's Baby & Kid Shop (Dakota);4.2;32;Jl. Dakota No.109;Kota Bandung;Jawa Barat;ID;http://www.yens.info/;+62 22 6027529;Toko Perlengkapan Bayi;Toko Pakaian Anak;Toko Aksesori Pakaian;Toko Mainan;;;;;;;https://www.google.com/maps/search/?api=1&query=Yen's%20Baby%20%26%20Kid%20Shop%20(Dakota)&query_place_id=ChIJ45IAqNXlaC4Rb2kbeLGRsOM;Toko Perlengkapan Bayi;;;;;
Baltos;4.3;29870;Jl. Tamansari;Kota Bandung;Jawa Barat;ID;https://www.baltos.id/;+62 859-2036-0388;Pusat Perbelanjaan;;;;;;;;;;https://www.google.com/maps/search/?api=1&query=Baltos&query_place_id=ChIJFUA8f0XmaC4Rdn6f2BTP03E;Pusat Perbelanjaan;;;;;
TOKO SEMBAKO TEH NIA;;;Jl. Ciumbuleuit No.28;Kota Bandung;Jawa Barat;ID;;;Toko bahan makanan;;;;;;;;;;https://www.google.com/maps/search/?api=1&query=TOKO%20SEMBAKO%20TEH%20NIA&query_place_id=ChIJo0GcrfbmaC4R2iGaSpGr3wc;Toko bahan makanan;;;;;
toko baju;;;ITC Kebon Kelapa, JL Pungkur 3rd Floor Blok B4;Kota Bandung;Jawa Barat;ID;;;Toko Pakaian;;;;;;;;;;https://www.google.com/maps/search/?api=1&query=toko%20baju&query_place_id=ChIJ5fBeQennaC4RxVaYXTtHbdo;Toko Pakaian;;;;;
Warung Pak Nanang;5;5;4H3V+P7F, Jl. Cibarengkok;Kota Bandung;Jawa Barat;ID;;;Toko bahan makanan;;;;;;;;;;https://www.google.com/maps/search/?api=1&query=Warung%20Pak%20Nanang&query_place_id=ChIJS6OK_6XnaC4RKWbgVbQfBtE;Toko bahan makanan;;;;;
Warung sembako cucusarinengsih;;;Jl. Kp. Cimerang No.RT 05;Kabupaten Bandung Barat;Jawa Barat;ID;;;Kedai Sarapan & Makan Siang;;;;;;;;;;https://www.google.com/maps/search/?api=1&query=Warung%20sembako%20cucusarinengsih&query_place_id=ChIJO5GXBgDnaC4RmVvDuJpW7mw;Kedai Sarapan & Makan Siang;;;;;
Warung abah;4.6;8;Gg. IV;Kota Bandung;Jawa Barat;ID;;;Pusat Perbelanjaan;;;;;;;;;;https://www.google.com/maps/search/?api=1&query=Warung%20abah&query_place_id=ChIJ4ZLNV3HnaC4RvHETE9adjAY;Pusat Perbelanjaan;;;;;
DTC - Kios Sembako;5;10;Blk. 7 No.83;Kota Bandung;Jawa Barat;ID;;+62 896-5224-6850;Toko;;;;;;;;;;https://www.google.com/maps/search/?api=1&query=DTC%20-%20Kios%20Sembako&query_place_id=ChIJpSk5YkDnaC4R5GC5E95hUiA;Toko;;;;;
Toko beras naufal bandung;5;2;Jl. Karang Tineung Indah Dalam, RT.07/RW.04;Kota Bandung;Jawa Barat;ID;;+62 857-9720-0717;Toko sembako pemerintah;;;;;;;;;;https://www.google.com/maps/search/?api=1&query=Toko%20beras%20naufal%20bandung&query_place_id=ChIJOQhf3wnnaC4RmwuPAveTgxk;Toko sembako pemerintah;;;;;
Masak Sayur Bandung;5;1;Pasar Blok K 17;Kota Bandung;Jawa Barat;ID;https://www.tokopedia.com/masaksayur;+62 823-1555-5262;Toko grosir buah dan sayur;Toko sembako pemerintah;;;;;;;;;https://www.google.com/maps/search/?api=1&query=Masak%20Sayur%20Bandung&query_place_id=ChIJX9Y5NZjnaC4R0-eSPigAPPI;Toko grosir buah dan sayur;;;;;
"Kios Sembako ""Khanza""";;;4J24+HRW, Jl. Prof. Dr. Mochtar Kusumaatmadja;Kota Bandung;Jawa Barat;ID;;;Toko bahan makanan;;;;;;;;;;https://www.google.com/maps/search/?api=1&query=Kios%20Sembako%20%22Khanza%22&query_place_id=ChIJUdOAH0XmaC4RBQnsTBymbpQ;Toko bahan makanan;;;;;
Warung sembako;tambal ban dan vareasi plat nomor;5;4;Jl. Gegerkalong Girang No.110;Kota Bandung;Jawa Barat;ID;;+62 821-2690-0061;Bengkel Sepeda Motor;;;;;;;;;;https://www.google.com/maps/search/?api=1&query=Warung%20sembako%2Ctambal%20ban%20dan%20vareasi%20plat%20nomor&query_place_id=ChIJobD56vHnaC4RPi_PcYlGcz0;Bengkel Sepeda Motor;;;;
Warung/grosir;;;jln cikoang kaler No.12, RT.04/rw03;Kota Bandung;Jawa Barat;ID;;+62 838-7827-8633;Warung Makanan Kecil;;;;;;;;;;https://www.google.com/maps/search/?api=1&query=Warung%2Fgrosir&query_place_id=ChIJ2-ZjS1HnaC4RiphTAcl2A8U;Warung Makanan Kecil;;;;;
Kios Sembako Kurdi;;;Ps. Sederhana, Jl. Sukamaju;Kota Bandung;Jawa Barat;ID;;;Pusat Perbelanjaan;;;;;;;;;;https://www.google.com/maps/search/?api=1&query=Kios%20Sembako%20Kurdi&query_place_id=ChIJZ1xldUDnaC4RhY2stsC6hAA;Pusat Perbelanjaan;;;;;
Toko Sabar Subur;4.6;49;Jl. Sarikaso III No.11;Kota Bandung;Jawa Barat;ID;;;Toko;;;;;;;;;;https://www.google.com/maps/search/?api=1&query=Toko%20Sabar%20Subur&query_place_id=ChIJy8uPzZ7maC4RrJ56cPo-BGA;Toko;;;;;
Warung pidey;5;8;4J99+RXX, Jl. Bangbayang Gg. Regol, RT.05/RW.08;Kota Bandung;Jawa Barat;ID;;+62 896-1319-7455;Toko Swalayan;;;;;;;;;;https://www.google.com/maps/search/?api=1&query=Warung%20pidey&query_place_id=ChIJgfPE8rDnaC4Ro1l6Wvd_Piw;Toko Swalayan;;;;;
TOKO SEMBAKO SANDI 2;;;4JQ4+H2H, Jl. Rereongan Sarupi, RT.5/RW.3;Kota Bandung;Jawa Barat;ID;;;Toko bahan makanan;;;;;;;;;;https://www.google.com/maps/search/?api=1&query=TOKO%20SEMBAKO%20SANDI%202&query_place_id=ChIJl4_qDMTmaC4RNJIk5xvMcjc;Toko bahan makanan;;;;;
Toko Sembako Family;;;4JQ3+9XG;Kota Bandung;Jawa Barat;ID;;;Toko bahan makanan;;;;;;;;;;https://www.google.com/maps/search/?api=1&query=Toko%20Sembako%20Family&query_place_id=ChIJR53BRwDnaC4RtIvedzSag7o;Toko bahan makanan;;;;;
Toko Engseng;4.5;29;Jl. Puter No.2;Kota Bandung;Jawa Barat;ID;;+62 22 2500925;Minimarket;Toko Swalayan;;;;;;;;;https://www.google.com/maps/search/?api=1&query=Toko%20Engseng&query_place_id=ChIJwydPxLLnaC4Rxgz97P7KiLo;Minimarket;;;;;
Zuper Bekaz;5;8;Jl. Jalaprang No.4;Kota Bandung;Jawa Barat;ID;;+62 813-1550-6545;Toko;Toko Barang Bekas;;;;;;;;;https://www.google.com/maps/search/?api=1&query=Zuper%20Bekaz&query_place_id=ChIJ2RQXdzHnaC4RYN7YKJSF_l4;Toko;;;;;
Toko Sembako H.Mumun;;;4J59+4V8, Jl. Haur Pancuh;Kota Bandung;Jawa Barat;ID;;+62 22 2511443;Minimarket;;;;;;;;;;https://www.google.com/maps/search/?api=1&query=Toko%20Sembako%20H.Mumun&query_place_id=ChIJ60NSdwDnaC4R0iy4_lmtL90;Minimarket;;;;;
Sora underwear;4.4;8;BTC Fashion Mall GF L3 15, Jalan Dr. Djunjunan No. 143-149, Pajajaran, Cicendo, Kota Bandung, Jawa, Barat;Kota Bandung;Jawa Barat;ID;;+62 878-2521-7424;Toko Pakaian Dalam;;;;;;;;;;https://www.google.com/maps/search/?api=1&query=Sora%20underwear&query_place_id=ChIJ5wedX3vmaC4R2a3ii-P2Hf8;Toko Pakaian Dalam;;;;;
Toko Online Baju NGATAPRAK;5;2;Jl. Kb. Bibit Barat No.45;Kota Bandung;Jawa Barat;ID;;+62 821-1541-4714;Toko Pakaian;;;;;;;;;;https://www.google.com/maps/search/?api=1&query=Toko%20Online%20Baju%20NGATAPRAK&query_place_id=ChIJy-gdUbPnaC4R4dN8KnIyuiE;Toko Pakaian;;;;;
Simpati Tailor;4.6;194;Jl. Sukagalih No.46;Kota Bandung;Jawa Barat;ID;http://simpatitailor.com/;+62 838-2270-8007;Penjahit;Penjahit Pesanan Khusus;Penjual Aksesori Jahit;Toko Alat Jahit;;;;;;;https://www.google.com/maps/search/?api=1&query=Simpati%20Tailor&query_place_id=ChIJbwMGNmHmaC4RHQHwZcE11ow;Penjahit;;;;;
Araya polyflex dan kaospolos;3;30;Balubur Town Square, Jl. Tamansari No.22 Lantai Dasar Blok P;Kota Bandung;Jawa Barat;ID;;+62 819-5899-9001;Toko Kaos;;;;;;;;;;https://www.google.com/maps/search/?api=1&query=Araya%20polyflex%20dan%20kaospolos&query_place_id=ChIJ_2GwQkXmaC4RKklze7fxxRQ;Toko Kaos;;;;;
Lavie Play House - Mainan;4.7;566;Jl. Imam Bonjol No.7;Kota Bandung;Jawa Barat;ID;https://linktr.ee/Lavie_BabyHouse?utm_source=gmaps;+62 22 2508800;Toko Mainan;Toko Perlengkapan Bayi;Layanan Binatu;;;;;;;;https://www.google.com/maps/search/?api=1&query=Lavie%20Play%20House%20-%20Mainan&query_place_id=ChIJ2f-9W1HmaC4RS67NNjXmI_8;Toko Mainan;;;;;
Rubylicious Warehouse;4.5;221;Jl. Prof. Dr. Sutami No.52A;Kota Bandung;Jawa Barat;ID;;+62 821-1222-8638;Toko Pakaian;;;;;;;;;;https://www.google.com/maps/search/?api=1&query=Rubylicious%20Warehouse&query_place_id=ChIJ19s7I6LmaC4RvPbLrx79hY0;Toko Pakaian;;;;;
Opelon;4.5;19;Paris Van Java, Jl. Sukajadi No.131-139 Blok B03;Kota Bandung;Jawa Barat;ID;http://www.opelongarment.com/;+62 851-0122-9624;Toko Pakaian Renang;;;;;;;;;;https://www.google.com/maps/search/?api=1&query=Opelon&query_place_id=ChIJ5S2ON2DmaC4R_Yba47gYPpM;Toko Pakaian Renang;;;;;
satu store;5;1;Jl. Diponegoro No.32;Kota Bandung;Jawa Barat;ID;;+62 821-1793-2917;Toko Kaos;;;;;;;;;;https://www.google.com/maps/search/?api=1&query=satu%20store&query_place_id=ChIJv6JzgFjnaC4R48TFZB1WuP4;Toko Kaos;;;;;
STORE IVAN GUNAWAN PRIVE;4.9;45;Jl. Cikapayang No.3;Kota Bandung;Jawa Barat;ID;http://ivangunawanprive.com/;+62 811-3110-0061;Butik;;;;;;;;;;https://www.google.com/maps/search/?api=1&query=STORE%20IVAN%20GUNAWAN%20PRIVE&query_place_id=ChIJzZWySJjnaC4Rz7wD7tzRiTQ;Butik;;;;;
Warung sembako rahmah;;;Jl. Cemp. No.108;Kota Bandung;Jawa Barat;ID;;+62 895-7010-66810;;;;;;;;;;;https://www.google.com/maps/search/?api=1&query=Warung%20sembako%20rahmah&query_place_id=ChIJBxRyZgDlaC4RTdbmrd8eLW0;;;;;;
Warung Sembako Ibu Euis;;;4H9X+J53, Kampung, Jl. Karangsari Desa, RT./w/RW.004/003;Kabupaten Bandung Barat;Jawa Barat;ID;;+62 857-9825-2629;Toko;;;;;;;;;;https://www.google.com/maps/search/?api=1&query=Warung%20Sembako%20Ibu%20Euis&query_place_id=ChIJC9dtFADnaC4R6eIAl22L5hY;Toko;;;;;
Toko sembako lubis 2;;;4HGJ+282, Jl. Cilandak;Kota Bandung;Jawa Barat;ID;;;Toko umum;;;;;;;;;;https://www.google.com/maps/search/?api=1&query=Toko%20sembako%20lubis%202&query_place_id=ChIJcb_2WQDnaC4RlgQUzuJjiO0;Toko umum;;;;;
Toko Sembako Ibu Lilis;;;jl. pasirkaliki tengah RT 05/18 No 178, Jl. Sadang Serang;Kota Bandung;Jawa Barat;ID;;;Pusat Perbelanjaan;;;;;;;;;;https://www.google.com/maps/search/?api=1&query=Toko%20Sembako%20Ibu%20Lilis&query_place_id=ChIJ7aT7NqznaC4Ri5AcJbpLsMU;Pusat Perbelanjaan;;;;;
Warung sembako AL Azzam;;;3HXW+F7V noor, Jl. Muhamad;Kota Bandung;Jawa Barat;ID;;;Toko sembako pemerintah;;;;;;;;;;https://www.google.com/maps/search/?api=1&query=Warung%20sembako%20AL%20Azzam&query_place_id=ChIJ5xCdbgDnaC4RgivVt0sU6WU;Toko sembako pemerintah;;;;;
Lizzy Outfit Bandung;4.7;10;Jl. Cihampelas Walk No.160;Kota Bandung;Jawa Barat;ID;;+62 812-2200-9865;Toko Pakaian Wanita;;;;;;;;;;https://www.google.com/maps/search/?api=1&query=Lizzy%20Outfit%20Bandung&query_place_id=ChIJC_KqcPTnaC4RV4oZCJJYqaE;Toko Pakaian Wanita;;;;;
Gerai Hijab Baltos Lantai D2 (Toko Hijab Polos; Motif; Seragaman);4.8;16;Balubur Town Square, Jl. Tamansari;Kota Bandung;Jawa Barat;ID;;;Toko Pakaian;Toko Aksesori Pakaian;;;;;;;;;https://www.google.com/maps/search/?api=1&query=Gerai%20Hijab%20Baltos%20Lantai%20D2%20(Toko%20Hijab%20Polos%2C%20Motif%2C%20Seragaman)&query_place_id=ChIJCyhdakXmaC4RPRG7-vZZRgg;Toko Pakaian;;;
Toko Sembako Mandiri Berkah;;;4JC8+C79, Jl. Kp. Babakan Muncang;Kota Bandung;Jawa Barat;ID;;;Toko;;;;;;;;;;https://www.google.com/maps/search/?api=1&query=Toko%20Sembako%20Mandiri%20Berkah&query_place_id=ChIJ3d9sSgDnaC4R1CnYyYvh9zU;Toko;;;;;
Arsyad_Fan Store;5;12;Jl. Cisitu Indah VI No.237a;Kota Bandung;Jawa Barat;ID;;+62 898-7428-028;Toko Pakaian;;;;;;;;;;https://www.google.com/maps/search/?api=1&query=Arsyad_Fan%20Store&query_place_id=ChIJ6x2hLJLnaC4R6qoXwJBajO4;Toko Pakaian;;;;;
Kaos bandung d81;5;3;Jl. Ir. H. Juanda No.81, RW.02;Kota Bandung;Jawa Barat;ID;;+62 812-6693-9363;Toko Pakaian;;;;;;;;;;https://www.google.com/maps/search/?api=1&query=Kaos%20bandung%20d81&query_place_id=ChIJTzbLRlznaC4RPirhimJN1eE;Toko Pakaian;;;;;
Rabbani;4.5;1889;Jl. Dipati Ukur No.44;Kota Bandung;Jawa Barat;ID;https://info.rabbani.id/;+62 22 2534407;Toko Pakaian;;;;;;;;;;https://www.google.com/maps/search/?api=1&query=Rabbani&query_place_id=ChIJGX0rPlLmaC4RWjzcfOkGXIc;Toko Pakaian;;;;;
Konveksi Bandung Berkualitas Murah | Jasa Sablon | CV. ALIFBA FAMILY WEARS;5;30;Jl. Tubagus Ismail VIII No.68;Kota Bandung;Jawa Barat;ID;;+62 877-3736-5073;Toko Pakaian;Toko Kaos Custom;Industri Percetakan;;;;;;;;https://www.google.com/maps/search/?api=1&query=Konveksi%20Bandung%20Berkualitas%20Murah%20%7C%20Jasa%20Sablon%20%7C%20CV.%20ALIFBA%20FAMILY%20WEARS&query_place_id=ChIJd-h8h-HnaC4R5gYAa4qkPkU;Toko Pakaian;;;;;
Jersey; Jersey murah; Baju bola murah; Jsports bandung; jersey bandung; baju bola;5;2;Jl. Cijerokaso No.18, RT.03/RW.10;Kota Bandung;Jawa Barat;ID;;;Toko;;;;;;;;;;https://www.google.com/maps/search/?api=1&query=Jersey%2C%20Jersey%20murah%2C%20Baju%20bola%20murah%2C%20Jsports%20bandung%2C%20jersey%20bandung%2C%20baju%20bola&query_place_id=ChIJO7J_HZzmaC4RqzpNRwsp02I;Toko
Warung Sembako Maabar;;;samping masjid Sabillunajah, Jl. Karang Tinggal Dalam Gg. H. Durahman No.26, RT.05/RW.11;Kota Bandung;Jawa Barat;ID;;;Toko bahan makanan;;;;;;;;;;https://www.google.com/maps/search/?api=1&query=Warung%20Sembako%20Maabar&query_place_id=ChIJLcBAQADnaC4RQa762V-yrxo;Toko bahan makanan;;;;;
Raja Hanger;4.8;21;Gg. Kubang Sari VII No.46, RT.03/RW.06;Kota Bandung;Jawa Barat;ID;;+62 813-2700-0234;Toko Pakaian dan Peralatan Luar Ruangan;;;;;;;;;;https://www.google.com/maps/search/?api=1&query=Raja%20Hanger&query_place_id=ChIJAxzWJIfnaC4R96LTpACu5JA;Toko Pakaian dan Peralatan Luar Ruangan;;;;;
Warung Sembako P Samsul;;;;Kota Bandung;Jawa Barat;ID;;+62 812-2489-6840;Pusat Perbelanjaan;Toko sembako pemerintah;;;;;;;;;https://www.google.com/maps/search/?api=1&query=Warung%20Sembako%20P%20Samsul&query_place_id=ChIJyS7-otnnaC4Ro8vnNvHBqb4;Pusat Perbelanjaan;;;;;
Little K Babyshop;4.4;19;Jl. Prof. Dr. Sutami No.68;Kota Bandung;Jawa Barat;ID;;+62 817-215-780;Toko Perlengkapan Bayi;Toko Pakaian Bayi;;;;;;;;;https://www.google.com/maps/search/?api=1&query=Little%20K%20Babyshop&query_place_id=ChIJiYwD74_maC4RXS3AVXHAaPo;Toko Perlengkapan Bayi;;;;;
Warung Sembako Berkah Mamah Deva;;;BA Jl. Tubagus Ismail Dalam No.40;Kota Bandung;Jawa Barat;ID;;+62 821-1100-2922;Toko Swalayan;Toko umum;;;;;;;;;https://www.google.com/maps/search/?api=1&query=Warung%20Sembako%20Berkah%20Mamah%20Deva&query_place_id=ChIJsxq0JwDnaC4RGJVXUurSnOs;Toko Swalayan;;;;;
Kios sembako aulia;5;1;Jl. Bukit Dago Utara II No.36;Kota Bandung;Jawa Barat;ID;;+62 859-3935-3330;Kios;;;;;;;;;;https://www.google.com/maps/search/?api=1&query=Kios%20sembako%20aulia&query_place_id=ChIJ3-uOR9vnaC4RIaHRxtHtygg;Kios;;;;;
Warung Sembako Al Malik;;;Jl. Kubang Selatan No.224;Kota Bandung;Jawa Barat;ID;;+62 812-9651-2088;Toko;;;;;;;;;;https://www.google.com/maps/search/?api=1&query=Warung%20Sembako%20Al%20Malik&query_place_id=ChIJpYrTMF7naC4Rr0LVihhuXIo;Toko;;;;;
Warung Rima Sembako;4.3;3;4J5C+79C, Jl. Sukasari I;Kota Bandung;Jawa Barat;ID;;;Toko Makanan;;;;;;;;;;https://www.google.com/maps/search/?api=1&query=Warung%20Rima%20Sembako&query_place_id=ChIJGfI6qlTmaC4RAwXMHWhJ0qo;Toko Makanan;;;;;
Toko sembako pangestu;5;1;Jl. Sekeloa No.2;Kota Bandung;Jawa Barat;ID;;;Toko;;;;;;;;;;https://www.google.com/maps/search/?api=1&query=Toko%20sembako%20pangestu&query_place_id=ChIJrWyVUwDnaC4R2Wn9uFXt5ns;Toko;;;;;
JASA PRINT DTF;4.2;74;Jl. Pasir Impun Barat No.32, RT.02;Kota Bandung;Jawa Barat;ID;http://dxrcreative.blogspot.com/;+62 811-3931-933;Penjahit Pesanan Khusus;Toko Kaos Custom;;;;;;;;;https://www.google.com/maps/search/?api=1&query=JASA%20PRINT%20DTF&query_place_id=ChIJZ_-d6mPdaC4R1tJPAk6bvss;Penjahit Pesanan Khusus;;;;;
KAOS POLO T SHIRT. Com Bandung;2.7;3;Jl. P.h.h Mustopa 155, , Kompleks Ruko Surapati Core Blok F No.28 Padasuka;Kota Bandung;Jawa Barat;ID;http://www.kaospolotshirt.com/;+62 811-210-793;Toko Pakaian Kerja;Toko Kaos Custom;Jasa Bordir;Toko Pakaian Olahraga;;;;;;;https://www.google.com/maps/search/?api=1&query=KAOS%20POLO%20T%20SHIRT.%20Com%20Bandung&query_place_id=ChIJmyZAZJHnaC4RMtnGh7-1Xgg;Toko Pakaian Kerja;;;;;
"Toko Sembako ""Riko""";5;3;4J6G+83J, Jl. Sadang Tengah III;Kota Bandung;Jawa Barat;ID;;+62 813-2144-6063;Minimarket;;;;;;;;;;https://www.google.com/maps/search/?api=1&query=Toko%20Sembako%20%22Riko%22&query_place_id=ChIJqXsMravnaC4RMFHSBIMa0fI;Minimarket;;;;;
Toko Al Barokah;1.3;3;Jl. Cibogo;Kota Bandung;Jawa Barat;ID;;;Toko Kelontong Asia;;;;;;;;;;https://www.google.com/maps/search/?api=1&query=Toko%20Al%20Barokah&query_place_id=ChIJKRHMZRfnaC4RQXHp0zP1wjY;Toko Kelontong Asia;;;;;
KM KONVEKSI BANDUNG;5;1;Ruko Grand Sucore, Jl. Khp Hasan Mustopa No.155 Blok F-28;Kota Bandung;Jawa Barat;ID;http://www.uniform-factory.com/;+62 811-210-793;Toko Pakaian Seragam;Jasa Bordir;Toko Suvenir;Produsen Pakaian Olahraga;Toko Pakaian Kerja;;;;;;https://www.google.com/maps/search/?api=1&query=KM%20KONVEKSI%20BANDUNG&query_place_id=ChIJDaB03pPnaC4Ru81wKLcesjE;Toko Pakaian Seragam;;;;;
Warung Neng Nur;4.6;5;Jl. Ciumbuleuit Gg. Abah Nursai;Kota Bandung;Jawa Barat;ID;;+62 813-9521-3363;Toko Kelontong Asia;;;;;;;;;;https://www.google.com/maps/search/?api=1&query=Warung%20Neng%20Nur&query_place_id=ChIJlX_c-PvnaC4RphamKUdA3ig;Toko Kelontong Asia;;;;;
Warung Baraya;;;Jl. Bangbayang.51A/157D, 40134, RT.02/RW.09;Kota Bandung;Jawa Barat;ID;;+62 815-7255-5439;Toko Kelontong Asia;;;;;;;;;;https://www.google.com/maps/search/?api=1&query=Warung%20Baraya&query_place_id=ChIJYxk3z13naC4RdLfccb-dHbE;Toko Kelontong Asia;;;;;
Toko Neta;1;1;Jl. Babakan Cianjur No.8;Kota Bandung;Jawa Barat;ID;;+62 838-6328-4385;Toko Kelontong Asia;Warung Makanan Kecil;;;;;;;;;https://www.google.com/maps/search/?api=1&query=Toko%20Neta&query_place_id=ChIJEwlmYtLlaC4RfPsH3HHsiDo;Toko Kelontong Asia;;;;;
Warung Miky A Hakiki (Donatkhans);5;1;Gg. Asli II, RT.004/005/RW.no 26;Bandung, Jawa Barat;Jawa Barat;ID;;;Grosir Barang Kelontong;;;;;;;;;;https://www.google.com/maps/search/?api=1&query=Warung%20Miky%20A%20Hakiki%20(Donatkhans)&query_place_id=ChIJT9mE0QTnaC4Ry3TTGBAHaEQ;Grosir Barang Kelontong;;;;;
Warung kelontong;;;4JR8+HF2, Kampung Jl. Cipicung Hilir, RT.05/RW.02;Kota Bandung;Jawa Barat;ID;;+62 853-5215-2673;Dapur Umum;;;;;;;;;;https://www.google.com/maps/search/?api=1&query=Warung%20kelontong&query_place_id=ChIJkTNeRgDnaC4Rw_mvlNZEWXo;Dapur Umum;;;;;
Warung mbak;;;4HJM+8M8, Jl. Sukahaji Blk. 2, RT.02/RW.07;Kota Bandung;Jawa Barat;ID;;;Toko Kelontong Asia;;;;;;;;;;https://www.google.com/maps/search/?api=1&query=Warung%20mbak&query_place_id=ChIJfWoeZwDnaC4RH2sOcmS5Mng;Toko Kelontong Asia;;;;;
Warung Abang Ayut;5;6;Jl. Babakan Caringin;Kota Bandung;Jawa Barat;ID;;+62 822-1624-9007;Toko bahan makanan;;;;;;;;;;https://www.google.com/maps/search/?api=1&query=Warung%20Abang%20Ayut&query_place_id=ChIJcwpltmLmaC4R_f1LRkH6aCY;Toko bahan makanan;;;;;
Bambi;4.7;16;Jl. Dagopojok No.43;Kota Bandung;Jawa Barat;ID;;;Toko Kelontong Asia;;;;;;;;;;https://www.google.com/maps/search/?api=1&query=Bambi&query_place_id=ChIJr_eD4-PmaC4R_zo-fCNcWA0;Toko Kelontong Asia;;;;;
toko baju Tri Buana;5;1;ciwalk, cihampelas;Kota Bandung;Jawa Barat;ID;;+62 811-2422-640;Toko Pakaian;;;;;;;;;;https://www.google.com/maps/search/?api=1&query=toko%20baju%20Tri%20Buana&query_place_id=ChIJp0jUj0jnaC4RxIqViScatMM;Toko Pakaian;;;;;
GIANISA;4.4;19;Jl. Gegerkalong Girang No.63;Kota Bandung;Jawa Barat;ID;;+62 813-9449-0202;Butik;;;;;;;;;;https://www.google.com/maps/search/?api=1&query=GIANISA&query_place_id=ChIJ99mjR7zmaC4Ro3jlj0pAadg;Butik;;;;;
Warung Djawa;3.3;10;Jl. Tubagus Ismail No.20;Kota Bandung;Jawa Barat;ID;;;Toko bahan makanan;;;;;;;;;;https://www.google.com/maps/search/?api=1&query=Warung%20Djawa&query_place_id=ChIJ3xghNt7naC4R9X93GJkEIGo;Toko bahan makanan;;;;;
Sk.secondstore.Bdg;5;2;Jl. Gegerkalong Tengah No.68;Kota Bandung;Jawa Barat;ID;;;Toko Pakaian Bekas;;;;;;;;;;https://www.google.com/maps/search/?api=1&query=Sk.secondstore.Bdg&query_place_id=ChIJJ3BUiW7naC4Rm_-qQBUZcDw;Toko Pakaian Bekas;;;;;
Kindow Mart;4.8;9;Komp Sarijadi Blok 4 No 114, Bandung;Jawa Barat;Jawa Barat;ID;;+62 818-0208-9909;Toko Pakaian Pria;;;;;;;;;;https://www.google.com/maps/search/?api=1&query=Kindow%20Mart&query_place_id=ChIJd6VrQoPmaC4R7hiU7H_cpRg;Toko Pakaian Pria;;;;;
Sasak Batik;4.5;21;Jl. Cihampelas No.172;Kota Bandung;Jawa Barat;ID;;+62 22 2034844;Toko Pakaian;;;;;;;;;;https://www.google.com/maps/search/?api=1&query=Sasak%20Batik&query_place_id=ChIJIXVGj1vmaC4RhlVWJbgkMuY;Toko Pakaian;;;;;
Sewa kostum anak bandung komplit Emak zul;5;981;Jl. Sukamaju Dalam No.27;Kota Bandung;Jawa Barat;ID;;+62 895-2593-0064;Toko Kostum;Perias;Klub Kostum Tradisional;;;;;;;;https://www.google.com/maps/search/?api=1&query=Sewa%20kostum%20anak%20bandung%20komplit%20Emak%20zul&query_place_id=ChIJoeMvChjnaC4RwEP31o7KvUw;Toko Kostum;;;;;
Pusat Oleh Oleh Bandung;4.5;1839;Jl. Dr. Djunjunan No.39;Kota Bandung;Jawa Barat;ID;;;Toko;Pusat Perbelanjaan;;;;;;;;;https://www.google.com/maps/search/?api=1&query=Pusat%20Oleh%20Oleh%20Bandung&query_place_id=ChIJsQJRA2bmaC4Rfe0XuUTbb0A;Toko;;;;;
LASKALA FLAGSHIP STORE | PARIS VAN JAVA;5;63;Jalan Sukajadi.131-139 Lt GL D38;Kota Bandung;Jawa Barat;ID;;+62 22 82063646;Toko pakaian batik;Toko Pakaian;;;;;;;;;https://www.google.com/maps/search/?api=1&query=LASKALA%20FLAGSHIP%20STORE%20%7C%20PARIS%20VAN%20JAVA&query_place_id=ChIJ82hpLADnaC4R9M7sY-TxeHg;Toko pakaian batik;;;;;
Nike Factory Store;4.3;1442;Jl. Ir. H. Juanda No.145;Kota Bandung;Jawa Barat;ID;http://nike.com/;+62 22 2506701;Toko Pakaian Olahraga;Toko Peralatan Olahraga;;;;;;;;;https://www.google.com/maps/search/?api=1&query=Nike%20Factory%20Store&query_place_id=ChIJB8oEVlbmaC4Rc9960_Q2Qcw;Toko Pakaian Olahraga;;;;;
Istana Zuhair Gamis Hijab;4.2;23;Jl. Sukagalih II No.27, RT.05/RW.09;Kota Bandung;Jawa Barat;ID;http://linktr.ee/istanazuhair;+62 857-2288-0102;Toko Pakaian;;;;;;;;;;https://www.google.com/maps/search/?api=1&query=Istana%20Zuhair%20Gamis%20Hijab&query_place_id=ChIJVzzo12DmaC4RAlSQ1wBZ34Q;Toko Pakaian;;;;;
Vilour Promo Indonesia;4.1;65;Jl. Dipati Ukur No.76A;Kota Bandung;Jawa Barat;ID;https://instagram.com/vilour_store;+62 22 2506643;Toko Pakaian;;;;;;;;;;https://www.google.com/maps/search/?api=1&query=Vilour%20Promo%20Indonesia&query_place_id=ChIJOU0PLVTmaC4ROmVMXm1oPIQ;Toko Pakaian;;;;;
Cutie Honey Gaun Pesta;4.7;16;BTC Fashion Mall, Jl. DR. Djunjunan Dalam No.143- 149 LT. FF no G3;Kota Bandung;Jawa Barat;ID;https://www.instagram.com/p/Bw8Zt3Ah_4U/?igshid=59z9i55o8p6v;+62 816-606-076;Toko Perlengkapan Pengantin Wanita;;;;;;;;;;https://www.google.com/maps/search/?api=1&query=Cutie%20Honey%20Gaun%20Pesta&query_place_id=ChIJEz3WX3vmaC4R67uInaM8Tj8;Toko Perlengkapan Pengantin Wanita;;;;;
Mirtakids Store;5;380;Jl. Imam Bonjol No.1;Kota Bandung;Jawa Barat;ID;;+62 851-1747-6058;Toko Pakaian;;;;;;;;;;https://www.google.com/maps/search/?api=1&query=Mirtakids%20Store&query_place_id=ChIJ3YFUcgDnaC4RRnmbjCfUvJ0;Toko Pakaian;;;;;
My style ciwalk;4.6;93;Ciwalk mall, Jl. Cihampelas No.160;Kota Bandung;Jawa Barat;ID;https://www.instagram.com/mystyle.or/;;Toko Pakaian Wanita;;;;;;;;;;https://www.google.com/maps/search/?api=1&query=My%20style%20ciwalk&query_place_id=ChIJNT7K9STnaC4RoWEHKQFgFQU;Toko Pakaian Wanita;;;;;
Toko grosir sembako makmur;;;4J4C+G45, Jl. Haurmekar Gg. III;Kota Bandung;Jawa Barat;ID;;+62 812-2270-7449;Pusat Perbelanjaan;;;;;;;;;;https://www.google.com/maps/search/?api=1&query=Toko%20grosir%20sembako%20makmur&query_place_id=ChIJNf_nFD3naC4R-spooSoil5c;Pusat Perbelanjaan;;;;;
Harum Jaya;4.9;353;Jl. Dr. Setiabudi No.110 A;Kota Bandung;Jawa Barat;ID;;+62 858-1987-6500;Toko Pakaian Renang;;;;;;;;;;https://www.google.com/maps/search/?api=1&query=Harum%20Jaya&query_place_id=ChIJvzDlVY3maC4R3VRQidSCmBg;Toko Pakaian Renang;;;;;
Toko sembako ijabah 31;;;Gg. Cibangbara, RT.04/RW.2;Kota Bandung;Jawa Barat;ID;;+62 812-2425-1445;Toko sembako pemerintah;Dapur Umum;;;;;;;;;https://www.google.com/maps/search/?api=1&query=Toko%20sembako%20ijabah%2031&query_place_id=ChIJ970ZKQDnaC4RKwbtQ9L6txM;Toko sembako pemerintah;;;;;
Warung Sembako Pa Ejeh Cicarita;5;2;4HWP+7FX, Jl. Cicarita Tower, RT.02 RW18/RW.No 53;Kabupaten Bandung Barat;Jawa Barat;ID;;;Pertanian;;;;;;;;;;https://www.google.com/maps/search/?api=1&query=Warung%20Sembako%20Pa%20Ejeh%20Cicarita&query_place_id=ChIJ58aEHgbnaC4RKs2hCHloPqU;Pertanian;;;;;
TOKO SEMBAKO ANEKA KARYA MUTLAKA;;;3HXP+959, Jl. Citepus 1;Kota Bandung;Jawa Barat;ID;;;Toko bahan makanan;;;;;;;;;;https://www.google.com/maps/search/?api=1&query=TOKO%20SEMBAKO%20ANEKA%20KARYA%20MUTLAKA&query_place_id=ChIJOQIH23HmaC4R4L4IX8BCxXw;Toko bahan makanan;;;;;
Toko Sembako Sumber Rezeki;5;2;Jl. Sekeloa Sel. II No.1;Kota Bandung;Jawa Barat;ID;;+62 821-1979-8507;Grosir;;;;;;;;;;https://www.google.com/maps/search/?api=1&query=Toko%20Sembako%20Sumber%20Rezeki&query_place_id=ChIJ46JTUcPnaC4RSLr3VJg5PY0;Grosir;;;;;
Toko Sembako Padi Berkah;;;Jl. Dr. Setiabudi No.214;Kota Bandung;Jawa Barat;ID;;+62 22 30500245;Toko sembako pemerintah;;;;;;;;;;https://www.google.com/maps/search/?api=1&query=Toko%20Sembako%20Padi%20Berkah&query_place_id=ChIJkwxEUL7maC4R5jFighkotuQ;Toko sembako pemerintah;;;;;
Warung Sembako Mamah Uus (TOKO HEGAR);4.6;5;Jl. Cibeunying Hegar I No.4;Kota Bandung;Jawa Barat;ID;;;Toko;Toko sembako pemerintah;;;;;;;;;https://www.google.com/maps/search/?api=1&query=Warung%20Sembako%20Mamah%20Uus%20(TOKO%20HEGAR)&query_place_id=ChIJ2fAviqnnaC4RC4n7me_uGlQ;Toko;;;;;
Sepatu anak Brand Snaley;;;Jl. Rereng Wulung No.37;Kota Bandung;Jawa Barat;ID;;+62 812-8011-1068;Toko Sepatu;;;;;;;;;;https://www.google.com/maps/search/?api=1&query=Sepatu%20anak%20Brand%20Snaley&query_place_id=ChIJMcKmiSroaC4Rl5P2jzI5LuU;Toko Sepatu;;;;;
Toko sembako pemerintah;;;Gg. Bp Ohe;Kota Bandung;Jawa Barat;ID;https://wa.me/081220971402;+62 812-2097-1402;Toko sembako pemerintah;;;;;;;;;;https://www.google.com/maps/search/?api=1&query=Toko%20sembako%20pemerintah&query_place_id=ChIJP70tWvHlaC4R9TP6j4GVtl8;Toko sembako pemerintah;;;;;
Sevspo Cimahi;5;2;Jl. Babakan Radio No.12;Kota Bandung;Jawa Barat;ID;https://sevspocimahi.blogspot.com/;+62 858-7272-2162;Toko Sepatu;;;;;;;;;;https://www.google.com/maps/search/?api=1&query=Sevspo%20Cimahi&query_place_id=ChIJTyKDUbvlaC4RQI3XihPwrt8;Toko Sepatu;;;;;
Toko Sembako INTAN BARUS;5;3;Jl. Cisitu Lama Gang VII No.12, RT.007/RW.010;Kota Bandung;Jawa Barat;ID;;+62 822-1550-9542;Toko bahan makanan;;;;;;;;;;https://www.google.com/maps/search/?api=1&query=Toko%20Sembako%20INTAN%20BARUS&query_place_id=ChIJtcD3r_nnaC4RwkgqF-R56D8;Toko bahan makanan;;;;;
Pijakbumi;4.8;13;Jl. Bukit Dago Utara II No.11;Kota Bandung;Jawa Barat;ID;https://pijakbumi.com/;+62 813-6009-9907;Toko Sepatu;;;;;;;;;;https://www.google.com/maps/search/?api=1&query=Pijakbumi&query_place_id=ChIJj09rNvzmaC4RjDV-mZoXpNU;Toko Sepatu;;;;;
Toko cha cha;3.8;10;Jl. Sapujagat No.12;Kota Bandung;Jawa Barat;ID;;+62 821-2199-9989;Toko bahan makanan;;;;;;;;;;https://www.google.com/maps/search/?api=1&query=Toko%20cha%20cha&query_place_id=ChIJ3cdWMbDnaC4RIXxQErHqVLU;Toko bahan makanan;;;;;
Toko Sembako H. Udin;3.7;14;Jl. Rereng Wulung No.15;Kota Bandung;Jawa Barat;ID;;;Toko;;;;;;;;;;https://www.google.com/maps/search/?api=1&query=Toko%20Sembako%20H.%20Udin&query_place_id=ChIJC9EB1q_naC4Rm7WLv2uKqbk;Toko;;;;;
Warung ma onyas;5;8;Jln. Citra green dago, kp Jl. Cipicung Girang No.05 rt05/10;Kota Bandung;Jawa Barat;ID;;+62 857-7639-8864;Toko Kelontong Asia;;;;;;;;;;https://www.google.com/maps/search/?api=1&query=Warung%20ma%20onyas&query_place_id=ChIJjXC9zS7naC4RIUi25FgnpU8;Toko Kelontong Asia;;;;;
Warung Tangga;5;1;Jl. Ir. H. Juanda No.30 158A;Kota Bandung;Jawa Barat;ID;;;Toko Kelontong Asia;;;;;;;;;;https://www.google.com/maps/search/?api=1&query=Warung%20Tangga&query_place_id=ChIJXYYK5LnnaC4Ra37-iS2QwAY;Toko Kelontong Asia;;;;;
TOKO HR;5;2;Jl. Puyuh No.91 rw 10, RT.001;Kota Bandung;Jawa Barat;ID;;+62 856-0130-5718;Toko Kelontong Asia;;;;;;;;;;https://www.google.com/maps/search/?api=1&query=TOKO%20HR&query_place_id=ChIJA91Vp6znaC4RItpy8u2XDWU;Toko Kelontong Asia;;;;;
toko kelontong Aly; bisa tarik & setor tunai;;;Jl. Babakan Cianjur No.02;Kota Bandung;Jawa Barat;ID;;;Minimarket;;;;;;;;;;https://www.google.com/maps/search/?api=1&query=toko%20kelontong%20Aly%2C%20bisa%20tarik%20%26%20setor%20tunai&query_place_id=ChIJZaUtNADlaC4RKfRCVOqU7Cs;Minimarket;;;;
warung ibu taty;;;Gg. Emon No.486;Kota Bandung;Jawa Barat;ID;;+62 856-2457-7995;Toko Kelontong Asia;;;;;;;;;;https://www.google.com/maps/search/?api=1&query=warung%20ibu%20taty&query_place_id=ChIJa6aDtALnaC4RsxToXPQT02s;Toko Kelontong Asia;;;;;
WILDSHELL;4.4;9;Jl. Gegerkalong Hilir No.75;Kota Bandung;Jawa Barat;ID;https://wildshell.id/;+62 821-2100-1962;Toko Olahraga Luar Ruangan;;;;;;;;;;https://www.google.com/maps/search/?api=1&query=WILDSHELL&query_place_id=ChIJA_D3wbTnaC4RYbNhGYC-rSY;Toko Olahraga Luar Ruangan;;;;;
Eiger Adventure Store Suci;4.9;58;Jl. Surapati No.147;Kota Bandung;Jawa Barat;ID;http://www.eigeradventure.com/;+62 811-2003-1478;Toko Olahraga Luar Ruangan;Pusat Perbelanjaan;;;;;;;;;https://www.google.com/maps/search/?api=1&query=Eiger%20Adventure%20Store%20Suci&query_place_id=ChIJaa0tHwDnaC4R02f7YF8WnMo;Toko Olahraga Luar Ruangan;;;;;
Mahameru Survival Soul;4.9;18;Jl. Sarimanah 1 no. 68 blok 14, RT/RW 02/05;Kota Bandung;Jawa Barat;ID;;+62 857-6588-5490;Toko Pakaian dan Peralatan Luar Ruangan;;;;;;;;;;https://www.google.com/maps/search/?api=1&query=Mahameru%20Survival%20Soul&query_place_id=ChIJpb4ceivnaC4RHW2kuBRb9uc;Toko Pakaian dan Peralatan Luar Ruangan;;;;;
Warung Pak Asep Gaos;5;1;babul jannah, Jl. Cibeunying Kolot Gg. H. Atih;Kota Bandung;Jawa Barat;ID;;+62 899-4024-414;Toko Kelontong Asia;;;;;;;;;;https://www.google.com/maps/search/?api=1&query=Warung%20Pak%20Asep%20Gaos&query_place_id=ChIJZQ-DRQDnaC4R4veGGZfZdjs;Toko Kelontong Asia;;;;;
Outlive;4.5;55;Jl. Dr. Setiabudi No.84;Kota Bandung;Jawa Barat;ID;;+62 22 2446303;Toko Pakaian Olahraga;Toko;;;;;;;;;https://www.google.com/maps/search/?api=1&query=Outlive&query_place_id=ChIJFXTnzvLmaC4R1a2puhIZi_M;Toko Pakaian Olahraga;;;;;
Khakikakiku PVJ;4.9;60;Paris Van Java, Jl.Sukajadi No.131-139, Paris Van Java, Lt.GL, Unit.C16 B;Kota Bandung;Jawa Barat;ID;http://www.khakikakiku.com/;+62 22 82063845;Toko Sepatu;;;;;;;;;;https://www.google.com/maps/search/?api=1&query=Khakikakiku%20PVJ&query_place_id=ChIJ_6mlRWDmaC4Rgv_ZZZ7qTmY;Toko Sepatu;;;;;
SOGO • PVJ Mall;4.5;1003;Paris Van Java, Jl. Sukajadi No.137-139;Kota Bandung;Jawa Barat;ID;http://sogo.co.id/;+62 821-2000-2919;Toserba;;;;;;;;;;https://www.google.com/maps/search/?api=1&query=SOGO%20%E2%80%A2%20PVJ%20Mall&query_place_id=ChIJGzlWFWDmaC4RtdUAWpm7pSE;Toserba;;;;;
Your Bag Spa PVJ;4.9;362;SKY LEVEL dekat Janji Jiwa, Paris Van Java, Jl. Sukajadi No.131 — 139;Kota Bandung;Jawa Barat;ID;http://www.yourbagspa.com/;+62 859-1095-24889;Binatu;;;;;;;;;;https://www.google.com/maps/search/?api=1&query=Your%20Bag%20Spa%20PVJ&query_place_id=ChIJ5WM_JGDmaC4Rnq8Am9MvAbY;Binatu;;;;;
KONVEKSI BAJU PEREMPUAN DAN SERAGAM;4.7;3;Jl. Bumi Pasundan No.177;Kota Bandung;Jawa Barat;ID;;+62 812-1913-6054;Toko Pakaian;;;;;;;;;;https://www.google.com/maps/search/?api=1&query=KONVEKSI%20BAJU%20PEREMPUAN%20DAN%20SERAGAM&query_place_id=ChIJo4BplUrdaC4Rfxr4vPaQQRw;Toko Pakaian;;;;;
CRESSIDA Factory Outlet;4.4;287;Jl. AH. Nasution No.172;Kota Bandung;Jawa Barat;ID;;+62 22 63734032;Toko Pakaian;;;;;;;;;;https://www.google.com/maps/search/?api=1&query=CRESSIDA%20Factory%20Outlet&query_place_id=ChIJYyBMB-ndaC4RXcBIFUQ_zq4;Toko Pakaian;;;;;
Toko Tiga;4.4;2078;3JHC+QFM, Jl. A. Yani;Kota Bandung;Jawa Barat;ID;;;Toko Pakaian;;;;;;;;;;https://www.google.com/maps/search/?api=1&query=Toko%20Tiga&query_place_id=ChIJXywKMC3maC4RSqIKEjRTMKw;Toko Pakaian;;;;;
Konveksi Bandung - Finest Garment;4.9;131;Jl. Vijayakusuma XVII No.47D;Kota Bandung;Jawa Barat;ID;https://bandung.finest-garment.com/;+62 813-9393-5511;Toko Kaos;;;;;;;;;;https://www.google.com/maps/search/?api=1&query=Konveksi%20Bandung%20-%20Finest%20Garment&query_place_id=ChIJNzpQ5J3daC4Rk74MZgM-5sM;Toko Kaos;;;;;
Gudang Garment;4.4;335;Jl. AH. Nasution No.76;Kota Bandung;Jawa Barat;ID;;+62 800 800800;Toko Pakaian;;;;;;;;;;https://www.google.com/maps/search/?api=1&query=Gudang%20Garment&query_place_id=ChIJ4QqTzmTdaC4RFusiQFNqDVE;Toko Pakaian;;;;;
GROSIR KAOS POLOS BANDUNG;4.9;68;Jl. Pasir Impun Barat No.38, RT.02/RW.03;Kota Bandung;Jawa Barat;ID;http://shopee.co.id/kaosaurus;+62 882-0000-55218;Toko Kaos;Toko Pakaian Pria;Toko Pakaian Wanita;;;;;;;;https://www.google.com/maps/search/?api=1&query=GROSIR%20KAOS%20POLOS%20BANDUNG&query_place_id=ChIJNWSf4c7daC4RSoqX11HS8DI;Toko Kaos;;;;;
Dessya Collection;4.8;6;;Kota Bandung;Jawa Barat;ID;;+62 821-1860-6601;Toko Pakaian;;;;;;;;;;https://www.google.com/maps/search/?api=1&query=Dessya%20Collection&query_place_id=ChIJNUnTzxjdaC4RhzIGrcJIKKI;Toko Pakaian;;;;;
Toko Fatih Collection Serba 35.000;5;5;Jl. Giri Jati No.231;Kota Bandung;Jawa Barat;ID;;;Toko Pakaian;;;;;;;;;;https://www.google.com/maps/search/?api=1&query=Toko%20Fatih%20Collection%20Serba%2035.000&query_place_id=ChIJKfqIMQDdaC4RQbpOZRroKHE;Toko Pakaian;;;;;
Kips Bandung;5;318;Jl. Taruna Raya No.56;Kota Bandung;Jawa Barat;ID;http://kips.co.id/;+62 813-2044-4965;Toko Pakaian Seragam;;;;;;;;;;https://www.google.com/maps/search/?api=1&query=Kips%20Bandung&query_place_id=ChIJMXXRS7LnaC4RompeNaUPEWs;Toko Pakaian Seragam;;;;;
Grosir Jeans Bandung;5;97;Jl. Sukaasih Raya;Kota Bandung;Jawa Barat;ID;https://www.tokopedia.com/grosirjeansbandung1;+62 813-2033-9458;Toko Pakaian;;;;;;;;;;https://www.google.com/maps/search/?api=1&query=Grosir%20Jeans%20Bandung&query_place_id=ChIJ2YIx_dTdaC4R_kokh-caDMw;Toko Pakaian;;;;;
Paberik Badjoe;4.4;7341;Jl. Soekarno-Hatta No.573;Kota Bandung;Jawa Barat;ID;;+62 22 7337269;Toko Pakaian;;;;;;;;;;https://www.google.com/maps/search/?api=1&query=Paberik%20Badjoe&query_place_id=ChIJKdv-jmnoaC4RWzkGFnSpp0k;Toko Pakaian;;;;;
Distributor Sembako Murah Bandung;;;Jl. Terusan Sutami II No.27;Kota Bandung;Jawa Barat;ID;;;Pasar;;;;;;;;;;https://www.google.com/maps/search/?api=1&query=Distributor%20Sembako%20Murah%20Bandung&query_place_id=ChIJbwR0CZjnaC4RfCMLV8rrn3M;Pasar;;;;;
Warung Sembako Mom Bilqis;5;3;Gg. Sekemirung II No.64-10;Kota Bandung;Jawa Barat;ID;;;Toko;;;;;;;;;;https://www.google.com/maps/search/?api=1&query=Warung%20Sembako%20Mom%20Bilqis&query_place_id=ChIJ_dQraADnaC4RkzzTvqOOKf8;Toko;;;;;
TOKO JULJOL (Sayur & Sembako);5;10;Jl. Ir. H. Juanda No.218;Kota Bandung;Jawa Barat;ID;https://www.instagram.com/juljolexpressshop/;+62 813-8349-9990;Grosir;;;;;;;;;;https://www.google.com/maps/search/?api=1&query=TOKO%20JULJOL%20(Sayur%20%26%20Sembako)&query_place_id=ChIJ_SbqLZbnaC4Rt_CfSNvEwPg;Grosir;;;;;
Warung sembako murah;5;2;Jl. Sadang Saip No.17b;Kota Bandung;Jawa Barat;ID;;;Toko;;;;;;;;;;https://www.google.com/maps/search/?api=1&query=Warung%20sembako%20murah&query_place_id=ChIJYwDJZovnaC4R0b4wiWpWZTU;Toko;;;;;
Warung Sembako Alkha;4.7;3;4J5H+G7J;Kota Bandung;Jawa Barat;ID;;;Toko bahan makanan;;;;;;;;;;https://www.google.com/maps/search/?api=1&query=Warung%20Sembako%20Alkha&query_place_id=ChIJ35FmVLbnaC4R5kQve1a4AKs;Toko bahan makanan;;;;;
Pot Meets Pop;4.4;219;Jl. Sultan Agung No.9;Kota Bandung;Jawa Barat;ID;http://www.potmeetspopdenim.com/;+62 817-1717-7420;Toko Pakaian;;;;;;;;;;https://www.google.com/maps/search/?api=1&query=Pot%20Meets%20Pop&query_place_id=ChIJG6d3j0nmaC4RpyyXMFjBYFQ;Toko Pakaian;;;;;
GROSIR SEMBAKO ALBAROKAH;4.5;11;Jl. Sekeloa No.12;Kota Bandung;Jawa Barat;ID;;+62 857-2124-3062;Toko;;;;;;;;;;https://www.google.com/maps/search/?api=1&query=GROSIR%20SEMBAKO%20ALBAROKAH&query_place_id=ChIJfdZoTVTmaC4Rk2P2UWBDEac;Toko;;;;;
Chickcool Distro;5;2;Plaza Parahyangan, Jl. Dalem Kaum Blok C Lt. Dasar;Kota Bandung;Jawa Barat;ID;;+62 812-2267-1407;Toko Pakaian;;;;;;;;;;https://www.google.com/maps/search/?api=1&query=Chickcool%20Distro&query_place_id=ChIJN2cLJSTmaC4RPlYG3KVRVYE;Toko Pakaian;;;;;
Your Local Brand;5;1;Jl. Sirnagalih No.36, RT.5/RW.4;Kota Bandung;Jawa Barat;ID;;+62 822-1718-9400;Pemasok Pakaian;;;;;;;;;;https://www.google.com/maps/search/?api=1&query=Your%20Local%20Brand&query_place_id=ChIJMxymksjnaC4RoAhdXPnkG5I;Pemasok Pakaian;;;;;
Wised Official Store;5;532;Jl. Sultan Agung No.11;Kota Bandung;Jawa Barat;ID;https://www.instagram.com/wisedofficial;+62 812-2214-1454;Toko Pakaian;;;;;;;;;;https://www.google.com/maps/search/?api=1&query=Wised%20Official%20Store&query_place_id=ChIJYWsnIITnaC4Rw3WV1iiE4TE;Toko Pakaian;;;;;
Mischief;4.6;166;Jl. L. L. R.E. Martadinata No.70;Kota Bandung;Jawa Barat;ID;http://www.mischiefdenim.com/;+62 22 4218333;Toko Pakaian Pria;Toko Pakaian;;;;;;;;;https://www.google.com/maps/search/?api=1&query=Mischief&query_place_id=ChIJL9F-tkrmaC4Raphi-VKMqRg;Toko Pakaian Pria;;;;;
Distro Persib;4.3;31;3M4Q+9J3, Jl. Gedebage Selatan;Kota Bandung;Jawa Barat;ID;;+62 822-8204-0153;Toko Pakaian;;;;;;;;;;https://www.google.com/maps/search/?api=1&query=Distro%20Persib&query_place_id=ChIJ-bghT77CaC4RYho9WcoCdqo;Toko Pakaian;;;;;
Aloomni ID (Premium T-Shirt & Kaos Custom Satuan Distro Quality);5;3128;Jl. Pluto Sel. II No.35;Kota Bandung;Jawa Barat;ID;https://aloomni.id/;+62 878-7988-9445;Pasar pakaian;;;;;;;;;;https://www.google.com/maps/search/?api=1&query=Aloomni%20ID%20(Premium%20T-Shirt%20%26%20Kaos%20Custom%20Satuan%20Distro%20Quality)&query_place_id=ChIJtzycPbLpaC4RLSByTW7HqOI;Pasar pakaian;;;;;
Screamous Flagship Store;4.4;281;Jl. Trunojoyo No.8;Kota Bandung;Jawa Barat;ID;http://www.screamous.com/;+62 22 20523152;Toko Pakaian;;;;;;;;;;https://www.google.com/maps/search/?api=1&query=Screamous%20Flagship%20Store&query_place_id=ChIJfe0wsUnmaC4Rjb6Mc8c-S-s;Toko Pakaian;;;;;
Baju Kaos Distro Online Bandung;5;6;No Jl. Tj. Sari Asri Bar. No.56;Kota Bandung;Jawa Barat;ID;;+62 812-2099-8685;Toko Pakaian;;;;;;;;;;https://www.google.com/maps/search/?api=1&query=Baju%20Kaos%20Distro%20Online%20Bandung&query_place_id=ChIJx16hlPbnaC4RRjTyl2Ht_SY;Toko Pakaian;;;;;
bloods concept store;4.5;253;3JW6+4QR, Jl. Sultan Agung;Kota Bandung;Jawa Barat;ID;;+62 813-2077-5197;Toko Pakaian;;;;;;;;;;https://www.google.com/maps/search/?api=1&query=bloods%20concept%20store&query_place_id=ChIJ____v0vmaC4RM8DYLkSdLQo;Toko Pakaian;;;;;
Evil Army;4.5;68;Jl. Sultan Agung No.5;Kota Bandung;Jawa Barat;ID;https://www.evilfact.com/;+62 22 4265106;Toko Aksesori Pakaian;Grosir pakaian;Toko Pakaian Pria;;;;;;;;https://www.google.com/maps/search/?api=1&query=Evil%20Army&query_place_id=ChIJfQYFSUjmaC4RUIjXeasS6hs;Toko Aksesori Pakaian;;;;;
Rumah Batik Komar (Workshop dan Showroom);4.5;598;Jl. Cigadung Raya Timur No.1 No.5;Kota Bandung;Jawa Barat;ID;http://batikkomar.com/;+62 22 2514788;Toko pakaian batik;Toko Pakaian;Tujuan Wisata;;;;;;;;https://www.google.com/maps/search/?api=1&query=Rumah%20Batik%20Komar%20(Workshop%20dan%20Showroom)&query_place_id=ChIJm09x6qnnaC4R6R7VUMW5urw;Toko pakaian batik;;;;;
Toko Terus Jaya;4.2;127;Jl. Sukajadi No.90;Kota Bandung;Jawa Barat;ID;;;Toko Pakaian Seragam;;;;;;;;;;https://www.google.com/maps/search/?api=1&query=Toko%20Terus%20Jaya&query_place_id=ChIJJ-zLumDmaC4RsMayjb2zSIA;Toko Pakaian Seragam;;;;;
Konveksi Bandung Murah Berkualitas Jawara | Atteso Konveksi;5;25;Jl. Cisitu Indah V No.13;Kota Bandung;Jawa Barat;ID;https://attesokonveksi.com/;+62 812-1255-9055;Toko Pakaian;;;;;;;;;;https://www.google.com/maps/search/?api=1&query=Konveksi%20Bandung%20Murah%20Berkualitas%20Jawara%20%7C%20Atteso%20Konveksi&query_place_id=ChIJByFY9WDnaC4ROaTKDfpx4wo;Toko Pakaian;;;;;
Rumah Batik Cipaku;4.8;532;Jl. Cipaku Indah I No.14;Kota Bandung;Jawa Barat;ID;https://www.instagram.com/rumahbatikcipaku;+62 811-2333-699;Toko pakaian batik;Toko Pakaian;;;;;;;;;https://www.google.com/maps/search/?api=1&query=Rumah%20Batik%20Cipaku&query_place_id=ChIJud8ghL_maC4RqzKgEXZDxss;Toko pakaian batik;;;;;
Cais Kids;5;116;Balubur Town Square, Blok D2 Lot M06;Kota Bandung;Jawa Barat;ID;https://instagram.com/caiskids?igshid=MzRlODBiNWFlZA==;+62 811-2297-922;Toko Pakaian Anak;;;;;;;;;;https://www.google.com/maps/search/?api=1&query=Cais%20Kids&query_place_id=ChIJRS2QxAjnaC4RYWmo2Lj0UrQ;Toko Pakaian Anak;;;;;
ADF OUTLET DAGO;4.3;793;Jl. Ir. H. Juanda No.123;Kota Bandung;Jawa Barat;ID;https://shopee.co.id/adfoutletdago?categoryId=100017&entryPoint=ShopByPDP&itemId=10820961731;+62 22 2536255;Toko Pakaian Olahraga;;;;;;;;;;https://www.google.com/maps/search/?api=1&query=ADF%20OUTLET%20DAGO&query_place_id=ChIJu_7A01bmaC4RVE1lLzcBjAI;Toko Pakaian Olahraga;;;;;
Abadi Fashion Pusat;5;32;Jl. Sersan Bajuri No.17A;Kota Bandung;Jawa Barat;ID;;+62 812-2487-3607;Toko Pakaian;;;;;;;;;;https://www.google.com/maps/search/?api=1&query=Abadi%20Fashion%20Pusat&query_place_id=ChIJ8R5g57nmaC4RaQ7A9OF0swY;Toko Pakaian;;;;;
JETSET KONVEKSI BANDUNG Pusat Sablon Kaos Termurah Terbaik;4.7;232;Jl. Surapati No.169;Kota Bandung;Jawa Barat;ID;https://www.jetsetkaosbandung.com/p/cara-pesan.html;+62 858-6141-4155;Toko Kaos Custom;Toko Pakaian Anak;Produsen pakaian dan kain;Toko Pakaian;Pemasok Pakaian;Pasar Grosir Pakaian;Penjahit Pesanan Khusus;Produsen;Toko Sablon;Toko Kaos;https://www.google.com/maps/search/?api=1&query=JETSET%20KONVEKSI%20BANDUNG%20Pusat%20Sablon%20Kaos%20Termurah%20Terbaik&query_place_id=ChIJtY5M_rDnaC4RVM4HHUONG6Q;Toko Kaos Custom;;;;;
Fox Store factory outlet;4.6;25;;Kota Bandung;Jawa Barat;ID;;;Toko Pakaian;;;;;;;;;;https://www.google.com/maps/search/?api=1&query=Fox%20Store%20factory%20outlet&query_place_id=ChIJybfNfxvnaC4RlMzPR58lnm0;Toko Pakaian;;;;;
Kencana Pajajaran;4.4;120;Jl. Dipati Ukur No.40;Kota Bandung;Jawa Barat;ID;;+62 22 2505852;Toko pakaian batik;Butik;Toko Pakaian;Toko Aksesori Pakaian;;;;;;;https://www.google.com/maps/search/?api=1&query=Kencana%20Pajajaran&query_place_id=ChIJa1cTEVLmaC4RBgZrlqmsgWg;Toko pakaian batik;;;;;
Toko bajudress.id;1.7;6;Jl. Ir. H. Juanda No.112;Kota Bandung;Jawa Barat;ID;;;Toko Pakaian;;;;;;;;;;https://www.google.com/maps/search/?api=1&query=Toko%20bajudress.id&query_place_id=ChIJ27GfDADnaC4RXW4HdyuJJrI;Toko Pakaian;;;;;
Grosir baju murah;;;Jl. Bukit Resik No.18;Kota Bandung;Jawa Barat;ID;;+62 812-2058-5155;Pasar Grosir Pakaian;;;;;;;;;;https://www.google.com/maps/search/?api=1&query=Grosir%20baju%20murah&query_place_id=ChIJ1zOe3NvnaC4RYhPcUpGOchU;Pasar Grosir Pakaian;;;;;
Jaket outdoor dan sewa alat-alat camping;5;2;4HHM+HVX, Jl. Sukahaji;Kota Bandung;Jawa Barat;ID;;+62 813-1317-4448;Toko Pakaian;;;;;;;;;;https://www.google.com/maps/search/?api=1&query=Jaket%20outdoor%20dan%20sewa%20alat-alat%20camping&query_place_id=ChIJPZixT2jnaC4RG-sjZxY0dPs;Toko Pakaian;;;;;
Mayoutfit;4.5;1901;Jl. Gegerkalong Hilir No.9;Kota Bandung;Jawa Barat;ID;;+62 22 82004502;Toko;;;;;;;;;;https://www.google.com/maps/search/?api=1&query=Mayoutfit&query_place_id=ChIJUa4-L5TmaC4RmhP0Qa5_1fA;Toko;;;;;
Mountaingeer;5;6;Gg. Bukit Reuma II No.12 A;Kota Bandung;Jawa Barat;ID;http://instagram.com/mountaingeer_id/;+62 811-8971-111;Toko Olahraga Luar Ruangan;;;;;;;;;;https://www.google.com/maps/search/?api=1&query=Mountaingeer&query_place_id=ChIJIf7XrEHnaC4RCMb85zb-1Hg;Toko Olahraga Luar Ruangan;;;;;
ALTEVA OUTDOOR;5;8;Street View, Jl. Giringsing No.1;Kota Bandung;Jawa Barat;ID;https://www.instagram.com/altevaoutdoor/;+62 896-6296-0222;Toko Pakaian Olahraga;Toko;;;;;;;;;https://www.google.com/maps/search/?api=1&query=ALTEVA%20OUTDOOR&query_place_id=ChIJTWSHNs_naC4RaVXReuZiW64;Toko Pakaian Olahraga;;;;;
EVEREST Outdoor Gear & Equipment;4.6;82;Jl. Gagak No.164, RT.001/RW.05;Kota Bandung;Jawa Barat;ID;https://www.instagram.com/everest_bdg/;+62 813-9518-0809;Layanan Sewa Tenda;;;;;;;;;;https://www.google.com/maps/search/?api=1&query=EVEREST%20Outdoor%20Gear%20%26%20Equipment&query_place_id=ChIJo_y0oa7naC4RleLk0fmpUII;Layanan Sewa Tenda;;;;;
RUMAH SEPATU VANS BANDUNG;4.1;221;Jl. Teuku Umar No.33;Kota Bandung;Jawa Barat;ID;http://shopee.co.id/blackshoesstorebandung;;Pusat Perbelanjaan;Toko Sepatu;;;;;;;;;https://www.google.com/maps/search/?api=1&query=RUMAH%20SEPATU%20VANS%20BANDUNG&query_place_id=ChIJVVVI9VPmaC4RsIlVOq3-Lfs;Pusat Perbelanjaan;;;;;
TOKO SAM OUTDOOR;4.7;19;Jl. Haur Pancuh No.86;Kota Bandung;Jawa Barat;ID;;+62 813-2121-0750;Toko Olahraga Luar Ruangan;;;;;;;;;;https://www.google.com/maps/search/?api=1&query=TOKO%20SAM%20OUTDOOR&query_place_id=ChIJDVc_OiTnaC4RaKM4fx6hO88;Toko Olahraga Luar Ruangan;;;;;
Ngawana Outdoor Rental;4.3;15;Jl. Gagak belakang No.127;Kota Bandung;Jawa Barat;ID;;;Toko Alat-alat Perkemahan;;;;;;;;;;https://www.google.com/maps/search/?api=1&query=Ngawana%20Outdoor%20Rental&query_place_id=ChIJZfyvetznaC4RaOdfY9Y5j5g;Toko Alat-alat Perkemahan;;;;;
Toko Sepatu Sandal Lokal Terbaik;5;1;Jl. Karang Tineung Indah Dalam No.84/181, RT./001/RW./004;Kota Bandung;Jawa Barat;ID;;+62 815-4675-1190;Toko Sepatu;;;;;;;;;;https://www.google.com/maps/search/?api=1&query=Toko%20Sepatu%20Sandal%20Lokal%20Terbaik&query_place_id=ChIJBbQymEnnaC4RO0qGc5v-JWg;Toko Sepatu;;;;;
F.A.U.S.T;4.8;21;Jl. Dipati Ukur No.49B;Kota Bandung;Jawa Barat;ID;;+62 856-2449-9057;Toko Sepatu;;;;;;;;;;https://www.google.com/maps/search/?api=1&query=F.A.U.S.T&query_place_id=ChIJQUQ6E1TmaC4R-JdNEKfScc0;Toko Sepatu;;;;;
MySepatu Surapati;4.6;113;Jl. Surapati No.89;Kota Bandung;Jawa Barat;ID;https://instagram.com/mysepatu_surapati?igshid=NzAzN2Q1NTE=;+62 852-2006-2889;Toko Sepatu;;;;;;;;;;https://www.google.com/maps/search/?api=1&query=MySepatu%20Surapati&query_place_id=ChIJN9fTY_3naC4RCgs8fDK8CIs;Toko Sepatu;;;;;
BLANKENHEIM RETAIL STORE;5;7;SOGO - PVJ Mall, Paris Van Java, Jl. Sukajadi No.137-139;Kota Bandung;Jawa Barat;ID;http://www.blankenheim.id/;+62 811-8582-207;Pabrikan barang kulit;Toko Barang-barang Kulit;;;;;;;;;https://www.google.com/maps/search/?api=1&query=BLANKENHEIM%20RETAIL%20STORE&query_place_id=ChIJo8HyEcnnaC4RpQq67dKxJVo;Pabrikan barang kulit;;;;;
THE BAROKAH 'warung kelontong company' since 2005;4;1;Gang Reumah Kidul No.1;Kota Bandung;Jawa Barat;ID;;;Toko bahan makanan;;;;;;;;;;https://www.google.com/maps/search/?api=1&query=THE%20BAROKAH%20'warung%20kelontong%20company'%20since%202005&query_place_id=ChIJhR6PekXnaC4R0gjEIVdWqFQ;Toko bahan makanan;;;;;
13th Shoes;5;146;Jl. Terusan Cisokan No.100;Kota Bandung;Jawa Barat;ID;http://www.13thshoes.com/shop/;+62 878-7847-1954;Toko Sepatu;;;;;;;;;;https://www.google.com/maps/search/?api=1&query=13th%20Shoes&query_place_id=ChIJDVLwUUfnaC4RGWTIZlP7UI8;Toko Sepatu;;;;;
Warung wa alo;5;2;Gg. Bp. Muhari No.59, RT.001/RW.002;Kota Bandung;Jawa Barat;ID;;;Toko;;;;;;;;;;https://www.google.com/maps/search/?api=1&query=Warung%20wa%20alo&query_place_id=ChIJg5HoZG_naC4RbtkpgMJKWXM;Toko;;;;;
waroeng habibi's;4.2;14;Cibeunying Landeuh Rt06/ 04 no.94/ 144f Kel;Kota Bandung;Jawa Barat;ID;;+62 812-8808-0680;Toko Kelontong Asia;;;;;;;;;;https://www.google.com/maps/search/?api=1&query=waroeng%20habibi's&query_place_id=ChIJvQIeMTLnaC4Rg9GR_Js4VbE;Toko Kelontong Asia;;;;;
TOKO SEMBAKO YOCHA ( teh Irene );5;1;Jl. Kubang Selatan VI No.222;Kota Bandung;Jawa Barat;ID;;+62 815-2576-7773;Warung Makanan Kecil;;;;;;;;;;https://www.google.com/maps/search/?api=1&query=TOKO%20SEMBAKO%20YOCHA%20(%20teh%20Irene%20)&query_place_id=ChIJw6sVclfnaC4RSf9fWFbOBHc;Warung Makanan Kecil;;;;;
Warung Sembako;5;9;4JP8+4P7, Jl. Curug Dago Raya;Kota Bandung;Jawa Barat;ID;;;Toko;;;;;;;;;;https://www.google.com/maps/search/?api=1&query=Warung%20Sembako&query_place_id=ChIJMW6BWADnaC4RnsQZGo_eMG0;Toko;;;;;
Warung Ibu Alit;5;3;4J5H+VP3;Kota Bandung;Jawa Barat;ID;;;Toko Kelontong Asia;;;;;;;;;;https://www.google.com/maps/search/?api=1&query=Warung%20Ibu%20Alit&query_place_id=ChIJf6vtQknnaC4Rd-VmVtzyI3o;Toko Kelontong Asia;;;;;
Toko bapak Agus S;4.7;27;Cibeunying 1 No.20 Rt 04, RT.04/RW.14;Kota Bandung;Jawa Barat;ID;;+62 878-1903-5007;Toko Kelontong Asia;Toko;;;;;;;;;https://www.google.com/maps/search/?api=1&query=Toko%20bapak%20Agus%20S&query_place_id=ChIJ_y5z_6znaC4Re0HvKrW7uuM;Toko Kelontong Asia;;;;;
Warung Pa Iwan (Glosir Sembako);5;3;no.7/151a kel, Jl. Gelatik Dalam;Kota Bandung;Jawa Barat;ID;;+62 852-9461-3326;Toko;;;;;;;;;;https://www.google.com/maps/search/?api=1&query=Warung%20Pa%20Iwan%20(Glosir%20Sembako)&query_place_id=ChIJk-EgJa3naC4RwRtTIECcRr0;Toko;;;;;
TOKO SEMBAKO RIVAN;5;2;Karang tinggal dalam No 38, Kec Sukajadi Kel Cipedes;Kota Bandung;Jawa Barat;ID;;+62 838-2021-4248;Toko;;;;;;;;;;https://www.google.com/maps/search/?api=1&query=TOKO%20SEMBAKO%20RIVAN&query_place_id=ChIJK_SP8T7naC4RdmxLhLF9kPA;Toko;;;;;
Warung Elle ~ Syakila;4.9;12;Jl. Sukaluyu I No.10, RT.02/RW.06;Kota Bandung;Jawa Barat;ID;;+62 821-1955-1276;Toko Kelontong Asia;;;;;;;;;;https://www.google.com/maps/search/?api=1&query=Warung%20Elle%20~%20Syakila&query_place_id=ChIJ9cyORqTnaC4RAbxsgqr3q-Y;Toko Kelontong Asia;;;;;
Toko sembako murah;;;4HCH+3F9, Jl. Sarirasa;Kota Bandung;Jawa Barat;ID;;;Toko;;;;;;;;;;https://www.google.com/maps/search/?api=1&query=Toko%20sembako%20murah&query_place_id=ChIJyZhHtTTnaC4RFnpkz2uavtc;Toko;;;;;
Toko Sembako Rep;5;1;Jl. Babakan Jeruk 1 No.78;Kota Bandung;Jawa Barat;ID;;;Toko;;;;;;;;;;https://www.google.com/maps/search/?api=1&query=Toko%20Sembako%20Rep&query_place_id=ChIJC4iRqzLnaC4RMnfyCWAIhuY;Toko;;;;;
Warung Sembako IBU YANI;5;1;3HWC+JRM, Jl. Maleber Utara, RT.05/RW.06;Kota Bandung;Jawa Barat;ID;;+62 823-1705-7017;Minimarket;Restoran;;;;;;;;;https://www.google.com/maps/search/?api=1&query=Warung%20Sembako%20IBU%20YANI&query_place_id=ChIJz46_VxTlaC4RkK9jNjy862g;Minimarket;;;;;
NZM SEMBAKO;5;4;Jl. Baladewa Asri No.2;Kota Bandung;Jawa Barat;ID;;+62 858-6060-0626;Toko umum;;;;;;;;;;https://www.google.com/maps/search/?api=1&query=NZM%20SEMBAKO&query_place_id=ChIJlXKHWQDnaC4Rl1m0Pvadcqw;Toko umum;;;;;
Grosir Pa Agus Ibu Yani;5;6;Jl. Cipedes Atas No.68;Kota Bandung;Jawa Barat;ID;;+62 22 2002534;Toko Swalayan;;;;;;;;;;https://www.google.com/maps/search/?api=1&query=Grosir%20Pa%20Agus%20Ibu%20Yani&query_place_id=ChIJE8oea5HmaC4RD-VWm3T_vLA;Toko Swalayan;;;;;
Warung Sembako Berkah;5;3;Jl. Terusan Mulyasari No.24;Kota Bandung;Jawa Barat;ID;;;Toko;;;;;;;;;;https://www.google.com/maps/search/?api=1&query=Warung%20Sembako%20Berkah&query_place_id=ChIJDZe_N1rnaC4Rkk0BNi4OHsM;Toko;;;;;
Toko Sumedang;4.3;78;Jl. Babakan Cianjur No.27;Kota Bandung;Jawa Barat;ID;;+62 22 6027475;Toko bahan makanan;;;;;;;;;;https://www.google.com/maps/search/?api=1&query=Toko%20Sumedang&query_place_id=ChIJraXXO9LlaC4Re7FQRFyB8dE;Toko bahan makanan;;;;;
Warung Sembako KALA;5;2;dpn RSHS, Garunggang Kulon No. 10/65 Rt/W : 06/11, Kel Jl. Pasir Kaliki;Kota Bandung;Jawa Barat;ID;;+62 852-2123-0098;Toko Makanan;;;;;;;;;;https://www.google.com/maps/search/?api=1&query=Warung%20Sembako%20KALA&query_place_id=ChIJoZrEKajnaC4RLLr1HTqa6kU;Toko Makanan;;;;;
Warung sembako aa;5;1;4J94+HMW;Kota Bandung;Jawa Barat;ID;;;Toko bahan makanan;;;;;;;;;;https://www.google.com/maps/search/?api=1&query=Warung%20sembako%20aa&query_place_id=ChIJjxMueADnaC4RBBdsQ76H8v4;Toko bahan makanan;;;;;
Tote Bag;5;21;;Kota Bandung;Jawa Barat;ID;;;Toko Tas;;;;;;;;;;https://www.google.com/maps/search/?api=1&query=Tote%20Bag&query_place_id=ChIJib2ZS6XnaC4R-cGZXOApgPE;Toko Tas;;;;;
Warung ridwan;4.9;11;Jl. Cibarengkok No.236;Kota Bandung;Jawa Barat;ID;;+62 896-1153-1107;Toko Perlengkapan Rumah;;;;;;;;;;https://www.google.com/maps/search/?api=1&query=Warung%20ridwan&query_place_id=ChIJx3aOBpDnaC4RApJDdOqPeOI;Toko Perlengkapan Rumah;;;;;
Elegant Leather;4.5;47;Jl. Cihampelas No.133 Blk;Kota Bandung;Jawa Barat;ID;;+62 22 2031352;Toko Aksesori Pakaian;;;;;;;;;;https://www.google.com/maps/search/?api=1&query=Elegant%20Leather&query_place_id=ChIJQ0RjglzmaC4RqTLyJMe_-Nc;Toko Aksesori Pakaian;;;;;
LNS Leather;4.6;5;Jl. Cikutra Barat belakang No.115, RT.01/RW.05;Kota Bandung;Jawa Barat;ID;;+62 813-2145-4545;Toko Barang-barang Kulit;;;;;;;;;;https://www.google.com/maps/search/?api=1&query=LNS%20Leather&query_place_id=ChIJ675cen7naC4RYP87lbwXOF0;Toko Barang-barang Kulit;;;;;
Tas anak Karakter;4.4;7;4H5C+9VW;Kota Bandung;Jawa Barat;ID;;+62 813-6434-1180;Toko Tas;;;;;;;;;;https://www.google.com/maps/search/?api=1&query=Tas%20anak%20Karakter&query_place_id=ChIJX15YpNXlaC4Rum2TFYr8QX4;Toko Tas;;;;;
Factory Outlet Store;4.3;357;Jl. Dr. Setiabudi No.73;Kota Bandung;Jawa Barat;ID;;;Mal outlet;;;;;;;;;;https://www.google.com/maps/search/?api=1&query=Factory%20Outlet%20Store&query_place_id=ChIJtxAFb5TmaC4RXKl_CgQXHkc;Mal outlet;;;;;
Mr. Quilting;4.5;71;Jl. Teuku Umar No.5;Kota Bandung;Jawa Barat;ID;https://mrquilting.com/;+62 811-2209-099;Toko Tas;;;;;;;;;;https://www.google.com/maps/search/?api=1&query=Mr.%20Quilting&query_place_id=ChIJ24dtNjznaC4RvcHqIJy-sMs;Toko Tas;;;;;
mywhitebag;4.4;31;Jl. Jalaprang No.13;Kota Bandung;Jawa Barat;ID;;+62 812-2220-6615;Toko Tas;;;;;;;;;;https://www.google.com/maps/search/?api=1&query=mywhitebag&query_place_id=ChIJOVF3ObDnaC4R3-dtW-mYf5Y;Toko Tas;;;;;
Baju Store;5;1;Selalu bersyukurJl, Jl. Ir. H. Juanda No.113;Kota Bandung;Jawa Barat;ID;;;Toko Pakaian;;;;;;;;;;https://www.google.com/maps/search/?api=1&query=Baju%20Store&query_place_id=ChIJS6dBtRTnaC4R8muMtKD99eU;Toko Pakaian;;;;;
Konveksi Termurah Bandung - Dezperado;5;22;Jl. Surapati No.161a, RT.07/RW.09;Kota Bandung;Jawa Barat;ID;;+62 878-2580-1497;Toko Pakaian;;;;;;;;;;https://www.google.com/maps/search/?api=1&query=Konveksi%20Termurah%20Bandung%20-%20Dezperado&query_place_id=ChIJhf7WyMbnaC4RY_aLt75SyOU;Toko Pakaian;;;;;
Lavie Baby House;4.5;2007;Jl. Imam Bonjol No.6;Kota Bandung;Jawa Barat;ID;http://www.laviebabyhouse.com/;+62 22 2504905;Toko Perlengkapan Bayi;Toko Pakaian Bayi;Toko Pakaian Anak;Toko Mebel Anak;Toko Pakaian;Toko Perlengkapan Rumah;Toko Ibu Hamil;Toko Mainan;;;https://www.google.com/maps/search/?api=1&query=Lavie%20Baby%20House&query_place_id=ChIJM9JiW1HmaC4Rnamwv7JCRtQ;Toko Perlengkapan Bayi;;;;;
EIGER Adventure Store Setiabudhi Bandung;4.6;1497;Jl. Dr. Setiabudi No.84;Kota Bandung;Jawa Barat;ID;https://www.instagram.com/eigersetiabudhi/;+62 811-2184-155;Toko Pakaian dan Peralatan Luar Ruangan;Toko Pakaian;;;;;;;;;https://www.google.com/maps/search/?api=1&query=EIGER%20Adventure%20Store%20Setiabudhi%20Bandung&query_place_id=ChIJefuh0fLmaC4R5jgTUQRCslg;Toko Pakaian dan Peralatan Luar Ruangan;;;;;
Mivi Baby Shop;4.2;138;Jl. Prof. Eyckman No.17;Kota Bandung;Jawa Barat;ID;;+62 22 2037400;Toko Pakaian Bayi;Toko Perlengkapan Bayi;Toko Aksesori Pakaian;;;;;;;;https://www.google.com/maps/search/?api=1&query=Mivi%20Baby%20Shop&query_place_id=ChIJu6XuHl3maC4RjO7-gkzQegY;Toko Pakaian Bayi;;;;;
Nuevanesia - Sewa Alat Camping Bandung;5;119;blok 4 no 114, Jl. Sarirasa;Kota Bandung;Jawa Barat;ID;https://nuevanesia.com/;+62 818-0208-9909;Toko Alat-alat Perkemahan;Layanan Sewa Tenda;;;;;;;;;https://www.google.com/maps/search/?api=1&query=Nuevanesia%20-%20Sewa%20Alat%20Camping%20Bandung&query_place_id=ChIJgawT-ZvnaC4RfC9LRz4MLWM;Toko Alat-alat Perkemahan;;;;;
AMAZON KONVEKSI BANDUNG;4.7;102;Jl. Surapati No.113;Kota Bandung;Jawa Barat;ID;http://www.amazonkonveksi.com/;+62 812-2135-042;Toko Pakaian;Tukang Jahit;Toko Kaos Custom;Produsen Pakan;Toko Topi;Toko Pakaian Pria;Produsen Pakaian Olahraga;Toko Pakaian Kerja;;;https://www.google.com/maps/search/?api=1&query=AMAZON%20KONVEKSI%20BANDUNG&query_place_id=ChIJoVoTTbLnaC4RSq6P6CnF92k;Toko Pakaian;;;;;
Zafran Outdoor & Adventure Gear;4.4;53;Jl. Arjuna No.1-70;Kota Bandung;Jawa Barat;ID;;+62 813-8159-0084;Toko Alat-alat Perkemahan;;;;;;;;;;https://www.google.com/maps/search/?api=1&query=Zafran%20Outdoor%20%26%20Adventure%20Gear&query_place_id=ChIJKzrOWRPmaC4Rv5jabgqAU68;Toko Alat-alat Perkemahan;;;;;
Arei Flagship Experience Store Cihampelas;4.7;1318;Jl. Cihampelas No.10 Taman sari Cicendo;Kota Bandung;Jawa Barat;ID;http://areioutdoorgear.co.id/;+62 857-1175-0050;Toko Olahraga Luar Ruangan;;;;;;;;;;https://www.google.com/maps/search/?api=1&query=Arei%20Flagship%20Experience%20Store%20Cihampelas&query_place_id=ChIJEz8l1kbmaC4RzcAe2bYOO8U;Toko Olahraga Luar Ruangan;;;;;
Tienda Padelpoint Bandung;5;132;Cihampelas Walk, Jl. Cihampelas No.160 Lantai G;Kota Bandung;Jawa Barat;ID;;+62 877-2739-1664;Toko Olahraga Luar Ruangan;Klub Olahraga;;;;;;;;;https://www.google.com/maps/search/?api=1&query=Tienda%20Padelpoint%20Bandung&query_place_id=ChIJH0lDMADnaC4RqnQqGo7MoxU;Toko Olahraga Luar Ruangan;;;;;
Rhino Outdoor Bandung store;5;55;Jl. Sarimanah 1 No.44 Blok 14;Kota Bandung;Jawa Barat;ID;https://rhinooutdoor.id/;+62 878-2595-4144;Toko Alat-Alat;;;;;;;;;;https://www.google.com/maps/search/?api=1&query=Rhino%20Outdoor%20Bandung%20store&query_place_id=ChIJg8yPfNLnaC4RbTTGOKmfF9M;Toko Alat-Alat;;;;;
TOKO TENDA TAMAOUTDOOR | PABRIK TENDA;4.9;102;Jl. Maleber Barat No.87;Bandung`;Jawa Barat;ID;https://pabriktendadibandung.com/;+62 821-1807-7797;Toko Alat-alat Perkemahan;;;;;;;;;;https://www.google.com/maps/search/?api=1&query=TOKO%20TENDA%20TAMAOUTDOOR%20%7C%20PABRIK%20TENDA&query_place_id=ChIJ7QmytDjlaC4R6Tvpiu9zixY;Toko Alat-alat Perkemahan;;;;;
Indische Outdoor Service;4.9;27;Jl. Gegerkalong Girang No.142;Kota Bandung;Jawa Barat;ID;;+62 852-1708-1625;Toko Perlengkapan Olahraga;;;;;;;;;;https://www.google.com/maps/search/?api=1&query=Indische%20Outdoor%20Service&query_place_id=ChIJJfzknqTmaC4RaJ9iQ5tFDng;Toko Perlengkapan Olahraga;;;;;
Horas Outdoor;5;2;Jl. Cijerokaso No.58A, RT.03/RW.10;Kota Bandung;Jawa Barat;ID;;+62 831-9492-0701;Toko Olahraga Luar Ruangan;;;;;;;;;;https://www.google.com/maps/search/?api=1&query=Horas%20Outdoor&query_place_id=ChIJt7b7x-bnaC4RyCha41uqz5U;Toko Olahraga Luar Ruangan;;;;;
BLACKSHOES BANDUNG;4.3;48;Jl. Dipati Ukur No.66D;Kota Bandung;Jawa Barat;ID;;+62 857-7636-1800;Toko Sepatu;;;;;;;;;;https://www.google.com/maps/search/?api=1&query=BLACKSHOES%20BANDUNG&query_place_id=ChIJR6LBI0nnaC4RDNN7v6gLEhQ;Toko Sepatu;;;;;
Toko Sepatu Bandung;4.2;234;Jl. A. Yani No.87;Kota Bandung;Jawa Barat;ID;;+62 22 4206257;Toko Sepatu;;;;;;;;;;https://www.google.com/maps/search/?api=1&query=Toko%20Sepatu%20Bandung&query_place_id=ChIJ-ahK2dLnaC4RJLZ5jl1o0_8;Toko Sepatu;;;;;
Pasar Pendaki;4.8;961;Jl. Gegerkalong Hilir No.75A;Kota Bandung;Jawa Barat;ID;;+62 821-2770-4515;Toko Olahraga Luar Ruangan;;;;;;;;;;https://www.google.com/maps/search/?api=1&query=Pasar%20Pendaki&query_place_id=ChIJo8rJopfmaC4Rug7kVXjXPew;Toko Olahraga Luar Ruangan;;;;;
Rhino Outdoor - Rental Alat Camping Bandung;4.9;52;Jl. Gegerkalong Hilir No.203;Kota Bandung;Jawa Barat;ID;https://rhinooutdoor.id/;+62 878-2595-4144;Toko Alat-alat Perkemahan;Penyelenggara aktivitas luar ruangan;;;;;;;;;https://www.google.com/maps/search/?api=1&query=Rhino%20Outdoor%20-%20Rental%20Alat%20Camping%20Bandung&query_place_id=ChIJt1kUdBXnaC4RbmaShHPACrY;Toko Alat-alat Perkemahan;;;;;
Hoops Indonesia Surapati;4.7;632;Jl. Surapati No.61;Kota Bandung;Jawa Barat;ID;http://hoopsindonesia.co.id/;+62 858-4622-2115;Toko Sepatu;Toko Pakaian Olahraga;;;;;;;;;https://www.google.com/maps/search/?api=1&query=Hoops%20Indonesia%20Surapati&query_place_id=ChIJAylxLk3maC4RnQvRolCUZYQ;Toko Sepatu;;;;;
Alaska Sport Shoes;4;878;Jl. Astana Anyar No.18;Kota Bandung;Jawa Barat;ID;;+62 22 6014883;Toko Sepatu;;;;;;;;;;https://www.google.com/maps/search/?api=1&query=Alaska%20Sport%20Shoes&query_place_id=ChIJn1w2hyLmaC4RiR3vkUSEZso;Toko Sepatu;;;;;
MKS Shoes;4.6;220;Jl. Ciwulan No.34;Kota Bandung;Jawa Barat;ID;http://www.mksshoes.com/;+62 811-1137-272;Toko Sepatu;;;;;;;;;;https://www.google.com/maps/search/?api=1&query=MKS%20Shoes&query_place_id=ChIJB902mDLmaC4RYQ8ULNX5vq4;Toko Sepatu;;;;;
Dunia Sepatu;4.2;179;Jl. Dalem Kaum No.39;Kota Bandung;Jawa Barat;ID;;+62 22 4205085;Toko Sepatu;;;;;;;;;;https://www.google.com/maps/search/?api=1&query=Dunia%20Sepatu&query_place_id=ChIJsYFqFSTmaC4RWNw8tf-82Zs;Toko Sepatu;;;;;
Coco Onal;4.8;11;Jl. Cihampelas No.134;Kota Bandung;Jawa Barat;ID;;;Toko Sepatu;;;;;;;;;;https://www.google.com/maps/search/?api=1&query=Coco%20Onal&query_place_id=ChIJq8brXlvmaC4R37hIzxcVw8c;Toko Sepatu;;;;;
Ittaherl;4.9;21;Jl. Pinus Jarum No.27;Kota Bandung;Jawa Barat;ID;http://www.ittaherl.com/;;Toko Sepatu;;;;;;;;;;https://www.google.com/maps/search/?api=1&query=Ittaherl&query_place_id=ChIJF7jdeIHoaC4RiH4qfh7M13Y;Toko Sepatu;;;;;
Hijack Sandals Bandung;4.7;647;Jl. Dahlia No.1A;Kota Bandung;Jawa Barat;ID;https://hijacksandals.com/;+62 811-2187-711;Toko Sepatu;;;;;;;;;;https://www.google.com/maps/search/?api=1&query=Hijack%20Sandals%20Bandung&query_place_id=ChIJ7VIoY8jnaC4RHCoBblbuTv4;Toko Sepatu;;;;;
Toko Sepatu;4.7;11;Jl. Dipati Ukur No.247;Kota Bandung;Jawa Barat;ID;;;Toko;;;;;;;;;;https://www.google.com/maps/search/?api=1&query=Toko%20Sepatu&query_place_id=ChIJez_S9lTnaC4RqIdHP43Ctfc;Toko;;;;;
Starting Lane Running Store Concept (Toko Sepatu Olahraga Lari Original Bandung);4.9;2437;Jl. Gandapura No.73A;Kota Bandung;Jawa Barat;ID;http://www.startinglane.co.id/;+62 895-3223-34662;Toko Sepatu;Toko Perlengkapan Olahraga;Toko Pakaian Olahraga;;;;;;;;https://www.google.com/maps/search/?api=1&query=Starting%20Lane%20Running%20Store%20Concept%20(Toko%20Sepatu%20Olahraga%20Lari%20Original%20Bandung)&query_place_id=ChIJGbxhzf7naC4ReQqhl8IGwP8;Toko Sepatu;;;;;
Istana Sepatu;4.4;972;Jl. Merdeka No.23A;Kota Bandung;Jawa Barat;ID;;+62 22 4241330;Toko Sepatu;;;;;;;;;;https://www.google.com/maps/search/?api=1&query=Istana%20Sepatu&query_place_id=ChIJpUQ_kDfmaC4R_qn8258g3-c;Toko Sepatu;;;;;
Ncr Sport Bandung (Toko Sepatu Basket dan Sneakers Original Bandung);4.9;3922;Jl. Gatot Subroto No.237;Kota Bandung;Jawa Barat;ID;http://ncrsport.com/;+62 895-8067-91101;Toko Sepatu;Toko Perlengkapan Olahraga;;;;;;;;;https://www.google.com/maps/search/?api=1&query=Ncr%20Sport%20Bandung%20(Toko%20Sepatu%20Basket%20dan%20Sneakers%20Original%20Bandung)&query_place_id=ChIJ1xwho9fnaC4RjVP4NSnvwi4;Toko Sepatu;;;;;
Portee Goods;4.9;1046;Jl. Anggrek No.15;Kota Bandung;Jawa Barat;ID;http://www.porteegoods.com/;+62 881-0241-11271;Toko Sepatu;Toko Barang-barang Kulit;;;;;;;;;https://www.google.com/maps/search/?api=1&query=Portee%20Goods&query_place_id=ChIJ--DFgjDmaC4R50rM09e0tOQ;Toko Sepatu;;;;;
Istana Sepatu;4.3;1565;Jl. Dalem Kaum No.25;Kota Bandung;Jawa Barat;ID;;+62 813-9555-2327;Toko Sepatu;;;;;;;;;;https://www.google.com/maps/search/?api=1&query=Istana%20Sepatu&query_place_id=ChIJL9wwEyTmaC4Rbgp2ImwZkSs;Toko Sepatu;;;;;
Winod Store Bandung;4.6;208;Jl. Dr. Setiabudi No.171;Kota Bandung;Jawa Barat;ID;https://desty.page/winod;+62 851-7808-9039;Toko Sepatu;;;;;;;;;;https://www.google.com/maps/search/?api=1&query=Winod%20Store%20Bandung&query_place_id=ChIJffy170vnaC4RJAm_MuQ99Qw;Toko Sepatu;;;;;
807GARAGE Bandung;4.9;5122;Paris Van Java Mall Resort Lifestyle Place GL C-31;Kota Bandung;Jawa Barat;ID;https://807garage.com/;+62 813-8121-1987;Toko Sepatu;;;;;;;;;;https://www.google.com/maps/search/?api=1&query=807GARAGE%20Bandung&query_place_id=ChIJ_8hoV_rnaC4REKeCmMDS68U;Toko Sepatu;;;;;
Warung Bu Damah;5;3;Jl. Cipedes Tengah No.57;Kota Bandung;Jawa Barat;ID;;+62 882-2242-0029;Toko Kelontong Asia;;;;;;;;;;https://www.google.com/maps/search/?api=1&query=Warung%20Bu%20Damah&query_place_id=ChIJV2YTv77naC4RCrbrEOSZZq4;Toko Kelontong Asia;;;;;
House of Donatello;4.8;5019;Jl. Ir. H. Juanda No.104;Kota Bandung;Jawa Barat;ID;http://www.donatello.co.id/;+62 281 12449438;Toko Sepatu;;;;;;;;;;https://www.google.com/maps/search/?api=1&query=House%20of%20Donatello&query_place_id=ChIJW-hIO1HmaC4R0OEyNrHw-do;Toko Sepatu;;;;;
Warung Sadaya 18;5;3;Gg. RH. Amsyor dalam No.18;Kota Bandung;Jawa Barat;ID;;+62 22 6040773;Toko Kelontong Asia;;;;;;;;;;https://www.google.com/maps/search/?api=1&query=Warung%20Sadaya%2018&query_place_id=ChIJLYMBfULlaC4RDlmyRoLfrDs;Toko Kelontong Asia;;;;;
Warung sembako mandiri;4.3;7;Jl.Kp Biru, RT.03/RW.04;Kota Bandung;Jawa Barat;ID;;+62 852-9440-2752;Minimarket;;;;;;;;;;https://www.google.com/maps/search/?api=1&query=Warung%20sembako%20mandiri&query_place_id=ChIJK9d0ieTmaC4RmFG0rY3NaP4;Minimarket;;;;;
Warung Ibu tati;5;4;;Kota Bandung;Jawa Barat;ID;;;Toko Kelontong Asia;;;;;;;;;;https://www.google.com/maps/search/?api=1&query=Warung%20Ibu%20tati&query_place_id=ChIJJwkchu3haC4RMdT3rzJ8ooI;Toko Kelontong Asia;;;;;
Warung Wid;5;5;Jl. Terusan Karang Tineung No.44;Kota Bandung;Jawa Barat;ID;;;Grosir Barang Kelontong;;;;;;;;;;https://www.google.com/maps/search/?api=1&query=Warung%20Wid&query_place_id=ChIJST2nRdznaC4R90vniiiUOs8;Grosir Barang Kelontong;;;;;
Warung Koko Gelap Nyawang;5;5;Jl. Gelap Nyawang No.P12;Kota Bandung;Jawa Barat;ID;https://r.grab.com/g/2-2-6-C22UV2BZN2VBC2;+62 813-2210-5157;Toko Kelontong Asia;;;;;;;;;;https://www.google.com/maps/search/?api=1&query=Warung%20Koko%20Gelap%20Nyawang&query_place_id=ChIJx2kIYPznaC4RiWkSGDhdpM0;Toko Kelontong Asia;;;;;
Toko Saripudin;4.4;194;Jl. Sangkuriang No.2;Kota Bandung;Jawa Barat;ID;;;Toko bahan makanan;;;;;;;;;;https://www.google.com/maps/search/?api=1&query=Toko%20Saripudin&query_place_id=ChIJj1odgvDmaC4RXAM57lv8BD8;Toko bahan makanan;;;;;
Toko Taman Sari;4.8;27;Jl. Sarirasa No.100;Kota Bandung;Jawa Barat;ID;;;Toko Kelontong Asia;;;;;;;;;;https://www.google.com/maps/search/?api=1&query=Toko%20Taman%20Sari&query_place_id=ChIJfWtjbIPmaC4RdyBZV5dqAGk;Toko Kelontong Asia;;;;;
DC mini & Grosir DT;4.9;21;Jl. Cibogo Tengah No.233;Kota Bandung;Jawa Barat;ID;;+62 22 20279390;Grosir Barang Kelontong;Grosir;;;;;;;;;https://www.google.com/maps/search/?api=1&query=DC%20mini%20%26%20Grosir%20DT&query_place_id=ChIJt1tmzuvnaC4RndknV3FcpuI;Grosir Barang Kelontong;;;;;
Warung Khairan;5;1;4H7V+GJC, Jl. Karang Tineung;Kota Bandung;Jawa Barat;ID;;+62 812-1219-94510;Toko bahan makanan;;;;;;;;;;https://www.google.com/maps/search/?api=1&query=Warung%20Khairan&query_place_id=ChIJe88JdIvmaC4RsFKkcjYRo9g;Toko bahan makanan;;;;;
Warung H.Toha;5;2;Jl. Terusan Sutami No.30;Kota Bandung;Jawa Barat;ID;;;Toko Kelontong Asia;;;;;;;;;;https://www.google.com/maps/search/?api=1&query=Warung%20H.Toha&query_place_id=ChIJ3XgqKtDnaC4R4GXM_g7PwPc;Toko Kelontong Asia;;;;;
Warung umi dan toko yuli;5;2;Jl. Cihampelas No.51/35B, RT.03/RW.05;Kota Bandung;Jawa Barat;ID;;+62 855-2389-1445;Toko Kelontong Asia;;;;;;;;;;https://www.google.com/maps/search/?api=1&query=Warung%20umi%20dan%20toko%20yuli&query_place_id=ChIJrfLTLPXnaC4RALOn13VK9Fg;Toko Kelontong Asia;;;;;
Sutami 2 ;toko Sembako;4.5;12;Jl. Terusan Sutami II No.8-20;Kota Bandung;Jawa Barat;ID;;+62 822-1485-7666;Toko;;;;;;;;;;https://www.google.com/maps/search/?api=1&query=Sutami%202%20%2Ctoko%20Sembako&query_place_id=ChIJD3-Si4XmaC4RTLqEjdAa_pA;Toko;;;;
Toko Kelontong & Ikan Asin H. Herman;4.9;24;Balubur Town Square Lantai D1 Blok U 23;Kota Bandung;Jawa Barat;ID;;;Toko bahan makanan;;;;;;;;;;https://www.google.com/maps/search/?api=1&query=Toko%20Kelontong%20%26%20Ikan%20Asin%20H.%20Herman&query_place_id=ChIJqxFOPh7naC4RAoPqqQOY9x0;Toko bahan makanan;;;;;
Warung chikal;5;2;Jl. Babakan Jeruk II Jl. Jeruk Sitrun No.2;Kota Bandung;Jawa Barat;ID;;+62 812-2056-1061;Toko Kelontong Asia;;;;;;;;;;https://www.google.com/maps/search/?api=1&query=Warung%20chikal&query_place_id=ChIJ9fBYkGfnaC4RlYGsPKjk_lM;Toko Kelontong Asia;;;;;
Kalibre Flagship Store Bandung;4.6;869;Jalan Cihampelas No.4 Pasir Kaliki Cicendo;Kota Bandung;Jawa Barat;ID;https://www.iamkalibre.com/;+62 22 4232625;Toko Aksesori Pakaian;;;;;;;;;;https://www.google.com/maps/search/?api=1&query=Kalibre%20Flagship%20Store%20Bandung&query_place_id=ChIJDfh1T0fmaC4RErfiuzZkqgQ;Toko Aksesori Pakaian;;;;;
Warung MahBay;4.8;13;Jl. Bahagia Dalam No.2, RT.004/RW.009;Kota Bandung;Jawa Barat;ID;;+62 813-2073-3417;Toko;;;;;;;;;;https://www.google.com/maps/search/?api=1&query=Warung%20MahBay&query_place_id=ChIJm6CVKFzmaC4R5qqOa-tFGAg;Toko;;;;;
Warung Barokah;4.8;5;Jl. Karang Tineung Indah Dalam No.28 09/04;Kota Bandung;Jawa Barat;ID;;;Grosir Barang Kelontong;;;;;;;;;;https://www.google.com/maps/search/?api=1&query=Warung%20Barokah&query_place_id=ChIJCQ2YQDznaC4RiAHY1qgCumk;Grosir Barang Kelontong;;;;;
Tas Seminar Bandung - Juragan Tas Seminar;5;14;Jl Gandapura Simpang Merdeka, Kec. Sumur Bandung, Kota Bandung, Jawa Barat 40113;Kota Bandung;Jawa Barat;ID;https://juragantasseminar.com/;+62 858-8529-2673;Kantor Perusahaan;Produsen;Toko;;;;;;;;https://www.google.com/maps/search/?api=1&query=Tas%20Seminar%20Bandung%20-%20Juragan%20Tas%20Seminar&query_place_id=ChIJg3e7jc3naC4RIicuIu832eM;Kantor Perusahaan;;;;;
Toko Tas Diamond;4.7;21;Jl. Kalipah Apo No.55;Kota Bandung;Jawa Barat;ID;;+62 22 4232543;Toko Tas Tangan;Toko Aksesori Pakaian;;;;;;;;;https://www.google.com/maps/search/?api=1&query=Toko%20Tas%20Diamond&query_place_id=ChIJMfK71yPmaC4Rj_D5qKkElWw;Toko Tas Tangan;;;;;
Exsport Space;4.7;76;Jl. L. L. R.E. Martadinata No.4;Kota Bandung;Jawa Barat;ID;https://www.exsportbags.com/;+62 811-2221-1979;Toko Tas;;;;;;;;;;https://www.google.com/maps/search/?api=1&query=Exsport%20Space&query_place_id=ChIJZxiHqk3naC4RC2AIpjVnDw0;Toko Tas;;;;;
Grosir Tas Bandung;4.2;27;Jl. Cidurian Utara No.99, RT.04/RW.10;Kota Bandung;Jawa Barat;ID;;+62 821-2833-4519;Toko Tas;Grosir;;;;;;;;;https://www.google.com/maps/search/?api=1&query=Grosir%20Tas%20Bandung&query_place_id=ChIJMZkgUCjmaC4RNxYBV6stJM4;Toko Tas;;;;;
Diaz Shoes & Hand Bag;4.2;86;Jl. Sederhana No.7;Kota Bandung;Jawa Barat;ID;;+62 22 2033661;Toko Barang-barang Kulit;;;;;;;;;;https://www.google.com/maps/search/?api=1&query=Diaz%20Shoes%20%26%20Hand%20Bag&query_place_id=ChIJLWT8613maC4RKxovso-40ns;Toko Barang-barang Kulit;;;;;
Tas Tote Berseni - AverilArt;4.8;16;Jl. Dago Barat No.11D;Kota Bandung;Jawa Barat;ID;http://averilart.infinityfreeapp.com/;+62 882-1870-0715;Toko Tas Tangan;;;;;;;;;;https://www.google.com/maps/search/?api=1&query=Tas%20Tote%20Berseni%20-%20AverilArt&query_place_id=ChIJS8oIwibnaC4RxTgNKrs-AVU;Toko Tas Tangan;;;;;
Studio Tas Bandung Indah Plaza;5;11;Jl. Merdeka No.56;Kota Bandung;Jawa Barat;ID;;+62 22 4219661;Toko Koper;;;;;;;;;;https://www.google.com/maps/search/?api=1&query=Studio%20Tas%20Bandung%20Indah%20Plaza&query_place_id=ChIJ2_aa6zfmaC4R7gF9dXAvYBY;Toko Koper;;;;;
Grosir Tote Bag Tas Bandung Rp.35.000;5;7;Jl. Geger Arum I No.52;Kota Bandung;Jawa Barat;ID;;;Kantor Perusahaan;;;;;;;;;;https://www.google.com/maps/search/?api=1&query=Grosir%20Tote%20Bag%20Tas%20Bandung%20Rp.35.000&query_place_id=ChIJiZeqQpPnaC4RSRlIVPwhfMc;Kantor Perusahaan;;;;;
Sasadu Leather;4.9;18;4H5W+5WP, Gg. Budi Bakti;Kota Bandung;Jawa Barat;ID;;+62 813-7465-7121;Toko Tas;;;;;;;;;;https://www.google.com/maps/search/?api=1&query=Sasadu%20Leather&query_place_id=ChIJPSZV2u3naC4RyhRQMN02xyA;Toko Tas;;;;;
Paddy Bags Studio (Bandung);5;374;Jl. Soka No.23A;Kota Bandung;Jawa Barat;ID;;+62 822-6131-5095;Toko Tas;;;;;;;;;;https://www.google.com/maps/search/?api=1&query=Paddy%20Bags%20Studio%20(Bandung)&query_place_id=ChIJv84RIHnnaC4RHI2j2mS9I9w;Toko Tas;;;;;
Produksi tas bandung;4.3;187;Jl. Kepatihan pasar murah kepatihan No.10;Kota Bandung;Jawa Barat;ID;;+62 813-2433-7877;Pengangkut Rumah Pra-produksi;Toko Aksesori Pakaian;Pasar;Toko Sepatu;;;;;;;https://www.google.com/maps/search/?api=1&query=Produksi%20tas%20bandung&query_place_id=ChIJy5XZoSbmaC4Rl_gSNa7rr5o;Pengangkut Rumah Pra-produksi;;;;;
EXSPORT Flagship Store;4.5;228;Jl. Bahureksa No.24;Kota Bandung;Jawa Barat;ID;https://www.exsportbags.com/;+62 811-2009-770;Toko Tas;;;;;;;;;;https://www.google.com/maps/search/?api=1&query=EXSPORT%20Flagship%20Store&query_place_id=ChIJoxHp4Z7naC4R0EHt6pO-PWA;Toko Tas;;;;;
Tas Lipat Bandung;4.7;13;Jl. Cihampelas No.282, RT.10/RW.02;Kota Bandung;Jawa Barat;ID;https://linktr.ee/taslipatbandung;+62 896-0891-6353;Toko Tas;Toko Aksesori Pakaian;;;;;;;;;https://www.google.com/maps/search/?api=1&query=Tas%20Lipat%20Bandung&query_place_id=ChIJawufSrXnaC4RzfRQmNIluyc;Toko Tas;;;;;
Arei Store Ujung Berung;4.8;45;Jl. AH. Nasution No.283;Kota Bandung;Jawa Barat;ID;;+62 895-0244-8455;Toko Pakaian;Toko Tas;;;;;;;;;https://www.google.com/maps/search/?api=1&query=Arei%20Store%20Ujung%20Berung&query_place_id=ChIJL7YkXz_daC4RUMEv5xh6sOI;Toko Pakaian;;;;;
Safar Outdoor;4.7;3;Jl. Sekemala RT. 03/11 Kel;Kota Bandung;Jawa Barat;ID;;+62 882-2045-8094;Toko Pakaian;;;;;;;;;;https://www.google.com/maps/search/?api=1&query=Safar%20Outdoor&query_place_id=ChIJoaVnzujdaC4RYS5RQH6kS_M;Toko Pakaian;;;;;
Wallts Offline Store;5;352;Jl. Ciliwung No.11;Kota Bandung;Jawa Barat;ID;https://walltswallet.com/wallts-store/#;+62 821-1247-886;Toko Tas;Toko Suvenir;;;;;;;;;https://www.google.com/maps/search/?api=1&query=Wallts%20Offline%20Store&query_place_id=ChIJc6llipznaC4RRwBFr2uE8oM;Toko Tas;;;;;
Third Day Co;5;6;Jl. Dr. Setiabudi No.49;Kota Bandung;Jawa Barat;ID;http://www.thirddayco.com/;+62 815-7399-0333;Toko Pakaian;;;;;;;;;;https://www.google.com/maps/search/?api=1&query=Third%20Day%20Co&query_place_id=ChIJjdBryvznaC4RossLqMbol6s;Toko Pakaian;;;;;
Quickening Bandung;4.5;31;Jl. Pak Gatot II No.25 G;Kota Bandung;Jawa Barat;ID;http://facebook.com/quickeningbandung;+62 878-8016-7274;Layanan Distribusi;;;;;;;;;;https://www.google.com/maps/search/?api=1&query=Quickening%20Bandung&query_place_id=ChIJa3Md30XmaC4Rb0RBD8P2s5k;Layanan Distribusi;;;;;
Soul Booster Clothing;5;1;4HMR+MMX, Gg. Gegerkalong Tengah V;Kota Bandung;Jawa Barat;ID;;;Toko Pakaian;;;;;;;;;;https://www.google.com/maps/search/?api=1&query=Soul%20Booster%20Clothing&query_place_id=ChIJod9fIaHnaC4RlZtrL2cgNVE;Toko Pakaian;;;;;
Good Bye Ex;3.9;19;Jl. Sukajadi No.121;Kota Bandung;Jawa Barat;ID;;;Toko Pakaian;;;;;;;;;;https://www.google.com/maps/search/?api=1&query=Good%20Bye%20Ex&query_place_id=ChIJocJ1kWDmaC4RVQs-9Hc2iKU;Toko Pakaian;;;;;
Esgotado;4.7;158;Jalan Sidomukti No.T-5;Kota Bandung;Jawa Barat;ID;http://www.esgotado.id/;+62 852-2039-3424;Toko Aksesori Pakaian;Toko Tas;;;;;;;;;https://www.google.com/maps/search/?api=1&query=Esgotado&query_place_id=ChIJvxuKIq7naC4RyRvTvToyKmI;Toko Aksesori Pakaian;;;;;
C59;4.5;376;Jl. Merak No.2;Kota Bandung;Jawa Barat;ID;;+62 22 2505959;Toko Pakaian;Toko Kaos Custom;;;;;;;;;https://www.google.com/maps/search/?api=1&query=C59&query_place_id=ChIJM0vnO03maC4RX4H4zjvkiRU;Toko Pakaian;;;;;
Omuniuum;4.6;319;Jl. Ciumbuleuit No.151 B lt. 2;Kota Bandung;Jawa Barat;ID;;+62 878-2183-6088;Toko Buku;Toko Kaos;;;;;;;;;https://www.google.com/maps/search/?api=1&query=Omuniuum&query_place_id=ChIJL23SPunmaC4R5E9tQtVc3EY;Toko Buku;;;;;
Primestore (PRMSTR);4.6;24;Jl. Gelatik Dalam No.83A, RT.03/RW.06;Kota Bandung;Jawa Barat;ID;;+62 877-7802-1887;Toko Pakaian Pria;;;;;;;;;;https://www.google.com/maps/search/?api=1&query=Primestore%20(PRMSTR)&query_place_id=ChIJ7RPzLa3naC4Rl9dEZUWvh3A;Toko Pakaian Pria;;;;;
Cargo Factory Outlet;4.3;1675;Jl. Diponegoro No.30;Kota Bandung;Jawa Barat;ID;;;Toko outlet;Toko Pakaian;;;;;;;;;https://www.google.com/maps/search/?api=1&query=Cargo%20Factory%20Outlet&query_place_id=ChIJqfK0b7PnaC4R8g6sYJEgxIE;Toko outlet;;;;;
Gomuda Knitwear Bandung;5;180;Jl. Jurang No.103;Kota Bandung;Jawa Barat;ID;https://gomuda.id/;+62 813-2258-4740;Toko Pakaian Pria;;;;;;;;;;https://www.google.com/maps/search/?api=1&query=Gomuda%20Knitwear%20Bandung&query_place_id=ChIJiRtXMh_naC4RTLx9wOGIRs8;Toko Pakaian Pria;;;;;
Human Greatness Labs;4.3;121;Jl. Hasanudin No.9;Kota Bandung;Jawa Barat;ID;https://www.hgbasiclabs.com/;+62 821-2661-0201;Toko Pakaian;;;;;;;;;;https://www.google.com/maps/search/?api=1&query=Human%20Greatness%20Labs&query_place_id=ChIJsT5Nl33naC4RoRiBj_q6R84;Toko Pakaian;;;;;
EGAROCK - Toko Merchandise Band Bandung;;;Jl. Cibarengkok No.31;Kota Bandung;Jawa Barat;ID;;+62 819-0772-6469;Toko Kaos;;;;;;;;;;https://www.google.com/maps/search/?api=1&query=EGAROCK%20-%20Toko%20Merchandise%20Band%20Bandung&query_place_id=ChIJwyuY_lHnaC4RpsmU5Kilc5I;Toko Kaos;;;;;
District stuff;2.8;9;Gg. Sukaasih No.161, RT.05/RW.10;Kota Bandung;Jawa Barat;ID;https://shopee.co.id/districtstuff.co;+62 852-9417-9365;Toko Pakaian;;;;;;;;;;https://www.google.com/maps/search/?api=1&query=District%20stuff&query_place_id=ChIJlbgxBKblaC4RZu6CM9ocM78;Toko Pakaian;;;;;
Twig House;4.4;367;Jl. Sukajadi No.127;Kota Bandung;Jawa Barat;ID;http://www.twighouse.co.id/;+62 22 2037700;Toko Pakaian;;;;;;;;;;https://www.google.com/maps/search/?api=1&query=Twig%20House&query_place_id=ChIJYepqjmDmaC4RzPfSxCHqMb4;Toko Pakaian;;;;;
Flashyshop Bandung;4.5;162;Jl. Dipati Ukur No.1;Kota Bandung;Jawa Barat;ID;http://www.flashyshop.com/;+62 22 2508393;Toko Pakaian Wanita;Toko Pakaian;Toko Aksesori Pakaian;;;;;;;;https://www.google.com/maps/search/?api=1&query=Flashyshop%20Bandung&query_place_id=ChIJh7i-FFTmaC4R8FK506dtQi8;Toko Pakaian Wanita;;;;;
Karma Oleh Oleh Bandung;4.9;1254;Jl. Dr. Setiabudi No.353;Kota Bandung;Jawa Barat;ID;;+62 811-2226-0333;Toko Kaos;Toko Tas;Toko Pakaian Pantai;Toko Kue;Toko Pakaian Anak;Toko Pakaian;Kedai Kopi;Toko Kerajinan Tangan;Toko Suvenir;;https://www.google.com/maps/search/?api=1&query=Karma%20Oleh%20Oleh%20Bandung&query_place_id=ChIJswQB6YvhaC4RjMafls9C5i4;Toko Kaos;;;;;
bakershop bandung;4.5;2;Jl. Cibogo No.65;Kota Bandung;Jawa Barat;ID;http://linktr.ee/bakershop.bdg;+62 896-2851-7029;Toko Pakaian Pria;Grosir Kain;;;;;;;;;https://www.google.com/maps/search/?api=1&query=bakershop%20bandung&query_place_id=ChIJ3XcIdLfnaC4R6vJuqBael8g;Toko Pakaian Pria;;;;;
Yen's Baby & Kid Shop;4.6;3372;Jl. Dr. Setiabudi No.174;Kota Bandung;Jawa Barat;ID;http://www.yens.info/;+62 22 2038536;Toko Pakaian Anak;;;;;;;;;;https://www.google.com/maps/search/?api=1&query=Yen's%20Baby%20%26%20Kid%20Shop&query_place_id=ChIJ8eZWqNXlaC4Rca0AaqeNsq0;Toko Pakaian Anak;;;;;
Episode Fashion House;4.4;1040;Jl. Ir. H. Juanda No.125;Kota Bandung;Jawa Barat;ID;https://www.instagram.com/episode_fo?igsh=MTh0NXg2NTFlYTltaQ==;+62 22 2501515;Toko Pakaian;;;;;;;;;;https://www.google.com/maps/search/?api=1&query=Episode%20Fashion%20House&query_place_id=ChIJM4sj1lbmaC4Rp4OFY_eg_WQ;Toko Pakaian;;;;;
baju murah bandung;4.4;7;Cirapuhan no.39 rt.07 rw.01 Dago Atas Bandung;Kota Bandung;Jawa Barat;ID;http://bajumurahbandung313.blogspot.co.id/;+62 857-0344-7726;Pemasok kulit kayu;;;;;;;;;;https://www.google.com/maps/search/?api=1&query=baju%20murah%20bandung&query_place_id=ChIJy6qqqvvmaC4R0NDoAQIvtsM;Pemasok kulit kayu;;;;;
Pakaian Cimol Murah berkualitas;5;2;Kios Sebelas Cimol, Jl. Raya Cimindi Jl. Karya No.11;Kota Bandung;Jawa Barat;ID;;+62 813-9453-6162;Toko Pakaian Bekas;;;;;;;;;;https://www.google.com/maps/search/?api=1&query=Pakaian%20Cimol%20Murah%20berkualitas&query_place_id=ChIJQfpTnfvlaC4RL4YPH7xEpl0;Toko Pakaian Bekas;;;;;
Anakecil Factory Outlet;4.5;1747;Jalan Hayam wuruk No.32 Citarum Bandung Wetan;Kota Bandung;Jawa Barat;ID;;+62 22 4203413;Toko Pakaian Anak;;;;;;;;;;https://www.google.com/maps/search/?api=1&query=Anakecil%20Factory%20Outlet&query_place_id=ChIJdwXxC0vmaC4R29VRy9j4SJ8;Toko Pakaian Anak;;;;;
Grosir Baju;5;1;Jl. Prof. drg. Soeria Soemantri No.1;Kota Bandung;Jawa Barat;ID;;+62 813-9578-0533;Toko Pakaian;;;;;;;;;;https://www.google.com/maps/search/?api=1&query=Grosir%20Baju&query_place_id=ChIJXzRtPHzmaC4R8eAibEmIZHg;Toko Pakaian;;;;;
BAIQ MARKET BANDUNG;4.4;400;Jl. Ciumbuleuit No.108;Kota Bandung;Jawa Barat;ID;;+62 838-6532-0793;Toko Pakaian;Toko Aksesori Pakaian;Toko Tas Tangan;;;;;;;;https://www.google.com/maps/search/?api=1&query=BAIQ%20MARKET%20BANDUNG&query_place_id=ChIJEWJpy8bnaC4RrpBbsoEcPZc;Toko Pakaian;;;;;
adindasecondstore - Jual Thrift Sweater & Crewneck Murah di Bandung;5;4;Jl. Terusan Megasari No.8 Sukaraja Bandung (dekat landasan husein sastranegara;Kota Bandung;Jawa Barat;ID;https://adindasecondstore.blogspot.com/;+62 838-9320-8850;Toko Pakaian Bekas;;;;;;;;;;https://www.google.com/maps/search/?api=1&query=adindasecondstore%20-%20Jual%20Thrift%20Sweater%20%26%20Crewneck%20Murah%20di%20Bandung&query_place_id=ChIJKx80m-XlaC4R12HI256SNuw;Toko Pakaian Bekas;;;;;
EUY Kaos Bandung (STORE);4.4;35;Jl. Ir. H. Juanda No.85 - 87;Kota Bandung;Jawa Barat;ID;;+62 823-1805-6499;Toko Pakaian;;;;;;;;;;https://www.google.com/maps/search/?api=1&query=EUY%20Kaos%20Bandung%20(STORE)&query_place_id=ChIJW4rq90voaC4RcjXDMy63Ihc;Toko Pakaian;;;;;
Blossom;4.3;1496;Jl. Ir. H. Juanda No.112;Kota Bandung;Jawa Barat;ID;https://www.instagram.com/blossombdg?igsh=MTh2OGRxbXFtODQ4aw==;+62 22 2503822;Toko Pakaian;;;;;;;;;;https://www.google.com/maps/search/?api=1&query=Blossom&query_place_id=ChIJIS1ZMlHmaC4Rb5Ju4lkY9q4;Toko Pakaian;;;;;
Hatta 17;4.7;46;Jl. Dr. Hatta No.17;Kota Bandung;Jawa Barat;ID;;+62 812-2078-7980;Toko Pakaian;;;;;;;;;;https://www.google.com/maps/search/?api=1&query=Hatta%2017&query_place_id=ChIJd7v6xQPnaC4RiQa66bv8z6E;Toko Pakaian;;;;;
Grosir baju | Rise Factory Outlet;5;16;Jl. Sarimanah No.32;Kota Bandung;Jawa Barat;ID;;+62 821-1113-1558;Toko Pakaian Wanita;;;;;;;;;;https://www.google.com/maps/search/?api=1&query=Grosir%20baju%20%7C%20Rise%20Factory%20Outlet&query_place_id=ChIJ1RydH0fnaC4RoPfMxmHrTIM;Toko Pakaian Wanita;;;;;
TikDuk Outdoor Rental Camping;5;51;Jl. Anggaran I No.39;Kota Bandung;Jawa Barat;ID;;+62 857-5967-7264;Toko Olahraga Luar Ruangan;;;;;;;;;;https://www.google.com/maps/search/?api=1&query=TikDuk%20Outdoor%20Rental%20Camping&query_place_id=ChIJLWv37lvpaC4RS2AObQ7vySc;Toko Olahraga Luar Ruangan;;;;;
Rumah Mode Factory Outlet;4.5;20473;Jl. Dr. Setiabudi No.41;Kota Bandung;Jawa Barat;ID;https://linktr.ee/rumahmodeofficial?fbclid=PAAaZLaqFEICNopC5954lQRqghBr_bBXVMDntsXl1sIyLGPT5QodxpPRBntBA;+62 22 2033031;Toko outlet;;;;;;;;;;https://www.google.com/maps/search/?api=1&query=Rumah%20Mode%20Factory%20Outlet&query_place_id=ChIJrRMIlJXmaC4RgxNX30glEFU;Toko outlet;;;;;
ALPEN OUTDOOR GEAR RENT;4.9;79;4J49+CQG, Gg. I Jl. Haurmekar No.A5, RT.01/RW.01;Kota Bandung;Jawa Barat;ID;;+62 821-2797-2299;Toko Alat-alat Perkemahan;Layanan Sewa Tenda;Layanan Rental Alat;;;;;;;;https://www.google.com/maps/search/?api=1&query=ALPEN%20OUTDOOR%20GEAR%20RENT&query_place_id=ChIJbwtnGlPmaC4RJbDGeeOBiNc;Toko Alat-alat Perkemahan;;;;;
Egi Outdoor;5;11;Jl. Surapati No.121;Kota Bandung;Jawa Barat;ID;;+62 822-1147-8843;Toko bahan makanan;;;;;;;;;;https://www.google.com/maps/search/?api=1&query=Egi%20Outdoor&query_place_id=ChIJfwlFSrLnaC4RHLNKzFHVg7E;Toko bahan makanan;;;;;
Binary Outdoor;5;31;Gg. Perikanan 2 No.68, RT.2/RW.5;Kota Bandung;Jawa Barat;ID;http://binaryoutdoor.com/;+62 821-1662-2724;Toko Olahraga Luar Ruangan;;;;;;;;;;https://www.google.com/maps/search/?api=1&query=Binary%20Outdoor&query_place_id=ChIJoXn2ssvpaC4R4T4VHH91Pn0;Toko Olahraga Luar Ruangan;;;;;
EIGER Adventure Store Ujung Berung Bandung;4.6;669;Jl. AH. Nasution No.283;Kota Bandung;Jawa Barat;ID;;+62 22 87884587;Toko Pakaian dan Peralatan Luar Ruangan;Toko;;;;;;;;;https://www.google.com/maps/search/?api=1&query=EIGER%20Adventure%20Store%20Ujung%20Berung%20Bandung&query_place_id=ChIJ_R072i_daC4RZ0M5Vc5o0sw;Toko Pakaian dan Peralatan Luar Ruangan;;;;;
Alpina Outdoor Equipment;4.6;186;Jl. Alpina No.1;Kota Bandung;Jawa Barat;ID;;+62 851-6155-1885;Toko Perlengkapan Olahraga;;;;;;;;;;https://www.google.com/maps/search/?api=1&query=Alpina%20Outdoor%20Equipment&query_place_id=ChIJF9JGB_vmaC4Rn8KpQpXeO1M;Toko Perlengkapan Olahraga;;;;;
Kawani Sarana Petualang;4.5;1238;Jl. Dr. Otten No.9;Kota Bandung;Jawa Barat;ID;;+62 22 4209291;Toko Olahraga Luar Ruangan;Toko;;;;;;;;;https://www.google.com/maps/search/?api=1&query=Kawani%20Sarana%20Petualang&query_place_id=ChIJtT7_hkHmaC4Rk2rcei8Zw2A;Toko Olahraga Luar Ruangan;;;;;
Bougenville Outdoor;4.6;189;Jl. Bojong Koneng No.24;Kota Bandung;Jawa Barat;ID;http://bougenvilleoutdoor.com/;+62 896-6036-1569;Toko;Layanan Rental Alat;;;;;;;;;https://www.google.com/maps/search/?api=1&query=Bougenville%20Outdoor&query_place_id=ChIJEzjx7KLnaC4R1kRuCNePhqg;Toko;;;;;
Southwind Outdoor Store & Camping Rental;4.9;97;Jl. Kampus IV No.30;Kota Bandung;Jawa Barat;ID;;+62 899-7156-111;Toko Olahraga Luar Ruangan;;;;;;;;;;https://www.google.com/maps/search/?api=1&query=Southwind%20Outdoor%20Store%20%26%20Camping%20Rental&query_place_id=ChIJR-6_OuLnaC4Rq3EOX4iHJHw;Toko Olahraga Luar Ruangan;;;;;
Lamping Adventure;sewa dan jual peralatan camping dan kegiatan outdoor lainya;4.8;32;Jl. Komp. Mega Brata;Kota Bandung;Jawa Barat;ID;http://www.instagram.com/lamping_adventure;+62 813-9906-9342;Toko Olahraga Luar Ruangan;;;;;;;;;;https://www.google.com/maps/search/?api=1&query=Lamping%20Adventure%2Csewa%20dan%20jual%20peralatan%20camping%20dan%20kegiatan%20outdoor%20lainya&query_place_id=ChIJQYm3Cm3paC4RA-b_2ulvGt4;Toko Olahraga Luar Ruangan;;;;
Jayagiri Outdoors Vanguard;4.5;100;Jl. Terusan Buah Batu No.255 A;Kota Bandung;Jawa Barat;ID;http://www.jayagirioutdoor.com/;+62 852-2167-1981;Toko Olahraga Luar Ruangan;;;;;;;;;;https://www.google.com/maps/search/?api=1&query=Jayagiri%20Outdoors%20Vanguard&query_place_id=ChIJafPXeEboaC4RJ6EpdFPntCk;Toko Olahraga Luar Ruangan;;;;;
Cleo Outdoor Bandung;4.9;858;Kampung Babakan Cimekar Rt.03 Rw.15 Kelurahan;Kabupaten Bandung;Jawa Barat;ID;;+62 838-2727-7821;Toko Pakaian dan Peralatan Luar Ruangan;;;;;;;;;;https://www.google.com/maps/search/?api=1&query=Cleo%20Outdoor%20Bandung&query_place_id=ChIJITtLPXnDaC4RN295BsHGD30;Toko Pakaian dan Peralatan Luar Ruangan;;;;;
Oase Outdoor Bandung (Toko Peralatan Camping & Sewa);4.9;54;Jl. Terusan Buah Batu No.161;Kota Bandung;Jawa Barat;ID;https://shopee.co.id/oase_outdoor_bandung?smtt=0.0.9;+62 813-2170-4210;Toko Alat-alat Perkemahan;Toko Tas;Toko Pakaian Pria;Toko Sepatu;Toko Pakaian Olahraga;Toko Pakaian Wanita;Toko Pakaian Remaja;;;;https://www.google.com/maps/search/?api=1&query=Oase%20Outdoor%20Bandung%20(Toko%20Peralatan%20Camping%20%26%20Sewa)&query_place_id=ChIJYfM8sQrpaC4RINUigQldDPA;Toko Alat-alat Perkemahan;;;;;
Samagaha Outdoor Shop;4.6;1082;Jl. Cikutra Barat No.100;Kota Bandung;Jawa Barat;ID;https://www.instagram.com/samagaha_outdoor/;+62 812-1477-70999;Toko Olahraga Luar Ruangan;;;;;;;;;;https://www.google.com/maps/search/?api=1&query=Samagaha%20Outdoor%20Shop&query_place_id=ChIJvwzCzq7naC4RMvgGqcfS2GI;Toko Olahraga Luar Ruangan;;;;;
Yu O-Shop Outdoor Gear 1st;4.8;14;Jl. Teratai I No.37;Kota Bandung;Jawa Barat;ID;https://www.bukalapak.com/aldi_yushop;+62 878-2555-7215;Toko;Pemasok Perlengkapan Toko;;;;;;;;;https://www.google.com/maps/search/?api=1&query=Yu%20O-Shop%20Outdoor%20Gear%201st&query_place_id=ChIJ1yxVCN3CaC4RxR2bPUBmbF0;Toko;;;;;
Perlengkapan Outdoor Ardor;3;2;Kp.Cigupakan no3 Rt4 Rw8;Kota Bandung;Jawa Barat;ID;;+62 813-2053-8467;Toko Pakaian dan Peralatan Luar Ruangan;;;;;;;;;;https://www.google.com/maps/search/?api=1&query=Perlengkapan%20Outdoor%20Ardor&query_place_id=ChIJL_ky6ifdaC4R539kmUO24rY;Toko Pakaian dan Peralatan Luar Ruangan;;;;;
347 Store (UNKL347 Headquarters);4.6;953;Jl. Trunojoyo No.4;Kota Bandung;Jawa Barat;ID;https://unkl347.com/;+62 22 4200515;Toko Pakaian;;;;;;;;;;https://www.google.com/maps/search/?api=1&query=347%20Store%20(UNKL347%20Headquarters)&query_place_id=ChIJg-QFG0nmaC4RZsqj3gmbt5Q;Toko Pakaian;;;;;
Sch Sultan Agung;4.5;1142;Jl. Sultan Agung No.3;Kota Bandung;Jawa Barat;ID;https://schofficial.com/en;+62 22 4265105;Toko Pakaian;Toko Pakaian Anak;Toko Pakaian Pria;Toko Pakaian Wanita;;;;;;;https://www.google.com/maps/search/?api=1&query=Sch%20Sultan%20Agung&query_place_id=ChIJ59EhSUjmaC4RkFb_JhwJD68;Toko Pakaian;;;;;
Kaos Distro Bandung;4;1;Brigjen Katamso akur 10, Jl. Muararajeun Baru;Kota Bandung;Jawa Barat;ID;;+62 856-2409-1941;Perancang busana;Layanan Distribusi;;;;;;;;;https://www.google.com/maps/search/?api=1&query=Kaos%20Distro%20Bandung&query_place_id=ChIJgzq_DLfnaC4RaCn7jBbapxM;Perancang busana;;;;;
Brightside Street Market;4.8;114;Brightside Street Market, Jl. Sultan Agung No.27;Kota Bandung;Jawa Barat;ID;;;Pusat Perbelanjaan;;;;;;;;;;https://www.google.com/maps/search/?api=1&query=Brightside%20Street%20Market&query_place_id=ChIJiW9tJE_naC4RMhGk49SrN2g;Pusat Perbelanjaan;;;;;
Unity Dept Store;5;3;Jl. Sultan Agung No.11;Kota Bandung;Jawa Barat;ID;https://www.instagram.com/unity_dept?igsh=YTNzaHU4anc5bzln&utm_source=qr;+62 858-9350-8754;Toko Pakaian Pria;;;;;;;;;;https://www.google.com/maps/search/?api=1&query=Unity%20Dept%20Store&query_place_id=ChIJlShRWgDnaC4RGW-8coOxOKA;Toko Pakaian Pria;;;;;
KYKIWW OUTDOOR;4.6;65;Jl. Nagrog 2 No.145, RT.03/RW.08;Kota Bandung;Jawa Barat;ID;;+62 888-0183-5438;Toko Alat-alat Perkemahan;;;;;;;;;;https://www.google.com/maps/search/?api=1&query=KYKIWW%20OUTDOOR&query_place_id=ChIJTd7AWxjdaC4R3uHE1QrpPWQ;Toko Alat-alat Perkemahan;;;;;
FIRSTSTORY DISTRO (Jual baju distro original Bandung);5;1;Plaza Parahyangan, Jl. Dalem Kaum;Kota Bandung;Jawa Barat;ID;;+62 857-9506-0393;Toko Pakaian;;;;;;;;;;https://www.google.com/maps/search/?api=1&query=FIRSTSTORY%20DISTRO%20(Jual%20baju%20distro%20original%20Bandung)&query_place_id=ChIJSfEMmIrnaC4RJPYCMicVSaQ;Toko Pakaian;;;;;
Dobujack Bandung Store Sultan;3.7;9;Jl. Sultan Agung No.5;Kota Bandung;Jawa Barat;ID;https://www.dobujack.id/;+62 22 63758244;Toko;;;;;;;;;;https://www.google.com/maps/search/?api=1&query=Dobujack%20Bandung%20Store%20Sultan&query_place_id=ChIJPzPD5zPnaC4RKk4G0hdJuII;Toko;;;;;
MEEDLE STORE BANDUNG;4.9;16;Jl. Sultan Agung No.3-5;Kota Bandung;Jawa Barat;ID;https://www.instagram.com/meedle.store?igsh=cGxsbmhxMzB3cXhu;+62 22 4213474;Toko Pakaian;;;;;;;;;;https://www.google.com/maps/search/?api=1&query=MEEDLE%20STORE%20BANDUNG&query_place_id=ChIJEcRNbO7naC4RHWxX8mx2Nrk;Toko Pakaian;;;;;
Rinzha Distro Store; Toko Baju Bandung;5;7;Jl. Gatot Subroto No.135;Kota Bandung;Jawa Barat;ID;https://neonboxbandung-rmg.com/;+62 859-2181-6669;Toko Pakaian Luar;Toko Lampu Neon;;;;;;;;;https://www.google.com/maps/search/?api=1&query=Rinzha%20Distro%20Store%2C%20Toko%20Baju%20Bandung&query_place_id=ChIJRZWjW9PnaC4RxjOgMiHk6DE;Toko Pakaian Luar;;;;
Blackjack;4.5;21;Jl. Wira Angun Angun No.7;Kota Bandung;Jawa Barat;ID;http://www.bljk21.com/;+62 888-2397-824;Toko Pakaian;;;;;;;;;;https://www.google.com/maps/search/?api=1&query=Blackjack&query_place_id=ChIJwRLdqUnmaC4RibaU5TsqIXI;Toko Pakaian;;;;;
Screamous;4.4;339;Jl. Geusan Ulun No.01;Kota Bandung;Jawa Barat;ID;http://www.screamous.com/;+62 22 4268116;Toko Pakaian;;;;;;;;;;https://www.google.com/maps/search/?api=1&query=Screamous&query_place_id=ChIJMRr0-kjmaC4RG6esHStxPBc;Toko Pakaian;;;;;
Pusat Distro;4.7;66;Komplek Pertokoan Cicaheum Jalan Jendral Ahmad Yani No. 909 Cicaheum;Kota Bandung;Jawa Barat;ID;;+62 812-2481-6424;Toko Pakaian;;;;;;;;;;https://www.google.com/maps/search/?api=1&query=Pusat%20Distro&query_place_id=ChIJ0UobOZLnaC4RADXJoUL3FdU;Toko Pakaian;;;;;
Crossover BDG Store;4.7;90;Jl. Terusan Jakarta No.137;Kota Bandung;Jawa Barat;ID;https://linktr.ee/crossoverbdg;+62 878-2545-3838;Toko Pakaian;;;;;;;;;;https://www.google.com/maps/search/?api=1&query=Crossover%20BDG%20Store&query_place_id=ChIJeYIUlizkaC4R7F2pg9oG_Tg;Toko Pakaian;;;;;
Maternal Disaster Store Bandung;4.7;534;Jl. Wira Angun Angun No.4B;Kota Bandung;Jawa Barat;ID;http://maternaldisaster.com/;+62 821-3000-1985;Toko Pakaian;;;;;;;;;;https://www.google.com/maps/search/?api=1&query=Maternal%20Disaster%20Store%20Bandung&query_place_id=ChIJX7ebE0nmaC4R38nhsi8QQ3E;Toko Pakaian;;;;;
Bloods Mainstore;4.6;18;Jl. Sultan Agung No.25;Kota Bandung;Jawa Barat;ID;http://www.bloods-industries.co/;;Toko Pakaian;;;;;;;;;;https://www.google.com/maps/search/?api=1&query=Bloods%20Mainstore&query_place_id=ChIJixy2EHjnaC4RxyAzev4OZKw;Toko Pakaian;;;;;
motiviga store;4;19;Jl. Gatot Subroto No.230;Kota Bandung;Jawa Barat;ID;http://motivigaofficial.com/;+62 822-1385-7644;Toko Tas;;;;;;;;;;https://www.google.com/maps/search/?api=1&query=motiviga%20store&query_place_id=ChIJk5AWFXToaC4RLkzu5cz6p-U;Toko Tas;;;;;
Erni Mart ( warung sembako pasir Impun);;;Jl. Pasir Impun Jl. H. Umar, RT.007/RW.005;Kota Bandung;Jawa Barat;ID;;;Warung Makanan Kecil;;;;;;;;;;https://www.google.com/maps/search/?api=1&query=Erni%20Mart%20(%20warung%20sembako%20pasir%20Impun)&query_place_id=ChIJtxS8fAbdaC4RtHJ9EoAviGY;Warung Makanan Kecil;;;;;
Halcyon Outdoor;;;Surapati Core, Blok F27;Kota Bandung;Jawa Barat;ID;https://halcyonoutdoor.com/;;Toko Perlengkapan Olahraga;;;;;;;;;;https://www.google.com/maps/search/?api=1&query=Halcyon%20Outdoor&query_place_id=ChIJWz316UHnaC4RsDgUl549rTc;Toko Perlengkapan Olahraga;;;;;
SVGGEST Bags & Goods;4.8;53;Jl. Haruman No.7;Kota Bandung;Jawa Barat;ID;http://svggest.co/;+62 877-4623-9603;Toko Pakaian;;;;;;;;;;https://www.google.com/maps/search/?api=1&query=SVGGEST%20Bags%20%26%20Goods&query_place_id=ChIJLyBErzLmaC4RNai1Z5nKkEA;Toko Pakaian;;;;;
House of Smith;4.6;907;Jl. Sultan Agung No.27;Kota Bandung;Jawa Barat;ID;http://houseofsmith.co.id/;+62 22 87804931;Toko Pakaian;;;;;;;;;;https://www.google.com/maps/search/?api=1&query=House%20of%20Smith&query_place_id=ChIJbY7OOkjmaC4RAgSJYd1Wkno;Toko Pakaian;;;;;
Screamous Shophouse;4.4;301;Jl. Trunojoyo No.23;Kota Bandung;Jawa Barat;ID;http://www.screamous.com/;+62 22 42690853;Toko Pakaian;;;;;;;;;;https://www.google.com/maps/search/?api=1&query=Screamous%20Shophouse&query_place_id=ChIJj5WaJEnmaC4R7qLSewYGWsg;Toko Pakaian;;;;;
Toko Tas Bintang;5;11;Jl. Pasar Selatan No.20;Kota Bandung;Jawa Barat;ID;;+62 822-1911-8883;Toko;;;;;;;;;;https://www.google.com/maps/search/?api=1&query=Toko%20Tas%20Bintang&query_place_id=ChIJu5sOWDvmaC4R95WDbdwTLYI;Toko;;;;;
SETELAN CAMO;;;Jalan Sinagalih, Jl. Sirnagalih XV No.25B;Kota Bandung;Jawa Barat;ID;;+62 899-5592-881;Toko Alat Berburu;Pusat Perbelanjaan;;;;;;;;;https://www.google.com/maps/search/?api=1&query=SETELAN%20CAMO&query_place_id=ChIJJyZ5DW3naC4RN5yHsZQ75XY;Toko Alat Berburu;;;;;
Tapaxco;4.2;17;Jl. Kembar Mas Selatan No.31;Kota Bandung;Jawa Barat;ID;http://shopee.co.id/tapaxco;+62 877-8266-5880;Kantor Perusahaan;;;;;;;;;;https://www.google.com/maps/search/?api=1&query=Tapaxco&query_place_id=ChIJO711pvHpaC4RPYpkF02y46k;Kantor Perusahaan;;;;;
Xstock Sneakers;4.5;11;Jl. Dipati Ukur No.26;Kota Bandung;Jawa Barat;ID;http://instagram.com/bts_xstock;+62 811-2096-688;Toko Sepatu;;;;;;;;;;https://www.google.com/maps/search/?api=1&query=Xstock%20Sneakers&query_place_id=ChIJyzO5MJ_naC4Rho6gcPJs8-M;Toko Sepatu;;;;;
Jaya Aksesoris Tas Bandung;4.8;13;Jl. Karasak Utara IV No.53;Kota Bandung;Jawa Barat;ID;;+62 878-2114-6969;Toko Peralatan Jahit;Toko Pakaian;;;;;;;;;https://www.google.com/maps/search/?api=1&query=Jaya%20Aksesoris%20Tas%20Bandung&query_place_id=ChIJncjLve3paC4RD1n93uyvyW8;Toko Peralatan Jahit;;;;;
Arkana Collection;5;1;Gg. Masjid I No.423;Kota Bandung;Jawa Barat;ID;;+62 857-2258-6608;Toko Tas;;;;;;;;;;https://www.google.com/maps/search/?api=1&query=Arkana%20Collection&query_place_id=ChIJmUpY0e7paC4RYUydig1KG2Q;Toko Tas;;;;;
Dusky Store;4.3;26;Jl. Dipati Ukur No.72;Kota Bandung;Jawa Barat;ID;;+62 813-7439-7655;Toko Sepatu;;;;;;;;;;https://www.google.com/maps/search/?api=1&query=Dusky%20Store&query_place_id=ChIJgWdY1lXmaC4RO9PHtf4Xkos;Toko Sepatu;;;;;
Hoops Indonesia Paskal 23;4.8;267;Jalan Pasir Kaliki No. 25-27, Kebon Jeruk Cicendo, Andir #L2-46;Kota Bandung;Jawa Barat;ID;http://hoopsindonesia.co.id/;+62 858-7106-7757;Toko Sepatu;Toko Pakaian Olahraga;;;;;;;;;https://www.google.com/maps/search/?api=1&query=Hoops%20Indonesia%20Paskal%2023&query_place_id=ChIJmU8HcjDnaC4R88ovNaY153A;Toko Sepatu;;;;;
VENUS OUTDOOR (RENTAL ALAT CAMPING BANDUNG);4.7;258;Jalan GUMURUH NO. 113 Gumuruh Batununggal;Kota Bandung;Jawa Barat;ID;;+62 823-1641-0813;Layanan Sewa Tenda;;;;;;;;;;https://www.google.com/maps/search/?api=1&query=VENUS%20OUTDOOR%20(RENTAL%20ALAT%20CAMPING%20BANDUNG)&query_place_id=ChIJZyYX6m_oaC4RUL9TGiRnnpg;Layanan Sewa Tenda;;;;;
Bintang Sepatu;3.9;12;Jl. Gegerkalong Tengah No.28C;Kota Bandung;Jawa Barat;ID;http://shoplinks.to/411100706ItNn;+62 857-2296-9744;Toko Sepatu;;;;;;;;;;https://www.google.com/maps/search/?api=1&query=Bintang%20Sepatu&query_place_id=ChIJz2mYBpbmaC4RD2mxqP2QKyU;Toko Sepatu;;;;;
Factory Outlet Tomkins;4.5;143;Jl. Gedebage Selatan No.95;Kota Bandung;Jawa Barat;ID;http://tomkins.id/;;Toko Sepatu;;;;;;;;;;https://www.google.com/maps/search/?api=1&query=Factory%20Outlet%20Tomkins&query_place_id=ChIJT5EsopXCaC4R0JGWCupWpMQ;Toko Sepatu;;;;;
Kerabat Store by Dekranasda Jawa Barat;5;47;Jalan Ir. H. Juanda (Dago) No.19;Kota Bandung;Jawa Barat;ID;https://dekranasda.jabarprov.go.id/;+62 859-7800-2406;Toko Kerajinan Tangan;;;;;;;;;;https://www.google.com/maps/search/?api=1&query=Kerabat%20Store%20by%20Dekranasda%20Jawa%20Barat&query_place_id=ChIJ5ykWuaXnaC4RXnxwnkInfYc;Toko Kerajinan Tangan;;;;;
Mpoet MX-Trail Shop;4.5;54;Jl. Antasari Raya No.9A;Kota Bandung;Jawa Barat;ID;;+62 821-2778-0040;Toko Sepatu Boot;;;;;;;;;;https://www.google.com/maps/search/?api=1&query=Mpoet%20MX-Trail%20Shop&query_place_id=ChIJG7IEQOHnaC4RQAg2PPzieeM;Toko Sepatu Boot;;;;;
Stevitri | Elegant Handmade Shoes;4.9;17;Jl. Sukanagara No.63;Kota Bandung;Jawa Barat;ID;;+62 878-2933-2911;Toko Sepatu;;;;;;;;;;https://www.google.com/maps/search/?api=1&query=Stevitri%20%7C%20Elegant%20Handmade%20Shoes&query_place_id=ChIJLUzu2BHnaC4RYPCD6fVD0Ao;Toko Sepatu;;;;;
Azzula Apparel;4.1;1107;;Kota Bandung;Jawa Barat;ID;;+62 895-3348-74540;Pusat Perbelanjaan;Pasar Grosir Pakaian;;;;;;;;;https://www.google.com/maps/search/?api=1&query=Azzula%20Apparel&query_place_id=ChIJGxMg0hDmaC4RNXL5V278hjg;Pusat Perbelanjaan;;;;;
EIGER Adventure Store - Mall - Bandung Indah Plaza (BIP);4.6;715;Bandung Indah Plaza, Jl. Merdeka No.56 Lt. 2;Kota Bandung;Jawa Barat;ID;http://eigeradventure.com/;+62 811-2184-118;Toko Olahraga Luar Ruangan;;;;;;;;;;https://www.google.com/maps/search/?api=1&query=EIGER%20Adventure%20Store%20-%20Mall%20-%20Bandung%20Indah%20Plaza%20(BIP)&query_place_id=ChIJW46ZwjfmaC4RhuURez2EAB4;Toko Olahraga Luar Ruangan;;;;;
sugarin.store;;;Jl. Kopo Gg. H. Yusup II No. 512c/198A RT. 09, RW.01;Kota Bandung;Jawa Barat;ID;https://shopee.co.id/sugarin.tasbandung;+62 812-1484-6744;Toko Tas;;;;;;;;;;https://www.google.com/maps/search/?api=1&query=sugarin.store&query_place_id=ChIJHTAHyHjpaC4R66Og2LwMlNc;Toko Tas;;;;;
Grosir Kayu Lokal Sebrang Kaso Papan Decking Outdoor;3;2;Jl. Kencana Wangi VI No.2;Kota Bandung;Jawa Barat;ID;;+62 851-1166-8805;Toko Mebel;;;;;;;;;;https://www.google.com/maps/search/?api=1&query=Grosir%20Kayu%20Lokal%20Sebrang%20Kaso%20Papan%20Decking%20Outdoor&query_place_id=ChIJVxWJAADpaC4RXtutpqq0g9c;Toko Mebel;;;;;
Sepakat Toko;4.4;23;Jl. A. Yani No.464;Kota Bandung;Jawa Barat;ID;;+62 22 7272495;Toko Pakaian;;;;;;;;;;https://www.google.com/maps/search/?api=1&query=Sepakat%20Toko&query_place_id=ChIJR-uqLMTnaC4RG_zMhcp3BSI;Toko Pakaian;;;;;
Tas Mika Transparan Ziper Bag Online;5;4;Jl. Mekar Agung Komplek No.123;Kota Bandung;Jawa Barat;ID;https://ziperbag.com/;;Toko Tas;;;;;;;;;;https://www.google.com/maps/search/?api=1&query=Tas%20Mika%20Transparan%20Ziper%20Bag%20Online&query_place_id=ChIJgWPTXebpaC4RNvFUKNfBfIU;Toko Tas;;;;;
Toko Sukses Webbing; Aksesoris & Bahan tas n sepatu;4.7;78;Jl. Cibaduyut No.231C;Kota Bandung;Jawa Barat;ID;;+62 895-6388-80888;Toko Aksesori Pakaian;;;;;;;;;;https://www.google.com/maps/search/?api=1&query=Toko%20Sukses%20Webbing%2C%20Aksesoris%20%26%20Bahan%20tas%20n%20sepatu&query_place_id=ChIJ3fuxnsPoaC4RzHKVSOPUDIc;Toko Aksesori Pakaian;;;;
Toserba Yogya Heritage;4.5;10679;Jl. Sunda No.60;Kota Bandung;Jawa Barat;ID;;+62 811-2233-7899;Toserba;Toko Swalayan;;;;;;;;;https://www.google.com/maps/search/?api=1&query=Toserba%20Yogya%20Heritage&query_place_id=ChIJoWUzICTmaC4RCzj0QYK0XGU;Toserba;;;;;
Sepatu Gunung Second;4.7;35;Jl. Gatot Subroto No.45;Kota Bandung;Jawa Barat;ID;https://www.instagram.com/navyoutdoorequipment;+62 821-2731-5947;Toko Olahraga Luar Ruangan;Toko;;;;;;;;;https://www.google.com/maps/search/?api=1&query=Sepatu%20Gunung%20Second&query_place_id=ChIJ700Ri-znaC4RHynoTNSd82A;Toko Olahraga Luar Ruangan;;;;;
HGL Modest;4.6;82;Jl. Ciliwung No.16;Kota Bandung;Jawa Barat;ID;https://hglmodest.com/;+62 822-4007-4771;Grosir pakaian;;;;;;;;;;https://www.google.com/maps/search/?api=1&query=HGL%20Modest&query_place_id=ChIJ-Ve28EznaC4R-ByQxd6Kh9E;Grosir pakaian;;;;;
Toko Tas Tangan;;;Jl mekar sari No.09A;Kota Bandung;Jawa Barat;ID;;+62 831-5337-7732;Toko Tas Tangan;;;;;;;;;;https://www.google.com/maps/search/?api=1&query=Toko%20Tas%20Tangan&query_place_id=ChIJs4FY7YPnaC4R9LZfroZhKrM;Toko Tas Tangan;;;;;
Mr La;4.8;6;Jl. Rancamaya No.3, RT.04/RW.06;Kota Bandung;Jawa Barat;ID;http://mrlamakmurindustries.com/;+62 812-2144-150;Kantor Perusahaan;;;;;;;;;;https://www.google.com/maps/search/?api=1&query=Mr%20La&query_place_id=ChIJHf6PMuXpaC4RFr92LfOuyo8;Kantor Perusahaan;;;;;
Fassystore;3;2;Ps. Kosambi, The Hallway Space Lt. 2;Kota Bandung;Jawa Barat;ID;https://fassystore.com/;;Toko Tas;;;;;;;;;;https://www.google.com/maps/search/?api=1&query=Fassystore&query_place_id=ChIJ5Yl_S9_naC4Rv9tXZVGw7RQ;Toko Tas;;;;;
Voluxe Bandung;4.9;192;Jl. Ir. H. Juanda No.23;Kota Bandung;Jawa Barat;ID;https://voluxe.id/;+62 878-9099-0999;Toko Tas;;;;;;;;;;https://www.google.com/maps/search/?api=1&query=Voluxe%20Bandung&query_place_id=ChIJ6Y-CmDnYwEgRYMi8MujaVXg;Toko Tas;;;;;
Tomkins Store;4.5;2;Jl. Permata Inten Raya No.1B;Kota Bandung;Jawa Barat;ID;;;Toko Sepatu;;;;;;;;;;https://www.google.com/maps/search/?api=1&query=Tomkins%20Store&query_place_id=ChIJibnT4HndaC4RvxT2cF9ijJ8;Toko Sepatu;;;;;
Toko Setia Kawan;4.2;92;Jl. Otto Iskandar Dinata No.537;Kota Bandung;Jawa Barat;ID;https://shopee.co.id/tokosetiakawanbandung;+62 22 5205912;Toko Pakaian;;;;;;;;;;https://www.google.com/maps/search/?api=1&query=Toko%20Setia%20Kawan&query_place_id=ChIJ7SPLLvPpaC4RJA7A5XXVrHs;Toko Pakaian;;;;;
Sugina Shoes;5;2;Gg. Bojong Asih III, RT.03/RW.4;Kota Bandung;Jawa Barat;ID;;+62 815-7381-1332;Produsen;Toko Sepatu;;;;;;;;;https://www.google.com/maps/search/?api=1&query=Sugina%20Shoes&query_place_id=ChIJ6fV8XL3paC4ROlAtfI9mo4E;Produsen;;;;;
ALIANTEX Konveksi Macam-Macam Baju Profesi Anak;4.9;46;Komplek Riung Bandung, Jl. Saluyu XVI B No.464;Kota Bandung;Jawa Barat;ID;;+62 813-2233-0333;Toko Pakaian;;;;;;;;;;https://www.google.com/maps/search/?api=1&query=ALIANTEX%20Konveksi%20Macam-Macam%20Baju%20Profesi%20Anak&query_place_id=ChIJGfEx05DCaC4RWvrIyISBaOA;Toko Pakaian;;;;;
majafashionhouse;4.8;27;Jl. Cibadak No.231;Kota Bandung;Jawa Barat;ID;https://www.instagram.com/majafashionhouse;+62 812-2056-0600;Toko Pakaian Wanita;;;;;;;;;;https://www.google.com/maps/search/?api=1&query=majafashionhouse&query_place_id=ChIJJSzcosDnaC4RSNqFqLE-ans;Toko Pakaian Wanita;;;;;
Toko Baju Ambu Preloved;;;Mandalika Residence, Jl. Raya Derwati No.6 Kav.6;Kota Bandung;Jawa Barat;ID;;+62 856-5918-2183;Toko Pakaian;;;;;;;;;;https://www.google.com/maps/search/?api=1&query=Toko%20Baju%20Ambu%20Preloved&query_place_id=ChIJlRCqYnLpaC4RsNhasjkD13o;Toko Pakaian;;;;;
Pasar Baru;4.5;10910;Jl. Otto Iskandar Dinata No.152;Kota Bandung;Jawa Barat;ID;;;Pusat Perbelanjaan;;;;;;;;;;https://www.google.com/maps/search/?api=1&query=Pasar%20Baru&query_place_id=ChIJ-6PVIbLnaC4Ry4eyhqyIP5c;Pusat Perbelanjaan;;;;;
Ling's Kebaya Pasar Baru Bandung;4.9;58;Ps. Baru Trade Center, Jalan Otista No 70, Lantai Dasar 1 Blok. C, dekat pintu selatan No.60;Kota Bandung;Jawa Barat;ID;http://shopee.co.id/lingskebaya.official;+62 821-1934-8403;Toko Pakaian;Seniman;Toko Gaun;Tukang Jahit;Penjahit;Toko Peralatan Pesta Pernikahan;Toko Pakaian Wanita;;;;https://www.google.com/maps/search/?api=1&query=Ling's%20Kebaya%20Pasar%20Baru%20Bandung&query_place_id=ChIJjywGqTzmaC4RpsmHfVA8kzQ;Toko Pakaian;;;;;
Cititex Karapitan Bandung (Kaos Polos dan Sablon Satuan - Partai Besar);4.8;874;Depan Bank BRI, Jl. Karapitan No.137B;Kota Bandung;Jawa Barat;ID;https://instagram.com/cititex.bandung;+62 813-1234-9984;Toko Pakaian;;;;;;;;;;https://www.google.com/maps/search/?api=1&query=Cititex%20Karapitan%20Bandung%20(Kaos%20Polos%20dan%20Sablon%20Satuan%20-%20Partai%20Besar)&query_place_id=ChIJqQebVZPpaC4RgFWbuMCiElM;Toko Pakaian;;;;;
Rabbani Buah Batu;4.6;1626;Jl. Buah Batu No.145;Kota Bandung;Jawa Barat;ID;http://www.rabbani.co.id/;+62 22 73513762;Toko Pakaian;Toko;;;;;;;;;https://www.google.com/maps/search/?api=1&query=Rabbani%20Buah%20Batu&query_place_id=ChIJh7i-FFTmaC4RlJP0R8o4ylU;Toko Pakaian;;;;;
Iin Busana;4.9;8;Jl. Arjuna No.5;Kota Bandung;Jawa Barat;ID;https://linktr.ee/iinbusana;+62 813-2130-4908;Toko Pakaian;;;;;;;;;;https://www.google.com/maps/search/?api=1&query=Iin%20Busana&query_place_id=ChIJt1383BDmaC4RWKeokFN5vTo;Toko Pakaian;;;;;
BIKINBADJOE;4.6;1030;Jl. H. Mesri No.28;Kota Bandung;Jawa Barat;ID;http://www.instagram.com/bikinbadjoe;+62 812-9779-1409;Toko Pakaian;;;;;;;;;;https://www.google.com/maps/search/?api=1&query=BIKINBADJOE&query_place_id=ChIJQ6ABpyDmaC4RnskPN5xKHqU;Toko Pakaian;;;;;
Jack Footwear;4;1;Jl. Permata Taman Sari Raya Jl. Kiara Asri III No.8;Kota Bandung;Jawa Barat;ID;https://www.jackfootwearofficial.com/;;Toko Sepatu;;;;;;;;;;https://www.google.com/maps/search/?api=1&query=Jack%20Footwear&query_place_id=ChIJJfvIEvfdaC4RUYwAP1ieo14;Toko Sepatu;;;;;
Gildan Bandung;4.4;126;Jl. Tm. Cibeunying Sel.;Kota Bandung;Jawa Barat;ID;;;Toko Kaos;Toko;;;;;;;;;https://www.google.com/maps/search/?api=1&query=Gildan%20Bandung&query_place_id=ChIJix8sGMrnaC4R0ykWOp8OOzM;Toko Kaos;;;;;
Tuf Shoes;4.2;55;Jl. Moch. Ramdan No.28;Kota Bandung;Jawa Barat;ID;;+62 821-2882-1991;Grosir alas kaki;;;;;;;;;;https://www.google.com/maps/search/?api=1&query=Tuf%20Shoes&query_place_id=ChIJx6T1LYToaC4RnODInz69qtU;Grosir alas kaki;;;;;
Geoff Max Head Office;4.4;113;Komplek Bank Duta, Jl. Waas No.B22;Kota Bandung;Jawa Barat;ID;http://geoff-max.com/;+62 22 7543349;Kantor Perusahaan;;;;;;;;;;https://www.google.com/maps/search/?api=1&query=Geoff%20Max%20Head%20Office&query_place_id=ChIJAwA8F1_oaC4RyjOcTCxStDE;Kantor Perusahaan;;;;;
Pakaian Naga;4.7;73;Jln Permata Permai Raya no. 105 RT 008 / 011;Kota Bandung;Jawa Barat;ID;https://naclogarmen.id/;+62 812-7717-7720;Toko Kaos;Toko Kaos Custom;Toko Tekstil;;;;;;;;https://www.google.com/maps/search/?api=1&query=Pakaian%20Naga&query_place_id=ChIJJcs9BxvdaC4RFImAjgCToYk;Toko Kaos;;;;;
Brygan Craftmanship;4.3;109;Gg. Sereh I No.45A 9b;Kota Bandung;Jawa Barat;ID;http://www.brygan.co.id/;+62 895-8009-00508;Toko Sepatu;;;;;;;;;;https://www.google.com/maps/search/?api=1&query=Brygan%20Craftmanship&query_place_id=ChIJMWWNubTnaC4RbyFl15N4y3w;Toko Sepatu;;;;;
Mazia Look;5;1;Jl. Kampus II No.6;Kota Bandung;Jawa Barat;ID;;+62 821-2148-9448;Toko Sepatu;;;;;;;;;;https://www.google.com/maps/search/?api=1&query=Mazia%20Look&query_place_id=ChIJSYV1aOHnaC4RQkVem4yuLpM;Toko Sepatu;;;;;
HijabChic;4.4;153;The Saparua, Jl. Ambon No.15;Kota Bandung;Jawa Barat;ID;https://hijabchic.co.id/;+62 858-1306-5468;Butik;;;;;;;;;;https://www.google.com/maps/search/?api=1&query=HijabChic&query_place_id=ChIJj8plTDTmaC4R1hTNNivSR5E;Butik;;;;;
yumnasa | Toko Busana Muslim Terlengkap Bandung;5;23;Pasar baru heritage, Jl. Otto Iskandar Dinata No.84 - 92 D1-02;Kota Bandung;Jawa Barat;ID;;+62 877-2805-1888;Toko Pakaian;;;;;;;;;;https://www.google.com/maps/search/?api=1&query=yumnasa%20%7C%20Toko%20Busana%20Muslim%20Terlengkap%20Bandung&query_place_id=ChIJY8SVdo7paC4R9stAbu9FZUg;Toko Pakaian;;;;;
IndoBdg;5;7;Jl. Riung Permai No.342;Kota Bandung;Jawa Barat;ID;;+62 878-2227-0099;Pasar Grosir Pakaian;Toko Pakaian;Pemasok Pakaian;Grosir pakaian;Pabrik sepatu;Toko Sepatu;Grosir alas kaki;;;;https://www.google.com/maps/search/?api=1&query=IndoBdg&query_place_id=ChIJhd9xEYHCaC4RCL4uExgnFBU;Pasar Grosir Pakaian;;;;;
Kain;4.3;4845;Jl. Otto Iskandar Dinata No.70;Kota Bandung;Jawa Barat;ID;;;Toko Kain Linen;Pusat Perbelanjaan;;;;;;;;;https://www.google.com/maps/search/?api=1&query=Kain&query_place_id=ChIJ-_ctqjzmaC4RZzFq5VG3X0k;Toko Kain Linen;;;;;
Nibras House Ujung Berung Bandung;4.9;35;Jl. AH. Nasution No.48;Kota Bandung;Jawa Barat;ID;http://www.nibras.co.id/;+62 877-7647-4837;Toko Pakaian;;;;;;;;;;https://www.google.com/maps/search/?api=1&query=Nibras%20House%20Ujung%20Berung%20Bandung&query_place_id=ChIJyyMM7EbdaC4R6qnGXkbWdC4;Toko Pakaian;;;;;
Rizky Fashion Produsen Rajut Binong Jati;4.8;29;Binong, Jl. Binong Jati No.37, RT.1/RW.2;Kota Bandung;Jawa Barat;ID;;+62 857-9306-0360;Toko Pakaian;;;;;;;;;;https://www.google.com/maps/search/?api=1&query=Rizky%20Fashion%20Produsen%20Rajut%20Binong%20Jati&query_place_id=ChIJi4ty8HPoaC4R3W_Wns18La8;Toko Pakaian;;;;;
CENTRAL BANDUNG APPAREL;5;5;Jl. RH Hasan Saputra Raya No.17;Kota Bandung;Jawa Barat;ID;https://www.tokopedia.com/centralbandungapparel;+62 896-5617-7771;Toko Pakaian;;;;;;;;;;https://www.google.com/maps/search/?api=1&query=CENTRAL%20BANDUNG%20APPAREL&query_place_id=ChIJ7XqrrYLpaC4RykpG-srwnr4;Toko Pakaian;;;;;
My Style BIP;4.4;186;Jl. Merdeka No.56;Kota Bandung;Jawa Barat;ID;;+62 22 4219689;Toko Pakaian;;;;;;;;;;https://www.google.com/maps/search/?api=1&query=My%20Style%20BIP&query_place_id=ChIJ2_aa6zfmaC4R7pkOq1QcJf8;Toko Pakaian;;;;;
By.Kakeyla | Grosir Baju Tidur Murah Bandung;5;2;Jl. Kurdi Sel. I No.19;Kota Bandung;Jawa Barat;ID;https://shopee.co.id/by.kakeyla;+62 822-1797-0826;Grosir pakaian;Toko Pakaian;Toko Pakaian Luar;Toko Pakaian Ukuran Besar;;;;;;;https://www.google.com/maps/search/?api=1&query=By.Kakeyla%20%7C%20Grosir%20Baju%20Tidur%20Murah%20Bandung&query_place_id=ChIJ26tHY7TtaC4RGlOSW4Ycu5g;Grosir pakaian;;;;;
Toko Baju It'z My Thrift;5;8;Jl. Sindang Sari III No.21-2;Kota Bandung;Jawa Barat;ID;;;Toko Pakaian;;;;;;;;;;https://www.google.com/maps/search/?api=1&query=Toko%20Baju%20It'z%20My%20Thrift&query_place_id=ChIJ20GnXAPnaC4RD9BsVVh2EdA;Toko Pakaian;;;;;
Top Ladies Tekstil;4.7;27;Jl. Kalipah Apo No.32;Kota Bandung;Jawa Barat;ID;;+62 22 4200070;Toko Pakaian;;;;;;;;;;https://www.google.com/maps/search/?api=1&query=Top%20Ladies%20Tekstil&query_place_id=ChIJwxCBnSbmaC4R6q4PJi6rXT8;Toko Pakaian;;;;;
Sanshine Store;5;15;Jl. Binong Jati No.48;Kota Bandung;Jawa Barat;ID;https://shp.ee/tk2f6p8;+62 821-2730-0887;Toko Pakaian;;;;;;;;;;https://www.google.com/maps/search/?api=1&query=Sanshine%20Store&query_place_id=ChIJ0UwQsMjpaC4RGNKk_mM4EWs;Toko Pakaian;;;;;
Grosir Kemeja Bandung Berkualitas Geniouz;4.8;25;Ps. Baru Trade Center, Jl. Pasar Selatan No.70;Kota Bandung;Jawa Barat;ID;;+62 838-4498-2006;Toko Pakaian;;;;;;;;;;https://www.google.com/maps/search/?api=1&query=Grosir%20Kemeja%20Bandung%20Berkualitas%20Geniouz&query_place_id=ChIJcxx-iw7naC4RkJoTb4x71NE;Toko Pakaian;;;;;
Pasar Andir Trade Center | Liyafashionatc;4.1;17;Jl. Waringin;Kota Bandung;Jawa Barat;ID;;+62 898-5708-015;Toko Pakaian Wanita;;;;;;;;;;https://www.google.com/maps/search/?api=1&query=Pasar%20Andir%20Trade%20Center%20%7C%20Liyafashionatc&query_place_id=ChIJbQvFKO3naC4RqmKC7NzW-GQ;Toko Pakaian Wanita;;;;;
UNIQLO • Paskal 23;4.7;1452;Jl. Pasir Kaliki;Kota Bandung;Jawa Barat;ID;https://www.uniqlo.com/id/;+62 22 21010125;Toko Pakaian;;;;;;;;;;https://www.google.com/maps/search/?api=1&query=UNIQLO%20%E2%80%A2%20Paskal%2023&query_place_id=ChIJUSp4WBbmaC4R0ph4wd961qA;Toko Pakaian;;;;;
HIRKA SHOES;5;7;Jl. Moch. Toha Gg. Subur No.20, RT.03/RW.05;Kota Bandung;Jawa Barat;ID;;+62 812-2001-0015;Toko Sepatu;;;;;;;;;;https://www.google.com/maps/search/?api=1&query=HIRKA%20SHOES&query_place_id=ChIJaUOq6ZHoaC4RdQX3gdiCayA;Toko Sepatu;;;;;
Payless Shoe TSM;4.4;66;Jl. Gatot Subroto No.289;Kota Bandung;Jawa Barat;ID;https://www.mapclub.com/shop/payless;+62 22 86012083;Toko Sepatu;;;;;;;;;;https://www.google.com/maps/search/?api=1&query=Payless%20Shoe%20TSM&query_place_id=ChIJpx0VftjnaC4R2uR4c1SF3pw;Toko Sepatu;;;;;
Venoz Boots;5;1;Jl.Pitaloka rt.08/rw.02.kel.cibaduyut wetan kec.bojongloa kidul komplek, singgasana;Kota Bandung;Jawa Barat;ID;http://shopee.co.id/venozboots;+62 857-2113-9366;Toko Sepatu Boot;;;;;;;;;;https://www.google.com/maps/search/?api=1&query=Venoz%20Boots&query_place_id=ChIJn0ulkq3paC4Ra2QS4KcvFRw;Toko Sepatu Boot;;;;;
Rumah Grosir Bandung - Supplier Pakaian Murah Berkwalitas;5;18;Jl. R. Adibrata No.20/9A, RT.03/RW.07;Kota Bandung;Jawa Barat;ID;;+62 896-5618-2000;Pemasok bangunan taman;;;;;;;;;;https://www.google.com/maps/search/?api=1&query=Rumah%20Grosir%20Bandung%20-%20Supplier%20Pakaian%20Murah%20Berkwalitas&query_place_id=ChIJZ8BlG8vnaC4RF51TWsvtWxs;Pemasok bangunan taman;;;;;
Rohali shoes;5;9;Jl. Cibaduyut No.85-87;Kota Bandung;Jawa Barat;ID;;+62 813-1358-2165;Toko Sepatu;;;;;;;;;;https://www.google.com/maps/search/?api=1&query=Rohali%20shoes&query_place_id=ChIJoRkXkcDoaC4RFMQLmhHln4g;Toko Sepatu;;;;;
Fortuna Shoes;4.3;44;Jl. Soekarno-Hatta No.495;Kota Bandung;Jawa Barat;ID;http://www.fortunashoes.co.id/;+62 818-737-168;Pabrik sepatu;;;;;;;;;;https://www.google.com/maps/search/?api=1&query=Fortuna%20Shoes&query_place_id=ChIJO9Yud13oaC4RnW_ALF2OXTc;Pabrik sepatu;;;;;
Toko Baju Ninaya;5;24;Jl. Cibaduyut No.37;Kota Bandung;Jawa Barat;ID;https://instagram.com/ninaya.id?igshid=NjZiMGI4OTY=;+62 22 5412881;Toko Pakaian;Toko Tas;Toko Pakaian Anak;Grosir Kain;Toko Pakaian Resmi;Toko Kain Linen;Toko Pakaian Pria;Toko Pakaian Luar;Toko Kaos;Toko Pakaian Wanita;https://www.google.com/maps/search/?api=1&query=Toko%20Baju%20Ninaya&query_place_id=ChIJA4YweFjpaC4RKXz9lbxdEYU;Toko Pakaian;;;;;
Giovanni;4.8;8;Bandung Indah Plaza, Jalan Merdeka No. 56, Babakan Ciamis, Sumur Bandung;Kota Bandung;Jawa Barat;ID;;+62 22 4203594;Toko Sepatu;;;;;;;;;;https://www.google.com/maps/search/?api=1&query=Giovanni&query_place_id=ChIJJSH4nTfmaC4Rs8udqASFqBo;Toko Sepatu;;;;;
NAH Project Store;5;20;Jl. Lombok No.11a;Kota Bandung;Jawa Barat;ID;;;Toko Sepatu;;;;;;;;;;https://www.google.com/maps/search/?api=1&query=NAH%20Project%20Store&query_place_id=ChIJSZ2d78vnaC4RNbVsuIjiw64;Toko Sepatu;;;;;
KOFUKU SHOES;5;2;Ruko Mekar Wangii, Jl. Mekar Puspita No.18;Kota Bandung;Jawa Barat;ID;;+62 821-1282-3060;Toko Sepatu;;;;;;;;;;https://www.google.com/maps/search/?api=1&query=KOFUKU%20SHOES&query_place_id=ChIJUaNP6bvpaC4RocI-kKxQ6ng;Toko Sepatu;;;;;
Rionz Official;5;1;cluster MyHome, Jl. Pamekar Raya No.25 Blok D;Kota Bandung;Jawa Barat;ID;https://linktr.ee/you%20%20%20Bergabung%20dengan%20Rionz_official%20hari%20ini%20di%20Linktree%20%20%20Rionz_official%20Happy%20shopping%20shopee%20%20%20tokopedia%20%20%20Lazada%20%20%20Tiktok%201%20%20%20TikTok%202%20%20%20Toco%20%20%20whatsapp%20%20%20Cookie%20Preferences%20%C2%B7%20Report%20%C2%B7%20Privacy;;Toko Sepatu;;;;;;;;;;https://www.google.com/maps/search/?api=1&query=Rionz%20Official&query_place_id=ChIJtd6vPonDaC4RwdMMuxWfT3A;Toko Sepatu;;;;;
Nakerschu shoes Bandung;;;Jl. Cibaduyut Dalam I No.1A;Kota Bandung;Jawa Barat;ID;;+62 812-2015-178;Toko Sepatu;;;;;;;;;;https://www.google.com/maps/search/?api=1&query=Nakerschu%20shoes%20Bandung&query_place_id=ChIJRcGYXJPpaC4Rpspv4PFs8A0;Toko Sepatu;;;;;
Hap Hap Sports Kircon;5;138;Ruko Kiara Artha Park No.B-10;Kota Bandung;Jawa Barat;ID;;+62 851-2200-1123;Toko Perlengkapan Olahraga;;;;;;;;;;https://www.google.com/maps/search/?api=1&query=Hap%20Hap%20Sports%20Kircon&query_place_id=ChIJxSJYK_3naC4RusXl67Kngvg;Toko Perlengkapan Olahraga;;;;;
Be Bob;4.6;17;Istana Plaza, Jl. Pasir Kaliki No.121 - 123 Lt.1;Kota Bandung;Jawa Barat;ID;;+62 22 6004370;Toko Sepatu;;;;;;;;;;https://www.google.com/maps/search/?api=1&query=Be%20Bob&query_place_id=ChIJe0zHh2rmaC4R7JkodalmTh0;Toko Sepatu;;;;;
Arsaf Safety Kings Bandung;5;3;Jl. Sari Indah No.6;Kota Bandung;Jawa Barat;ID;https://www.instagram.com/jayasafety?igsh=MWYwNmg4NGZtdHZtNg==;+62 856-7893-059;Pemasok peralatan keselamatan;;;;;;;;;;https://www.google.com/maps/search/?api=1&query=Arsaf%20Safety%20Kings%20Bandung&query_place_id=ChIJqxNai2XmaC4RrIOpwPArn5A;Pemasok peralatan keselamatan;;;;;
Rainforest Gears;5;19;Jl. Wastukencana Gg. Nangkasuni;Kota Bandung;Jawa Barat;ID;;+62 878-2541-5000;Toko Pakaian;Penjahit Pesanan Khusus;Penyelenggara aktivitas luar ruangan;Penjahit;;;;;;;https://www.google.com/maps/search/?api=1&query=Rainforest%20Gears&query_place_id=ChIJj6DVMFPnaC4R4TYmbnBUoPk;Toko Pakaian;;;;;
VASU rental perlengkapan outdoor;5;2;Jalan Cibaduyut Raya Jalan Hj. Siti Mardiah Dalam 3 no.24;Kota Bandung;Jawa Barat;ID;;+62 877-3868-6156;Toko Alat-alat Perkemahan;;;;;;;;;;https://www.google.com/maps/search/?api=1&query=VASU%20rental%20perlengkapan%20outdoor&query_place_id=ChIJjfKNWsPpaC4RcsAq9PG9Ub8;Toko Alat-alat Perkemahan;;;;;
PT Primarindo Asia Infrastructure Tbk;4.3;80;JL. Raya Rancabolang kelurahan No.98;Kota Bandung;Jawa Barat;ID;http://www.primarindo.co.id/;+62 22 7560555;Pabrik sepatu;Toko Sepatu;;;;;;;;;https://www.google.com/maps/search/?api=1&query=PT%20Primarindo%20Asia%20Infrastructure%20Tbk&query_place_id=ChIJJ8bWzyPoaC4RqFTMl8AZl2s;Pabrik sepatu;;;;;
Megah Sports;4.4;670;Jl. A. Yani No.142;Kota Bandung;Jawa Barat;ID;http://www.megah.co.id/;+62 898-2700-700;Toko Perlengkapan Olahraga;;;;;;;;;;https://www.google.com/maps/search/?api=1&query=Megah%20Sports&query_place_id=ChIJabTr2sXnaC4RxM6-OEzDGKQ;Toko Perlengkapan Olahraga;;;;;
Rakata2nd outdoor;5;3;Jl. Pandu No.15;Kota Bandung;Jawa Barat;ID;;+62 815-7307-0363;Toko Pakaian;;;;;;;;;;https://www.google.com/maps/search/?api=1&query=Rakata2nd%20outdoor&query_place_id=ChIJHdzCbi7naC4RVMIL2Z7CBww;Toko Pakaian;;;;;
bullhead outdoor Ideng;3.8;5;Jl. Arjuna No.19/70;Kota Bandung;Jawa Barat;ID;;+62 898-7110-872;Toko Pakaian dan Peralatan Luar Ruangan;;;;;;;;;;https://www.google.com/maps/search/?api=1&query=bullhead%20outdoor%20Ideng&query_place_id=ChIJKzrOWRPmaC4RYs0ckIKNovc;Toko Pakaian dan Peralatan Luar Ruangan;;;;;
graha outdoor rental alat camping bandung;5;25;Jl. Sukaati VII No.1b;Kota Bandung;Jawa Barat;ID;https://www.instagram.com/graha.outdoor/profilecard/?igsh=MXVsNnhxbXB6bTJzbQ==;+62 855-7777-916;Layanan Rental Alat;;;;;;;;;;https://www.google.com/maps/search/?api=1&query=graha%20outdoor%20rental%20alat%20camping%20bandung&query_place_id=ChIJAdx2YUbpaC4RFLdDgT2LANk;Layanan Rental Alat;;;;;
MOUNTGEAR Rental Alat Hiking & Camping;5;481;3JVX+GW5, Jl. Sulaksana;Kota Bandung;Jawa Barat;ID;;+62 831-3772-4473;;;;;;;;;;;https://www.google.com/maps/search/?api=1&query=MOUNTGEAR%20Rental%20Alat%20Hiking%20%26%20Camping&query_place_id=ChIJDWWkQgDnaC4RjWj6yW1D_as;;;;;;
EIGER Adventure Store Buah batu Bandung;4.6;1225;Jl. Buah Batu No.246;Kota Bandung;Jawa Barat;ID;http://www.eigeradventure.com/;+62 22 7323008;Toko Olahraga Luar Ruangan;;;;;;;;;;https://www.google.com/maps/search/?api=1&query=EIGER%20Adventure%20Store%20Buah%20batu%20Bandung&query_place_id=ChIJMSze7GboaC4RXBnKxqgKu2M;Toko Olahraga Luar Ruangan;;;;;
Megah Sports;4.4;123;Jl. Leuwi Panjang No.92;Kota Bandung;Jawa Barat;ID;http://www.megah.co.id/;+62 22 5233566;Toko Peralatan Olahraga;;;;;;;;;;https://www.google.com/maps/search/?api=1&query=Megah%20Sports&query_place_id=ChIJzWudub3oaC4Rkiqe3TRiLEk;Toko Peralatan Olahraga;;;;;
JUAL PERALATAN OUTDOOR GUNUNG BANDUNG;5;1;Jalan beruang no58 RT: 07/RW:05, Jl. Beruang No.58;Kota Bandung;Jawa Barat;ID;;+62 831-0436-1630;Toko Hobi;;;;;;;;;;https://www.google.com/maps/search/?api=1&query=JUAL%20PERALATAN%20OUTDOOR%20GUNUNG%20BANDUNG&query_place_id=ChIJwwyQ_DrpaC4RxuVuwBdQfJ0;Toko Hobi;;;;;
TOKO TENDA ALANZAOUTDOOR;5;5;sebelah pos linmas rw08, Jl. Babakan Ciparay No.22;Kota Bandung;Jawa Barat;ID;https://alanzaoutdoor.wordpress.com/2025/08/08/tenda-lipat-matic/;+62 899-9309-139;Toko Alat-alat Perkemahan;;;;;;;;;;https://www.google.com/maps/search/?api=1&query=TOKO%20TENDA%20ALANZAOUTDOOR&query_place_id=ChIJm6f5c-DnaC4REg3IeKXofB0;Toko Alat-alat Perkemahan;;;;;
Pasar Outdoor - Find Your Adventure;5;1;Jl. Jakarta Gg. Abah Wardi No.26, RT.01/RW.02;Kota Bandung;Jawa Barat;ID;;+62 812-1459-6274;Toko Olahraga Luar Ruangan;;;;;;;;;;https://www.google.com/maps/search/?api=1&query=Pasar%20Outdoor%20-%20Find%20Your%20Adventure&query_place_id=ChIJGdm3v7bnaC4Rhd3EOom9HzE;Toko Olahraga Luar Ruangan;;;;;
Buver Adventure Sewa Alat Camping Bandung;4.8;727;Jl. H. Kurdi 1 No.74;Kota Bandung;Jawa Barat;ID;http://sewaalatcamping.id/;+62 877-4160-4313;Layanan Sewa Tenda;Penyelenggara aktivitas luar ruangan;;;;;;;;;https://www.google.com/maps/search/?api=1&query=Buver%20Adventure%20Sewa%20Alat%20Camping%20Bandung&query_place_id=ChIJKYeB0mnoaC4RPM3dXLqS64Q;Layanan Sewa Tenda;;;;;
MACADAMIA LITTLE GLAMZ;4.7;189;Jl. Bahureksa No.12;Kota Bandung;Jawa Barat;ID;https://macadamialittleglamz.com/;+62 812-2048-3200;Toko Pakaian Anak;Toko Tas;;;;;;;;;https://www.google.com/maps/search/?api=1&query=MACADAMIA%20LITTLE%20GLAMZ&query_place_id=ChIJ4bsmmknmaC4RFALugcF9SKE;Toko Pakaian Anak;;;;;
Tazkia Hijab Store;4.7;17;Jl. Riung Tineung IB, RW.24;Kota Bandung;Jawa Barat;ID;http://www.tokopedia.com/tazkiahijabstore;+62 22 87529769;Toko Pakaian;;;;;;;;;;https://www.google.com/maps/search/?api=1&query=Tazkia%20Hijab%20Store&query_place_id=ChIJ95eSHb3CaC4R_RtYMd7ntEw;Toko Pakaian;;;;;
MuTif Store Cipamokolan;5;82;Jl. Cipamokolan No.25;Kota Bandung;Jawa Barat;ID;;+62 812-2369-8335;Toko Pakaian;;;;;;;;;;https://www.google.com/maps/search/?api=1&query=MuTif%20Store%20Cipamokolan&query_place_id=ChIJBzjAKjzDaC4ROejw1H9K1CU;Toko Pakaian;;;;;
Alisha Fancy Shop;4.5;1032;Jl. Salendro Utara No.27;Kota Bandung;Jawa Barat;ID;;+62 22 7303539;Toko Pakaian;;;;;;;;;;https://www.google.com/maps/search/?api=1&query=Alisha%20Fancy%20Shop&query_place_id=ChIJOeYEoXroaC4RnI3i9rnGDiE;Toko Pakaian;;;;;
HIKMAT Boutique Bandung;4.9;277;Jl. Buah Batu No.266;Kota Bandung;Jawa Barat;ID;http://www.hikmat.co.id/;+62 877-3330-0103;Toko Pakaian;;;;;;;;;;https://www.google.com/maps/search/?api=1&query=HIKMAT%20Boutique%20Bandung&query_place_id=ChIJ1dgv_2boaC4R2UGbxGpU8cM;Toko Pakaian;;;;;
Gishop by Gisschi;4.9;142;Jl. Cibatu Raya No.35;Kota Bandung;Jawa Barat;ID;;+62 813-9555-173;Toko Pakaian Wanita;;;;;;;;;;https://www.google.com/maps/search/?api=1&query=Gishop%20by%20Gisschi&query_place_id=ChIJdZyVfKPnaC4RRRyzv10tUlI;Toko Pakaian Wanita;;;;;
WANSSTORE;4.5;29;JL RIUNG ARUM BARAT X.155, Jl. Riung Arum Barat X No.155;Kota Bandung;Jawa Barat;ID;;+62 838-2220-1140;Toko Pakaian;;;;;;;;;;https://www.google.com/maps/search/?api=1&query=WANSSTORE&query_place_id=ChIJsZSy3xbmaC4RVNNpZgfMOwg;Toko Pakaian;;;;;
Brandablestuff;4.5;180;Pasar cimol, lama Jl. Mekar Mulya No.C-50, RW.51;Kota Bandung;Jawa Barat;ID;;;Toko Pakaian;;;;;;;;;;https://www.google.com/maps/search/?api=1&query=Brandablestuff&query_place_id=ChIJGeByPMnCaC4Rf5jGjI5C20k;Toko Pakaian;;;;;
Kaos Distro Murah Bandung (Fortuna Store Bandung);5;5;Jalan H. Basuki No.27, RT.004/RW.010;Kota Bandung;Jawa Barat;ID;;+62 821-3038-3689;Toko Pakaian Anak;Toko Pakaian Pria;Toko Sablon;Toko Peralatan Sablon;Toko Pakaian Wanita;;;;;;https://www.google.com/maps/search/?api=1&query=Kaos%20Distro%20Murah%20Bandung%20(Fortuna%20Store%20Bandung)&query_place_id=ChIJwTvvwzDpaC4R6IDsW6vXor8;Toko Pakaian Anak;;;;;
Toko Sukses Bandung;4.3;99;Jl. Moch. Toha No.11;Kota Bandung;Jawa Barat;ID;https://suksesbandung.com/;+62 22 5204556;Grosir pakaian;Toko Pakaian Bayi;Toko Pakaian Anak;Toko Pakaian Dalam;;;;;;;https://www.google.com/maps/search/?api=1&query=Toko%20Sukses%20Bandung&query_place_id=ChIJebUffJ3oaC4R_GIA92slG80;Grosir pakaian;;;;;
Ria Busana Kepatihan;4.3;774;Jl. Kepatihan No.23;Kota Bandung;Jawa Barat;ID;;;Toko Pakaian;;;;;;;;;;https://www.google.com/maps/search/?api=1&query=Ria%20Busana%20Kepatihan&query_place_id=ChIJ5QlyAifmaC4Rn9hwCWiiyDQ;Toko Pakaian;;;;;
D-island Store Online-offline;4.2;483;Pasar cimol gede bage;Kota Bandung;Jawa Barat;ID;;+62 881-0230-20274;Pusat Perbelanjaan;;;;;;;;;;https://www.google.com/maps/search/?api=1&query=D-island%20Store%20Online-offline&query_place_id=ChIJ_6owFNvDaC4RkMvoMmQLU8Q;Pusat Perbelanjaan;;;;;
Boew Store;5;4;Jl. Salendro Utara No.3;Kota Bandung;Jawa Barat;ID;https://www.boewstore.com/;+62 821-2897-4170;Toko Sepatu;Toko Pakaian Luar;;;;;;;;;https://www.google.com/maps/search/?api=1&query=Boew%20Store&query_place_id=ChIJnx9wSSLpaC4R5capnTs-rJ0;Toko Sepatu;;;;;
TOKO SEPATU;;;Jl. Asia Afrika No.20;Kota Bandung;Jawa Barat;ID;;;Toko Sepatu;;;;;;;;;;https://www.google.com/maps/search/?api=1&query=TOKO%20SEPATU&query_place_id=ChIJEbm0fCTmaC4RckXfYObAOLs;Toko Sepatu;;;;;
Toko Ananda;4.2;59;Jl. Dalem Kaum No.36;Kota Bandung;Jawa Barat;ID;;;Toko Pakaian;;;;;;;;;;https://www.google.com/maps/search/?api=1&query=Toko%20Ananda&query_place_id=ChIJiTlzFCTmaC4R72eiN4b_KJk;Toko Pakaian;;;;;
Toko Sepatu Original;;;Jl. Otto Iskandar Dinata No.223;Kota Bandung;Jawa Barat;ID;;;Toko Sepatu;;;;;;;;;;https://www.google.com/maps/search/?api=1&query=Toko%20Sepatu%20Original&query_place_id=ChIJHd2z09znaC4Rare31Dn9Jsw;Toko Sepatu;;;;;
SEPATU DOCMART BANDUNG;5;3;Jl. Indrayasa Gg. Sawargi 1 No.7, RT.01/RW.06;Kota Bandung;Jawa Barat;ID;https://shopee.co.id/Sepatu-Boots-Pria-Wanita-Unisex-Dr.-Martens-Docmart-Dockmart-Dokmar-Dokmart-Kulit-Asli-3-Hole-Sepatu-Formal-Kasual-Kantor-Loafers-Boots-Pria-Wanita-Kulit-Asli-DrMartens-Dokmart-Boot-Cewek-Cowok-Kulit-i.202037673.14432387945?sp_atk=20689a2c-4daa-4094-b834-b77fb9a9f4f4&xptdk=20689a2c-4daa-4094-b834-b77fb9a9f4f4;+62 815-7253-9098;Toko Sepatu;;;;;;;;;;https://www.google.com/maps/search/?api=1&query=SEPATU%20DOCMART%20BANDUNG&query_place_id=ChIJ4UIYZCm_aC4R6jGtQOFHSDg;Toko Sepatu;;;;;
Pasar Lilin;4.5;329;Jl. Astana Anyar No.299;Kota Bandung;Jawa Barat;ID;;+62 877-4579-3990;Pusat Perbelanjaan;;;;;;;;;;https://www.google.com/maps/search/?api=1&query=Pasar%20Lilin&query_place_id=ChIJl5LIaZnoaC4RU0CwxYWhdbU;Pusat Perbelanjaan;;;;;
De & Dy;4.9;10;Jl. Cibaduyut No.23;Kota Bandung;Jawa Barat;ID;;+62 22 5403054;Toko Sepatu;;;;;;;;;;https://www.google.com/maps/search/?api=1&query=De%20%26%20Dy&query_place_id=ChIJ6fXEcL_oaC4Rf21Ll9xSEo4;Toko Sepatu;;;;;
Spotec;4.9;11;3HHX+V7Q, Jl. Astana Anyar;Kota Bandung;Jawa Barat;ID;;;Toko Sepatu;;;;;;;;;;https://www.google.com/maps/search/?api=1&query=Spotec&query_place_id=ChIJad-xhCLmaC4Rqx_TLma2-to;Toko Sepatu;;;;;
Toko sepatu;5;1;Jl. Cibaduyut No.299;Kota Bandung;Jawa Barat;ID;;;Dealer mobil;;;;;;;;;;https://www.google.com/maps/search/?api=1&query=Toko%20sepatu&query_place_id=ChIJNyOVPQDpaC4RxuMcublUfy4;Dealer mobil;;;;;
FYC FOOTWEAR FLAGSHIP STORE;4.7;12;Jl. Batununggal Indah I No.52;Kota Bandung;Jawa Barat;ID;https://www.fycfootwear.com/;+62 819-9956-2379;Toko Sepatu;;;;;;;;;;https://www.google.com/maps/search/?api=1&query=FYC%20FOOTWEAR%20FLAGSHIP%20STORE&query_place_id=ChIJ4113NITpaC4RAkkeMryJ5pk;Toko Sepatu;;;;;
Koku Footwear;4.8;108;Taman Cibaduyut Indah 1, Blk. L No.20, RT.003/RW.011;Kabupaten Bandung;Jawa Barat;ID;http://www.koku.co.id/;+62 813-2185-4111;Grosir alas kaki;Toko Sepatu Boot;Pabrik sepatu;Toko Sepatu;;;;;;;https://www.google.com/maps/search/?api=1&query=Koku%20Footwear&query_place_id=ChIJHckG5OPoaC4RzypB8_r0EY4;Grosir alas kaki;;;;;
Tragen;5;5;Jl. Permata Taman Sari Asri III No.8;Kota Bandung;Jawa Barat;ID;http://www.tragen.co.id/;+62 857-7787-9415;Toko Sepatu;;;;;;;;;;https://www.google.com/maps/search/?api=1&query=Tragen&query_place_id=ChIJiTNrpyfpaC4R4_uTMRpvGJY;Toko Sepatu;;;;;
MR Shoelaces (Tali Kulit & Tali Lilin; Sepatu Handmade Kulit Boots; Sneakers Pria);4.9;7;Jl. Tlk. Buyung Kaler No.17;Kota Bandung;Jawa Barat;ID;https://www.mrshoelaces.com/;+62 22 20576545;Gudang;Toko Sepatu Boot;Pabrik sepatu;;;;;;;;https://www.google.com/maps/search/?api=1&query=MR%20Shoelaces%20(Tali%20Kulit%20%26%20Tali%20Lilin%2C%20Sepatu%20Handmade%20Kulit%20Boots%2C%20Sneakers%20Pria)&query_place_id=ChIJ-f__vxTmaC4RgZnvrUcY1rU;Gudang;;;
Pasar Kota Kembang Unit Cikapundung;4.2;174;Jl. Dalem Kaum No.17;Kota Bandung;Jawa Barat;ID;https://www.kabarwisata.id/suvenir/pekerjaan-tangan/tempat-belanja-di-bandung/;;Pasar;Pasar Grosir Pakaian;;;;;;;;;https://www.google.com/maps/search/?api=1&query=Pasar%20Kota%20Kembang%20Unit%20Cikapundung&query_place_id=ChIJ2dIH8CXmaC4RRbjvv23xBZc;Pasar;;;;;
Tas Kulit;5;4;Jl. Cikampek 1 No.36;Kota Bandung;Jawa Barat;ID;;;Toko Barang-barang Kulit;;;;;;;;;;https://www.google.com/maps/search/?api=1&query=Tas%20Kulit&query_place_id=ChIJcWWjXBHnaC4RVClDa8yeqV4;Toko Barang-barang Kulit;;;;;
BEARPATH;4.8;418;Jl. H. Mesri No.20;Kota Bandung;Jawa Barat;ID;http://www.mybearpath.com/;+62 811-2161-669;Toko Sepatu;;;;;;;;;;https://www.google.com/maps/search/?api=1&query=BEARPATH&query_place_id=ChIJfSlG-UPmaC4REextT_maz-8;Toko Sepatu;;;;;
Tas Lucu;4.3;3;3MQ3+XPR, Jl. Kalijati Indah Raya;Kota Bandung;Jawa Barat;ID;;+62 817-611-640;Grosir;;;;;;;;;;https://www.google.com/maps/search/?api=1&query=Tas%20Lucu&query_place_id=ChIJi1dGWPc9aS4Rvm2-Mf80eTw;Grosir;;;;;
Garucci;4.4;132;Jl. Cibaduyut No.63;Kota Bandung;Jawa Barat;ID;;+62 813-2151-0501;Toko;;;;;;;;;;https://www.google.com/maps/search/?api=1&query=Garucci&query_place_id=ChIJARhv3cPoaC4R5V9m0yUsNHc;Toko;;;;;
KEMILAU GALLERY Pusat Grosir Kaos kaki Sashee; Jas Hujan Hijas; Tas Lokal Moonzaya Hody;;;Jl. Empang No.3;Kota Bandung;Jawa Barat;ID;;+62 896-8503-0466;Toko;;;;;;;;;;https://www.google.com/maps/search/?api=1&query=KEMILAU%20GALLERY%20Pusat%20Grosir%20Kaos%20kaki%20Sashee%2C%20Jas%20Hujan%20Hijas%2C%20Tas%20Lokal%20Moonzaya%20Hody&query_place_id=ChIJQ8zwJ-nDaC4R4TApALeQ7nE;Toko;;;
EIGER Adventure Flagship Store Cihampelas Bandung;4.7;6837;Jl. Cihampelas No.22;Kota Bandung;Jawa Barat;ID;https://eigeradventure.com/;+62 811-2184-109;Toko Olahraga Luar Ruangan;Toko Pakaian;Toko Perlengkapan Olah Raga Lari;;;;;;;;https://www.google.com/maps/search/?api=1&query=EIGER%20Adventure%20Flagship%20Store%20Cihampelas%20Bandung&query_place_id=ChIJ_8NeYFvmaC4RjIPLHPcj7fo;Toko Olahraga Luar Ruangan;;;;;
Konveksi Tas;4.5;2;Komplek Leuwisari Jalan Leuwisari V, No. 63 B dan no. 199, Jl. Leuwi Panjang;Kota Bandung;Jawa Barat;ID;;+62 812-2191-831;Toko Tas;Toko Perlengkapan Medis;;;;;;;;;https://www.google.com/maps/search/?api=1&query=Konveksi%20Tas&query_place_id=ChIJgy9YH5boaC4R_F2BU59T6a4;Toko Tas;;;;;
Tas Goodiebag;5;3;Jl. Mekarsari No.09A;Kota Bandung;Jawa Barat;ID;;+62 831-5337-7732;Toko Tas Tangan;;;;;;;;;;https://www.google.com/maps/search/?api=1&query=Tas%20Goodiebag&query_place_id=ChIJm4jI3frnaC4RGjOlGJvyX0Q;Toko Tas Tangan;;;;;
Kalëa Space;4.9;85;Jl. Bengawan No.43;Kota Bandung;Jawa Barat;ID;http://www.kalea-space.com/;+62 895-6022-33303;Toko Pakaian;Toko Alat Kecantikan;Toko Lilin;Toko Aksesori Pakaian;Toko Tas Tangan;Toko Sepatu;;;;;https://www.google.com/maps/search/?api=1&query=Kal%C3%ABa%20Space&query_place_id=ChIJAe615tbnaC4Rf99RVSdwR5k;Toko Pakaian;;;;;
Jual Tas Selempang Pria - Hontale Official;5;2;Gg. Karapitan II No.47 36A;Kota Bandung;Jawa Barat;ID;;+62 812-1435-1101;Toko Tas;;;;;;;;;;https://www.google.com/maps/search/?api=1&query=Jual%20Tas%20Selempang%20Pria%20-%20Hontale%20Official&query_place_id=ChIJR9VpEirmaC4RRE7CAeehFio;Toko Tas;;;;;
Cibaduyut Plaza;4.3;726;Jl. Cibaduyut No.122;Kota Bandung;Jawa Barat;ID;;;Toko Sepatu;;;;;;;;;;https://www.google.com/maps/search/?api=1&query=Cibaduyut%20Plaza&query_place_id=ChIJARhv3cPoaC4Rx_u-7rX5AsM;Toko Sepatu;;;;;
EIGER ADVENTURE STORE PELAJAR PEJUANG BANDUNG;4.6;366;Jl. Pelajar Pejuang 45 No.112;Kota Bandung;Jawa Barat;ID;https://eigeradventure.com/;+62 22 73280730;Toko Pakaian;;;;;;;;;;https://www.google.com/maps/search/?api=1&query=EIGER%20ADVENTURE%20STORE%20PELAJAR%20PEJUANG%20BANDUNG&query_place_id=ChIJWRHAEX3oaC4R506nBJweD2U;Toko Pakaian;;;;;
Plaza parahyangan;4.3;2476;3JM3+2JM, Jl. Otto Iskandar Dinata;Kota Bandung;Jawa Barat;ID;https://www.kabarwisata.id/suvenir/pekerjaan-tangan/tempat-belanja-di-bandung/;;Pusat Perbelanjaan;;;;;;;;;;https://www.google.com/maps/search/?api=1&query=Plaza%20parahyangan&query_place_id=ChIJyQmzOiTmaC4RPXt1It1jrN4;Pusat Perbelanjaan;;;;;
UPGEARS OFFICIALS;3.4;5;Jl. Bahureksa No.1;Kota Bandung;Jawa Barat;ID;;+62 878-2122-1391;Toko Pakaian;;;;;;;;;;https://www.google.com/maps/search/?api=1&query=UPGEARS%20OFFICIALS&query_place_id=ChIJk3d7iEXnaC4RJhFHrNhbqpw;Toko Pakaian;;;;;
Kinabalu Outdoor;4.4;20;Jl. Leuwi Panjang No.60;Kota Bandung;Jawa Barat;ID;https://kinabaluoutdoor.com/;;Toko Pakaian dan Peralatan Luar Ruangan;;;;;;;;;;https://www.google.com/maps/search/?api=1&query=Kinabalu%20Outdoor&query_place_id=ChIJYdSg2tTpaC4ReBS2zncfbQg;Toko Pakaian dan Peralatan Luar Ruangan;;;;;
MOUTAN OUTDOOR & SAGALA SEWA BANDUNG;4.6;18;Samping Buble jones/ Area pemancingan, Jl. Binong Jati No.140 B;Kota Bandung;Jawa Barat;ID;http://www.instagram.com/moutan_outdoor;+62 857-9505-4291;Toko outlet;Kursus mendaki gunung;;;;;;;;;https://www.google.com/maps/search/?api=1&query=MOUTAN%20OUTDOOR%20%26%20SAGALA%20SEWA%20BANDUNG&query_place_id=ChIJrwgSXGLpaC4R6SRR3ctdMl0;Toko outlet;;;;;
Perlengkapan Outdoor;4.7;3;Jl. Makam Caringin Porib 4 No.24, RT.9/RW.3;Kota Bandung;Jawa Barat;ID;https://www.bukalapak.com/u/sadam_jamal;+62 822-6245-7980;Toko Pakaian;;;;;;;;;;https://www.google.com/maps/search/?api=1&query=Perlengkapan%20Outdoor&query_place_id=ChIJb65cqm_vaC4RGC0m2nDr9GU;Toko Pakaian;;;;;
Klik tas;1;1;Jl. Mekar Pratama No.9;Kota Bandung;Jawa Barat;ID;http://campsite.bio/kliktas;+62 838-2253-3382;Toko Tas;;;;;;;;;;https://www.google.com/maps/search/?api=1&query=Klik%20tas&query_place_id=ChIJg0lYODHpaC4RKNnlB3NUdyM;Toko Tas;;;;;
OSA - Outdoor Sports & Adventure Shop;4.7;18;Paberik Badjoe, Jl. Soekarno-Hatta No.573;Kota Bandung;Jawa Barat;ID;;;Toko Pakaian;;;;;;;;;;https://www.google.com/maps/search/?api=1&query=OSA%20-%20Outdoor%20Sports%20%26%20Adventure%20Shop&query_place_id=ChIJVxptl3vpaC4RRD6Uw1_9IsM;Toko Pakaian;;;;;
Resellerdropship.com;3.5;8;Jl. Mekarsari No.6;Kota Bandung;Jawa Barat;ID;https://www.resellerdropship.com/;+62 813-2441-1102;Toko Pakaian;;;;;;;;;;https://www.google.com/maps/search/?api=1&query=Resellerdropship.com&query_place_id=ChIJlbJNgUvpaC4RZrG-E16V3hY;Toko Pakaian;;;;;
Fabulousgrosir;4.1;200;Jl. Terusan Jakarta No.54;Kota Bandung;Jawa Barat;ID;http://www.instagram.com/fabulousgrosir;;Toko Pakaian Wanita;Grosir;;;;;;;;;https://www.google.com/maps/search/?api=1&query=Fabulousgrosir&query_place_id=ChIJt4RaAMDnaC4R_gA-7tlAGVo;Toko Pakaian Wanita;;;;;
EV Outdoor (Sukamulya);4.6;31;Jl. Sukamulya Dalam No.2 No.145;Kota Bandung;Jawa Barat;ID;;+62 897-1408-667;Toko Olahraga Luar Ruangan;;;;;;;;;;https://www.google.com/maps/search/?api=1&query=EV%20Outdoor%20(Sukamulya)&query_place_id=ChIJ_RqUw6ToaC4RRT9kS0YawY8;Toko Olahraga Luar Ruangan;;;;;
Gudang_outdoor2nd;4.5;6;Jl.terusan ibrahim adjie gg.laksa Rt 05 Rw 02 no56;Kota Bandung;Jawa Barat;ID;;+62 812-2244-8893;Penyelenggara aktivitas luar ruangan;Toko Peralatan Olahraga;;;;;;;;;https://www.google.com/maps/search/?api=1&query=Gudang_outdoor2nd&query_place_id=ChIJtb1XJsPpaC4RMSz3RnNgQSI;Penyelenggara aktivitas luar ruangan;;;;;
Ria Busana;4.5;1414;Jl. Dewi Sartika No.61-63;Kota Bandung;Jawa Barat;ID;;;Toko Pakaian;;;;;;;;;;https://www.google.com/maps/search/?api=1&query=Ria%20Busana&query_place_id=ChIJpXd7AifmaC4Ruyqy5RGPaD8;Toko Pakaian;;;;;
DARAZ collection store;4.9;19;Ps. Baru Trade Center, Jl. Otto Iskandar Dinata No.1 Lantai D1 Blok M;Kota Bandung;Jawa Barat;ID;;+62 831-7575-2528;Toko Pakaian Wanita;;;;;;;;;;https://www.google.com/maps/search/?api=1&query=DARAZ%20collection%20store&query_place_id=ChIJCSweRSPnaC4RzfpTX7iprb4;Toko Pakaian Wanita;;;;;
Perlengkapan outdoor;5;1;Jl. Leuwi Panjang No.129;Kota Bandung;Jawa Barat;ID;;;Penyelenggara aktivitas luar ruangan;;;;;;;;;;https://www.google.com/maps/search/?api=1&query=Perlengkapan%20outdoor&query_place_id=ChIJ3UXlb77oaC4R7Cu9E1nbPiw;Penyelenggara aktivitas luar ruangan;;;;;
Exodos57 Store;4.7;73;Jl. K.H. Ahmad Dahlan No.50;Kota Bandung;Jawa Barat;ID;;+62 811-1370-057;Pusat Perbelanjaan;;;;;;;;;;https://www.google.com/maps/search/?api=1&query=Exodos57%20Store&query_place_id=ChIJq6pWQIfoaC4RXaSKoHgs2nI;Pusat Perbelanjaan;;;;;
Toko Grosir & Eceran Amanah Jaya;4.2;10890;Pasar Andir Trade Center, Blk. N No.7-8 Lt Basement;Kota Bandung;Jawa Barat;ID;;+62 878-2555-2636;Pasar;;;;;;;;;;https://www.google.com/maps/search/?api=1&query=Toko%20Grosir%20%26%20Eceran%20Amanah%20Jaya&query_place_id=ChIJux0ymhDmaC4RE-3VbV78clc;Pasar;;;;;
Hellena Shoes;4.8;20;Jl. Cibaduyut No.95;Kota Bandung;Jawa Barat;ID;;+62 812-2288-8130;Toko Sepatu;;;;;;;;;;https://www.google.com/maps/search/?api=1&query=Hellena%20Shoes&query_place_id=ChIJ2yLE68DoaC4RTsKmv28K2DI;Toko Sepatu;;;;;
Jaket Prefix;4.3;3353;Jl. Otto Iskandar Dinata No.45;Kota Bandung;Jawa Barat;ID;;+62 812-2458-2008;Pusat Perbelanjaan;;;;;;;;;;https://www.google.com/maps/search/?api=1&query=Jaket%20Prefix&query_place_id=ChIJG1_FTzvmaC4RGrFr0UScUaY;Pusat Perbelanjaan;;;;;
Borsa Shoes;4.3;36;Jl. Kopo Jaya I No.3;Kota Bandung;Jawa Barat;ID;;;Toko Sepatu;;;;;;;;;;https://www.google.com/maps/search/?api=1&query=Borsa%20Shoes&query_place_id=ChIJy9VQtSnpaC4RCK8nsVy7Wc4;Toko Sepatu;;;;;
OnlineStore Bandung by adaasa project;4;14;Jl. Permata Bumi IX;Kota Bandung;Jawa Barat;ID;https://id.shp.ee/w1Nejvw;;Toko Pakaian Wanita;;;;;;;;;;https://www.google.com/maps/search/?api=1&query=OnlineStore%20Bandung%20by%20adaasa%20project&query_place_id=ChIJmzxjrvfnaC4RFJxPzlcCfnA;Toko Pakaian Wanita;;;;;
MARQUE.CO - Warehouse / Store;4.5;11;Jl. Mekar Setia I Komplek No.7A;Kota Bandung;Jawa Barat;ID;https://instagram.com/marque.co?igshid=YmMyMTA2M2Y=;+62 823-2033-9103;Toko Sepatu;;;;;;;;;;https://www.google.com/maps/search/?api=1&query=MARQUE.CO%20-%20Warehouse%20%2F%20Store&query_place_id=ChIJI6AuVxLpaC4RMi6jnHCP26I;Toko Sepatu;;;;;
PABRIK SEPATU BANDUNG PT NIKOLA SAPUTRA INDONESIA;4.9;45;Jalan. Pitaloka Rt.06 rw.02 no.28.Kel.cibaduyut wetan;Kota Bandung;Jawa Barat;ID;https://nikolasaputraindonesia.my.id/;+62 822-2888-9068;Pusat Bisnis;;;;;;;;;;https://www.google.com/maps/search/?api=1&query=PABRIK%20SEPATU%20BANDUNG%20PT%20NIKOLA%20SAPUTRA%20INDONESIA&query_place_id=ChIJlZnwDojpaC4RIRHzZE6lVuw;Pusat Bisnis;;;;;
Mertz Id;5;44;3M33+V57, Jl. Cidurian Selatan;Kota Bandung;Jawa Barat;ID;https://shopee.co.id/mertz.id;+62 857-9307-6712;Toko Sepatu;;;;;;;;;;https://www.google.com/maps/search/?api=1&query=Mertz%20Id&query_place_id=ChIJ-chvXpjpaC4RvxTcYZxThCU;Toko Sepatu;;;;;
Sepatu PDL - Ciarmy;4.5;122;Jl. Cibaduyut Gg. Ma.Meja No.35;Kota Bandung;Jawa Barat;ID;https://www.tokopedia.com/sepatuciarmy;+62 818-0206-0232;Toko Sepatu Boot;;;;;;;;;;https://www.google.com/maps/search/?api=1&query=Sepatu%20PDL%20-%20Ciarmy&query_place_id=ChIJj459pknpaC4R6bGG5mtI1Po;Toko Sepatu Boot;;;;;
Dianable Store;5;240;Jl. Arcamanik Endah No.66;Kota Bandung;Jawa Barat;ID;https://dianableofficial.com/;+62 813-1356-7146;Toko Sepatu;Kantor Perusahaan;;;;;;;;;https://www.google.com/maps/search/?api=1&query=Dianable%20Store&query_place_id=ChIJiXy2cADdaC4R_0eJN5iZCaY;Toko Sepatu;;;;;
Mills Official Store;4.8;76;Jl. Raya Kopo No.303B;Kota Bandung;Jawa Barat;ID;http://mills.co.id/;+62 811-2296-288;Toko Pakaian Olahraga;;;;;;;;;;https://www.google.com/maps/search/?api=1&query=Mills%20Official%20Store&query_place_id=ChIJ49aE5uDpaC4Rpnz8X2WhsUg;Toko Pakaian Olahraga;;;;;
Sports Station • TSM Bandung;4.4;125;Jl. Gatot Subroto No.289;Kota Bandung;Jawa Barat;ID;;+62 22 86012094;Toko Pakaian Olahraga;;;;;;;;;;https://www.google.com/maps/search/?api=1&query=Sports%20Station%20%E2%80%A2%20TSM%20Bandung&query_place_id=ChIJj9q6itjnaC4RBSCN1Y85aHo;Toko Pakaian Olahraga;;;;;
Pitshop Sport Shoes;4.7;29;3J65+VQF, Jl. BKR;Kota Bandung;Jawa Barat;ID;;+62 813-1028-9206;Toko Sepatu;;;;;;;;;;https://www.google.com/maps/search/?api=1&query=Pitshop%20Sport%20Shoes&query_place_id=ChIJJZiOuproaC4RFPSnErwT7zY;Toko Sepatu;;;;;
Raindoz;4.7;35;Jl. Mekarsari No.11;Kota Bandung;Jawa Barat;ID;http://rndz.catenzo.co.id/;+62 895-4127-71444;Toko Pakaian;Toko Tas;Toko Sepatu;;;;;;;;https://www.google.com/maps/search/?api=1&query=Raindoz&query_place_id=ChIJZ9L1YJrpaC4R2nG1_0l_-_M;Toko Pakaian;;;;;
RANK Sports Bandung;5;2911;Jl. Terusan Jakarta No.30G;Kota Bandung;Jawa Barat;ID;;+62 812-7999-7779;Toko Perlengkapan Olahraga;;;;;;;;;;https://www.google.com/maps/search/?api=1&query=RANK%20Sports%20Bandung&query_place_id=ChIJnbaGLOvnaC4RARbkMYOnUtI;Toko Perlengkapan Olahraga;;;;;
Toko Sandal Makmur;4.5;151;Jl. Sudirman No.181;Kota Bandung;Jawa Barat;ID;https://www.tokosandalmakmur.com/;+62 877-2237-6588;Grosir;Toko Sepatu Boot;Layanan Distribusi;Toko Sepatu;Toko;Gudang;;;;;https://www.google.com/maps/search/?api=1&query=Toko%20Sandal%20Makmur&query_place_id=ChIJU0MJnSLmaC4RllpLzXp705M;Grosir;;;;;
Disclosure store cabang cendana;4.9;464;Jl. Cendana;Kota Bandung;Jawa Barat;ID;https://www.instagram.com/disclosurestore_?igsh=MW5lYmlzcTgwMHhnZQ==;+62 811-4097-718;Toko;Toko Pakaian;Salon bulu mata;Salon Kuku;Photo booth;Tempat Biliar;Tempat Sewa Mainan;Toko Pakaian Remaja;;;https://www.google.com/maps/search/?api=1&query=Disclosure%20store%20cabang%20cendana&query_place_id=ChIJN4J4cUfnaC4RBiDhvjehGgs;Toko;;;;;
Heaven Skateboards;4.6;116;Jl. Trunojoyo No.15;Kota Bandung;Jawa Barat;ID;http://www.heavenskateboards.com/;;Toko Skateboard;;;;;;;;;;https://www.google.com/maps/search/?api=1&query=Heaven%20Skateboards&query_place_id=ChIJmyC8EEnmaC4R1byyZxr6TUw;Toko Skateboard;;;;;
Wingman Denim;4.7;178;Jl. Laswi No.1;Kota Bandung;Jawa Barat;ID;http://wingmandenim.com/;+62 811-2250-833;Toko Pakaian;;;;;;;;;;https://www.google.com/maps/search/?api=1&query=Wingman%20Denim&query_place_id=ChIJYxaf10vmaC4RRC_6F04ISmc;Toko Pakaian;;;;;
Kizaru World Store;4.6;32;Jl. Laswi No.1;Kota Bandung;Jawa Barat;ID;;+62 822-4002-0999;Toko Pakaian;;;;;;;;;;https://www.google.com/maps/search/?api=1&query=Kizaru%20World%20Store&query_place_id=ChIJRWxkKIHnaC4RUIVOr6eztPU;Toko Pakaian;;;;;
Gudang Jaket Mothbless;5;2;3HMR+QFG, Jl. Kb. Jati Gg. Minyak Tanah, RT.08/RW.01;Kota Bandung;Jawa Barat;ID;https://shopee.co.id/mothbles.co;+62 812-2232-9760;Toko Pakaian;;;;;;;;;;https://www.google.com/maps/search/?api=1&query=Gudang%20Jaket%20Mothbless&query_place_id=ChIJSyGMMk3naC4RY316HTUGBdA;Toko Pakaian;;;;;
Syillara service tas;4.9;53;Jl. Ciparay No.101;Kota Bandung;Jawa Barat;ID;;+62 882-0005-37299;Toko Tas;;;;;;;;;;https://www.google.com/maps/search/?api=1&query=Syillara%20service%20tas&query_place_id=ChIJAUNAcQbpaC4RZKOUHUdaOqo;Toko Tas;;;;;
HRCN;4.3;46;Jl. Cibaduyut No.36;Kota Bandung;Jawa Barat;ID;;+62 855-5902-4371;Toko Pakaian;;;;;;;;;;https://www.google.com/maps/search/?api=1&query=HRCN&query_place_id=ChIJLbNt9kjmaC4RkMW3HW6m0aE;Toko Pakaian;;;;;
deMoss Wisata Berbelanja Buah Batu;4.3;271;Jl. Buah Batu No.149;Kota Bandung;Jawa Barat;ID;;+62 22 7307484;Butik;;;;;;;;;;https://www.google.com/maps/search/?api=1&query=deMoss%20Wisata%20Berbelanja%20Buah%20Batu&query_place_id=ChIJOaw5K33oaC4RFt1kfTuFetQ;Butik;;;;;
CBR Six;4.5;32;Jl. Cibaduyut No.6;Kota Bandung;Jawa Barat;ID;;+62 22 5419294;Toko Pakaian;;;;;;;;;;https://www.google.com/maps/search/?api=1&query=CBR%20Six&query_place_id=ChIJbbvRDL_oaC4R8gKcPsb3YEU;Toko Pakaian;;;;;
Toko Sumber Hoki Aksesoris Tas Bandung;4.8;17;Jl. Leuwi Panjang No.130 B;Kota Bandung;Jawa Barat;ID;;+62 813-1211-0577;Toko Aksesori Pakaian;;;;;;;;;;https://www.google.com/maps/search/?api=1&query=Toko%20Sumber%20Hoki%20Aksesoris%20Tas%20Bandung&query_place_id=ChIJAQAle77oaC4RTF0OeoRMLDU;Toko Aksesori Pakaian;;;;;
Vearst;4.4;168;Jl. Bengawan No.16;Kota Bandung;Jawa Barat;ID;http://vearst.co/;+62 811-2221-781;Toko Pakaian Pria;;;;;;;;;;https://www.google.com/maps/search/?api=1&query=Vearst&query_place_id=ChIJm_EGiBjoaC4Rvak6UDpdTjI;Toko Pakaian Pria;;;;;
PLANETAS RAVENSA (Vendor Tas Custom);5;2;Jl. Riung Arum Tim. VIII No.102;Kota Bandung;Jawa Barat;ID;;+62 822-6141-2985;Produsen pakaian dan kain;Toko Tas;Perusahaan jahit;;;;;;;;https://www.google.com/maps/search/?api=1&query=PLANETAS%20RAVENSA%20(Vendor%20Tas%20Custom)&query_place_id=ChIJuWBR1irDaC4RnxnRiwX9FIk;Produsen pakaian dan kain;;;;;
EST Fashion Gallery;4.4;346;Jl. Sumatera No.30;Kota Bandung;Jawa Barat;ID;;;Toko outlet;;;;;;;;;;https://www.google.com/maps/search/?api=1&query=EST%20Fashion%20Gallery&query_place_id=ChIJd8OVwzHmaC4RrV-ODzP_sa0;Toko outlet;;;;;
Yuky Authentic;3.8;6;Mustika Hegar, Regency, Jl. Mustika Hegar Raya No.18;Kota Bandung;Jawa Barat;ID;;+62 812-3111-8792;Toko;;;;;;;;;;https://www.google.com/maps/search/?api=1&query=Yuky%20Authentic&query_place_id=ChIJ00oZnoLpaC4RbyARkjWz0z4;Toko;;;;;
Happy Go Lucky;4.5;571;Jl. Ciliwung No.14;Kota Bandung;Jawa Barat;ID;http://www.hglhouse.com/;+62 22 7234162;Toko Pakaian;;;;;;;;;;https://www.google.com/maps/search/?api=1&query=Happy%20Go%20Lucky&query_place_id=ChIJM2kxPLXnaC4RbXrmeWFgDk4;Toko Pakaian;;;;;
TORCH - Head Office & Store;4.9;252;Jl. Lembong No.30;Kota Bandung;Jawa Barat;ID;http://www.torch.id/;+62 22 20539523;Toko Alat Tulis Kantor;;;;;;;;;;https://www.google.com/maps/search/?api=1&query=TORCH%20-%20Head%20Office%20%26%20Store&query_place_id=ChIJ-WYsOhLnaC4R3ntZNJ46QAk;Toko Alat Tulis Kantor;;;;;
TOKO SUKSES ( JL.LEUWI PANJANG NO.32A );2;4;Seberang Bank BJB / Samping Toko Bolu, Dekat Putaran Balik ( Dekat Toko Alat Fitness, Jl. Leuwi Panjang No.32.A;Kota Bandung;Jawa Barat;ID;;+62 812-1492-9212;Toko;;;;;;;;;;https://www.google.com/maps/search/?api=1&query=TOKO%20SUKSES%20(%20JL.LEUWI%20PANJANG%20NO.32A%20)&query_place_id=ChIJFzpzTerpaC4RuK9OD1VtM04;Toko;;;;;
Totebag Kanvas Blacu Bandung - Totebag Custom Bandung - Toko Tas Custom Bandung;5;122;Jl. Logam No.11;Kota Bandung;Jawa Barat;ID;;+62 881-0370-29943;Toko Tas;;;;;;;;;;https://www.google.com/maps/search/?api=1&query=Totebag%20Kanvas%20Blacu%20Bandung%20-%20Totebag%20Custom%20Bandung%20-%20Toko%20Tas%20Custom%20Bandung&query_place_id=ChIJYc1VeJnDaC4RnrqU-v5i1jg;Toko Tas;;;;;
Pusat Tas Seminar Bandung;5;1;Jl. Rumah Sakit No.131;Kota Bandung;Jawa Barat;ID;https://shopee.co.id/montrav;+62 821-2726-0558;Toko Tas;;;;;;;;;;https://www.google.com/maps/search/?api=1&query=Pusat%20Tas%20Seminar%20Bandung&query_place_id=ChIJ4ZEveBfDaC4RyWLzA7kUAk8;Toko Tas;;;;;
Tas Selempang;;;Jalan Kopo Gg. Lapang 2, RT.01/RW.04;Kota Bandung;Jawa Barat;ID;;+62 831-2217-8603;Toko Tas;;;;;;;;;;https://www.google.com/maps/search/?api=1&query=Tas%20Selempang&query_place_id=ChIJe3T7dUzpaC4RLsybXk2uZ6I;Toko Tas;;;;;
Pabrik Totebag - Tas Serut - Tas Kanvas Blacu;4;4;3J9R+855, Jl. Binong Jati;Kota Bandung;Jawa Barat;ID;;;Toko;;;;;;;;;;https://www.google.com/maps/search/?api=1&query=Pabrik%20Totebag%20-%20Tas%20Serut%20-%20Tas%20Kanvas%20Blacu&query_place_id=ChIJM1vsrkfpaC4R5aHWBK4sOwU;Toko;;;;;
Mountain Leader;4.7;55;Jl. Durma No.4;Kota Bandung;Jawa Barat;ID;;+62 888-0913-4646;Toko Perlengkapan Olahraga;;;;;;;;;;https://www.google.com/maps/search/?api=1&query=Mountain%20Leader&query_place_id=ChIJRZZKw0PpaC4RdHbM3L62R_k;Toko Perlengkapan Olahraga;;;;;
TAS FASHION BANDUNG;;;Jl. Dalem Kaum No.27;Kota Bandung;Jawa Barat;ID;;+62 857-5959-7290;Toko Tas;;;;;;;;;;https://www.google.com/maps/search/?api=1&query=TAS%20FASHION%20BANDUNG&query_place_id=ChIJ1TwLdOfnaC4R2UOqb-yf34w;Toko Tas;;;;;
Rei Outdoor Gear;4.8;28;Jl. Buah Batu No.168;Kota Bandung;Jawa Barat;ID;;;Toko Olahraga Luar Ruangan;;;;;;;;;;https://www.google.com/maps/search/?api=1&query=Rei%20Outdoor%20Gear&query_place_id=ChIJfWuq0WLoaC4Rd8TGZDUkw7k;Toko Olahraga Luar Ruangan;;;;;
EIGER Adventure Flagship Store Sumatera Bandung;4.7;8900;Jl. Sumatera No.23;Kota Bandung;Jawa Barat;ID;http://www.instagram.com/eiger.sumatera/;+62 22 4213480;Toko Perlengkapan Olahraga;;;;;;;;;;https://www.google.com/maps/search/?api=1&query=EIGER%20Adventure%20Flagship%20Store%20Sumatera%20Bandung&query_place_id=ChIJkz4hxzHmaC4R-bcAiJji5NA;Toko Perlengkapan Olahraga;;;;;
